Loading required modules...
=================================================================
=== Batch & Memory Calibration Sweep on 1 GPU (3053313) ===
=================================================================
Loading required modules...
=== Building Batch Memory Benchmark ===
-- Found MPI: TRUE (found version "3.1") found components: CXX
WITH_SMARTSIM: ON
WITH_AIX: ON
AIX_USE_PREBUILT: ON
WITH_PHYDLL: ON
WITH_TORCH: ON
WITH_TENSORFLOW: OFF
WITH_ONNX: OFF
Using SmartRedis directory: /rwthfs/rz/cluster/hpcwork/ro092286/smartsim/CPP-ML-Interface/extern/SmartRedis
Using AIXelerator directory: /rwthfs/rz/cluster/hpcwork/ro092286/smartsim/CPP-ML-Interface/extern/AIxeleratorService
-- Found MPI: TRUE (found version "3.1")
-- MPI found: /cvmfs/software.hpc.rwth.de/Linux/RH9/x86_64/intel/sapphirerapids/software/OpenMPI/4.1.4-GCC-11.3.0/bin/mpicxx
-- AIXelerator support enabled.
-- AIxelerator backend flags: WITH_TORCH=ON, WITH_TENSORFLOW=OFF, WITH_ONNX=OFF
-- Caffe2: CUDA detected: 12.4
-- Caffe2: CUDA nvcc is: /cvmfs/software.hpc.rwth.de/Linux/RH9/x86_64/intel/sapphirerapids/software/CUDA/12.4.0/bin/nvcc
-- Caffe2: CUDA toolkit directory: /cvmfs/software.hpc.rwth.de/Linux/RH9/x86_64/intel/sapphirerapids/software/CUDA/12.4.0
-- Caffe2: Header version is: 12.4
-- /cvmfs/software.hpc.rwth.de/Linux/RH9/x86_64/intel/sapphirerapids/software/CUDA/12.4.0/lib/libnvrtc.so shorthash is 53a95926
-- USE_CUDNN is set to 0. Compiling without cuDNN support
-- USE_CUSPARSELT is set to 0. Compiling without cuSPARSELt support
-- Autodetected CUDA architecture(s):  9.0
-- Added CUDA NVCC flags for: -gencode;arch=compute_90,code=sm_90
-- Torch found; building DL client with libtorch.
CMake Warning at /rwthfs/rz/cluster/hpcwork/ro092286/smartsim/CPP-ML-Interface/CMakeLists.txt:361 (message):
  No Python executable found; skipping test_provider_inference.  Set
  -DTEST_PYTHON_EXECUTABLE=/path/to/python3 to enable it.


-- Configuring done (3.6s)
-- Generating done (0.3s)
-- Build files have been written to: /rwthfs/rz/cluster/hpcwork/ro092286/smartsim/batch_memory_benchmark/build
[ 20%] Built target benchmark_registry
[ 60%] Built target cpp_ml_interface_library
[100%] Built target fake_solver
=== Build Complete: /rwthfs/rz/cluster/hpcwork/ro092286/smartsim/batch_memory_benchmark/build/fake_solver ===

>>> Running Provider: smartsim | Batch Size: 100000 <<<
=================================================================
=== Running Case: smartsim | Batch: 100000 | ID: 3053313_smartsim_b100000 ===
=================================================================
Starting SmartSim Redis DB on port 6531...
=================================================================
=== CMI Batch & Memory Calibration Benchmark Harness          ===
=================================================================
Provider:           smartsim
Config:             /rwthfs/rz/cluster/hpcwork/ro092286/smartsim/batch_memory_benchmark/configs/smartsim.toml
Model Path:         /rwthfs/rz/cluster/hpcwork/ro092286/smartsim/batch_memory_benchmark/../mini_app/train_models/model_a/watercnn_cuda.pt
Solver Ranks:       20 (World size: 20)
Samples per Rank:   100000
Total Work/Step:    2000000 samples
Target Batch Size:  100000
SmartSim Min Batch: 100000 (timeout=1000 ms)
Total Steps:        12 (Warmup: 2)
=================================================================

Assertion failed: nodes must be greater than 0
Assertion failed: nodes must be greater than 0
Assertion failed: nodes must be greater than 0
Assertion failed: nodes must be greater than 0
Assertion failed: nodes must be greater than 0
Assertion failed: nodes must be greater than 0
Assertion failed: nodes must be greater than 0
Assertion failed: nodes must be greater than 0
Assertion failed: nodes must be greater than 0
Assertion failed: nodes must be greater than 0
Assertion failed: nodes must be greater than 0
Assertion failed: nodes must be greater than 0
Assertion failed: nodes must be greater than 0
[WARNING] nodes not configured; set nodes explicitly or MLCOUPLING_SMARTSIM_NODES.
Assertion failed: nodes must be greater than 0
Assertion failed: nodes must be greater than 0
Assertion failed: nodes must be greater than 0
Assertion failed: nodes must be greater than 0
Assertion failed: nodes must be greater than 0
Assertion failed: nodes must be greater than 0
Assertion failed: nodes must be greater than 0
--------------------------------------------------------------------------
Primary job  terminated normally, but 1 process returned
a non-zero exit code. Per user-direction, the job has been aborted.
--------------------------------------------------------------------------
--------------------------------------------------------------------------
mpirun detected that one or more processes exited with non-zero status, thus causing
the job to be terminated. The first process to do so was:

  Process name: [[31404,1],8]
  Exit code:    1
--------------------------------------------------------------------------
WARNING: Case smartsim b=100000 failed with exit code 1

>>> Running Provider: smartsim | Batch Size: 500000 <<<
=================================================================
=== Running Case: smartsim | Batch: 500000 | ID: 3053313_smartsim_b500000 ===
=================================================================
Starting SmartSim Redis DB on port 6860...
=================================================================
=== CMI Batch & Memory Calibration Benchmark Harness          ===
=================================================================
Provider:           smartsim
Config:             /rwthfs/rz/cluster/hpcwork/ro092286/smartsim/batch_memory_benchmark/configs/smartsim.toml
Model Path:         /rwthfs/rz/cluster/hpcwork/ro092286/smartsim/batch_memory_benchmark/../mini_app/train_models/model_a/watercnn_cuda.pt
Solver Ranks:       20 (World size: 20)
Samples per Rank:   100000
Total Work/Step:    2000000 samples
Target Batch Size:  500000
SmartSim Min Batch: 500000 (timeout=1000 ms)
Total Steps:        12 (Warmup: 2)
=================================================================

Assertion failed: nodes must be greater than 0
Assertion failed: nodes must be greater than 0
Assertion failed: nodes must be greater than 0
Assertion failed: nodes must be greater than 0
Assertion failed: nodes must be greater than 0
Assertion failed: nodes must be greater than 0
Assertion failed: nodes must be greater than 0
Assertion failed: nodes must be greater than 0
Assertion failed: nodes must be greater than 0
Assertion failed: nodes must be greater than 0
Assertion failed: nodes must be greater than 0
Assertion failed: nodes must be greater than 0
Assertion failed: nodes must be greater than 0
Assertion failed: nodes must be greater than 0
Assertion failed: nodes must be greater than 0
Assertion failed: nodes must be greater than 0
Assertion failed: nodes must be greater than 0
Assertion failed: nodes must be greater than 0
[WARNING] nodes not configured; set nodes explicitly or MLCOUPLING_SMARTSIM_NODES.
Assertion failed: nodes must be greater than 0
Assertion failed: nodes must be greater than 0
--------------------------------------------------------------------------
Primary job  terminated normally, but 1 process returned
a non-zero exit code. Per user-direction, the job has been aborted.
--------------------------------------------------------------------------
--------------------------------------------------------------------------
mpirun detected that one or more processes exited with non-zero status, thus causing
the job to be terminated. The first process to do so was:

  Process name: [[31691,1],9]
  Exit code:    1
--------------------------------------------------------------------------
WARNING: Case smartsim b=500000 failed with exit code 1

>>> Running Provider: smartsim | Batch Size: 2000000 <<<
=================================================================
=== Running Case: smartsim | Batch: 2000000 | ID: 3053313_smartsim_b2000000 ===
=================================================================
Starting SmartSim Redis DB on port 7170...
=================================================================
=== CMI Batch & Memory Calibration Benchmark Harness          ===
=================================================================
Provider:           smartsim
Config:             /rwthfs/rz/cluster/hpcwork/ro092286/smartsim/batch_memory_benchmark/configs/smartsim.toml
Model Path:         /rwthfs/rz/cluster/hpcwork/ro092286/smartsim/batch_memory_benchmark/../mini_app/train_models/model_a/watercnn_cuda.pt
Solver Ranks:       20 (World size: 20)
Samples per Rank:   100000
Total Work/Step:    2000000 samples
Target Batch Size:  2000000
SmartSim Min Batch: 2000000 (timeout=1000 ms)
Total Steps:        12 (Warmup: 2)
=================================================================

Assertion failed: nodes must be greater than 0
Assertion failed: nodes must be greater than 0
Assertion failed: nodes must be greater than 0
Assertion failed: nodes must be greater than 0
Assertion failed: nodes must be greater than 0
Assertion failed: nodes must be greater than 0
Assertion failed: nodes must be greater than 0
Assertion failed: nodes must be greater than 0
Assertion failed: nodes must be greater than 0
Assertion failed: nodes must be greater than 0
[WARNING] nodes not configured; set nodes explicitly or MLCOUPLING_SMARTSIM_NODES.
Assertion failed: nodes must be greater than 0
Assertion failed: nodes must be greater than 0
Assertion failed: nodes must be greater than 0
Assertion failed: nodes must be greater than 0
Assertion failed: nodes must be greater than 0
Assertion failed: nodes must be greater than 0
Assertion failed: nodes must be greater than 0
Assertion failed: nodes must be greater than 0
Assertion failed: nodes must be greater than 0
Assertion failed: nodes must be greater than 0
--------------------------------------------------------------------------
Primary job  terminated normally, but 1 process returned
a non-zero exit code. Per user-direction, the job has been aborted.
--------------------------------------------------------------------------
--------------------------------------------------------------------------
mpirun detected that one or more processes exited with non-zero status, thus causing
the job to be terminated. The first process to do so was:

  Process name: [[29855,1],11]
  Exit code:    1
--------------------------------------------------------------------------
WARNING: Case smartsim b=2000000 failed with exit code 1

>>> Running Provider: aix_collective | Batch Size: 100000 <<<
=================================================================
=== Running Case: aix_collective | Batch: 100000 | ID: 3053313_aix_collective_b100000 ===
=================================================================
=================================================================
=== CMI Batch & Memory Calibration Benchmark Harness          ===
=================================================================
Provider:           aix
Config:             /rwthfs/rz/cluster/hpcwork/ro092286/smartsim/batch_memory_benchmark/configs/aix.toml
Model Path:         /rwthfs/rz/cluster/hpcwork/ro092286/smartsim/batch_memory_benchmark/../mini_app/train_models/model_a/watercnn_cuda.pt
Solver Ranks:       20 (World size: 20)
Samples per Rank:   100000
Total Work/Step:    2000000 samples
Target Batch Size:  100000
SmartSim Min Batch: 0 (timeout=0 ms)
Total Steps:        12 (Warmup: 2)
=================================================================

AIxeleratorService: suffix = .pt
AIxeleratorService: suffix = .pt
AIxeleratorService: suffix = .pt
AIxeleratorService: suffix = .pt
AIxeleratorService: suffix = .pt
AIxeleratorService: suffix = .pt
AIxeleratorService: suffix = .pt
AIxeleratorService: suffix = .pt
AIxeleratorService: suffix = .pt
AIxeleratorService: suffix = .pt
AIxeleratorService: suffix = .pt
AIxeleratorService: suffix = .pt
AIxeleratorService: suffix = .pt
AIxeleratorService: suffix = .pt
AIxeleratorService: suffix = .pt
AIxeleratorService: suffix = .pt
AIxeleratorService: suffix = .pt
AIxeleratorService: suffix = .pt
AIxeleratorService: suffix = .pt
AIxeleratorService: suffix = .pt
Rank 3/20 on its local machine is 3/20
Rank 15/20 on its local machine is 15/20
Rank 2/20 on its local machine is 2/20
Rank 18/20 on its local machine is 18/20
Rank 1/20 on its local machine is 1/20
Rank 5/20 on its local machine is 5/20
Rank 12/20 on its local machine is 12/20
Rank 13/20 on its local machine is 13/20
Rank 0/20 on its local machine is 0/20
Rank 8/20 on its local machine is 8/20
Rank 4/20 on its local machine is 4/20
Rank 14/20 on its local machine is 14/20
Rank 7/20 on its local machine is 7/20
Rank 10/20 on its local machine is 10/20
Rank 17/20 on its local machine is 17/20
Rank 19/20 on its local machine is 19/20
Rank 16/20 on its local machine is 16/20
Rank 9/20 on its local machine is 9/20
Rank 6/20 on its local machine is 6/20
Rank 11/20 on its local machine is 11/20
Rank 5/20 on its local machine is 5/20 and has access to 1 devices!
Rank 18/20 on its local machine is 18/20 and has access to 1 devices!
Rank 15/20 on its local machine is 15/20 and has access to 1 devices!
Rank 16/20 on its local machine is 16/20 and has access to 1 devices!
Rank 14/20 on its local machine is 14/20 and has access to 1 devices!
Rank 11/20 on its local machine is 11/20 and has access to 1 devices!
Rank 10/20 on its local machine is 10/20 and has access to 1 devices!
Rank 7/20 on its local machine is 7/20 and has access to 1 devices!
Rank 0/20 on its local machine is 0/20 and has access to 1 devices!
Rank 0/20 on its local machine is 0/20 is the GPU controller!
Rank 1/20 on its local machine is 1/20 and has access to 1 devices!
Rank 6/20 on its local machine is 6/20 and has access to 1 devices!
Rank 12/20 on its local machine is 12/20 and has access to 1 devices!
Rank 17/20 on its local machine is 17/20 and has access to 1 devices!
Rank 3/20 on its local machine is 3/20 and has access to 1 devices!
Rank 13/20 on its local machine is 13/20 and has access to 1 devices!
Rank 4/20 on its local machine is 4/20 and has access to 1 devices!
Rank 19/20 on its local machine is 19/20 and has access to 1 devices!
Rank 8/20 on its local machine is 8/20 and has access to 1 devices!
Rank 2/20 on its local machine is 2/20 and has access to 1 devices!
Rank 9/20 on its local machine is 9/20 and has access to 1 devices!
Rank 8/20 knows that there is a total of 1 GPUs across all systems
Rank 5/20 knows that there is a total of 1 GPUs across all systems
Rank 0/20 knows that there is a total of 1 GPUs across all systems
Rank 1/20 knows that there is a total of 1 GPUs across all systems
Rank 10/20 knows that there is a total of 1 GPUs across all systems
Rank 12/20 knows that there is a total of 1 GPUs across all systems
Rank 4/20 knows that there is a total of 1 GPUs across all systems
Rank 18/20 knows that there is a total of 1 GPUs across all systems
Rank 3/20 knows that there is a total of 1 GPUs across all systems
Rank 16/20 knows that there is a total of 1 GPUs across all systems
Rank 2/20 knows that there is a total of 1 GPUs across all systems
Rank 9/20 knows that there is a total of 1 GPUs across all systems
Rank 14/20 knows that there is a total of 1 GPUs across all systems
Rank 6/20 knows that there is a total of 1 GPUs across all systems
Rank 7/20 knows that there is a total of 1 GPUs across all systems
Rank 19/20 knows that there is a total of 1 GPUs across all systems
Rank 13/20 knows that there is a total of 1 GPUs across all systems
Rank 11/20 knows that there is a total of 1 GPUs across all systems
Rank 15/20 knows that there is a total of 1 GPUs across all systems
Rank 17/20 knows that there is a total of 1 GPUs across all systems
Rank 3/20 will be in group 0 order 4
Rank 12/20 will be in group 0 order 13
Rank 19/20 will be in group 0 order 20
Rank 16/20 will be in group 0 order 17
Rank 4/20 will be in group 0 order 5
Rank 2/20 will be in group 0 order 3
Rank 8/20 will be in group 0 order 9
Rank 9/20 will be in group 0 order 10
Rank 6/20 will be in group 0 order 7
Rank 7/20 will be in group 0 order 8
Rank 0/20 will be in group 0 order 0
Rank 1/20 will be in group 0 order 2
Rank 10/20 will be in group 0 order 11
Rank 11/20 will be in group 0 order 12
Rank 13/20 will be in group 0 order 14
Rank 15/20 will be in group 0 order 16
Rank 14/20 will be in group 0 order 15
Rank 5/20 will be in group 0 order 6
Rank 18/20 will be in group 0 order 19
Rank 17/20 will be in group 0 order 18
Rank 16/20 got id of 16/20
Rank 4/20 got id of 4/20
Rank 2/20 got id of 2/20
Rank 14/20 got id of 14/20
Rank 8/20 got id of 8/20
Rank 15/20 got id of 15/20
Rank 5/20 got id of 5/20
Rank 9/20 got id of 9/20
Rank 6/20 got id of 6/20
Rank 17/20 got id of 17/20
Rank 7/20 got id of 7/20
Rank 0/20 got id of 0/20
Rank 11/20 got id of 11/20
Rank 1/20 got id of 1/20
Rank 18/20 got id of 18/20
Rank 3/20 got id of 3/20
Rank 10/20 got id of 10/20
Rank 12/20 got id of 12/20
Rank 19/20 got id of 19/20
Rank 13/20 got id of 13/20
CMI initialized successfully. Starting benchmark steps...

AIxeleratorService: gathering input data
AIxeleratorService: inference on device
AIxeleratorService: inference on host
AIxeleratorService: scattering output data
STEP_TIMING step=1 latency_ms=14081.65 min_ms=14072.44 avg_ms=14077.40 total_samples=2000000 throughput_samples_sec=142029
AIxeleratorService: gathering input data
AIxeleratorService: inference on device
AIxeleratorService: inference on host
AIxeleratorService: scattering output data
STEP_TIMING step=2 latency_ms=37.88 min_ms=36.86 avg_ms=37.43 total_samples=2000000 throughput_samples_sec=52798931
AIxeleratorService: gathering input data
AIxeleratorService: inference on device
AIxeleratorService: inference on host
AIxeleratorService: scattering output data
STEP_TIMING step=3 latency_ms=36.62 min_ms=35.73 avg_ms=36.22 total_samples=2000000 throughput_samples_sec=54612611
AIxeleratorService: gathering input data
AIxeleratorService: inference on device
AIxeleratorService: inference on host
AIxeleratorService: scattering output data
STEP_TIMING step=4 latency_ms=35.04 min_ms=34.15 avg_ms=34.65 total_samples=2000000 throughput_samples_sec=57083381
AIxeleratorService: gathering input data
AIxeleratorService: inference on device
AIxeleratorService: inference on host
AIxeleratorService: scattering output data
STEP_TIMING step=5 latency_ms=33.22 min_ms=32.35 avg_ms=32.83 total_samples=2000000 throughput_samples_sec=60206298
AIxeleratorService: gathering input data
AIxeleratorService: inference on device
AIxeleratorService: inference on host
AIxeleratorService: scattering output data
STEP_TIMING step=6 latency_ms=32.50 min_ms=31.60 avg_ms=32.10 total_samples=2000000 throughput_samples_sec=61544639
AIxeleratorService: gathering input data
AIxeleratorService: inference on device
AIxeleratorService: inference on host
AIxeleratorService: scattering output data
STEP_TIMING step=7 latency_ms=32.22 min_ms=31.31 avg_ms=31.82 total_samples=2000000 throughput_samples_sec=62076304
AIxeleratorService: gathering input data
AIxeleratorService: inference on device
AIxeleratorService: inference on host
AIxeleratorService: scattering output data
STEP_TIMING step=8 latency_ms=32.40 min_ms=31.51 avg_ms=32.01 total_samples=2000000 throughput_samples_sec=61724812
AIxeleratorService: gathering input data
AIxeleratorService: inference on device
AIxeleratorService: inference on host
AIxeleratorService: scattering output data
STEP_TIMING step=9 latency_ms=32.62 min_ms=31.72 avg_ms=32.22 total_samples=2000000 throughput_samples_sec=61314253
AIxeleratorService: gathering input data
AIxeleratorService: inference on device
AIxeleratorService: inference on host
AIxeleratorService: scattering output data
STEP_TIMING step=10 latency_ms=32.38 min_ms=31.49 avg_ms=31.98 total_samples=2000000 throughput_samples_sec=61772028
AIxeleratorService: gathering input data
AIxeleratorService: inference on device
AIxeleratorService: inference on host
AIxeleratorService: scattering output data
STEP_TIMING step=11 latency_ms=32.32 min_ms=31.43 avg_ms=31.93 total_samples=2000000 throughput_samples_sec=61872792
AIxeleratorService: gathering input data
AIxeleratorService: inference on device
AIxeleratorService: inference on host
AIxeleratorService: scattering output data
STEP_TIMING step=12 latency_ms=32.07 min_ms=31.18 avg_ms=31.68 total_samples=2000000 throughput_samples_sec=62361371

=================================================================
=== Benchmark Summary (Steady-State Steps 3 to 12) ===
=================================================================
Steady Step Count:   10
Median Latency:      32.50 ms
Mean Latency:        33.14 ms
Min Latency:         32.07 ms
Max Latency:         36.62 ms
Median Throughput:   61544639 samples/sec
=================================================================
=== Finished aix_collective (b=100000). Log: /rwthfs/rz/cluster/hpcwork/ro092286/smartsim/batch_memory_benchmark/logs/bench_aix_collective_b100000_3053313_aix_collective_b100000.log | Telemetry: /rwthfs/rz/cluster/hpcwork/ro092286/smartsim/batch_memory_benchmark/logs/bench_aix_collective_b100000_3053313_aix_collective_b100000_gpu_telemetry.csv ===

>>> Running Provider: aix_collective | Batch Size: 500000 <<<
=================================================================
=== Running Case: aix_collective | Batch: 500000 | ID: 3053313_aix_collective_b500000 ===
=================================================================
=================================================================
=== CMI Batch & Memory Calibration Benchmark Harness          ===
=================================================================
Provider:           aix
Config:             /rwthfs/rz/cluster/hpcwork/ro092286/smartsim/batch_memory_benchmark/configs/aix.toml
Model Path:         /rwthfs/rz/cluster/hpcwork/ro092286/smartsim/batch_memory_benchmark/../mini_app/train_models/model_a/watercnn_cuda.pt
Solver Ranks:       20 (World size: 20)
Samples per Rank:   100000
Total Work/Step:    2000000 samples
Target Batch Size:  500000
SmartSim Min Batch: 0 (timeout=0 ms)
Total Steps:        12 (Warmup: 2)
=================================================================

AIxeleratorService: suffix = .pt
AIxeleratorService: suffix = .pt
AIxeleratorService: suffix = .pt
AIxeleratorService: suffix = .pt
AIxeleratorService: suffix = .pt
AIxeleratorService: suffix = .pt
AIxeleratorService: suffix = .pt
AIxeleratorService: suffix = .pt
AIxeleratorService: suffix = .pt
AIxeleratorService: suffix = .pt
AIxeleratorService: suffix = .pt
AIxeleratorService: suffix = .pt
AIxeleratorService: suffix = .pt
AIxeleratorService: suffix = .pt
AIxeleratorService: suffix = .pt
AIxeleratorService: suffix = .pt
AIxeleratorService: suffix = .pt
AIxeleratorService: suffix = .pt
AIxeleratorService: suffix = .pt
AIxeleratorService: suffix = .pt
Rank 19/20 on its local machine is 19/20
Rank 0/20 on its local machine is 0/20
Rank 10/20 on its local machine is 10/20
Rank 3/20 on its local machine is 3/20
Rank 15/20 on its local machine is 15/20
Rank 5/20 on its local machine is 5/20
Rank 16/20 on its local machine is 16/20
Rank 4/20 on its local machine is 4/20
Rank 6/20 on its local machine is 6/20
Rank 17/20 on its local machine is 17/20
Rank 12/20 on its local machine is 12/20
Rank 1/20 on its local machine is 1/20
Rank 9/20 on its local machine is 9/20
Rank 7/20 on its local machine is 7/20
Rank 8/20 on its local machine is 8/20
Rank 13/20 on its local machine is 13/20
Rank 18/20 on its local machine is 18/20
Rank 11/20 on its local machine is 11/20
Rank 14/20 on its local machine is 14/20
Rank 2/20 on its local machine is 2/20
Rank 3/20 on its local machine is 3/20 and has access to 1 devices!
Rank 2/20 on its local machine is 2/20 and has access to 1 devices!
Rank 4/20 on its local machine is 4/20 and has access to 1 devices!
Rank 1/20 on its local machine is 1/20 and has access to 1 devices!
Rank 0/20 on its local machine is 0/20 and has access to 1 devices!
Rank 0/20 on its local machine is 0/20 is the GPU controller!
Rank 13/20 on its local machine is 13/20 and has access to 1 devices!
Rank 17/20 on its local machine is 17/20 and has access to 1 devices!
Rank 10/20 on its local machine is 10/20 and has access to 1 devices!
Rank 11/20 on its local machine is 11/20 and has access to 1 devices!
Rank 8/20 on its local machine is 8/20 and has access to 1 devices!
Rank 6/20 on its local machine is 6/20 and has access to 1 devices!
Rank 14/20 on its local machine is 14/20 and has access to 1 devices!
Rank 9/20 on its local machine is 9/20 and has access to 1 devices!
Rank 15/20 on its local machine is 15/20 and has access to 1 devices!
Rank 5/20 on its local machine is 5/20 and has access to 1 devices!
Rank 16/20 on its local machine is 16/20 and has access to 1 devices!
Rank 12/20 on its local machine is 12/20 and has access to 1 devices!
Rank 18/20 on its local machine is 18/20 and has access to 1 devices!
Rank 7/20 on its local machine is 7/20 and has access to 1 devices!
Rank 19/20 on its local machine is 19/20 and has access to 1 devices!
Rank 5/20 knows that there is a total of 1 GPUs across all systems
Rank 2/20 knows that there is a total of 1 GPUs across all systems
Rank 8/20 knows that there is a total of 1 GPUs across all systems
Rank 16/20 knows that there is a total of 1 GPUs across all systems
Rank 4/20 knows that there is a total of 1 GPUs across all systems
Rank 11/20 knows that there is a total of 1 GPUs across all systems
Rank 0/20 knows that there is a total of 1 GPUs across all systems
Rank 12/20 knows that there is a total of 1 GPUs across all systems
Rank 19/20 knows that there is a total of 1 GPUs across all systems
Rank 1/20 knows that there is a total of 1 GPUs across all systems
Rank 10/20 knows that there is a total of 1 GPUs across all systems
Rank 6/20 knows that there is a total of 1 GPUs across all systems
Rank 7/20 knows that there is a total of 1 GPUs across all systems
Rank 17/20 knows that there is a total of 1 GPUs across all systems
Rank 3/20 knows that there is a total of 1 GPUs across all systems
Rank 9/20 knows that there is a total of 1 GPUs across all systems
Rank 15/20 knows that there is a total of 1 GPUs across all systems
Rank 13/20 knows that there is a total of 1 GPUs across all systems
Rank 14/20 knows that there is a total of 1 GPUs across all systems
Rank 18/20 knows that there is a total of 1 GPUs across all systems
Rank 3/20 will be in group 0 order 4
Rank 9/20 will be in group 0 order 10
Rank 12/20 will be in group 0 order 13
Rank 5/20 will be in group 0 order 6
Rank 15/20 will be in group 0 order 16
Rank 8/20 will be in group 0 order 9
Rank 4/20 will be in group 0 order 5
Rank 11/20 will be in group 0 order 12
Rank 0/20 will be in group 0 order 0
Rank 1/20 will be in group 0 order 2
Rank 6/20 will be in group 0 order 7
Rank 7/20 will be in group 0 order 8
Rank 17/20 will be in group 0 order 18
Rank 10/20 will be in group 0 order 11
Rank 16/20 will be in group 0 order 17
Rank 13/20 will be in group 0 order 14
Rank 14/20 will be in group 0 order 15
Rank 2/20 will be in group 0 order 3
Rank 19/20 will be in group 0 order 20
Rank 18/20 will be in group 0 order 19
Rank 2/20 got id of 2/20
Rank 6/20 got id of 6/20
Rank 7/20 got id of 7/20
Rank 19/20 got id of 19/20
Rank 3/20 got id of 3/20
Rank 9/20 got id of 9/20
Rank 12/20 got id of 12/20
Rank 14/20 got id of 14/20
Rank 5/20 got id of 5/20
Rank 15/20 got id of 15/20
Rank 10/20 got id of 10/20
Rank 16/20 got id of 16/20
Rank 13/20 got id of 13/20
Rank 8/20 got id of 8/20
Rank 4/20 got id of 4/20
Rank 11/20 got id of 11/20
Rank 0/20 got id of 0/20
Rank 18/20 got id of 18/20
Rank 17/20 got id of 17/20
Rank 1/20 got id of 1/20
CMI initialized successfully. Starting benchmark steps...

AIxeleratorService: gathering input data
AIxeleratorService: inference on device
AIxeleratorService: inference on host
AIxeleratorService: scattering output data
STEP_TIMING step=1 latency_ms=975.99 min_ms=967.12 avg_ms=971.88 total_samples=2000000 throughput_samples_sec=2049209
AIxeleratorService: gathering input data
AIxeleratorService: inference on device
AIxeleratorService: inference on host
AIxeleratorService: scattering output data
STEP_TIMING step=2 latency_ms=45.47 min_ms=44.59 avg_ms=45.08 total_samples=2000000 throughput_samples_sec=43985508
AIxeleratorService: gathering input data
AIxeleratorService: inference on device
AIxeleratorService: inference on host
AIxeleratorService: scattering output data
STEP_TIMING step=3 latency_ms=42.16 min_ms=41.47 avg_ms=41.86 total_samples=2000000 throughput_samples_sec=47442246
AIxeleratorService: gathering input data
AIxeleratorService: inference on device
AIxeleratorService: inference on host
AIxeleratorService: scattering output data
STEP_TIMING step=4 latency_ms=41.65 min_ms=40.97 avg_ms=41.36 total_samples=2000000 throughput_samples_sec=48014067
AIxeleratorService: gathering input data
AIxeleratorService: inference on device
AIxeleratorService: inference on host
AIxeleratorService: scattering output data
STEP_TIMING step=5 latency_ms=41.32 min_ms=40.64 avg_ms=41.02 total_samples=2000000 throughput_samples_sec=48406493
AIxeleratorService: gathering input data
AIxeleratorService: inference on device
AIxeleratorService: inference on host
AIxeleratorService: scattering output data
STEP_TIMING step=6 latency_ms=40.61 min_ms=39.92 avg_ms=40.30 total_samples=2000000 throughput_samples_sec=49248804
AIxeleratorService: gathering input data
AIxeleratorService: inference on device
AIxeleratorService: inference on host
AIxeleratorService: scattering output data
STEP_TIMING step=7 latency_ms=40.44 min_ms=39.74 avg_ms=40.14 total_samples=2000000 throughput_samples_sec=49459368
AIxeleratorService: gathering input data
AIxeleratorService: inference on device
AIxeleratorService: inference on host
AIxeleratorService: scattering output data
STEP_TIMING step=8 latency_ms=40.46 min_ms=39.79 avg_ms=40.17 total_samples=2000000 throughput_samples_sec=49436045
AIxeleratorService: gathering input data
AIxeleratorService: inference on device
AIxeleratorService: inference on host
AIxeleratorService: scattering output data
STEP_TIMING step=9 latency_ms=40.43 min_ms=39.63 avg_ms=40.04 total_samples=2000000 throughput_samples_sec=49463077
AIxeleratorService: gathering input data
AIxeleratorService: inference on device
AIxeleratorService: inference on host
AIxeleratorService: scattering output data
STEP_TIMING step=10 latency_ms=41.85 min_ms=40.87 avg_ms=41.47 total_samples=2000000 throughput_samples_sec=47788048
AIxeleratorService: gathering input data
AIxeleratorService: inference on device
AIxeleratorService: inference on host
AIxeleratorService: scattering output data
STEP_TIMING step=11 latency_ms=40.08 min_ms=39.01 avg_ms=39.55 total_samples=2000000 throughput_samples_sec=49901974
AIxeleratorService: gathering input data
AIxeleratorService: inference on device
AIxeleratorService: inference on host
AIxeleratorService: scattering output data
STEP_TIMING step=12 latency_ms=39.85 min_ms=38.67 avg_ms=39.23 total_samples=2000000 throughput_samples_sec=50193994

=================================================================
=== Benchmark Summary (Steady-State Steps 3 to 12) ===
=================================================================
Steady Step Count:   10
Median Latency:      40.61 ms
Mean Latency:        40.88 ms
Min Latency:         39.85 ms
Max Latency:         42.16 ms
Median Throughput:   49248804 samples/sec
=================================================================
=== Finished aix_collective (b=500000). Log: /rwthfs/rz/cluster/hpcwork/ro092286/smartsim/batch_memory_benchmark/logs/bench_aix_collective_b500000_3053313_aix_collective_b500000.log | Telemetry: /rwthfs/rz/cluster/hpcwork/ro092286/smartsim/batch_memory_benchmark/logs/bench_aix_collective_b500000_3053313_aix_collective_b500000_gpu_telemetry.csv ===

>>> Running Provider: aix_collective | Batch Size: 2000000 <<<
=================================================================
=== Running Case: aix_collective | Batch: 2000000 | ID: 3053313_aix_collective_b2000000 ===
=================================================================
=================================================================
=== CMI Batch & Memory Calibration Benchmark Harness          ===
=================================================================
Provider:           aix
Config:             /rwthfs/rz/cluster/hpcwork/ro092286/smartsim/batch_memory_benchmark/configs/aix.toml
Model Path:         /rwthfs/rz/cluster/hpcwork/ro092286/smartsim/batch_memory_benchmark/../mini_app/train_models/model_a/watercnn_cuda.pt
Solver Ranks:       20 (World size: 20)
Samples per Rank:   100000
Total Work/Step:    2000000 samples
Target Batch Size:  2000000
SmartSim Min Batch: 0 (timeout=0 ms)
Total Steps:        12 (Warmup: 2)
=================================================================

AIxeleratorService: suffix = .pt
AIxeleratorService: suffix = .pt
AIxeleratorService: suffix = .pt
AIxeleratorService: suffix = .pt
AIxeleratorService: suffix = .pt
AIxeleratorService: suffix = .pt
AIxeleratorService: suffix = .pt
AIxeleratorService: suffix = .pt
AIxeleratorService: suffix = .pt
AIxeleratorService: suffix = .pt
AIxeleratorService: suffix = .pt
AIxeleratorService: suffix = .pt
AIxeleratorService: suffix = .pt
AIxeleratorService: suffix = .pt
AIxeleratorService: suffix = .pt
AIxeleratorService: suffix = .pt
AIxeleratorService: suffix = .pt
AIxeleratorService: suffix = .pt
AIxeleratorService: suffix = .pt
AIxeleratorService: suffix = .pt
Rank 6/20 on its local machine is 6/20
Rank 4/20 on its local machine is 4/20
Rank 12/20 on its local machine is 12/20
Rank 11/20 on its local machine is 11/20
Rank 8/20 on its local machine is 8/20
Rank 16/20 on its local machine is 16/20
Rank 17/20 on its local machine is 17/20
Rank 10/20 on its local machine is 10/20
Rank 13/20 on its local machine is 13/20
Rank 18/20 on its local machine is 18/20
Rank 2/20 on its local machine is 2/20
Rank 1/20 on its local machine is 1/20
Rank 7/20 on its local machine is 7/20
Rank 19/20 on its local machine is 19/20
Rank 0/20 on its local machine is 0/20
Rank 9/20 on its local machine is 9/20
Rank 15/20 on its local machine is 15/20
Rank 3/20 on its local machine is 3/20
Rank 14/20 on its local machine is 14/20
Rank 5/20 on its local machine is 5/20
Rank 2/20 on its local machine is 2/20 and has access to 1 devices!
Rank 13/20 on its local machine is 13/20 and has access to 1 devices!
Rank 8/20 on its local machine is 8/20 and has access to 1 devices!
Rank 0/20 on its local machine is 0/20 and has access to 1 devices!
Rank 0/20 on its local machine is 0/20 is the GPU controller!
Rank 4/20 on its local machine is 4/20 and has access to 1 devices!
Rank 18/20 on its local machine is 18/20 and has access to 1 devices!
Rank 1/20 on its local machine is 1/20 and has access to 1 devices!
Rank 5/20 on its local machine is 5/20 and has access to 1 devices!
Rank 15/20 on its local machine is 15/20 and has access to 1 devices!
Rank 6/20 on its local machine is 6/20 and has access to 1 devices!
Rank 14/20 on its local machine is 14/20 and has access to 1 devices!
Rank 16/20 on its local machine is 16/20 and has access to 1 devices!
Rank 11/20 on its local machine is 11/20 and has access to 1 devices!
Rank 17/20 on its local machine is 17/20 and has access to 1 devices!
Rank 19/20 on its local machine is 19/20 and has access to 1 devices!
Rank 9/20 on its local machine is 9/20 and has access to 1 devices!
Rank 10/20 on its local machine is 10/20 and has access to 1 devices!
Rank 3/20 on its local machine is 3/20 and has access to 1 devices!
Rank 7/20 on its local machine is 7/20 and has access to 1 devices!
Rank 12/20 on its local machine is 12/20 and has access to 1 devices!
Rank 13/20 knows that there is a total of 1 GPUs across all systems
Rank 12/20 knows that there is a total of 1 GPUs across all systems
Rank 2/20 knows that there is a total of 1 GPUs across all systems
Rank 3/20 knows that there is a total of 1 GPUs across all systems
Rank 17/20 knows that there is a total of 1 GPUs across all systems
Rank 9/20 knows that there is a total of 1 GPUs across all systems
Rank 14/20 knows that there is a total of 1 GPUs across all systems
Rank 4/20 knows that there is a total of 1 GPUs across all systems
Rank 1/20 knows that there is a total of 1 GPUs across all systems
Rank 18/20 knows that there is a total of 1 GPUs across all systems
Rank 5/20 knows that there is a total of 1 GPUs across all systems
Rank 10/20 knows that there is a total of 1 GPUs across all systems
Rank 6/20 knows that there is a total of 1 GPUs across all systems
Rank 15/20 knows that there is a total of 1 GPUs across all systems
Rank 0/20 knows that there is a total of 1 GPUs across all systems
Rank 7/20 knows that there is a total of 1 GPUs across all systems
Rank 8/20 knows that there is a total of 1 GPUs across all systems
Rank 11/20 knows that there is a total of 1 GPUs across all systems
Rank 19/20 knows that there is a total of 1 GPUs across all systems
Rank 16/20 knows that there is a total of 1 GPUs across all systems
Rank 9/20 will be in group 0 order 10
Rank 8/20 will be in group 0 order 9
Rank 4/20 will be in group 0 order 5
Rank 7/20 will be in group 0 order 8
Rank 10/20 will be in group 0 order 11
Rank 6/20 will be in group 0 order 7
Rank 1/20 will be in group 0 order 2
Rank 2/20 will be in group 0 order 3
Rank 3/20 will be in group 0 order 4
Rank 5/20 will be in group 0 order 6
Rank 17/20 will be in group 0 order 18
Rank 15/20 will be in group 0 order 16
Rank 0/20 will be in group 0 order 0
Rank 13/20 will be in group 0 order 14
Rank 14/20 will be in group 0 order 15
Rank 11/20 will be in group 0 order 12
Rank 19/20 will be in group 0 order 20
Rank 16/20 will be in group 0 order 17
Rank 12/20 will be in group 0 order 13
Rank 18/20 will be in group 0 order 19
Rank 16/20 got id of 16/20
Rank 13/20 got id of 13/20
Rank 8/20 got id of 8/20
Rank 6/20 got id of 6/20
Rank 1/20 got id of 1/20
Rank 2/20 got id of 2/20
Rank 4/20 got id of 4/20
Rank 14/20 got id of 14/20
Rank 12/20 got id of 12/20
Rank 3/20 got id of 3/20
Rank 7/20 got id of 7/20
Rank 5/20 got id of 5/20
Rank 10/20 got id of 10/20
Rank 17/20 got id of 17/20
Rank 15/20 got id of 15/20
Rank 11/20 got id of 11/20
Rank 0/20 got id of 0/20
Rank 19/20 got id of 19/20
Rank 9/20 got id of 9/20
Rank 18/20 got id of 18/20
CMI initialized successfully. Starting benchmark steps...

AIxeleratorService: gathering input data
AIxeleratorService: inference on device
AIxeleratorService: inference on host
AIxeleratorService: scattering output data
STEP_TIMING step=1 latency_ms=1015.31 min_ms=1008.96 avg_ms=1012.38 total_samples=2000000 throughput_samples_sec=1969846
AIxeleratorService: gathering input data
AIxeleratorService: inference on device
AIxeleratorService: inference on host
AIxeleratorService: scattering output data
STEP_TIMING step=2 latency_ms=40.59 min_ms=39.64 avg_ms=40.16 total_samples=2000000 throughput_samples_sec=49269122
AIxeleratorService: gathering input data
AIxeleratorService: inference on device
AIxeleratorService: inference on host
AIxeleratorService: scattering output data
STEP_TIMING step=3 latency_ms=38.74 min_ms=37.85 avg_ms=38.34 total_samples=2000000 throughput_samples_sec=51631228
AIxeleratorService: gathering input data
AIxeleratorService: inference on device
AIxeleratorService: inference on host
AIxeleratorService: scattering output data
STEP_TIMING step=4 latency_ms=35.83 min_ms=34.95 avg_ms=35.44 total_samples=2000000 throughput_samples_sec=55821417
AIxeleratorService: gathering input data
AIxeleratorService: inference on device
AIxeleratorService: inference on host
AIxeleratorService: scattering output data
STEP_TIMING step=5 latency_ms=35.13 min_ms=34.25 avg_ms=34.74 total_samples=2000000 throughput_samples_sec=56923960
AIxeleratorService: gathering input data
AIxeleratorService: inference on device
AIxeleratorService: inference on host
AIxeleratorService: scattering output data
STEP_TIMING step=6 latency_ms=34.62 min_ms=33.70 avg_ms=34.22 total_samples=2000000 throughput_samples_sec=57761931
AIxeleratorService: gathering input data
AIxeleratorService: inference on device
AIxeleratorService: inference on host
AIxeleratorService: scattering output data
STEP_TIMING step=7 latency_ms=34.44 min_ms=33.52 avg_ms=34.03 total_samples=2000000 throughput_samples_sec=58080042
AIxeleratorService: gathering input data
AIxeleratorService: inference on device
AIxeleratorService: inference on host
AIxeleratorService: scattering output data
STEP_TIMING step=8 latency_ms=34.38 min_ms=33.47 avg_ms=33.98 total_samples=2000000 throughput_samples_sec=58173350
AIxeleratorService: gathering input data
AIxeleratorService: inference on device
AIxeleratorService: inference on host
AIxeleratorService: scattering output data
STEP_TIMING step=9 latency_ms=34.83 min_ms=33.49 avg_ms=34.10 total_samples=2000000 throughput_samples_sec=57423506
AIxeleratorService: gathering input data
AIxeleratorService: inference on device
AIxeleratorService: inference on host
AIxeleratorService: scattering output data
STEP_TIMING step=10 latency_ms=34.44 min_ms=33.39 avg_ms=34.03 total_samples=2000000 throughput_samples_sec=58073141
AIxeleratorService: gathering input data
AIxeleratorService: inference on device
AIxeleratorService: inference on host
AIxeleratorService: scattering output data
STEP_TIMING step=11 latency_ms=34.80 min_ms=33.38 avg_ms=34.07 total_samples=2000000 throughput_samples_sec=57472827
AIxeleratorService: gathering input data
AIxeleratorService: inference on device
AIxeleratorService: inference on host
AIxeleratorService: scattering output data
STEP_TIMING step=12 latency_ms=34.58 min_ms=33.39 avg_ms=33.95 total_samples=2000000 throughput_samples_sec=57834829

=================================================================
=== Benchmark Summary (Steady-State Steps 3 to 12) ===
=================================================================
Steady Step Count:   10
Median Latency:      34.80 ms
Mean Latency:        35.18 ms
Min Latency:         34.38 ms
Max Latency:         38.74 ms
Median Throughput:   57472827 samples/sec
=================================================================
=== Finished aix_collective (b=2000000). Log: /rwthfs/rz/cluster/hpcwork/ro092286/smartsim/batch_memory_benchmark/logs/bench_aix_collective_b2000000_3053313_aix_collective_b2000000.log | Telemetry: /rwthfs/rz/cluster/hpcwork/ro092286/smartsim/batch_memory_benchmark/logs/bench_aix_collective_b2000000_3053313_aix_collective_b2000000_gpu_telemetry.csv ===

>>> Running Provider: aix_pipelined | Batch Size: 100000 <<<
=================================================================
=== Running Case: aix_pipelined | Batch: 100000 | ID: 3053313_aix_pipelined_b100000 ===
=================================================================
=================================================================
=== CMI Batch & Memory Calibration Benchmark Harness          ===
=================================================================
Provider:           aix
Config:             /rwthfs/rz/cluster/hpcwork/ro092286/smartsim/batch_memory_benchmark/configs/aix.toml
Model Path:         /rwthfs/rz/cluster/hpcwork/ro092286/smartsim/batch_memory_benchmark/../mini_app/train_models/model_a/watercnn_cuda.pt
Solver Ranks:       20 (World size: 20)
Samples per Rank:   100000
Total Work/Step:    2000000 samples
Target Batch Size:  100000
SmartSim Min Batch: 0 (timeout=0 ms)
Total Steps:        12 (Warmup: 2)
=================================================================

AIxeleratorService: suffix = .pt
AIxeleratorService: suffix = .pt
AIxeleratorService: suffix = .pt
AIxeleratorService: suffix = .pt
AIxeleratorService: suffix = .pt
AIxeleratorService: suffix = .pt
AIxeleratorService: suffix = .pt
AIxeleratorService: suffix = .pt
AIxeleratorService: suffix = .pt
AIxeleratorService: suffix = .pt
AIxeleratorService: suffix = .pt
AIxeleratorService: suffix = .pt
AIxeleratorService: suffix = .pt
AIxeleratorService: suffix = .pt
AIxeleratorService: suffix = .pt
AIxeleratorService: suffix = .pt
AIxeleratorService: suffix = .pt
AIxeleratorService: suffix = .pt
AIxeleratorService: suffix = .pt
AIxeleratorService: suffix = .pt
Rank 15/20 on its local machine is 15/20
Rank 17/20 on its local machine is 17/20
Rank 10/20 on its local machine is 10/20
Rank 16/20 on its local machine is 16/20
Rank 14/20 on its local machine is 14/20
Rank 9/20 on its local machine is 9/20
Rank 3/20 on its local machine is 3/20
Rank 1/20 on its local machine is 1/20
Rank 12/20 on its local machine is 12/20
Rank 13/20 on its local machine is 13/20
Rank 8/20 on its local machine is 8/20
Rank 18/20 on its local machine is 18/20
Rank 19/20 on its local machine is 19/20
Rank 11/20 on its local machine is 11/20
Rank 5/20 on its local machine is 5/20
Rank 7/20 on its local machine is 7/20
Rank 6/20 on its local machine is 6/20
Rank 2/20 on its local machine is 2/20
Rank 0/20 on its local machine is 0/20
Rank 4/20 on its local machine is 4/20
Rank 19/20 on its local machine is 19/20 and has access to 1 devices!
Rank 11/20 on its local machine is 11/20 and has access to 1 devices!
Rank 10/20 on its local machine is 10/20 and has access to 1 devices!
Rank 6/20 on its local machine is 6/20 and has access to 1 devices!
Rank 1/20 on its local machine is 1/20 and has access to 1 devices!
Rank 9/20 on its local machine is 9/20 and has access to 1 devices!
Rank 18/20 on its local machine is 18/20 and has access to 1 devices!
Rank 3/20 on its local machine is 3/20 and has access to 1 devices!
Rank 14/20 on its local machine is 14/20 and has access to 1 devices!
Rank 16/20 on its local machine is 16/20 and has access to 1 devices!
Rank 5/20 on its local machine is 5/20 and has access to 1 devices!
Rank 17/20 on its local machine is 17/20 and has access to 1 devices!
Rank 15/20 on its local machine is 15/20 and has access to 1 devices!
Rank 7/20 on its local machine is 7/20 and has access to 1 devices!
Rank 13/20 on its local machine is 13/20 and has access to 1 devices!
Rank 2/20 on its local machine is 2/20 and has access to 1 devices!
Rank 4/20 on its local machine is 4/20 and has access to 1 devices!
Rank 12/20 on its local machine is 12/20 and has access to 1 devices!
Rank 0/20 on its local machine is 0/20 and has access to 1 devices!
Rank 0/20 on its local machine is 0/20 is the GPU controller!
Rank 8/20 on its local machine is 8/20 and has access to 1 devices!
Rank 9/20 knows that there is a total of 1 GPUs across all systems
Rank 2/20 knows that there is a total of 1 GPUs across all systems
Rank 8/20 knows that there is a total of 1 GPUs across all systems
Rank 16/20 knows that there is a total of 1 GPUs across all systems
Rank 15/20 knows that there is a total of 1 GPUs across all systems
Rank 10/20 knows that there is a total of 1 GPUs across all systems
Rank 13/20 knows that there is a total of 1 GPUs across all systems
Rank 12/20 knows that there is a total of 1 GPUs across all systems
Rank 19/20 knows that there is a total of 1 GPUs across all systems
Rank 17/20 knows that there is a total of 1 GPUs across all systems
Rank 5/20 knows that there is a total of 1 GPUs across all systems
Rank 11/20 knows that there is a total of 1 GPUs across all systems
Rank 14/20 knows that there is a total of 1 GPUs across all systems
Rank 3/20 knows that there is a total of 1 GPUs across all systems
Rank 1/20 knows that there is a total of 1 GPUs across all systems
Rank 18/20 knows that there is a total of 1 GPUs across all systems
Rank 6/20 knows that there is a total of 1 GPUs across all systems
Rank 4/20 knows that there is a total of 1 GPUs across all systems
Rank 7/20 knows that there is a total of 1 GPUs across all systems
Rank 0/20 knows that there is a total of 1 GPUs across all systems
Rank 8/20 will be in group 0 order 9
Rank 16/20 will be in group 0 order 17
Rank 15/20 will be in group 0 order 16
Rank 10/20 will be in group 0 order 11
Rank 13/20 will be in group 0 order 14
Rank 12/20 will be in group 0 order 13
Rank 19/20 will be in group 0 order 20
Rank 17/20 will be in group 0 order 18
Rank 5/20 will be in group 0 order 6
Rank 14/20 will be in group 0 order 15
Rank 3/20 will be in group 0 order 4
Rank 1/20 will be in group 0 order 2
Rank 18/20 will be in group 0 order 19
Rank 6/20 will be in group 0 order 7
Rank 4/20 will be in group 0 order 5
Rank 7/20 will be in group 0 order 8
Rank 2/20 will be in group 0 order 3
Rank 9/20 will be in group 0 order 10
Rank 0/20 will be in group 0 order 0
Rank 11/20 will be in group 0 order 12
Rank 9/20 got id of 9/20
Rank 8/20 got id of 8/20
Rank 16/20 got id of 16/20
Rank 15/20 got id of 15/20
Rank 10/20 got id of 10/20
Rank 13/20 got id of 13/20
Rank 12/20 got id of 12/20
Rank 19/20 got id of 19/20
Rank 17/20 got id of 17/20
Rank 0/20 got id of 0/20
Rank 5/20 got id of 5/20
Rank 14/20 got id of 14/20
Rank 3/20 got id of 3/20
Rank 1/20 got id of 1/20
Rank 18/20 got id of 18/20
Rank 6/20 got id of 6/20
Rank 4/20 got id of 4/20
Rank 7/20 got id of 7/20
Rank 2/20 got id of 2/20
Rank 11/20 got id of 11/20
CMI initialized successfully. Starting benchmark steps...

STEP_TIMING step=1 latency_ms=268.60 min_ms=267.24 avg_ms=267.67 total_samples=2000000 throughput_samples_sec=7446049
STEP_TIMING step=2 latency_ms=33.96 min_ms=32.98 avg_ms=33.28 total_samples=2000000 throughput_samples_sec=58884598
STEP_TIMING step=3 latency_ms=32.96 min_ms=31.89 avg_ms=32.21 total_samples=2000000 throughput_samples_sec=60686969
STEP_TIMING step=4 latency_ms=31.18 min_ms=30.08 avg_ms=30.39 total_samples=2000000 throughput_samples_sec=64140185
STEP_TIMING step=5 latency_ms=31.64 min_ms=30.55 avg_ms=30.86 total_samples=2000000 throughput_samples_sec=63203842
STEP_TIMING step=6 latency_ms=30.26 min_ms=29.13 avg_ms=29.45 total_samples=2000000 throughput_samples_sec=66096990
STEP_TIMING step=7 latency_ms=30.18 min_ms=29.06 avg_ms=29.37 total_samples=2000000 throughput_samples_sec=66268879
STEP_TIMING step=8 latency_ms=29.98 min_ms=28.81 avg_ms=29.14 total_samples=2000000 throughput_samples_sec=66721489
STEP_TIMING step=9 latency_ms=29.93 min_ms=28.79 avg_ms=29.10 total_samples=2000000 throughput_samples_sec=66816599
STEP_TIMING step=10 latency_ms=29.79 min_ms=28.64 avg_ms=28.96 total_samples=2000000 throughput_samples_sec=67133396
STEP_TIMING step=11 latency_ms=29.92 min_ms=28.78 avg_ms=29.11 total_samples=2000000 throughput_samples_sec=66834140
STEP_TIMING step=12 latency_ms=30.15 min_ms=29.00 avg_ms=29.33 total_samples=2000000 throughput_samples_sec=66344220

=================================================================
=== Benchmark Summary (Steady-State Steps 3 to 12) ===
=================================================================
Steady Step Count:   10
Median Latency:      30.18 ms
Mean Latency:        30.60 ms
Min Latency:         29.79 ms
Max Latency:         32.96 ms
Median Throughput:   66268879 samples/sec
=================================================================
=== Finished aix_pipelined (b=100000). Log: /rwthfs/rz/cluster/hpcwork/ro092286/smartsim/batch_memory_benchmark/logs/bench_aix_pipelined_b100000_3053313_aix_pipelined_b100000.log | Telemetry: /rwthfs/rz/cluster/hpcwork/ro092286/smartsim/batch_memory_benchmark/logs/bench_aix_pipelined_b100000_3053313_aix_pipelined_b100000_gpu_telemetry.csv ===

>>> Running Provider: aix_pipelined | Batch Size: 500000 <<<
=================================================================
=== Running Case: aix_pipelined | Batch: 500000 | ID: 3053313_aix_pipelined_b500000 ===
=================================================================
=================================================================
=== CMI Batch & Memory Calibration Benchmark Harness          ===
=================================================================
Provider:           aix
Config:             /rwthfs/rz/cluster/hpcwork/ro092286/smartsim/batch_memory_benchmark/configs/aix.toml
Model Path:         /rwthfs/rz/cluster/hpcwork/ro092286/smartsim/batch_memory_benchmark/../mini_app/train_models/model_a/watercnn_cuda.pt
Solver Ranks:       20 (World size: 20)
Samples per Rank:   100000
Total Work/Step:    2000000 samples
Target Batch Size:  500000
SmartSim Min Batch: 0 (timeout=0 ms)
Total Steps:        12 (Warmup: 2)
=================================================================

AIxeleratorService: suffix = .pt
AIxeleratorService: suffix = .pt
AIxeleratorService: suffix = .pt
AIxeleratorService: suffix = .pt
AIxeleratorService: suffix = .pt
AIxeleratorService: suffix = .pt
AIxeleratorService: suffix = .pt
AIxeleratorService: suffix = .pt
AIxeleratorService: suffix = .pt
AIxeleratorService: suffix = .pt
AIxeleratorService: suffix = .pt
AIxeleratorService: suffix = .pt
AIxeleratorService: suffix = .pt
AIxeleratorService: suffix = .pt
AIxeleratorService: suffix = .pt
AIxeleratorService: suffix = .pt
AIxeleratorService: suffix = .pt
AIxeleratorService: suffix = .pt
AIxeleratorService: suffix = .pt
AIxeleratorService: suffix = .pt
Rank 1/20 on its local machine is 1/20
Rank 0/20 on its local machine is 0/20
Rank 3/20 on its local machine is 3/20
Rank 19/20 on its local machine is 19/20
Rank 13/20 on its local machine is 13/20
Rank 11/20 on its local machine is 11/20
Rank 4/20 on its local machine is 4/20
Rank 9/20 on its local machine is 9/20
Rank 7/20 on its local machine is 7/20
Rank 10/20 on its local machine is 10/20
Rank 17/20 on its local machine is 17/20
Rank 14/20 on its local machine is 14/20
Rank 15/20 on its local machine is 15/20
Rank 2/20 on its local machine is 2/20
Rank 12/20 on its local machine is 12/20
Rank 18/20 on its local machine is 18/20
Rank 16/20 on its local machine is 16/20
Rank 8/20 on its local machine is 8/20
Rank 6/20 on its local machine is 6/20
Rank 5/20 on its local machine is 5/20
Rank 14/20 on its local machine is 14/20 and has access to 1 devices!
Rank 4/20 on its local machine is 4/20 and has access to 1 devices!
Rank 3/20 on its local machine is 3/20 and has access to 1 devices!
Rank 19/20 on its local machine is 19/20 and has access to 1 devices!
Rank 11/20 on its local machine is 11/20 and has access to 1 devices!
Rank 1/20 on its local machine is 1/20 and has access to 1 devices!
Rank 17/20 on its local machine is 17/20 and has access to 1 devices!
Rank 9/20 on its local machine is 9/20 and has access to 1 devices!
Rank 10/20 on its local machine is 10/20 and has access to 1 devices!
Rank 5/20 on its local machine is 5/20 and has access to 1 devices!
Rank 7/20 on its local machine is 7/20 and has access to 1 devices!
Rank 0/20 on its local machine is 0/20 and has access to 1 devices!
Rank 0/20 on its local machine is 0/20 is the GPU controller!
Rank 2/20 on its local machine is 2/20 and has access to 1 devices!
Rank 12/20 on its local machine is 12/20 and has access to 1 devices!
Rank 6/20 on its local machine is 6/20 and has access to 1 devices!
Rank 18/20 on its local machine is 18/20 and has access to 1 devices!
Rank 16/20 on its local machine is 16/20 and has access to 1 devices!
Rank 8/20 on its local machine is 8/20 and has access to 1 devices!
Rank 13/20 on its local machine is 13/20 and has access to 1 devices!
Rank 15/20 on its local machine is 15/20 and has access to 1 devices!
Rank 14/20 knows that there is a total of 1 GPUs across all systems
Rank 17/20 knows that there is a total of 1 GPUs across all systems
Rank 5/20 knows that there is a total of 1 GPUs across all systems
Rank 15/20 knows that there is a total of 1 GPUs across all systems
Rank 1/20 knows that there is a total of 1 GPUs across all systems
Rank 10/20 knows that there is a total of 1 GPUs across all systems
Rank 13/20 knows that there is a total of 1 GPUs across all systems
Rank 0/20 knows that there is a total of 1 GPUs across all systems
Rank 2/20 knows that there is a total of 1 GPUs across all systems
Rank 18/20 knows that there is a total of 1 GPUs across all systems
Rank 16/20 knows that there is a total of 1 GPUs across all systems
Rank 12/20 knows that there is a total of 1 GPUs across all systems
Rank 9/20 knows that there is a total of 1 GPUs across all systems
Rank 7/20 knows that there is a total of 1 GPUs across all systems
Rank 4/20 knows that there is a total of 1 GPUs across all systems
Rank 3/20 knows that there is a total of 1 GPUs across all systems
Rank 8/20 knows that there is a total of 1 GPUs across all systems
Rank 11/20 knows that there is a total of 1 GPUs across all systems
Rank 19/20 knows that there is a total of 1 GPUs across all systems
Rank 6/20 knows that there is a total of 1 GPUs across all systems
Rank 5/20 will be in group 0 order 6
Rank 6/20 will be in group 0 order 7
Rank 1/20 will be in group 0 order 2
Rank 10/20 will be in group 0 order 11
Rank 13/20 will be in group 0 order 14
Rank 0/20 will be in group 0 order 0
Rank 2/20 will be in group 0 order 3
Rank 8/20 will be in group 0 order 9
Rank 9/20 will be in group 0 order 10
Rank 16/20 will be in group 0 order 17
Rank 12/20 will be in group 0 order 13
Rank 7/20 will be in group 0 order 8
Rank 3/20 will be in group 0 order 4
Rank 18/20 will be in group 0 order 19
Rank 14/20 will be in group 0 order 15
Rank 15/20 will be in group 0 order 16
Rank 4/20 will be in group 0 order 5
Rank 17/20 will be in group 0 order 18
Rank 11/20 will be in group 0 order 12
Rank 19/20 will be in group 0 order 20
Rank 3/20 got id of 3/20
Rank 9/20 got id of 9/20
Rank 16/20 got id of 16/20
Rank 2/20 got id of 2/20
Rank 8/20 got id of 8/20
Rank 12/20 got id of 12/20
Rank 15/20 got id of 15/20
Rank 7/20 got id of 7/20
Rank 17/20 got id of 17/20
Rank 5/20 got id of 5/20
Rank 18/20 got id of 18/20
Rank 4/20 got id of 4/20
Rank 19/20 got id of 19/20
Rank 14/20 got id of 14/20
Rank 6/20 got id of 6/20
Rank 1/20 got id of 1/20
Rank 10/20 got id of 10/20
Rank 13/20 got id of 13/20
Rank 11/20 got id of 11/20
Rank 0/20 got id of 0/20
CMI initialized successfully. Starting benchmark steps...

STEP_TIMING step=1 latency_ms=264.96 min_ms=263.60 avg_ms=263.99 total_samples=2000000 throughput_samples_sec=7548429
STEP_TIMING step=2 latency_ms=33.40 min_ms=32.29 avg_ms=32.58 total_samples=2000000 throughput_samples_sec=59873019
STEP_TIMING step=3 latency_ms=31.34 min_ms=30.19 avg_ms=30.48 total_samples=2000000 throughput_samples_sec=63808760
STEP_TIMING step=4 latency_ms=30.95 min_ms=29.71 avg_ms=30.01 total_samples=2000000 throughput_samples_sec=64622437
STEP_TIMING step=5 latency_ms=29.64 min_ms=28.41 avg_ms=28.71 total_samples=2000000 throughput_samples_sec=67468391
STEP_TIMING step=6 latency_ms=29.24 min_ms=28.01 avg_ms=28.29 total_samples=2000000 throughput_samples_sec=68403760
STEP_TIMING step=7 latency_ms=29.60 min_ms=28.33 avg_ms=28.64 total_samples=2000000 throughput_samples_sec=67569227
STEP_TIMING step=8 latency_ms=29.02 min_ms=27.76 avg_ms=28.06 total_samples=2000000 throughput_samples_sec=68913609
STEP_TIMING step=9 latency_ms=29.33 min_ms=28.07 avg_ms=28.36 total_samples=2000000 throughput_samples_sec=68191499
STEP_TIMING step=10 latency_ms=28.79 min_ms=27.54 avg_ms=27.84 total_samples=2000000 throughput_samples_sec=69463906
STEP_TIMING step=11 latency_ms=29.41 min_ms=28.17 avg_ms=28.47 total_samples=2000000 throughput_samples_sec=67992627
STEP_TIMING step=12 latency_ms=28.79 min_ms=27.54 avg_ms=27.85 total_samples=2000000 throughput_samples_sec=69462787

=================================================================
=== Benchmark Summary (Steady-State Steps 3 to 12) ===
=================================================================
Steady Step Count:   10
Median Latency:      29.41 ms
Mean Latency:        29.61 ms
Min Latency:         28.79 ms
Max Latency:         31.34 ms
Median Throughput:   67992627 samples/sec
=================================================================
=== Finished aix_pipelined (b=500000). Log: /rwthfs/rz/cluster/hpcwork/ro092286/smartsim/batch_memory_benchmark/logs/bench_aix_pipelined_b500000_3053313_aix_pipelined_b500000.log | Telemetry: /rwthfs/rz/cluster/hpcwork/ro092286/smartsim/batch_memory_benchmark/logs/bench_aix_pipelined_b500000_3053313_aix_pipelined_b500000_gpu_telemetry.csv ===

>>> Running Provider: aix_pipelined | Batch Size: 2000000 <<<
=================================================================
=== Running Case: aix_pipelined | Batch: 2000000 | ID: 3053313_aix_pipelined_b2000000 ===
=================================================================
AIxeleratorService: suffix = .pt
AIxeleratorService: suffix = .pt
AIxeleratorService: suffix = .pt
AIxeleratorService: suffix = .pt
AIxeleratorService: suffix = .pt
AIxeleratorService: suffix = .pt
AIxeleratorService: suffix = .pt
AIxeleratorService: suffix = .pt
AIxeleratorService: suffix = .pt
AIxeleratorService: suffix = .pt
AIxeleratorService: suffix = .pt
AIxeleratorService: suffix = .pt
AIxeleratorService: suffix = .pt
AIxeleratorService: suffix = .pt
AIxeleratorService: suffix = .pt
AIxeleratorService: suffix = .pt
=================================================================
=== CMI Batch & Memory Calibration Benchmark Harness          ===
=================================================================
Provider:           aix
Config:             /rwthfs/rz/cluster/hpcwork/ro092286/smartsim/batch_memory_benchmark/configs/aix.toml
Model Path:         /rwthfs/rz/cluster/hpcwork/ro092286/smartsim/batch_memory_benchmark/../mini_app/train_models/model_a/watercnn_cuda.pt
Solver Ranks:       20 (World size: 20)
Samples per Rank:   100000
Total Work/Step:    2000000 samples
Target Batch Size:  2000000
SmartSim Min Batch: 0 (timeout=0 ms)
Total Steps:        12 (Warmup: 2)
=================================================================

AIxeleratorService: suffix = .pt
AIxeleratorService: suffix = .pt
AIxeleratorService: suffix = .pt
AIxeleratorService: suffix = .pt
Rank 3/20 on its local machine is 3/20
Rank 8/20 on its local machine is 8/20
Rank 16/20 on its local machine is 16/20
Rank 17/20 on its local machine is 17/20
Rank 0/20 on its local machine is 0/20
Rank 6/20 on its local machine is 6/20
Rank 13/20 on its local machine is 13/20
Rank 9/20 on its local machine is 9/20
Rank 18/20 on its local machine is 18/20
Rank 12/20 on its local machine is 12/20
Rank 2/20 on its local machine is 2/20
Rank 10/20 on its local machine is 10/20
Rank 15/20 on its local machine is 15/20
Rank 4/20 on its local machine is 4/20
Rank 11/20 on its local machine is 11/20
Rank 1/20 on its local machine is 1/20
Rank 5/20 on its local machine is 5/20
Rank 14/20 on its local machine is 14/20
Rank 7/20 on its local machine is 7/20
Rank 19/20 on its local machine is 19/20
Rank 8/20 on its local machine is 8/20 and has access to 1 devices!
Rank 18/20 on its local machine is 18/20 and has access to 1 devices!
Rank 13/20 on its local machine is 13/20 and has access to 1 devices!
Rank 19/20 on its local machine is 19/20 and has access to 1 devices!
Rank 5/20 on its local machine is 5/20 and has access to 1 devices!
Rank 9/20 on its local machine is 9/20 and has access to 1 devices!
Rank 2/20 on its local machine is 2/20 and has access to 1 devices!
Rank 1/20 on its local machine is 1/20 and has access to 1 devices!
Rank 0/20 on its local machine is 0/20 and has access to 1 devices!
Rank 0/20 on its local machine is 0/20 is the GPU controller!
Rank 12/20 on its local machine is 12/20 and has access to 1 devices!
Rank 15/20 on its local machine is 15/20 and has access to 1 devices!
Rank 6/20 on its local machine is 6/20 and has access to 1 devices!
Rank 3/20 on its local machine is 3/20 and has access to 1 devices!
Rank 11/20 on its local machine is 11/20 and has access to 1 devices!
Rank 7/20 on its local machine is 7/20 and has access to 1 devices!
Rank 14/20 on its local machine is 14/20 and has access to 1 devices!
Rank 16/20 on its local machine is 16/20 and has access to 1 devices!
Rank 17/20 on its local machine is 17/20 and has access to 1 devices!
Rank 4/20 on its local machine is 4/20 and has access to 1 devices!
Rank 10/20 on its local machine is 10/20 and has access to 1 devices!
Rank 19/20 knows that there is a total of 1 GPUs across all systems
Rank 7/20 knows that there is a total of 1 GPUs across all systems
Rank 11/20 knows that there is a total of 1 GPUs across all systems
Rank 6/20 knows that there is a total of 1 GPUs across all systems
Rank 13/20 knows that there is a total of 1 GPUs across all systems
Rank 14/20 knows that there is a total of 1 GPUs across all systems
Rank 10/20 knows that there is a total of 1 GPUs across all systems
Rank 16/20 knows that there is a total of 1 GPUs across all systems
Rank 15/20 knows that there is a total of 1 GPUs across all systems
Rank 18/20 knows that there is a total of 1 GPUs across all systems
Rank 5/20 knows that there is a total of 1 GPUs across all systems
Rank 0/20 knows that there is a total of 1 GPUs across all systems
Rank 9/20 knows that there is a total of 1 GPUs across all systems
Rank 4/20 knows that there is a total of 1 GPUs across all systems
Rank 12/20 knows that there is a total of 1 GPUs across all systems
Rank 17/20 knows that there is a total of 1 GPUs across all systems
Rank 3/20 knows that there is a total of 1 GPUs across all systems
Rank 2/20 knows that there is a total of 1 GPUs across all systems
Rank 8/20 knows that there is a total of 1 GPUs across all systems
Rank 1/20 knows that there is a total of 1 GPUs across all systems
Rank 12/20 will be in group 0 order 13
Rank 17/20 will be in group 0 order 18
Rank 3/20 will be in group 0 order 4
Rank 14/20 will be in group 0 order 15
Rank 19/20 will be in group 0 order 20
Rank 7/20 will be in group 0 order 8
Rank 10/20 will be in group 0 order 11
Rank 11/20 will be in group 0 order 12
Rank 6/20 will be in group 0 order 7
Rank 13/20 will be in group 0 order 14
Rank 1/20 will be in group 0 order 2
Rank 15/20 will be in group 0 order 16
Rank 2/20 will be in group 0 order 3
Rank 5/20 will be in group 0 order 6
Rank 0/20 will be in group 0 order 0
Rank 9/20 will be in group 0 order 10
Rank 4/20 will be in group 0 order 5
Rank 16/20 will be in group 0 order 17
Rank 18/20 will be in group 0 order 19
Rank 8/20 will be in group 0 order 9
Rank 17/20 got id of 17/20
Rank 3/20 got id of 3/20
Rank 14/20 got id of 14/20
Rank 19/20 got id of 19/20
Rank 7/20 got id of 7/20
Rank 10/20 got id of 10/20
Rank 11/20 got id of 11/20
Rank 6/20 got id of 6/20
Rank 8/20 got id of 8/20
Rank 18/20 got id of 18/20
Rank 4/20 got id of 4/20
Rank 1/20 got id of 1/20
Rank 16/20 got id of 16/20
Rank 15/20 got id of 15/20
Rank 2/20 got id of 2/20
Rank 5/20 got id of 5/20
Rank 0/20 got id of 0/20
Rank 9/20 got id of 9/20
Rank 13/20 got id of 13/20
Rank 12/20 got id of 12/20
CMI initialized successfully. Starting benchmark steps...

STEP_TIMING step=1 latency_ms=271.60 min_ms=270.20 avg_ms=270.65 total_samples=2000000 throughput_samples_sec=7363642
STEP_TIMING step=2 latency_ms=34.45 min_ms=33.58 avg_ms=33.83 total_samples=2000000 throughput_samples_sec=58058282
STEP_TIMING step=3 latency_ms=33.14 min_ms=32.20 avg_ms=32.44 total_samples=2000000 throughput_samples_sec=60343506
STEP_TIMING step=4 latency_ms=31.78 min_ms=30.76 avg_ms=31.01 total_samples=2000000 throughput_samples_sec=62940663
STEP_TIMING step=5 latency_ms=32.03 min_ms=30.99 avg_ms=31.30 total_samples=2000000 throughput_samples_sec=62445723
STEP_TIMING step=6 latency_ms=31.21 min_ms=30.18 avg_ms=30.45 total_samples=2000000 throughput_samples_sec=64079378
STEP_TIMING step=7 latency_ms=30.85 min_ms=29.80 avg_ms=30.08 total_samples=2000000 throughput_samples_sec=64838943
STEP_TIMING step=8 latency_ms=30.78 min_ms=29.73 avg_ms=30.01 total_samples=2000000 throughput_samples_sec=64987420
STEP_TIMING step=9 latency_ms=30.83 min_ms=29.79 avg_ms=30.07 total_samples=2000000 throughput_samples_sec=64876434
STEP_TIMING step=10 latency_ms=30.63 min_ms=29.62 avg_ms=29.88 total_samples=2000000 throughput_samples_sec=65304596
STEP_TIMING step=11 latency_ms=30.59 min_ms=29.55 avg_ms=29.83 total_samples=2000000 throughput_samples_sec=65372156
STEP_TIMING step=12 latency_ms=30.60 min_ms=29.55 avg_ms=29.82 total_samples=2000000 throughput_samples_sec=65363924

=================================================================
=== Benchmark Summary (Steady-State Steps 3 to 12) ===
=================================================================
Steady Step Count:   10
Median Latency:      30.85 ms
Mean Latency:        31.24 ms
Min Latency:         30.59 ms
Max Latency:         33.14 ms
Median Throughput:   64838943 samples/sec
=================================================================
=== Finished aix_pipelined (b=2000000). Log: /rwthfs/rz/cluster/hpcwork/ro092286/smartsim/batch_memory_benchmark/logs/bench_aix_pipelined_b2000000_3053313_aix_pipelined_b2000000.log | Telemetry: /rwthfs/rz/cluster/hpcwork/ro092286/smartsim/batch_memory_benchmark/logs/bench_aix_pipelined_b2000000_3053313_aix_pipelined_b2000000_gpu_telemetry.csv ===

>>> Running Provider: phydll_cpp | Batch Size: 100000 <<<
=================================================================
=== Running Case: phydll_cpp | Batch: 100000 | ID: 3053313_phydll_cpp_b100000 ===
=================================================================
=================================================================
=== CMI Batch & Memory Calibration Benchmark Harness          ===
=================================================================
Provider:           phydll
Config:             /rwthfs/rz/cluster/hpcwork/ro092286/smartsim/batch_memory_benchmark/configs/phydll_uniform.toml
Model Path:         /rwthfs/rz/cluster/hpcwork/ro092286/smartsim/batch_memory_benchmark/../mini_app/train_models/model_a/watercnn_cuda.pt
Solver Ranks:       20 (World size: 21)
Samples per Rank:   100000
Total Work/Step:    2000000 samples
Target Batch Size:  100000
SmartSim Min Batch: 0 (timeout=0 ms)
Total Steps:        12 (Warmup: 2)
=================================================================

[PHYDLL:PHY] before phydll_init
[PHYDLL:PHY] before phydll_init[PHYDLL:PHY] before phydll_init

[PHYDLL:PHY] before phydll_init
[PHYDLL:PHY] before phydll_init
[PHYDLL:PHY] before phydll_init[PHYDLL:PHY] before phydll_init
[PHYDLL:PHY] before phydll_init
[PHYDLL:PHY] before phydll_init
[PHYDLL:PHY] before phydll_init

[PHYDLL:PHY] before phydll_init[PHYDLL:PHY] before phydll_init
[PHYDLL:PHY] before phydll_init
[PHYDLL:PHY] before phydll_init

[PHYDLL:PHY] before phydll_init
[PHYDLL:PHY] before phydll_init
[PHYDLL:PHY] before phydll_init
[PHYDLL:PHY] before phydll_init
[PHYDLL:PHY] before phydll_init
[PHYDLL:PHY] before phydll_init
[PHYDLL:DL] client started argv0=/rwthfs/rz/cluster/hpcwork/ro092286/smartsim/batch_memory_benchmark/../CPP-ML-Interface/dl_clients/build-miniapp/phydll_dl_client dl_count=1 torch=on
[PHYDLL:DL] torch threads: intra=1, inter=96
[PHYDLL:DL] runtime before phydll_init
[PHYDLL:CORE] kernel_init split instance=physical gl_rank=13 gl_size=21 color=0 comm_rank=13 comm_size=20
[PHYDLL:CORE] phydll_init instance=physical kernel_init complete gl_rank=13 gl_size=21 comm_rank=13 comm_size=20
[PHYDLL:CORE] kernel_init split instance=physical gl_rank=18 gl_size=21 color=0 comm_rank=18 comm_size=20
[PHYDLL:CORE] phydll_init instance=physical kernel_init complete gl_rank=18 gl_size=21 comm_rank=18 comm_size=20
[PHYDLL:CORE] kernel_init split instance=physical gl_rank=4 gl_size=21 color=0 comm_rank=4 comm_size=20
[PHYDLL:CORE] phydll_init instance=physical kernel_init complete gl_rank=4 gl_size=21 comm_rank=4 comm_size=20
[PHYDLL:CORE] kernel_init split instance=physical gl_rank=2 gl_size=21 color=0 comm_rank=2 comm_size=20
[PHYDLL:CORE] phydll_init instance=physical kernel_init complete gl_rank=2 gl_size=21 comm_rank=2 comm_size=20
[PHYDLL:CORE] kernel_init split instance=physical gl_rank=12 gl_size=21 color=0 comm_rank=12 comm_size=20
[PHYDLL:CORE] phydll_init instance=physical kernel_init complete gl_rank=12 gl_size=21 comm_rank=12 comm_size=20
[PHYDLL:CORE] kernel_init split instance=physical gl_rank=9 gl_size=21 color=0 comm_rank=9 comm_size=20
[PHYDLL:CORE] phydll_init instance=physical kernel_init complete gl_rank=9 gl_size=21 comm_rank=9 comm_size=20
[PHYDLL:CORE] kernel_init split instance=physical gl_rank=3 gl_size=21 color=0 comm_rank=3 comm_size=20
[PHYDLL:CORE] phydll_init instance=physical kernel_init complete gl_rank=3 gl_size=21 comm_rank=3 comm_size=20
[PHYDLL:CORE] kernel_init split instance=physical gl_rank=0 gl_size=21 color=0 comm_rank=0 comm_size=20
[PHYDLL:CORE] phydll_init instance=physical kernel_init complete gl_rank=0 gl_size=21 comm_rank=0 comm_size=20
[PHYDLL:CORE] kernel_init split instance=physical gl_rank=6 gl_size=21 color=0 comm_rank=6 comm_size=20
[PHYDLL:CORE] kernel_init split instance=physical gl_rank=19 gl_size=21 color=0 comm_rank=19 comm_size=20
[PHYDLL:CORE] phydll_init instance=physical kernel_init complete gl_rank=19 gl_size=21 comm_rank=19 comm_size=20
[PHYDLL:CORE] kernel_init split instance=dl gl_rank=20 gl_size=21 color=1 comm_rank=0 comm_size=1
[PHYDLL:CORE] phydll_init instance=dl kernel_init complete gl_rank=20 gl_size=21 comm_rank=0 comm_size=1
[PHYDLL:CORE] kernel_init split instance=physical gl_rank=1 gl_size=21 color=0 comm_rank=1 comm_size=20
[PHYDLL:CORE] phydll_init instance=physical kernel_init complete gl_rank=1 gl_size=21 comm_rank=1 comm_size=20
[PHYDLL:CORE] kernel_init split instance=physical gl_rank=16 gl_size=21 color=0 comm_rank=16 comm_size=20
[PHYDLL:CORE] phydll_init instance=physical kernel_init complete gl_rank=16 gl_size=21 comm_rank=16 comm_size=20
[PHYDLL:CORE] kernel_init split instance=physical gl_rank=17 gl_size=21 color=0 comm_rank=17 comm_size=20
[PHYDLL:CORE] phydll_init instance=physical kernel_init complete gl_rank=17 gl_size=21 comm_rank=17 comm_size=20
[PHYDLL:CORE] kernel_init split instance=physical gl_rank=5 gl_size=21 color=0 comm_rank=5 comm_size=20
[PHYDLL:CORE] phydll_init instance=physical kernel_init complete gl_rank=5 gl_size=21 comm_rank=5 comm_size=20
[PHYDLL:CORE] kernel_init split instance=physical gl_rank=7 gl_size=21 color=0 comm_rank=7 comm_size=20
[PHYDLL:CORE] phydll_init instance=physical kernel_init complete gl_rank=7 gl_size=21 comm_rank=7 comm_size=20
[PHYDLL:CORE] kernel_init split instance=physical gl_rank=15 gl_size=21 color=0 comm_rank=15 comm_size=20
[PHYDLL:CORE] phydll_init instance=physical kernel_init complete gl_rank=15 gl_size=21 comm_rank=15 comm_size=20
[PHYDLL:CORE] kernel_init split instance=physical gl_rank=11 gl_size=21 color=0 comm_rank=11 comm_size=20
[PHYDLL:CORE] phydll_init instance=physical kernel_init complete gl_rank=11 gl_size=21 comm_rank=11 comm_size=20
[PHYDLL:CORE] kernel_init split instance=physical gl_rank=14 gl_size=21 color=0 comm_rank=14 comm_size=20
[PHYDLL:CORE] phydll_init instance=physical kernel_init complete gl_rank=14 gl_size=21 comm_rank=14 comm_size=20
[PHYDLL:CORE] kernel_init split instance=physical gl_rank=8 gl_size=21 color=0 comm_rank=8 comm_size=20
[PHYDLL:CORE] phydll_init instance=physical kernel_init complete gl_rank=8 gl_size=21 comm_rank=8 comm_size=20
[PHYDLL:CORE] kernel_init split instance=physical gl_rank=10 gl_size=21 color=0 comm_rank=10 comm_size=20
[PHYDLL:CORE] phydll_init instance=physical kernel_init complete gl_rank=10 gl_size=21 comm_rank=10 comm_size=20
*******************************************************************************
************************** <<< Welcome to PhyDLL >>> **************************
*******************************************************************************
[PHYDLL:CORE] phydll_init instance=physical kernel_init complete gl_rank=6 gl_size=21 comm_rank=6 comm_size=20
*******************************************************************************
************************** <<< Welcome to PhyDLL >>> **************************
[PHYDLL:CORE] phydll_init instance=physical logfile complete
[PHYDLL:CORE] phydll_init instance=physical logfile complete
[PHYDLL:CORE] phydll_init instance=physical logfile complete
[PHYDLL:CORE] phydll_init instance=physical logfile complete
[PHYDLL:CORE] phydll_init instance=physical logfile complete
[PHYDLL:CORE] phydll_init instance=physical mapping complete ndest=1
[PHYDLL:PHY] after phydll_init
[PHYDLL:CORE] phydll_init instance=physical logfile complete
[PHYDLL:CORE] phydll_init instance=physical logfile complete
[PHYDLL:CORE] phydll_init instance=physical logfile complete
[PHYDLL:CORE] phydll_init instance=physical logfile complete
[PHYDLL:CORE] phydll_init instance=physical logfile complete
[PHYDLL:CORE] phydll_init instance=physical mapping complete ndest=1
[PHYDLL:PHY] after phydll_init
[PHYDLL:PHY] uniform_chunks layout: total_input=1800000 total_output=100000 gcd=100000 phy_count=18 dl_count=1
[PHYDLL:CORE] phydll_init instance=physical logfile complete
[PHYDLL:CORE] phydll_init instance=physical logfile complete
[PHYDLL:CORE] phydll_init instance=physical logfile complete
[PHYDLL:CORE] phydll_init instance=physical logfile complete
[PHYDLL:CORE] phydll_init instance=physical logfile complete
[PHYDLL:CORE] phydll_init instance=physical logfile complete
[PHYDLL:CORE] phydll_init instance=physical logfile complete
[PHYDLL:CORE] phydll_init instance=physical logfile complete
[PHYDLL:CORE] phydll_init instance=physical logfile complete
[PHYDLL:CORE] phydll_init instance=physical logfile complete
[PHYDLL:CORE] phydll_init instance=physical mapping complete ndest=1
[PHYDLL:PHY] after phydll_init
[PHYDLL:PHY] uniform_chunks layout: total_input=1800000 total_output=100000 gcd=100000 phy_count=18 dl_count=1
*******************************************************************************
[PHYDLL:PHY] uniform_chunks layout: total_input=1800000 total_output=100000 gcd=100000 phy_count=18 dl_count=1
[PHYDLL:CORE] phydll_init instance=physical mapping complete ndest=1
[PHYDLL:PHY] after phydll_init
[PHYDLL:PHY] uniform_chunks layout: total_input=1800000 total_output=100000 gcd=100000 phy_count=18 dl_count=1
[PHYDLL:CORE] phydll_init instance=physical mapping complete ndest=1
[PHYDLL:PHY] after phydll_init
[PHYDLL:PHY] uniform_chunks layout: total_input=1800000 total_output=100000 gcd=100000 phy_count=18 dl_count=1
[PHYDLL:CORE] phydll_init instance=physical mapping complete ndest=1
[PHYDLL:PHY] after phydll_init
[PHYDLL:PHY] uniform_chunks layout: total_input=1800000 total_output=100000 gcd=100000 phy_count=18 dl_count=1
[PHYDLL:CORE] phydll_init instance=physical mapping complete ndest=1
[PHYDLL:PHY] after phydll_init
[PHYDLL:CORE] phydll_init instance=physical mapping complete ndest=1
[PHYDLL:PHY] after phydll_init
[PHYDLL:PHY] uniform_chunks layout: total_input=1800000 total_output=100000 gcd=100000 phy_count=18[PHYDLL:CORE] phydll_init instance=physical mapping complete ndest=1
[PHYDLL:PHY] after phydll_init
[PHYDLL:CORE] phydll_init instance=physical mapping complete ndest=1
[PHYDLL:PHY] after phydll_init
[PHYDLL:PHY] uniform_chunks layout: total_input=1800000 total_output=100000 gcd=100000 phy_count=18 dl_count=[PHYDLL:CORE] phydll_init instance=physical mapping complete ndest=1
[PHYDLL:PHY] after phydll_init
[PHYDLL:CORE] phydll_init instance=physical mapping complete ndest=1
[PHYDLL:PHY] after phydll_init
[PHYDLL:PHY] uniform_chunks layout: total_input=1800000 total_output=[PHYDLL:CORE] phydll_init instance=physical mapping complete ndest=1
[PHYDLL:PHY] after phydll_init
[PHYDLL:CORE] phydll_init instance=physical mapping complete ndest=1
[PHYDLL:PHY] after phydll_init
[PHYDLL:CORE] phydll_init instance=physical mapping complete ndest=1
[PHYDLL:PHY] after phydll_init
[PHYDLL:CORE] phydll_init instance=physical mapping complete ndest=1
[PHYDLL:PHY] after phydll_init
[PHYDLL:CORE] phydll_init instance=physical mapping complete ndest=1
[PHYDLL:PHY] after phydll_init
[PHYDLL:CORE] phydll_init instance=physical mapping complete ndest=1
[PHYDLL:PHY] after phydll_init
 dl_count=1
1
[PHYDLL:CORE] phydll_init instance=physical mapping complete ndest=1
[PHYDLL:PHY] after phydll_init
100000 gcd=100000 phy_count=18 dl_count=1
[PHYDLL:PHY] uniform_chunks layout: total_input=1800000 total_output=100000 gcd=100000 phy_count=18 dl_count=1
[PHYDLL:PHY] uniform_chunks layout: total_input=1800000 total_output=100000 gcd=100000 phy_count=18 dl_count=1
[PHYDLL:PHY] uniform_chunks layout: total_input=1800000 total_output=100000 gcd=100000 phy_count=18 dl_count=1
[PHYDLL:PHY] uniform_chunks layout: total_input=1800000 total_output=100000 gcd=100000 phy_count=18 dl_count=1
[PHYDLL:PHY] uniform_chunks layout: total_input=1800000 total_output=100000 gcd=100000 phy_count=18 dl_count=1
[PHYDLL:PHY] uniform_chunks layout: total_input=1800000 total_output=100000 gcd=100000 phy_count=18 dl_count=1
[PHYDLL:PHY] uniform_chunks layout: total_input=1800000 total_output=100000 gcd=100000 phy_count=18 dl_count=1
[PHYDLL:PHY] uniform_chunks layout: total_input=1800000 total_output=100000 gcd=100000 phy_count=18 dl_count=[PHYDLL:PHY] uniform_chunks layout: total_input=1800000 total_output=100000 gcd=100000 phy_count=18 dl_count=1
[PHYDLL:PHY] uniform_chunks layout: total_input=1800000 total_output=100000 gcd=100000 phy_count=18 dl_count=1
1
[PHYDLL:CORE] phydll_init instance=physical mapping complete ndest=1
[PHYDLL:PHY] after phydll_init
[PHYDLL:PHY] uniform_chunks layout: total_input=1800000 total_output=100000 gcd=100000 phy_count=18 dl_count=1
[PHYDLL:PHY] before phydll_define_phy count=18 field_size=100000
[PHYDLL:PHY] before phydll_define_phy count=18 field_size=100000
[PHYDLL:PHY] before phydll_define_phy count=18 field_size=100000
[PHYDLL:PHY] before phydll_define_phy count=18 field_size=100000
[PHYDLL:PHY] before phydll_define_phy count=18 field_size=100000
[PHYDLL:PHY] before phydll_define_phy count=18 field_size=100000
[PHYDLL:PHY] before phydll_define_phy count=18 field_size=100000
[PHYDLL:PHY] before phydll_define_phy count=18 field_size=100000
[PHYDLL:PHY] before phydll_define_phy count=18 field_size=100000
[PHYDLL:PHY] before phydll_define_phy count=18 field_size=100000
[PHYDLL:PHY] before phydll_define_phy count=18 field_size=100000
[PHYDLL:PHY] before phydll_define_phy count=18 field_size=100000
[PHYDLL:PHY] before phydll_define_phy count=18 field_size=100000
[PHYDLL:PHY] before phydll_define_phy count=18 field_size=100000
[PHYDLL:PHY] before phydll_define_phy count=[PHYDLL:PHY] before phydll_define_phy count=18 field_size=100000
[PHYDLL:PHY] before phydll_define_phy count=18 field_size=100000
[PHYDLL:PHY] before phydll_define_phy count=18 field_size=100000
[PHYDLL:PHY] before phydll_define_phy count=18 field_size=100000
[PHYDLL:PHY] before phydll_define_phy count=18 field_size=100000
(PhyDLL) ----> OPTION: Coupling with loop = True
18[PHYDLL:CORE] _kernel_alloc_fields begin gl_rank=14 phy_bcast_root=0 dl_bcast_root=20
[PHYDLL:CORE] _kernel_alloc_fields begin gl_rank=7 phy_bcast_root=0 dl_bcast_root=20
[PHYDLL:CORE] _kernel_alloc_fields begin gl_rank=2 phy_bcast_root=0 dl_bcast_root=20
[PHYDLL:CORE] _kernel_alloc_fields begin gl_rank=3 phy_bcast_root=0 dl_bcast_root=20
[PHYDLL:CORE] _kernel_alloc_fields begin gl_rank=15 phy_bcast_root=0 dl_bcast_root=20
[PHYDLL:CORE] _kernel_alloc_fields begin gl_rank=5 phy_bcast_root=0 dl_bcast_root=20
[PHYDLL:CORE] _kernel_alloc_fields begin gl_rank=13 phy_bcast_root=0 dl_bcast_root=20
[PHYDLL:CORE] _kernel_alloc_fields begin gl_rank=19 phy_bcast_root=0 dl_bcast_root=20
[PHYDLL:CORE] _kernel_alloc_fields begin gl_rank=18 phy_bcast_root=0 dl_bcast_root=20
[PHYDLL:CORE] _kernel_alloc_fields begin gl_rank=6 phy_bcast_root=0 dl_bcast_root=20
[PHYDLL:CORE] _kernel_alloc_fields begin gl_rank=4 phy_bcast_root=0 dl_bcast_root=20
[PHYDLL:CORE] _kernel_alloc_fields begin gl_rank=16 phy_bcast_root=0 dl_bcast_root=20
[PHYDLL:CORE] _kernel_alloc_fields begin gl_rank=0 phy_bcast_root=0 dl_bcast_root=20
[PHYDLL:CORE] _kernel_alloc_fields begin gl_rank=17 phy_bcast_root=0 dl_bcast_root=20
[PHYDLL:CORE] _kernel_alloc_fields begin gl_rank=12 phy_bcast_root=0 dl_bcast_root=20
[PHYDLL:CORE] _kernel_alloc_fields begin gl_rank=1 phy_bcast_root=0 dl_bcast_root=20
 field_size=100000
[PHYDLL:CORE] _kernel_alloc_fields begin gl_rank=10 phy_bcast_root=0 dl_bcast_root=20
[PHYDLL:CORE] _kernel_alloc_fields begin gl_rank=8 phy_bcast_root=0 dl_bcast_root=20
[PHYDLL:CORE] _kernel_alloc_fields begin gl_rank=11 phy_bcast_root=0 dl_bcast_root=20
[PHYDLL:CORE] _kernel_alloc_fields begin gl_rank=9 phy_bcast_root=0 dl_bcast_root=20
[PHYDLL:CORE] phydll_init instance=dl logfile complete
[PHYDLL:CORE] kernel_ds_mapping DL before allgather gl_rank=20 comm_rank=0 comm_size=1 ndest=20
[PHYDLL:CORE] kernel_ds_mapping DL complete gl_rank=20 ndest=20
[PHYDLL:CORE] phydll_init instance=dl mapping complete ndest=20
[PHYDLL:DL] runtime after phydll_init
[PHYDLL:DL] runtime before phydll_define_dl count=1
[PHYDLL:CORE] kernel_alloc_dl_fields before mesh broadcast gl_rank=20
[PHYDLL:CORE] kernel_alloc_dl_fields after mesh broadcast gl_rank=20
[PHYDLL:CORE] kernel_alloc_dl_fields after field-size exchange gl_rank=20
[PHYDLL:CORE] _kernel_agg_field_sizes ndest=20 gl_rank=20
[PHYDLL:CORE]   sizes_list[0]=100000 -> accum=100000
[PHYDLL:CORE]   sizes_list[1]=100000 -> accum=200000
[PHYDLL:CORE]   sizes_list[2]=100000 -> accum=300000
[PHYDLL:CORE]   sizes_list[3]=100000 -> accum=400000
[PHYDLL:CORE]   sizes_list[4]=100000 -> accum=500000
[PHYDLL:CORE]   sizes_list[5]=100000 -> accum=600000
[PHYDLL:CORE]   sizes_list[6]=100000 -> accum=700000
[PHYDLL:CORE]   sizes_list[7]=100000 -> accum=800000
[PHYDLL:CORE]   sizes_list[8]=100000 -> accum=900000
[PHYDLL:CORE]   sizes_list[9]=100000 -> accum=1000000
[PHYDLL:CORE]   sizes_list[10]=100000 -> accum=1100000
[PHYDLL:CORE]   sizes_list[11]=100000 -> accum=1200000
[PHYDLL:CORE]   sizes_list[12]=100000 -> accum=1300000
[PHYDLL:CORE]   sizes_list[13]=100000 -> accum=1400000
[PHYDLL:CORE]   sizes_list[14]=100000 -> accum=1500000
[PHYDLL:CORE]   sizes_list[15]=100000 -> accum=1600000
[PHYDLL:CORE]   sizes_list[16]=100000 -> accum=1700000
[PHYDLL:CORE]   sizes_list[17]=100000 -> accum=1800000
[PHYDLL:CORE]   sizes_list[18]=100000 -> accum=1900000
[PHYDLL:CORE]   sizes_list[19]=100000 -> accum=2000000
[PHYDLL:CORE] _kernel_alloc_fields begin gl_rank=20 phy_bcast_root=0 dl_bcast_root=20
[PHYDLL:CORE] _kernel_alloc_fields bcasts done gl_rank=20 phy_count=18 dl_count=1 size=2000000
[PHYDLL:CORE] _kernel_alloc_fields field_t arrays alloc done gl_rank=20 phy_ptr=0x421b5a0 dl_ptr=0x4456280
[PHYDLL:CORE]   allocating phy_field[0] size=2000000 bytes=16000000
[PHYDLL:CORE] _kernel_alloc_fields bcasts done gl_rank=13 phy_count=18 dl_count=1 size=100000
[PHYDLL:CORE] _kernel_alloc_fields field_t arrays alloc done gl_rank=13 phy_ptr=0x40e76e0 dl_ptr=0x42954e0
[PHYDLL:CORE]   allocating phy_field[0] size=100000 bytes=800000
[PHYDLL:CORE] _kernel_alloc_fields bcasts done gl_rank=19 phy_count=18 dl_count=1 size=100000
[PHYDLL:CORE] _kernel_alloc_fields field_t arrays alloc done gl_rank=19 phy_ptr=0x46df6a0 dl_ptr=0x4417c80
[PHYDLL:CORE]   allocating phy_field[0] size=100000 bytes=800000
[PHYDLL:CORE] _kernel_alloc_fields bcasts done gl_rank=0 phy_count=18 dl_count=1 size=100000
[PHYDLL:CORE] _kernel_alloc_fields field_t arrays alloc done gl_rank=0 phy_ptr=0x46eff30 dl_ptr=0x4381f40
[PHYDLL:CORE]   allocating phy_field[0] size=100000 bytes=800000
[PHYDLL:CORE] _kernel_alloc_fields bcasts done gl_rank=17 phy_count=18 dl_count=1 size=100000
[PHYDLL:CORE] _kernel_alloc_fields field_t arrays alloc done gl_rank=17 phy_ptr=0x466e600 dl_ptr=0x456bab0
[PHYDLL:CORE]   allocating phy_field[0] size=100000 bytes=800000
[PHYDLL:CORE] _kernel_alloc_fields bcasts done gl_rank=12 phy_count=18 dl_count=1 size=100000
[PHYDLL:CORE] _kernel_alloc_fields field_t arrays alloc done gl_rank=12 phy_ptr=0x456be40 dl_ptr=0x4619b70
[PHYDLL:CORE]   allocating phy_field[0] size=100000 bytes=800000
[PHYDLL:CORE] _kernel_alloc_fields bcasts done gl_rank=10 phy_count=18 dl_count=1 size=100000
[PHYDLL:CORE] _kernel_alloc_fields field_t arrays alloc done gl_rank=10 phy_ptr=0x470e0b0 dl_ptr=0x437f230
[PHYDLL:CORE]   allocating phy_field[0] size=100000 bytes=800000
[PHYDLL:CORE] _kernel_alloc_fields bcasts done gl_rank=16 phy_count=18 dl_count=1 size=100000
[PHYDLL:CORE] _kernel_alloc_fields field_t arrays alloc done gl_rank=16 phy_ptr=0x4711fd0 dl_ptr=0x40e7bd0
[PHYDLL:CORE]   allocating phy_field[0] size=100000 bytes=800000
[PHYDLL:CORE] _kernel_alloc_fields bcasts done gl_rank=18 phy_count=18 dl_count=1 size=100000
[PHYDLL:CORE] _kernel_alloc_fields field_t arrays alloc done gl_rank=18 phy_ptr=0x4711840 dl_ptr=0x40e7350
[PHYDLL:CORE]   allocating phy_field[0] size=100000 bytes=800000
[PHYDLL:CORE] _kernel_alloc_fields bcasts done gl_rank=6 phy_count=18 dl_count=1 size=100000
[PHYDLL:CORE] _kernel_alloc_fields field_t arrays alloc done gl_rank=6 phy_ptr=0x41c48b0 dl_ptr=0x461a4e0
[PHYDLL:CORE]   allocating phy_field[0] size=100000 bytes=800000
[PHYDLL:CORE] _kernel_alloc_fields bcasts done gl_rank=1 phy_count=18 dl_count=1 size=100000
[PHYDLL:CORE] _kernel_alloc_fields field_t arrays alloc done gl_rank=1 phy_ptr=0x456d200 dl_ptr=0x41b39f0
[PHYDLL:CORE]   allocating phy_field[0] size=100000 bytes=800000
[PHYDLL:CORE] _kernel_alloc_fields bcasts done gl_rank=14 phy_count=18 dl_count=1 size=100000
[PHYDLL:CORE] _kernel_alloc_fields field_t arrays alloc done gl_rank=14 phy_ptr=0x456b7b0 dl_ptr=0x4619950
[PHYDLL:CORE]   allocating phy_field[0] size=100000 bytes=800000
[PHYDLL:CORE] _kernel_alloc_fields bcasts done gl_rank=7 phy_count=18 dl_count=1 size=100000
[PHYDLL:CORE] _kernel_alloc_fields field_t arrays alloc done gl_rank=7 phy_ptr=0x46cfeb0 dl_ptr=0x43800d0
[PHYDLL:CORE]   allocating phy_field[0] size=100000 bytes=800000
[PHYDLL:CORE] _kernel_alloc_fields bcasts done gl_rank=2 phy_count=18 dl_count=1 size=100000
[PHYDLL:CORE] _kernel_alloc_fields field_t arrays alloc done gl_rank=2 phy_ptr=0x46df010 dl_ptr=0x4532010
[PHYDLL:CORE]   allocating phy_field[0] size=100000 bytes=800000
[PHYDLL:CORE] _kernel_alloc_fields bcasts done gl_rank=8 phy_count=18 dl_count=1 size=100000
[PHYDLL:CORE] _kernel_alloc_fields field_t arrays alloc done gl_rank=8 phy_ptr=0x47a56a0 dl_ptr=0x4532f60
[PHYDLL:CORE]   allocating phy_field[0] size=100000 bytes=800000
[PHYDLL:CORE] _kernel_alloc_fields bcasts done gl_rank=3 phy_count=18 dl_count=1 size=100000
[PHYDLL:CORE] _kernel_alloc_fields field_t arrays alloc done gl_rank=3 phy_ptr=0x45697d0 dl_ptr=0x45675a0
[PHYDLL:CORE]   allocating phy_field[0] size=100000 bytes=800000
[PHYDLL:CORE] _kernel_alloc_fields bcasts done gl_rank=15 phy_count=18 dl_count=1 size=100000
[PHYDLL:CORE] _kernel_alloc_fields field_t arrays alloc done gl_rank=15 phy_ptr=0x40e7050 dl_ptr=0x46df7b0
[PHYDLL:CORE]   allocating phy_field[0] size=100000 bytes=800000
[PHYDLL:CORE] _kernel_alloc_fields bcasts done gl_rank=11 phy_count=18 dl_count=1 size=100000
[PHYDLL:CORE] _kernel_alloc_fields field_t arrays alloc done gl_rank=11 phy_ptr=0x4619a00 dl_ptr=0x447d810
[PHYDLL:CORE]   allocating phy_field[0] size=100000 bytes=800000
[PHYDLL:CORE] _kernel_alloc_fields bcasts done gl_rank=5 phy_count=18 dl_count=1 size=100000
[PHYDLL:CORE] _kernel_alloc_fields field_t arrays alloc done gl_rank=5 phy_ptr=0x4295010 dl_ptr=0x44172f0
[PHYDLL:CORE]   allocating phy_field[0] size=100000 bytes=800000
[PHYDLL:CORE] _kernel_alloc_fields bcasts done gl_rank=4 phy_count=18 dl_count=1 size=100000
[PHYDLL:CORE] _kernel_alloc_fields field_t arrays alloc done gl_rank=4 phy_ptr=0x47a56a0 dl_ptr=0x46190c0
[PHYDLL:CORE]   allocating phy_field[0] size=100000 bytes=800000
[PHYDLL:CORE] _kernel_alloc_fields bcasts done gl_rank=9 phy_count=18 dl_count=1 size=100000
[PHYDLL:CORE] _kernel_alloc_fields field_t arrays alloc done gl_rank=9 phy_ptr=0x4295010 dl_ptr=0x4532e80
[PHYDLL:CORE]   allocating phy_field[0] size=100000 bytes=800000
[PHYDLL:CORE]   allocating phy_field[1] size=100000 bytes=800000
[PHYDLL:CORE]   allocating phy_field[1] size=100000 bytes=800000
[PHYDLL:CORE]   allocating phy_field[1] size=100000 bytes=800000
[PHYDLL:CORE]   allocating phy_field[1] size=100000 bytes=800000
[PHYDLL:CORE]   allocating phy_field[1] size=100000 bytes=800000
[PHYDLL:CORE]   allocating phy_field[1] size=100000 bytes=800000
[PHYDLL:CORE]   allocating phy_field[1] size=100000 bytes=800000
[PHYDLL:CORE]   allocating phy_field[1] size=100000 bytes=800000
[PHYDLL:CORE]   allocating phy_field[1] size=100000 bytes=800000
[PHYDLL:CORE]   allocating phy_field[1] size=100000 bytes=800000
[PHYDLL:CORE]   allocating phy_field[1] size=100000 bytes=800000
[PHYDLL:CORE]   allocating phy_field[1] size=100000 bytes=800000
[PHYDLL:CORE]   allocating phy_field[1] size=100000 bytes=800000
[PHYDLL:CORE]   allocating phy_field[1] size=100000 bytes=800000
[PHYDLL:CORE]   allocating phy_field[1] size=100000 bytes=800000
[PHYDLL:CORE]   allocating phy_field[1] size=100000 bytes=800000
[PHYDLL:CORE]   allocating phy_field[1] size=100000 bytes=800000
[PHYDLL:CORE]   allocating phy_field[1] size=100000 bytes=800000
[PHYDLL:CORE]   allocating phy_field[1] size=100000 bytes=800000
[PHYDLL:CORE]   allocating phy_field[1] size=100000 bytes=800000
[PHYDLL:CORE]   allocating phy_field[2] size=100000 bytes=800000
[PHYDLL:CORE]   allocating phy_field[2] size=100000 bytes=800000
[PHYDLL:CORE]   allocating phy_field[2] size=100000 bytes=800000
[PHYDLL:CORE]   allocating phy_field[2] size=100000 bytes=800000
[PHYDLL:CORE]   allocating phy_field[2] size=100000 bytes=800000
[PHYDLL:CORE]   allocating phy_field[2] size=100000 bytes=800000
[PHYDLL:CORE]   allocating phy_field[2] size=100000 bytes=800000
[PHYDLL:CORE]   allocating phy_field[2] size=100000 bytes=800000
[PHYDLL:CORE]   allocating phy_field[2] size=100000 bytes=800000
[PHYDLL:CORE]   allocating phy_field[2] size=100000 bytes=800000
[PHYDLL:CORE]   allocating phy_field[2] size=100000 bytes=800000
[PHYDLL:CORE]   allocating phy_field[2] size=100000 bytes=800000
[PHYDLL:CORE]   allocating phy_field[2] size=100000 bytes=800000
[PHYDLL:CORE]   allocating phy_field[2] size=100000 bytes=800000
[PHYDLL:CORE]   allocating phy_field[2] size=100000 bytes=800000
[PHYDLL:CORE]   allocating phy_field[2] size=100000 bytes=800000
[PHYDLL:CORE]   allocating phy_field[2] size=100000 bytes=800000
[PHYDLL:CORE]   allocating phy_field[2] size=100000 bytes=800000
[PHYDLL:CORE]   allocating phy_field[2] size=100000 bytes=800000
[PHYDLL:CORE]   allocating phy_field[2] size=100000 bytes=800000
[PHYDLL:CORE]   allocating phy_field[3] size=100000 bytes=800000
[PHYDLL:CORE]   allocating phy_field[3] size=100000 bytes=800000
[PHYDLL:CORE]   allocating phy_field[3] size=100000 bytes=800000
[PHYDLL:CORE]   allocating phy_field[3] size=100000 bytes=800000
[PHYDLL:CORE]   allocating phy_field[3] size=100000 bytes=800000
[PHYDLL:CORE]   allocating phy_field[3] size=100000 bytes=800000
[PHYDLL:CORE]   allocating phy_field[3] size=100000 bytes=800000
[PHYDLL:CORE]   allocating phy_field[3] size=100000 bytes=800000
[PHYDLL:CORE]   allocating phy_field[3] size=100000 bytes=800000
[PHYDLL:CORE]   allocating phy_field[3] size=100000 bytes=800000
[PHYDLL:CORE]   allocating phy_field[3] size=100000 bytes=800000
[PHYDLL:CORE]   allocating phy_field[3] size=100000 bytes=800000
[PHYDLL:CORE]   allocating phy_field[3] size=100000 bytes=800000
[PHYDLL:CORE]   allocating phy_field[3] size=100000 bytes=800000
[PHYDLL:CORE]   allocating phy_field[3] size=100000 bytes=800000
[PHYDLL:CORE]   allocating phy_field[3] size=100000 bytes=800000
[PHYDLL:CORE]   allocating phy_field[3] size=100000 bytes=800000
[PHYDLL:CORE]   allocating phy_field[3] size=100000 bytes=800000
[PHYDLL:CORE]   allocating phy_field[3] size=100000 bytes=800000
[PHYDLL:CORE]   allocating phy_field[3] size=100000 bytes=800000
[PHYDLL:CORE]   allocating phy_field[4] size=100000 bytes=800000
[PHYDLL:CORE]   allocating phy_field[4] size=100000 bytes=800000
[PHYDLL:CORE]   allocating phy_field[4] size=100000 bytes=800000
[PHYDLL:CORE]   allocating phy_field[4] size=100000 bytes=800000
[PHYDLL:CORE]   allocating phy_field[4] size=100000 bytes=800000
[PHYDLL:CORE]   allocating phy_field[4] size=100000 bytes=800000
[PHYDLL:CORE]   allocating phy_field[4] size=100000 bytes=800000
[PHYDLL:CORE]   allocating phy_field[4] size=100000 bytes=800000
[PHYDLL:CORE]   allocating phy_field[4] size=100000 bytes=800000
[PHYDLL:CORE]   allocating phy_field[4] size=100000 bytes=800000
[PHYDLL:CORE]   allocating phy_field[4] size=100000 bytes=800000
[PHYDLL:CORE]   allocating phy_field[4] size=100000 bytes=800000
[PHYDLL:CORE]   allocating phy_field[4] size=100000 bytes=800000
[PHYDLL:CORE]   allocating phy_field[4] size=100000 bytes=800000
[PHYDLL:CORE]   allocating phy_field[4] size=100000 bytes=800000
[PHYDLL:CORE]   allocating phy_field[4] size=100000 bytes=800000
[PHYDLL:CORE]   allocating phy_field[4] size=100000 bytes=800000
[PHYDLL:CORE]   allocating phy_field[4] size=100000 bytes=800000
[PHYDLL:CORE]   allocating phy_field[4] size=100000 bytes=800000
[PHYDLL:CORE]   allocating phy_field[4] size=100000 bytes=800000
[PHYDLL:CORE]   allocating phy_field[5] size=100000 bytes=800000
[PHYDLL:CORE]   allocating phy_field[5] size=100000 bytes=800000
[PHYDLL:CORE]   allocating phy_field[5] size=100000 bytes=800000
[PHYDLL:CORE]   allocating phy_field[5] size=100000 bytes=800000
[PHYDLL:CORE]   allocating phy_field[5] size=100000 bytes=800000
[PHYDLL:CORE]   allocating phy_field[5] size=100000 bytes=800000
[PHYDLL:CORE]   allocating phy_field[5] size=100000 bytes=800000
[PHYDLL:CORE]   allocating phy_field[5] size=100000 bytes=800000
[PHYDLL:CORE]   allocating phy_field[5] size=100000 bytes=800000
[PHYDLL:CORE]   allocating phy_field[5] size=100000 bytes=800000
[PHYDLL:CORE]   allocating phy_field[5] size=100000 bytes=800000
[PHYDLL:CORE]   allocating phy_field[5] size=100000 bytes=800000
[PHYDLL:CORE]   allocating phy_field[5] size=100000 bytes=800000
[PHYDLL:CORE]   allocating phy_field[5] size=100000 bytes=800000
[PHYDLL:CORE]   allocating phy_field[5] size=100000 bytes=800000
[PHYDLL:CORE]   allocating phy_field[5] size=100000 bytes=800000
[PHYDLL:CORE]   allocating phy_field[5] size=100000 bytes=800000
[PHYDLL:CORE]   allocating phy_field[5] size=100000 bytes=800000
[PHYDLL:CORE]   allocating phy_field[5] size=100000 bytes=800000
[PHYDLL:CORE]   allocating phy_field[5] size=100000 bytes=800000
[PHYDLL:CORE]   allocating phy_field[6] size=100000 bytes=800000
[PHYDLL:CORE]   allocating phy_field[6] size=100000 bytes=800000
[PHYDLL:CORE]   allocating phy_field[6] size=100000 bytes=800000
[PHYDLL:CORE]   allocating phy_field[6] size=100000 bytes=800000
[PHYDLL:CORE]   allocating phy_field[6] size=100000 bytes=800000
[PHYDLL:CORE]   allocating phy_field[6] size=100000 bytes=800000
[PHYDLL:CORE]   allocating phy_field[6] size=100000 bytes=800000
[PHYDLL:CORE]   allocating phy_field[6] size=100000 bytes=800000
[PHYDLL:CORE]   allocating phy_field[6] size=100000 bytes=800000
[PHYDLL:CORE]   allocating phy_field[6] size=100000 bytes=800000
[PHYDLL:CORE]   allocating phy_field[6] size=100000 bytes=800000
[PHYDLL:CORE]   allocating phy_field[6] size=100000 bytes=800000
[PHYDLL:CORE]   allocating phy_field[6] size=100000 bytes=800000
[PHYDLL:CORE]   allocating phy_field[6] size=100000 bytes=800000
[PHYDLL:CORE]   allocating phy_field[6] size=100000 bytes=800000
[PHYDLL:CORE]   allocating phy_field[6] size=100000 bytes=800000
[PHYDLL:CORE]   allocating phy_field[6] size=100000 bytes=800000
[PHYDLL:CORE]   allocating phy_field[6] size=100000 bytes=800000
[PHYDLL:CORE]   allocating phy_field[6] size=100000 bytes=800000
[PHYDLL:CORE]   allocating phy_field[6] size=100000 bytes=800000
[PHYDLL:CORE]   allocating phy_field[7] size=100000 bytes=800000
[PHYDLL:CORE]   allocating phy_field[7] size=100000 bytes=800000
[PHYDLL:CORE]   allocating phy_field[7] size=100000 bytes=800000
[PHYDLL:CORE]   allocating phy_field[7] size=100000 bytes=800000
[PHYDLL:CORE]   allocating phy_field[7] size=100000 bytes=800000
[PHYDLL:CORE]   allocating phy_field[7] size=100000 bytes=800000
[PHYDLL:CORE]   allocating phy_field[7] size=100000 bytes=800000
[PHYDLL:CORE]   allocating phy_field[7] size=100000 bytes=800000
[PHYDLL:CORE]   allocating phy_field[7] size=100000 bytes=800000
[PHYDLL:CORE]   allocating phy_field[7] size=100000 bytes=800000
[PHYDLL:CORE]   allocating phy_field[7] size=100000 bytes=800000
[PHYDLL:CORE]   allocating phy_field[7] size=100000 bytes=800000
[PHYDLL:CORE]   allocating phy_field[7] size=100000 bytes=800000
[PHYDLL:CORE]   allocating phy_field[7] size=100000 bytes=800000
[PHYDLL:CORE]   allocating phy_field[7] size=100000 bytes=800000
[PHYDLL:CORE]   allocating phy_field[7] size=100000 bytes=800000
[PHYDLL:CORE]   allocating phy_field[7] size=100000 bytes=800000
[PHYDLL:CORE]   allocating phy_field[7] size=100000 bytes=800000
[PHYDLL:CORE]   allocating phy_field[7] size=100000 bytes=800000
[PHYDLL:CORE]   allocating phy_field[7] size=100000 bytes=800000
[PHYDLL:CORE]   allocating phy_field[8] size=100000 bytes=800000
[PHYDLL:CORE]   allocating phy_field[8] size=100000 bytes=800000
[PHYDLL:CORE]   allocating phy_field[8] size=100000 bytes=800000
[PHYDLL:CORE]   allocating phy_field[8] size=100000 bytes=800000
[PHYDLL:CORE]   allocating phy_field[8] size=100000 bytes=800000
[PHYDLL:CORE]   allocating phy_field[8] size=100000 bytes=800000
[PHYDLL:CORE]   allocating phy_field[8] size=100000 bytes=800000
[PHYDLL:CORE]   allocating phy_field[8] size=100000 bytes=800000
[PHYDLL:CORE]   allocating phy_field[8] size=100000 bytes=800000
[PHYDLL:CORE]   allocating phy_field[8] size=100000 bytes=800000
[PHYDLL:CORE]   allocating phy_field[8] size=100000 bytes=800000
[PHYDLL:CORE]   allocating phy_field[8] size=100000 bytes=800000
[PHYDLL:CORE]   allocating phy_field[8] size=100000 bytes=800000
[PHYDLL:CORE]   allocating phy_field[8] size=100000 bytes=800000
[PHYDLL:CORE]   allocating phy_field[8] size=100000 bytes=800000
[PHYDLL:CORE]   allocating phy_field[8] size=100000 bytes=800000
[PHYDLL:CORE]   allocating phy_field[8] size=100000 bytes=800000
[PHYDLL:CORE]   allocating phy_field[8] size=100000 bytes=800000
[PHYDLL:CORE]   allocating phy_field[8] size=100000 bytes=800000
[PHYDLL:CORE]   allocating phy_field[8] size=100000 bytes=800000
[PHYDLL:CORE]   allocating phy_field[9] size=100000 bytes=800000
[PHYDLL:CORE]   allocating phy_field[9] size=100000 bytes=800000
[PHYDLL:CORE]   allocating phy_field[9] size=100000 bytes=800000
[PHYDLL:CORE]   allocating phy_field[9] size=100000 bytes=800000
[PHYDLL:CORE]   allocating phy_field[9] size=100000 bytes=800000
[PHYDLL:CORE]   allocating phy_field[9] size=100000 bytes=800000
[PHYDLL:CORE]   allocating phy_field[9] size=100000 bytes=800000
[PHYDLL:CORE]   allocating phy_field[9] size=100000 bytes=800000
[PHYDLL:CORE]   allocating phy_field[9] size=100000 bytes=800000
[PHYDLL:CORE]   allocating phy_field[9] size=100000 bytes=800000
[PHYDLL:CORE]   allocating phy_field[9] size=100000 bytes=800000
[PHYDLL:CORE]   allocating phy_field[9] size=100000 bytes=800000
[PHYDLL:CORE]   allocating phy_field[9] size=100000 bytes=800000
[PHYDLL:CORE]   allocating phy_field[9] size=100000 bytes=800000
[PHYDLL:CORE]   allocating phy_field[9] size=100000 bytes=800000
[PHYDLL:CORE]   allocating phy_field[9] size=100000 bytes=800000
[PHYDLL:CORE]   allocating phy_field[9] size=100000 bytes=800000
[PHYDLL:CORE]   allocating phy_field[9] size=100000 bytes=800000
[PHYDLL:CORE]   allocating phy_field[9] size=100000 bytes=800000
[PHYDLL:CORE]   allocating phy_field[9] size=100000 bytes=800000
[PHYDLL:CORE]   allocating phy_field[10] size=100000 bytes=800000
[PHYDLL:CORE]   allocating phy_field[10] size=100000 bytes=800000
[PHYDLL:CORE]   allocating phy_field[10] size=100000 bytes=800000
[PHYDLL:CORE]   allocating phy_field[10] size=100000 bytes=800000
[PHYDLL:CORE]   allocating phy_field[10] size=100000 bytes=800000
[PHYDLL:CORE]   allocating phy_field[10] size=100000 bytes=800000
[PHYDLL:CORE]   allocating phy_field[10] size=100000 bytes=800000
[PHYDLL:CORE]   allocating phy_field[10] size=100000 bytes=800000
[PHYDLL:CORE]   allocating phy_field[10] size=100000 bytes=800000
[PHYDLL:CORE]   allocating phy_field[10] size=100000 bytes=800000
[PHYDLL:CORE]   allocating phy_field[10] size=100000 bytes=800000
[PHYDLL:CORE]   allocating phy_field[10] size=100000 bytes=800000
[PHYDLL:CORE]   allocating phy_field[10] size=100000 bytes=800000
[PHYDLL:CORE]   allocating phy_field[10] size=100000 bytes=800000
[PHYDLL:CORE]   allocating phy_field[10] size=100000 bytes=800000
[PHYDLL:CORE]   allocating phy_field[10] size=100000 bytes=800000
[PHYDLL:CORE]   allocating phy_field[10] size=100000 bytes=800000
[PHYDLL:CORE]   allocating phy_field[10] size=100000 bytes=800000
[PHYDLL:CORE]   allocating phy_field[10] size=100000 bytes=800000
[PHYDLL:CORE]   allocating phy_field[10] size=100000 bytes=800000
[PHYDLL:CORE]   allocating phy_field[11] size=100000 bytes=800000
[PHYDLL:CORE]   allocating phy_field[11] size=100000 bytes=800000
[PHYDLL:CORE]   allocating phy_field[11] size=100000 bytes=800000
[PHYDLL:CORE]   allocating phy_field[11] size=100000 bytes=800000
[PHYDLL:CORE]   allocating phy_field[11] size=100000 bytes=800000
[PHYDLL:CORE]   allocating phy_field[11] size=100000 bytes=800000
[PHYDLL:CORE]   allocating phy_field[11] size=100000 bytes=800000
[PHYDLL:CORE]   allocating phy_field[11] size=100000 bytes=800000
[PHYDLL:CORE]   allocating phy_field[11] size=100000 bytes=800000
[PHYDLL:CORE]   allocating phy_field[11] size=100000 bytes=800000
[PHYDLL:CORE]   allocating phy_field[11] size=100000 bytes=800000
[PHYDLL:CORE]   allocating phy_field[11] size=100000 bytes=800000
[PHYDLL:CORE]   allocating phy_field[11] size=100000 bytes=800000
[PHYDLL:CORE]   allocating phy_field[11] size=100000 bytes=800000
[PHYDLL:CORE]   allocating phy_field[11] size=100000 bytes=800000
[PHYDLL:CORE]   allocating phy_field[11] size=100000 bytes=800000
[PHYDLL:CORE]   allocating phy_field[11] size=100000 bytes=800000
[PHYDLL:CORE]   allocating phy_field[11] size=100000 bytes=800000
[PHYDLL:CORE]   allocating phy_field[11] size=100000 bytes=800000
[PHYDLL:CORE]   allocating phy_field[1] size=2000000 bytes=16000000
[PHYDLL:CORE]   allocating phy_field[11] size=100000 bytes=800000
[PHYDLL:CORE]   allocating phy_field[12] size=100000 bytes=800000
[PHYDLL:CORE]   allocating phy_field[12] size=100000 bytes=800000
[PHYDLL:CORE]   allocating phy_field[12] size=100000 bytes=800000
[PHYDLL:CORE]   allocating phy_field[12] size=100000 bytes=800000
[PHYDLL:CORE]   allocating phy_field[12] size=100000 bytes=800000
[PHYDLL:CORE]   allocating phy_field[12] size=100000 bytes=800000
[PHYDLL:CORE]   allocating phy_field[12] size=100000 bytes=800000
[PHYDLL:CORE]   allocating phy_field[12] size=100000 bytes=800000
[PHYDLL:CORE]   allocating phy_field[12] size=100000 bytes=800000
[PHYDLL:CORE]   allocating phy_field[12] size=100000 bytes=800000
[PHYDLL:CORE]   allocating phy_field[12] size=100000 bytes=800000
[PHYDLL:CORE]   allocating phy_field[12] size=100000 bytes=800000
[PHYDLL:CORE]   allocating phy_field[12] size=100000 bytes=800000
[PHYDLL:CORE]   allocating phy_field[12] size=100000 bytes=800000
[PHYDLL:CORE]   allocating phy_field[12] size=100000 bytes=800000
[PHYDLL:CORE]   allocating phy_field[12] size=100000 bytes=800000
[PHYDLL:CORE]   allocating phy_field[12] size=100000 bytes=800000
[PHYDLL:CORE]   allocating phy_field[12] size=100000 bytes=800000
[PHYDLL:CORE]   allocating phy_field[12] size=100000 bytes=800000
[PHYDLL:CORE]   allocating phy_field[13] size=100000 bytes=800000
[PHYDLL:CORE]   allocating phy_field[13] size=100000 bytes=800000
[PHYDLL:CORE]   allocating phy_field[12] size=100000 bytes=800000
[PHYDLL:CORE]   allocating phy_field[13] size=100000 bytes=800000
[PHYDLL:CORE]   allocating phy_field[13] size=100000 bytes=800000
[PHYDLL:CORE]   allocating phy_field[13] size=100000 bytes=800000
[PHYDLL:CORE]   allocating phy_field[13] size=100000 bytes=800000
[PHYDLL:CORE]   allocating phy_field[13] size=100000 bytes=800000
[PHYDLL:CORE]   allocating phy_field[13] size=100000 bytes=800000
[PHYDLL:CORE]   allocating phy_field[13] size=100000 bytes=800000
[PHYDLL:CORE]   allocating phy_field[13] size=100000 bytes=800000
[PHYDLL:CORE]   allocating phy_field[13] size=100000 bytes=800000
[PHYDLL:CORE]   allocating phy_field[13] size=100000 bytes=800000
[PHYDLL:CORE]   allocating phy_field[13] size=100000 bytes=800000
[PHYDLL:CORE]   allocating phy_field[13] size=100000 bytes=800000
[PHYDLL:CORE]   allocating phy_field[13] size=100000 bytes=800000
[PHYDLL:CORE]   allocating phy_field[13] size=100000 bytes=800000
[PHYDLL:CORE]   allocating phy_field[13] size=100000 bytes=800000
[PHYDLL:CORE]   allocating phy_field[13] size=100000 bytes=800000
[PHYDLL:CORE]   allocating phy_field[13] size=100000 bytes=800000
[PHYDLL:CORE]   allocating phy_field[14] size=100000 bytes=800000
[PHYDLL:CORE]   allocating phy_field[14] size=100000 bytes=800000
[PHYDLL:CORE]   allocating phy_field[14] size=100000 bytes=800000
[PHYDLL:CORE]   allocating phy_field[14] size=100000 bytes=800000
[PHYDLL:CORE]   allocating phy_field[13] size=100000 bytes=800000
[PHYDLL:CORE]   allocating phy_field[14] size=100000 bytes=800000
[PHYDLL:CORE]   allocating phy_field[14] size=100000 bytes=800000
[PHYDLL:CORE]   allocating phy_field[14] size=100000 bytes=800000
[PHYDLL:CORE]   allocating phy_field[14] size=100000 bytes=800000
[PHYDLL:CORE]   allocating phy_field[14] size=100000 bytes=800000
[PHYDLL:CORE]   allocating phy_field[14] size=100000 bytes=800000
[PHYDLL:CORE]   allocating phy_field[14] size=100000 bytes=800000
[PHYDLL:CORE]   allocating phy_field[14] size=100000 bytes=800000
[PHYDLL:CORE]   allocating phy_field[14] size=100000 bytes=800000
[PHYDLL:CORE]   allocating phy_field[14] size=100000 bytes=800000
[PHYDLL:CORE]   allocating phy_field[14] size=100000 bytes=800000
[PHYDLL:CORE]   allocating phy_field[14] size=100000 bytes=800000
[PHYDLL:CORE]   allocating phy_field[14] size=100000 bytes=800000
[PHYDLL:CORE]   allocating phy_field[14] size=100000 bytes=800000
[PHYDLL:CORE]   allocating phy_field[14] size=100000 bytes=800000
[PHYDLL:CORE]   allocating phy_field[15] size=100000 bytes=800000
[PHYDLL:CORE]   allocating phy_field[15] size=100000 bytes=800000
[PHYDLL:CORE]   allocating phy_field[15] size=100000 bytes=800000
[PHYDLL:CORE]   allocating phy_field[15] size=100000 bytes=800000
[PHYDLL:CORE]   allocating phy_field[15] size=100000 bytes=800000
[PHYDLL:CORE]   allocating phy_field[14] size=100000 bytes=800000
[PHYDLL:CORE]   allocating phy_field[15] size=100000 bytes=800000
[PHYDLL:CORE]   allocating phy_field[15] size=100000 bytes=800000
[PHYDLL:CORE]   allocating phy_field[15] size=100000 bytes=800000
[PHYDLL:CORE]   allocating phy_field[15] size=100000 bytes=800000
[PHYDLL:CORE]   allocating phy_field[15] size=100000 bytes=800000
[PHYDLL:CORE]   allocating phy_field[15] size=100000 bytes=800000
[PHYDLL:CORE]   allocating phy_field[15] size=100000 bytes=800000
[PHYDLL:CORE]   allocating phy_field[15] size=100000 bytes=800000
[PHYDLL:CORE]   allocating phy_field[15] size=100000 bytes=800000
[PHYDLL:CORE]   allocating phy_field[15] size=100000 bytes=800000
[PHYDLL:CORE]   allocating phy_field[15] size=100000 bytes=800000
[PHYDLL:CORE]   allocating phy_field[15] size=100000 bytes=800000
[PHYDLL:CORE]   allocating phy_field[15] size=100000 bytes=800000
[PHYDLL:CORE]   allocating phy_field[15] size=100000 bytes=800000
[PHYDLL:CORE]   allocating phy_field[16] size=100000 bytes=800000
[PHYDLL:CORE]   allocating phy_field[16] size=100000 bytes=800000
[PHYDLL:CORE]   allocating phy_field[16] size=100000 bytes=800000
[PHYDLL:CORE]   allocating phy_field[16] size=100000 bytes=800000
[PHYDLL:CORE]   allocating phy_field[16] size=100000 bytes=800000
[PHYDLL:CORE]   allocating phy_field[15] size=100000 bytes=800000
[PHYDLL:CORE]   allocating phy_field[16] size=100000 bytes=800000
[PHYDLL:CORE]   allocating phy_field[16] size=100000 bytes=800000
[PHYDLL:CORE]   allocating phy_field[16] size=100000 bytes=800000
[PHYDLL:CORE]   allocating phy_field[16] size=100000 bytes=800000
[PHYDLL:CORE]   allocating phy_field[16] size=100000 bytes=800000
[PHYDLL:CORE]   allocating phy_field[16] size=100000 bytes=800000
[PHYDLL:CORE]   allocating phy_field[16] size=100000 bytes=800000
[PHYDLL:CORE]   allocating phy_field[16] size=100000 bytes=800000
[PHYDLL:CORE]   allocating phy_field[16] size=100000 bytes=800000
[PHYDLL:CORE]   allocating phy_field[16] size=100000 bytes=800000
[PHYDLL:CORE]   allocating phy_field[16] size=100000 bytes=800000
[PHYDLL:CORE]   allocating phy_field[16] size=100000 bytes=800000
[PHYDLL:CORE]   allocating phy_field[16] size=100000 bytes=800000
[PHYDLL:CORE]   allocating phy_field[17] size=100000 bytes=800000
[PHYDLL:CORE]   allocating phy_field[17] size=100000 bytes=800000
[PHYDLL:CORE]   allocating phy_field[16] size=100000 bytes=800000
[PHYDLL:CORE]   allocating phy_field[17] size=100000 bytes=800000
[PHYDLL:CORE]   allocating phy_field[17] size=100000 bytes=800000
[PHYDLL:CORE]   allocating phy_field[17] size=100000 bytes=800000
[PHYDLL:CORE]   allocating phy_field[16] size=100000 bytes=800000
[PHYDLL:CORE]   allocating phy_field[17] size=100000 bytes=800000
[PHYDLL:CORE]   allocating phy_field[17] size=100000 bytes=800000
[PHYDLL:CORE]   allocating phy_field[17] size=100000 bytes=800000
[PHYDLL:CORE]   allocating phy_field[17] size=100000 bytes=800000
[PHYDLL:CORE]   allocating phy_field[17] size=100000 bytes=800000
[PHYDLL:CORE]   allocating phy_field[17] size=100000 bytes=800000
[PHYDLL:CORE]   allocating phy_field[17] size=100000 bytes=800000
[PHYDLL:CORE]   allocating phy_field[17] size=100000 bytes=800000
[PHYDLL:CORE]   allocating phy_field[17] size=100000 bytes=800000
[PHYDLL:CORE]   allocating phy_field[17] size=100000 bytes=800000
[PHYDLL:CORE]   allocating phy_field[17] size=100000 bytes=800000
[PHYDLL:CORE]   allocating phy_field[17] size=100000 bytes=800000
[PHYDLL:CORE]   allocating dl_field[0] size=100000 bytes=800000
[PHYDLL:CORE]   allocating dl_field[0] size=100000 bytes=800000
[PHYDLL:CORE]   allocating phy_field[17] size=100000 bytes=800000
[PHYDLL:CORE]   allocating phy_field[17] size=100000 bytes=800000
[PHYDLL:CORE]   allocating dl_field[0] size=100000 bytes=800000
[PHYDLL:CORE]   allocating dl_field[0] size=100000 bytes=800000
[PHYDLL:CORE]   allocating dl_field[0] size=100000 bytes=800000
[PHYDLL:CORE]   allocating phy_field[17] size=100000 bytes=800000
[PHYDLL:CORE]   allocating dl_field[0] size=100000 bytes=800000
[PHYDLL:CORE]   allocating dl_field[0] size=100000 bytes=800000
[PHYDLL:CORE]   allocating dl_field[0] size=100000 bytes=800000
[PHYDLL:CORE]   allocating dl_field[0] size=100000 bytes=800000
[PHYDLL:CORE]   allocating dl_field[0] size=100000 bytes=800000
[PHYDLL:CORE]   allocating dl_field[0] size=100000 bytes=800000
[PHYDLL:CORE]   allocating dl_field[0] size=100000 bytes=800000
[PHYDLL:CORE]   allocating dl_field[0] size=100000 bytes=800000
[PHYDLL:CORE]   allocating dl_field[0] size=100000 bytes=800000
[PHYDLL:CORE]   allocating dl_field[0] size=100000 bytes=800000
[PHYDLL:CORE]   allocating dl_field[0] size=100000 bytes=800000
[PHYDLL:CORE] _kernel_alloc_fields complete gl_rank=5
[PHYDLL:PHY] after phydll_define_phy
[PHYDLL:CORE] _kernel_alloc_fields complete gl_rank=19
[PHYDLL:PHY] after phydll_define_phy
[PHYDLL:CORE]   allocating dl_field[0] size=100000 bytes=800000
[PHYDLL:CORE]   allocating dl_field[0] size=100000 bytes=800000
[PHYDLL:CORE] _kernel_alloc_fields complete gl_rank=15
[PHYDLL:PHY] after phydll_define_phy
[PHYDLL:CORE] _kernel_alloc_fields complete gl_rank=2
[PHYDLL:PHY] after phydll_define_phy
[PHYDLL:CORE]   allocating dl_field[0] size=100000 bytes=800000
[PHYDLL:CORE] _kernel_alloc_fields complete gl_rank=6
[PHYDLL:CORE] _kernel_alloc_fields complete gl_rank=16
[PHYDLL:PHY] after phydll_define_phy
[PHYDLL:CORE] _kernel_alloc_fields complete gl_rank=12
[PHYDLL:PHY] after phydll_define_phy
[PHYDLL:CORE] _kernel_alloc_fields complete gl_rank=13
[PHYDLL:PHY] after phydll_define_phy
[PHYDLL:CORE]   allocating dl_field[0] size=100000 bytes=800000
[PHYDLL:CORE] _kernel_alloc_fields complete gl_rank=7
[PHYDLL:PHY] after phydll_define_phy
[PHYDLL:PHY] after phydll_define_phy
[PHYDLL:CORE] _kernel_alloc_fields complete gl_rank=10
[PHYDLL:CORE] _kernel_alloc_fields complete gl_rank=14
[PHYDLL:PHY] after phydll_define_phy
[PHYDLL:CORE] _kernel_alloc_fields complete gl_rank=17
[PHYDLL:PHY] after phydll_define_phy
[PHYDLL:PHY] after phydll_define_phy
[PHYDLL:CORE] _kernel_alloc_fields complete gl_rank=18
[PHYDLL:PHY] after phydll_define_phy
[PHYDLL:CORE] _kernel_alloc_fields complete gl_rank=8
[PHYDLL:CORE] _kernel_alloc_fields complete gl_rank=1
[PHYDLL:PHY] after phydll_define_phy
[PHYDLL:CORE] _kernel_alloc_fields complete gl_rank=4
[PHYDLL:PHY] after phydll_define_phy
[PHYDLL:PHY] after phydll_define_phy
[PHYDLL:CORE] _kernel_alloc_fields complete gl_rank=9
[PHYDLL:PHY] after phydll_define_phy
[PHYDLL:CORE] _kernel_alloc_fields complete gl_rank=11
[PHYDLL:PHY] after phydll_define_phy
[PHYDLL:CORE] _kernel_alloc_fields complete gl_rank=0
[PHYDLL:PHY] after phydll_define_phy
[PHYDLL:PHY] Rank 0 starting metadata handshake. Synchronizing with DL side...
[PHYDLL:PHY] Handshake synchronization complete.
[PHYDLL:CORE] _kernel_alloc_fields complete gl_rank=3
[PHYDLL:PHY] after phydll_define_phy
[PHYDLL:CORE]   allocating phy_field[2] size=2000000 bytes=16000000
[PHYDLL:CORE]   allocating phy_field[3] size=2000000 bytes=16000000
CMI initialized successfully. Starting benchmark steps...

[PHYDLL:CORE]   allocating phy_field[4] size=2000000 bytes=16000000
[PHYDLL:CORE]   allocating phy_field[5] size=2000000 bytes=16000000
(PhyDLL:PHY) ----> SET... Physical field: (0) 'PHY-IN-000' ...done
(PhyDLL:PHY) ----> SET... Physical field: (1) 'PHY-IN-001' ...done
(PhyDLL:PHY) ----> SET... Physical field: (2) 'PHY-IN-002' ...done
(PhyDLL:PHY) ----> SET... Physical field: (3) 'PHY-IN-003' ...done
(PhyDLL:PHY) ----> SET... Physical field: (4) 'PHY-IN-004' ...done
(PhyDLL:PHY) ----> SET... Physical field: (5) 'PHY-IN-005' ...done
(PhyDLL:PHY) ----> SET... Physical field: (6) 'PHY-IN-006' ...done
(PhyDLL:PHY) ----> SET... Physical field: (7) 'PHY-IN-007' ...done
(PhyDLL:PHY) ----> SET... Physical field: (8) 'PHY-IN-008' ...done
(PhyDLL:PHY) ----> SET... Physical field: (9) 'PHY-IN-009' ...done
(PhyDLL:PHY) ----> SET... Physical field: (10) 'PHY-IN-010' ...done
(PhyDLL:PHY) ----> SET... Physical field: (11) 'PHY-IN-011' ...done
(PhyDLL:PHY) ----> SET... Physical field: (12) 'PHY-IN-012' ...done
(PhyDLL:PHY) ----> SET... Physical field: (13) 'PHY-IN-013' ...done
(PhyDLL:PHY) ----> SET... Physical field: (14) 'PHY-IN-014' ...done
(PhyDLL:PHY) ----> SET... Physical field: (15) 'PHY-IN-015' ...done
(PhyDLL:PHY) ----> SET... Physical field: (16) 'PHY-IN-016' ...done
(PhyDLL:PHY) ----> SET... Physical field: (17) 'PHY-IN-017' ...done
(PhyDLL:PHY) ----> ITE (PHY ITE) = 1 (1)
[PHYDLL:CORE]   allocating phy_field[6] size=2000000 bytes=16000000
[PHYDLL:CORE]   allocating phy_field[7] size=2000000 bytes=16000000
[PHYDLL:CORE]   allocating phy_field[8] size=2000000 bytes=16000000
[PHYDLL:CORE]   allocating phy_field[9] size=2000000 bytes=16000000
[PHYDLL:CORE]   allocating phy_field[10] size=2000000 bytes=16000000
[PHYDLL:CORE]   allocating phy_field[11] size=2000000 bytes=16000000
[PHYDLL:CORE]   allocating phy_field[12] size=2000000 bytes=16000000
[PHYDLL:CORE]   allocating phy_field[13] size=2000000 bytes=16000000
[PHYDLL:CORE]   allocating phy_field[14] size=2000000 bytes=16000000
[PHYDLL:CORE]   allocating phy_field[15] size=2000000 bytes=16000000
[PHYDLL:CORE]   allocating phy_field[16] size=2000000 bytes=16000000
[PHYDLL:CORE]   allocating phy_field[17] size=2000000 bytes=16000000
[PHYDLL:CORE]   allocating dl_field[0] size=2000000 bytes=16000000
[PHYDLL:CORE] _kernel_alloc_fields complete gl_rank=20
[PHYDLL:DL] runtime after phydll_define_dl
[PHYDLL:DL] getting ndest
[PHYDLL:DL] ndest=20, dests=0x3dff3d0
[PHYDLL:DL] receiving metadata from dests[0] = 0
[PHYDLL:DL] MPI_Recv header from source_rank=0
[PHYDLL:DL] MPI_Recv header from source_rank=0 DONE (magic=4d4c434d)
[PHYDLL:DL] Allocating payload size 165
[PHYDLL:DL] MPI_Recv payload from source_rank=0
[PHYDLL:DL] MPI_Recv payload from source_rank=0 DONE
[PHYDLL:DL] receiving metadata from dests[1] = 1
[PHYDLL:DL] MPI_Recv header from source_rank=1
[PHYDLL:DL] MPI_Recv header from source_rank=1 DONE (magic=4d4c434d)
[PHYDLL:DL] Allocating payload size 165
[PHYDLL:DL] MPI_Recv payload from source_rank=1
[PHYDLL:DL] MPI_Recv payload from source_rank=1 DONE
[PHYDLL:DL] receiving metadata from dests[2] = 2
[PHYDLL:DL] MPI_Recv header from source_rank=2
[PHYDLL:DL] MPI_Recv header from source_rank=2 DONE (magic=4d4c434d)
[PHYDLL:DL] Allocating payload size 165
[PHYDLL:DL] MPI_Recv payload from source_rank=2
[PHYDLL:DL] MPI_Recv payload from source_rank=2 DONE
[PHYDLL:DL] receiving metadata from dests[3] = 3
[PHYDLL:DL] MPI_Recv header from source_rank=3
[PHYDLL:DL] MPI_Recv header from source_rank=3 DONE (magic=4d4c434d)
[PHYDLL:DL] Allocating payload size 165
[PHYDLL:DL] MPI_Recv payload from source_rank=3
[PHYDLL:DL] MPI_Recv payload from source_rank=3 DONE
[PHYDLL:DL] receiving metadata from dests[4] = 4
[PHYDLL:DL] MPI_Recv header from source_rank=4
[PHYDLL:DL] MPI_Recv header from source_rank=4 DONE (magic=4d4c434d)
[PHYDLL:DL] Allocating payload size 165
[PHYDLL:DL] MPI_Recv payload from source_rank=4
[PHYDLL:DL] MPI_Recv payload from source_rank=4 DONE
[PHYDLL:DL] receiving metadata from dests[5] = 5
[PHYDLL:DL] MPI_Recv header from source_rank=5
[PHYDLL:DL] MPI_Recv header from source_rank=5 DONE (magic=4d4c434d)
[PHYDLL:DL] Allocating payload size 165
[PHYDLL:DL] MPI_Recv payload from source_rank=5
[PHYDLL:DL] MPI_Recv payload from source_rank=5 DONE
[PHYDLL:DL] receiving metadata from dests[6] = 6
[PHYDLL:DL] MPI_Recv header from source_rank=6
[PHYDLL:DL] MPI_Recv header from source_rank=6 DONE (magic=4d4c434d)
[PHYDLL:DL] Allocating payload size 165
[PHYDLL:DL] MPI_Recv payload from source_rank=6
[PHYDLL:DL] MPI_Recv payload from source_rank=6 DONE
[PHYDLL:DL] receiving metadata from dests[7] = 7
[PHYDLL:DL] MPI_Recv header from source_rank=7
[PHYDLL:DL] MPI_Recv header from source_rank=7 DONE (magic=4d4c434d)
[PHYDLL:DL] Allocating payload size 165
[PHYDLL:DL] MPI_Recv payload from source_rank=7
[PHYDLL:DL] MPI_Recv payload from source_rank=7 DONE
[PHYDLL:DL] receiving metadata from dests[8] = 8
[PHYDLL:DL] MPI_Recv header from source_rank=8
[PHYDLL:DL] MPI_Recv header from source_rank=8 DONE (magic=4d4c434d)
[PHYDLL:DL] Allocating payload size 165
[PHYDLL:DL] MPI_Recv payload from source_rank=8
[PHYDLL:DL] MPI_Recv payload from source_rank=8 DONE
[PHYDLL:DL] receiving metadata from dests[9] = 9
[PHYDLL:DL] MPI_Recv header from source_rank=9
[PHYDLL:DL] MPI_Recv header from source_rank=9 DONE (magic=4d4c434d)
[PHYDLL:DL] Allocating payload size 165
[PHYDLL:DL] MPI_Recv payload from source_rank=9
[PHYDLL:DL] MPI_Recv payload from source_rank=9 DONE
[PHYDLL:DL] receiving metadata from dests[10] = 10
[PHYDLL:DL] MPI_Recv header from source_rank=10
[PHYDLL:DL] MPI_Recv header from source_rank=10 DONE (magic=4d4c434d)
[PHYDLL:DL] Allocating payload size 165
[PHYDLL:DL] MPI_Recv payload from source_rank=10
[PHYDLL:DL] MPI_Recv payload from source_rank=10 DONE
[PHYDLL:DL] receiving metadata from dests[11] = 11
[PHYDLL:DL] MPI_Recv header from source_rank=11
[PHYDLL:DL] MPI_Recv header from source_rank=11 DONE (magic=4d4c434d)
[PHYDLL:DL] Allocating payload size 165
[PHYDLL:DL] MPI_Recv payload from source_rank=11
[PHYDLL:DL] MPI_Recv payload from source_rank=11 DONE
[PHYDLL:DL] receiving metadata from dests[12] = 12
[PHYDLL:DL] MPI_Recv header from source_rank=12
[PHYDLL:DL] MPI_Recv header from source_rank=12 DONE (magic=4d4c434d)
[PHYDLL:DL] Allocating payload size 165
[PHYDLL:DL] MPI_Recv payload from source_rank=12
[PHYDLL:DL] MPI_Recv payload from source_rank=12 DONE
[PHYDLL:DL] receiving metadata from dests[13] = 13
[PHYDLL:DL] MPI_Recv header from source_rank=13
[PHYDLL:DL] MPI_Recv header from source_rank=13 DONE (magic=4d4c434d)
[PHYDLL:DL] Allocating payload size 165
[PHYDLL:DL] MPI_Recv payload from source_rank=13
[PHYDLL:DL] MPI_Recv payload from source_rank=13 DONE
[PHYDLL:DL] receiving metadata from dests[14] = 14
[PHYDLL:DL] MPI_Recv header from source_rank=14
[PHYDLL:DL] MPI_Recv header from source_rank=14 DONE (magic=4d4c434d)
[PHYDLL:DL] Allocating payload size 165
[PHYDLL:DL] MPI_Recv payload from source_rank=14
[PHYDLL:DL] MPI_Recv payload from source_rank=14 DONE
[PHYDLL:DL] receiving metadata from dests[15] = 15
[PHYDLL:DL] MPI_Recv header from source_rank=15
[PHYDLL:DL] MPI_Recv header from source_rank=15 DONE (magic=4d4c434d)
[PHYDLL:DL] Allocating payload size 165
[PHYDLL:DL] MPI_Recv payload from source_rank=15
[PHYDLL:DL] MPI_Recv payload from source_rank=15 DONE
[PHYDLL:DL] receiving metadata from dests[16] = 16
[PHYDLL:DL] MPI_Recv header from source_rank=16
[PHYDLL:DL] MPI_Recv header from source_rank=16 DONE (magic=4d4c434d)
[PHYDLL:DL] Allocating payload size 165
[PHYDLL:DL] MPI_Recv payload from source_rank=16
[PHYDLL:DL] MPI_Recv payload from source_rank=16 DONE
[PHYDLL:DL] receiving metadata from dests[17] = 17
[PHYDLL:DL] MPI_Recv header from source_rank=17
[PHYDLL:DL] MPI_Recv header from source_rank=17 DONE (magic=4d4c434d)
[PHYDLL:DL] Allocating payload size 165
[PHYDLL:DL] MPI_Recv payload from source_rank=17
[PHYDLL:DL] MPI_Recv payload from source_rank=17 DONE
[PHYDLL:DL] receiving metadata from dests[18] = 18
[PHYDLL:DL] MPI_Recv header from source_rank=18
[PHYDLL:DL] MPI_Recv header from source_rank=18 DONE (magic=4d4c434d)
[PHYDLL:DL] Allocating payload size 165
[PHYDLL:DL] MPI_Recv payload from source_rank=18
[PHYDLL:DL] MPI_Recv payload from source_rank=18 DONE
[PHYDLL:DL] receiving metadata from dests[19] = 19
[PHYDLL:DL] MPI_Recv header from source_rank=19
[PHYDLL:DL] MPI_Recv header from source_rank=19 DONE (magic=4d4c434d)
[PHYDLL:DL] Allocating payload size 165
[PHYDLL:DL] MPI_Recv payload from source_rank=19
[PHYDLL:DL] MPI_Recv payload from source_rank=19 DONE
[PHYDLL:DL] Finished receiving metadata from all 20 sources
(PhyDLL:DL) ----> ITE (PHY ITE) = 1 (1)
[PHYDLL:DL] Waiting for frame 0
(PhyDLL:DL) ----> RECV...<<<... Physical fields ...done
(PhyDLL:PHY) ----> SEND...>>>... Physical fields ...done
(PhyDLL:DL) ----> GET... Physical field: (0) 'PHY-IN-000' ...done
(PhyDLL:DL) ----> GET... Physical field: (1) 'PHY-IN-001' ...done
(PhyDLL:DL) ----> GET... Physical field: (2) 'PHY-IN-002' ...done
(PhyDLL:DL) ----> GET... Physical field: (3) 'PHY-IN-003' ...done
(PhyDLL:DL) ----> GET... Physical field: (4) 'PHY-IN-004' ...done
(PhyDLL:DL) ----> GET... Physical field: (5) 'PHY-IN-005' ...done
(PhyDLL:DL) ----> GET... Physical field: (6) 'PHY-IN-006' ...done
(PhyDLL:DL) ----> GET... Physical field: (7) 'PHY-IN-007' ...done
(PhyDLL:DL) ----> GET... Physical field: (8) 'PHY-IN-008' ...done
(PhyDLL:DL) ----> GET... Physical field: (9) 'PHY-IN-009' ...done
(PhyDLL:DL) ----> GET... Physical field: (10) 'PHY-IN-010' ...done
(PhyDLL:DL) ----> GET... Physical field: (11) 'PHY-IN-011' ...done
(PhyDLL:DL) ----> GET... Physical field: (12) 'PHY-IN-012' ...done
(PhyDLL:DL) ----> GET... Physical field: (13) 'PHY-IN-013' ...done
(PhyDLL:DL) ----> GET... Physical field: (14) 'PHY-IN-014' ...done
(PhyDLL:DL) ----> GET... Physical field: (15) 'PHY-IN-015' ...done
(PhyDLL:DL) ----> GET... Physical field: (16) 'PHY-IN-016' ...done
(PhyDLL:DL) ----> GET... Physical field: (17) 'PHY-IN-017' ...done
[PHYDLL:DL] Received frame 0 (has_meta=0, data_size=36000000)
[PHYDLL:DL] Using local DL rank 0 mapped to GPU device index: 0
[PHYDLL:DL] model loaded
[PHYDLL:DL] meta init model_path='/rwthfs/rz/cluster/hpcwork/ro092286/smartsim/batch_memory_benchmark/../mini_app/train_models/model_a/watercnn_cuda.pt' total_input=36000000 total_output=2000000
[PHYDLL:DL] Frame 0 extracting data: total_input_size=36000000, batch=2000000, field/rank=100000, used/rank=18
[PHYDLL:DL] Frame 0 running inference
(PhyDLL:DL) ----> SET... DL field: (0) 'DL-OUT' ...done
(PhyDLL:DL) ----> SEND...>>>... DL fields ...done
[PHYDLL:DL] sent output for frame 0
(PhyDLL:PHY) ----> RECV...<<<... DL fields ...done
(PhyDLL:PHY) ----> GET... DL field: (0) 'DL-OUT' ...done
STEP_TIMING step=1 latency_ms=19110.28 min_ms=19109.51 avg_ms=19109.68 total_samples=2000000 throughput_samples_sec=104656
(PhyDLL:PHY) ----> SET... Physical field: (0) 'PHY-IN-000' ...done
(PhyDLL:PHY) ----> SET... Physical field: (1) 'PHY-IN-001' ...done
(PhyDLL:PHY) ----> SET... Physical field: (2) 'PHY-IN-002' ...done
(PhyDLL:PHY) ----> SET... Physical field: (3) 'PHY-IN-003' ...done
(PhyDLL:PHY) ----> SET... Physical field: (4) 'PHY-IN-004' ...done
(PhyDLL:PHY) ----> SET... Physical field: (5) 'PHY-IN-005' ...done
(PhyDLL:PHY) ----> SET... Physical field: (6) 'PHY-IN-006' ...done
(PhyDLL:PHY) ----> SET... Physical field: (7) 'PHY-IN-007' ...done
(PhyDLL:PHY) ----> SET... Physical field: (8) 'PHY-IN-008' ...done
(PhyDLL:PHY) ----> SET... Physical field: (9) 'PHY-IN-009' ...done
(PhyDLL:PHY) ----> SET... Physical field: (10) 'PHY-IN-010' ...done
(PhyDLL:PHY) ----> SET... Physical field: (11) 'PHY-IN-011' ...done
(PhyDLL:PHY) ----> SET... Physical field: (12) 'PHY-IN-012' ...done
(PhyDLL:PHY) ----> SET... Physical field: (13) 'PHY-IN-013' ...done
(PhyDLL:PHY) ----> SET... Physical field: (14) 'PHY-IN-014' ...done
(PhyDLL:PHY) ----> SET... Physical field: (15) 'PHY-IN-015' ...done
(PhyDLL:PHY) ----> SET... Physical field: (16) 'PHY-IN-016' ...done
(PhyDLL:PHY) ----> SET... Physical field: (17) 'PHY-IN-017' ...done
(PhyDLL:PHY) ----> ITE (PHY ITE) = 2 (2)
(PhyDLL:DL) ----> ITE (PHY ITE) = 2 (2)
[PHYDLL:DL] Waiting for frame 1
(PhyDLL:PHY) ----> SEND...>>>... Physical fields ...done
(PhyDLL:DL) ----> RECV...<<<... Physical fields ...done
(PhyDLL:DL) ----> GET... Physical field: (0) 'PHY-IN-000' ...done
(PhyDLL:DL) ----> GET... Physical field: (1) 'PHY-IN-001' ...done
(PhyDLL:DL) ----> GET... Physical field: (2) 'PHY-IN-002' ...done
(PhyDLL:DL) ----> GET... Physical field: (3) 'PHY-IN-003' ...done
(PhyDLL:DL) ----> GET... Physical field: (4) 'PHY-IN-004' ...done
(PhyDLL:DL) ----> GET... Physical field: (5) 'PHY-IN-005' ...done
(PhyDLL:DL) ----> GET... Physical field: (6) 'PHY-IN-006' ...done
(PhyDLL:DL) ----> GET... Physical field: (7) 'PHY-IN-007' ...done
(PhyDLL:DL) ----> GET... Physical field: (8) 'PHY-IN-008' ...done
(PhyDLL:DL) ----> GET... Physical field: (9) 'PHY-IN-009' ...done
(PhyDLL:DL) ----> GET... Physical field: (10) 'PHY-IN-010' ...done
(PhyDLL:DL) ----> GET... Physical field: (11) 'PHY-IN-011' ...done
(PhyDLL:DL) ----> GET... Physical field: (12) 'PHY-IN-012' ...done
(PhyDLL:DL) ----> GET... Physical field: (13) 'PHY-IN-013' ...done
(PhyDLL:DL) ----> GET... Physical field: (14) 'PHY-IN-014' ...done
(PhyDLL:DL) ----> GET... Physical field: (15) 'PHY-IN-015' ...done
(PhyDLL:DL) ----> GET... Physical field: (16) 'PHY-IN-016' ...done
(PhyDLL:DL) ----> GET... Physical field: (17) 'PHY-IN-017' ...done
[PHYDLL:DL] Received frame 1 (has_meta=0, data_size=36000000)
[PHYDLL:DL] Frame 1 extracting data: total_input_size=36000000, batch=2000000, field/rank=100000, used/rank=18
[PHYDLL:DL] Frame 1 running inference
(PhyDLL:DL) ----> SET... DL field: (0) 'DL-OUT' ...done
[PHYDLL:DL] sent output for frame 1
(PhyDLL:DL) ----> SEND...>>>... DL fields ...done
(PhyDLL:PHY) ----> RECV...<<<... DL fields ...done
(PhyDLL:PHY) ----> GET... DL field: (0) 'DL-OUT' ...done
STEP_TIMING step=2 latency_ms=543.55 min_ms=543.14 avg_ms=543.20 total_samples=2000000 throughput_samples_sec=3679482
(PhyDLL:PHY) ----> SET... Physical field: (0) 'PHY-IN-000' ...done
(PhyDLL:PHY) ----> SET... Physical field: (1) 'PHY-IN-001' ...done
(PhyDLL:PHY) ----> SET... Physical field: (2) 'PHY-IN-002' ...done
(PhyDLL:PHY) ----> SET... Physical field: (3) 'PHY-IN-003' ...done
(PhyDLL:PHY) ----> SET... Physical field: (4) 'PHY-IN-004' ...done
(PhyDLL:PHY) ----> SET... Physical field: (5) 'PHY-IN-005' ...done
(PhyDLL:PHY) ----> SET... Physical field: (6) 'PHY-IN-006' ...done
(PhyDLL:PHY) ----> SET... Physical field: (7) 'PHY-IN-007' ...done
(PhyDLL:PHY) ----> SET... Physical field: (8) 'PHY-IN-008' ...done
(PhyDLL:PHY) ----> SET... Physical field: (9) 'PHY-IN-009' ...done
(PhyDLL:PHY) ----> SET... Physical field: (10) 'PHY-IN-010' ...done
(PhyDLL:PHY) ----> SET... Physical field: (11) 'PHY-IN-011' ...done
(PhyDLL:PHY) ----> SET... Physical field: (12) 'PHY-IN-012' ...done
(PhyDLL:PHY) ----> SET... Physical field: (13) 'PHY-IN-013' ...done
(PhyDLL:PHY) ----> SET... Physical field: (14) 'PHY-IN-014' ...done
(PhyDLL:PHY) ----> SET... Physical field: (15) 'PHY-IN-015' ...done
(PhyDLL:PHY) ----> SET... Physical field: (16) 'PHY-IN-016' ...done
(PhyDLL:PHY) ----> SET... Physical field: (17) 'PHY-IN-017' ...done
(PhyDLL:DL) ----> ITE (PHY ITE) = 3 (3)
[PHYDLL:DL] Waiting for frame 2
(PhyDLL:PHY) ----> ITE (PHY ITE) = 3 (3)
(PhyDLL:PHY) ----> SEND...>>>... Physical fields ...done
(PhyDLL:DL) ----> RECV...<<<... Physical fields ...done
(PhyDLL:DL) ----> GET... Physical field: (0) 'PHY-IN-000' ...done
(PhyDLL:DL) ----> GET... Physical field: (1) 'PHY-IN-001' ...done
(PhyDLL:DL) ----> GET... Physical field: (2) 'PHY-IN-002' ...done
(PhyDLL:DL) ----> GET... Physical field: (3) 'PHY-IN-003' ...done
(PhyDLL:DL) ----> GET... Physical field: (4) 'PHY-IN-004' ...done
(PhyDLL:DL) ----> GET... Physical field: (5) 'PHY-IN-005' ...done
(PhyDLL:DL) ----> GET... Physical field: (6) 'PHY-IN-006' ...done
(PhyDLL:DL) ----> GET... Physical field: (7) 'PHY-IN-007' ...done
(PhyDLL:DL) ----> GET... Physical field: (8) 'PHY-IN-008' ...done
(PhyDLL:DL) ----> GET... Physical field: (9) 'PHY-IN-009' ...done
(PhyDLL:DL) ----> GET... Physical field: (10) 'PHY-IN-010' ...done
(PhyDLL:DL) ----> GET... Physical field: (11) 'PHY-IN-011' ...done
(PhyDLL:DL) ----> GET... Physical field: (12) 'PHY-IN-012' ...done
(PhyDLL:DL) ----> GET... Physical field: (13) 'PHY-IN-013' ...done
(PhyDLL:DL) ----> GET... Physical field: (14) 'PHY-IN-014' ...done
(PhyDLL:DL) ----> GET... Physical field: (15) 'PHY-IN-015' ...done
(PhyDLL:DL) ----> GET... Physical field: (16) 'PHY-IN-016' ...done
(PhyDLL:DL) ----> GET... Physical field: (17) 'PHY-IN-017' ...done
[PHYDLL:DL] Received frame 2 (has_meta=0, data_size=36000000)
[PHYDLL:DL] Frame 2 extracting data: total_input_size=36000000, batch=2000000, field/rank=100000, used/rank=18
[PHYDLL:DL] Frame 2 running inference
(PhyDLL:DL) ----> SET... DL field: (0) 'DL-OUT' ...done
[PHYDLL:DL] sent output for frame 2
(PhyDLL:DL) ----> SEND...>>>... DL fields ...done
(PhyDLL:PHY) ----> RECV...<<<... DL fields ...done
(PhyDLL:PHY) ----> GET... DL field: (0) 'DL-OUT' ...done
STEP_TIMING step=3 latency_ms=515.64 min_ms=515.20 avg_ms=515.34 total_samples=2000000 throughput_samples_sec=3878690
(PhyDLL:PHY) ----> SET... Physical field: (0) 'PHY-IN-000' ...done
(PhyDLL:PHY) ----> SET... Physical field: (1) 'PHY-IN-001' ...done
(PhyDLL:PHY) ----> SET... Physical field: (2) 'PHY-IN-002' ...done
(PhyDLL:PHY) ----> SET... Physical field: (3) 'PHY-IN-003' ...done
(PhyDLL:PHY) ----> SET... Physical field: (4) 'PHY-IN-004' ...done
(PhyDLL:PHY) ----> SET... Physical field: (5) 'PHY-IN-005' ...done
(PhyDLL:PHY) ----> SET... Physical field: (6) 'PHY-IN-006' ...done
(PhyDLL:PHY) ----> SET... Physical field: (7) 'PHY-IN-007' ...done
(PhyDLL:PHY) ----> SET... Physical field: (8) 'PHY-IN-008' ...done
(PhyDLL:PHY) ----> SET... Physical field: (9) 'PHY-IN-009' ...done
(PhyDLL:PHY) ----> SET... Physical field: (10) 'PHY-IN-010' ...done
(PhyDLL:PHY) ----> SET... Physical field: (11) 'PHY-IN-011' ...done
(PhyDLL:PHY) ----> SET... Physical field: (12) 'PHY-IN-012' ...done
(PhyDLL:PHY) ----> SET... Physical field: (13) 'PHY-IN-013' ...done
(PhyDLL:PHY) ----> SET... Physical field: (14) 'PHY-IN-014' ...done
(PhyDLL:PHY) ----> SET... Physical field: (15) 'PHY-IN-015' ...done
(PhyDLL:PHY) ----> SET... Physical field: (16) 'PHY-IN-016' ...done
(PhyDLL:PHY) ----> SET... Physical field: (17) 'PHY-IN-017' ...done
[PHYDLL:DL] Waiting for frame 3
(PhyDLL:DL) ----> ITE (PHY ITE) = 4 (4)
(PhyDLL:PHY) ----> ITE (PHY ITE) = 4 (4)
(PhyDLL:PHY) ----> SEND...>>>... Physical fields ...done
(PhyDLL:DL) ----> RECV...<<<... Physical fields ...done
(PhyDLL:DL) ----> GET... Physical field: (0) 'PHY-IN-000' ...done
(PhyDLL:DL) ----> GET... Physical field: (1) 'PHY-IN-001' ...done
(PhyDLL:DL) ----> GET... Physical field: (2) 'PHY-IN-002' ...done
(PhyDLL:DL) ----> GET... Physical field: (3) 'PHY-IN-003' ...done
(PhyDLL:DL) ----> GET... Physical field: (4) 'PHY-IN-004' ...done
(PhyDLL:DL) ----> GET... Physical field: (5) 'PHY-IN-005' ...done
(PhyDLL:DL) ----> GET... Physical field: (6) 'PHY-IN-006' ...done
(PhyDLL:DL) ----> GET... Physical field: (7) 'PHY-IN-007' ...done
(PhyDLL:DL) ----> GET... Physical field: (8) 'PHY-IN-008' ...done
(PhyDLL:DL) ----> GET... Physical field: (9) 'PHY-IN-009' ...done
(PhyDLL:DL) ----> GET... Physical field: (10) 'PHY-IN-010' ...done
(PhyDLL:DL) ----> GET... Physical field: (11) 'PHY-IN-011' ...done
(PhyDLL:DL) ----> GET... Physical field: (12) 'PHY-IN-012' ...done
(PhyDLL:DL) ----> GET... Physical field: (13) 'PHY-IN-013' ...done
(PhyDLL:DL) ----> GET... Physical field: (14) 'PHY-IN-014' ...done
(PhyDLL:DL) ----> GET... Physical field: (15) 'PHY-IN-015' ...done
(PhyDLL:DL) ----> GET... Physical field: (16) 'PHY-IN-016' ...done
(PhyDLL:DL) ----> GET... Physical field: (17) 'PHY-IN-017' ...done
[PHYDLL:DL] Received frame 3 (has_meta=0, data_size=36000000)
[PHYDLL:DL] Frame 3 extracting data: total_input_size=36000000, batch=2000000, field/rank=100000, used/rank=18
[PHYDLL:DL] Frame 3 running inference
(PhyDLL:DL) ----> SET... DL field: (0) 'DL-OUT' ...done
[PHYDLL:DL] sent output for frame 3
(PhyDLL:DL) ----> SEND...>>>... DL fields ...done
(PhyDLL:PHY) ----> RECV...<<<... DL fields ...done
(PhyDLL:PHY) ----> GET... DL field: (0) 'DL-OUT' ...done
STEP_TIMING step=4 latency_ms=517.48 min_ms=517.06 avg_ms=517.14 total_samples=2000000 throughput_samples_sec=3864884
(PhyDLL:PHY) ----> SET... Physical field: (0) 'PHY-IN-000' ...done
(PhyDLL:PHY) ----> SET... Physical field: (1) 'PHY-IN-001' ...done
(PhyDLL:PHY) ----> SET... Physical field: (2) 'PHY-IN-002' ...done
(PhyDLL:PHY) ----> SET... Physical field: (3) 'PHY-IN-003' ...done
(PhyDLL:PHY) ----> SET... Physical field: (4) 'PHY-IN-004' ...done
(PhyDLL:PHY) ----> SET... Physical field: (5) 'PHY-IN-005' ...done
(PhyDLL:PHY) ----> SET... Physical field: (6) 'PHY-IN-006' ...done
(PhyDLL:PHY) ----> SET... Physical field: (7) 'PHY-IN-007' ...done
(PhyDLL:PHY) ----> SET... Physical field: (8) 'PHY-IN-008' ...done
(PhyDLL:PHY) ----> SET... Physical field: (9) 'PHY-IN-009' ...done
(PhyDLL:PHY) ----> SET... Physical field: (10) 'PHY-IN-010' ...done
(PhyDLL:PHY) ----> SET... Physical field: (11) 'PHY-IN-011' ...done
(PhyDLL:PHY) ----> SET... Physical field: (12) 'PHY-IN-012' ...done
(PhyDLL:PHY) ----> SET... Physical field: (13) 'PHY-IN-013' ...done
(PhyDLL:PHY) ----> SET... Physical field: (14) 'PHY-IN-014' ...done
(PhyDLL:PHY) ----> SET... Physical field: (15) 'PHY-IN-015' ...done
(PhyDLL:PHY) ----> SET... Physical field: (16) 'PHY-IN-016' ...done
(PhyDLL:PHY) ----> SET... Physical field: (17) 'PHY-IN-017' ...done
(PhyDLL:PHY) ----> ITE (PHY ITE) = 5 (5)
(PhyDLL:DL) ----> ITE (PHY ITE) = 5 (5)
[PHYDLL:DL] Waiting for frame 4
(PhyDLL:PHY) ----> SEND...>>>... Physical fields ...done
(PhyDLL:DL) ----> RECV...<<<... Physical fields ...done
(PhyDLL:DL) ----> GET... Physical field: (0) 'PHY-IN-000' ...done
(PhyDLL:DL) ----> GET... Physical field: (1) 'PHY-IN-001' ...done
(PhyDLL:DL) ----> GET... Physical field: (2) 'PHY-IN-002' ...done
(PhyDLL:DL) ----> GET... Physical field: (3) 'PHY-IN-003' ...done
(PhyDLL:DL) ----> GET... Physical field: (4) 'PHY-IN-004' ...done
(PhyDLL:DL) ----> GET... Physical field: (5) 'PHY-IN-005' ...done
(PhyDLL:DL) ----> GET... Physical field: (6) 'PHY-IN-006' ...done
(PhyDLL:DL) ----> GET... Physical field: (7) 'PHY-IN-007' ...done
(PhyDLL:DL) ----> GET... Physical field: (8) 'PHY-IN-008' ...done
(PhyDLL:DL) ----> GET... Physical field: (9) 'PHY-IN-009' ...done
(PhyDLL:DL) ----> GET... Physical field: (10) 'PHY-IN-010' ...done
(PhyDLL:DL) ----> GET... Physical field: (11) 'PHY-IN-011' ...done
(PhyDLL:DL) ----> GET... Physical field: (12) 'PHY-IN-012' ...done
(PhyDLL:DL) ----> GET... Physical field: (13) 'PHY-IN-013' ...done
(PhyDLL:DL) ----> GET... Physical field: (14) 'PHY-IN-014' ...done
(PhyDLL:DL) ----> GET... Physical field: (15) 'PHY-IN-015' ...done
(PhyDLL:DL) ----> GET... Physical field: (16) 'PHY-IN-016' ...done
(PhyDLL:DL) ----> GET... Physical field: (17) 'PHY-IN-017' ...done
[PHYDLL:DL] Received frame 4 (has_meta=0, data_size=36000000)
[PHYDLL:DL] Frame 4 extracting data: total_input_size=36000000, batch=2000000, field/rank=100000, used/rank=18
[PHYDLL:DL] Frame 4 running inference
(PhyDLL:DL) ----> SET... DL field: (0) 'DL-OUT' ...done
[PHYDLL:DL] sent output for frame 4
(PhyDLL:DL) ----> SEND...>>>... DL fields ...done
(PhyDLL:PHY) ----> RECV...<<<... DL fields ...done
(PhyDLL:PHY) ----> GET... DL field: (0) 'DL-OUT' ...done
STEP_TIMING step=5 latency_ms=514.17 min_ms=513.83 avg_ms=513.89 total_samples=2000000 throughput_samples_sec=3889746
(PhyDLL:PHY) ----> SET... Physical field: (0) 'PHY-IN-000' ...done
(PhyDLL:PHY) ----> SET... Physical field: (1) 'PHY-IN-001' ...done
(PhyDLL:PHY) ----> SET... Physical field: (2) 'PHY-IN-002' ...done
(PhyDLL:PHY) ----> SET... Physical field: (3) 'PHY-IN-003' ...done
(PhyDLL:PHY) ----> SET... Physical field: (4) 'PHY-IN-004' ...done
(PhyDLL:PHY) ----> SET... Physical field: (5) 'PHY-IN-005' ...done
(PhyDLL:PHY) ----> SET... Physical field: (6) 'PHY-IN-006' ...done
(PhyDLL:PHY) ----> SET... Physical field: (7) 'PHY-IN-007' ...done
(PhyDLL:PHY) ----> SET... Physical field: (8) 'PHY-IN-008' ...done
(PhyDLL:PHY) ----> SET... Physical field: (9) 'PHY-IN-009' ...done
(PhyDLL:PHY) ----> SET... Physical field: (10) 'PHY-IN-010' ...done
(PhyDLL:PHY) ----> SET... Physical field: (11) 'PHY-IN-011' ...done
(PhyDLL:PHY) ----> SET... Physical field: (12) 'PHY-IN-012' ...done
(PhyDLL:PHY) ----> SET... Physical field: (13) 'PHY-IN-013' ...done
(PhyDLL:PHY) ----> SET... Physical field: (14) 'PHY-IN-014' ...done
(PhyDLL:PHY) ----> SET... Physical field: (15) 'PHY-IN-015' ...done
(PhyDLL:PHY) ----> SET... Physical field: (16) 'PHY-IN-016' ...done
(PhyDLL:PHY) ----> SET... Physical field: (17) 'PHY-IN-017' ...done
(PhyDLL:PHY) ----> ITE (PHY ITE) = 6 (6)
[PHYDLL:DL] Waiting for frame 5
(PhyDLL:DL) ----> ITE (PHY ITE) = 6 (6)
(PhyDLL:PHY) ----> SEND...>>>... Physical fields ...done
(PhyDLL:DL) ----> RECV...<<<... Physical fields ...done
(PhyDLL:DL) ----> GET... Physical field: (0) 'PHY-IN-000' ...done
(PhyDLL:DL) ----> GET... Physical field: (1) 'PHY-IN-001' ...done
(PhyDLL:DL) ----> GET... Physical field: (2) 'PHY-IN-002' ...done
(PhyDLL:DL) ----> GET... Physical field: (3) 'PHY-IN-003' ...done
(PhyDLL:DL) ----> GET... Physical field: (4) 'PHY-IN-004' ...done
(PhyDLL:DL) ----> GET... Physical field: (5) 'PHY-IN-005' ...done
(PhyDLL:DL) ----> GET... Physical field: (6) 'PHY-IN-006' ...done
(PhyDLL:DL) ----> GET... Physical field: (7) 'PHY-IN-007' ...done
(PhyDLL:DL) ----> GET... Physical field: (8) 'PHY-IN-008' ...done
(PhyDLL:DL) ----> GET... Physical field: (9) 'PHY-IN-009' ...done
(PhyDLL:DL) ----> GET... Physical field: (10) 'PHY-IN-010' ...done
(PhyDLL:DL) ----> GET... Physical field: (11) 'PHY-IN-011' ...done
(PhyDLL:DL) ----> GET... Physical field: (12) 'PHY-IN-012' ...done
(PhyDLL:DL) ----> GET... Physical field: (13) 'PHY-IN-013' ...done
(PhyDLL:DL) ----> GET... Physical field: (14) 'PHY-IN-014' ...done
(PhyDLL:DL) ----> GET... Physical field: (15) 'PHY-IN-015' ...done
(PhyDLL:DL) ----> GET... Physical field: (16) 'PHY-IN-016' ...done
(PhyDLL:DL) ----> GET... Physical field: (17) 'PHY-IN-017' ...done
[PHYDLL:DL] Received frame 5 (has_meta=0, data_size=36000000)
[PHYDLL:DL] Frame 5 extracting data: total_input_size=36000000, batch=2000000, field/rank=100000, used/rank=18
[PHYDLL:DL] Frame 5 running inference
(PhyDLL:DL) ----> SET... DL field: (0) 'DL-OUT' ...done
[PHYDLL:DL] sent output for frame 5
(PhyDLL:DL) ----> SEND...>>>... DL fields ...done
(PhyDLL:PHY) ----> RECV...<<<... DL fields ...done
(PhyDLL:PHY) ----> GET... DL field: (0) 'DL-OUT' ...done
STEP_TIMING step=6 latency_ms=518.87 min_ms=518.44 avg_ms=518.52 total_samples=2000000 throughput_samples_sec=3854532
(PhyDLL:PHY) ----> SET... Physical field: (0) 'PHY-IN-000' ...done
(PhyDLL:PHY) ----> SET... Physical field: (1) 'PHY-IN-001' ...done
(PhyDLL:PHY) ----> SET... Physical field: (2) 'PHY-IN-002' ...done
(PhyDLL:PHY) ----> SET... Physical field: (3) 'PHY-IN-003' ...done
(PhyDLL:PHY) ----> SET... Physical field: (4) 'PHY-IN-004' ...done
(PhyDLL:PHY) ----> SET... Physical field: (5) 'PHY-IN-005' ...done
(PhyDLL:PHY) ----> SET... Physical field: (6) 'PHY-IN-006' ...done
(PhyDLL:PHY) ----> SET... Physical field: (7) 'PHY-IN-007' ...done
(PhyDLL:PHY) ----> SET... Physical field: (8) 'PHY-IN-008' ...done
(PhyDLL:PHY) ----> SET... Physical field: (9) 'PHY-IN-009' ...done
(PhyDLL:PHY) ----> SET... Physical field: (10) 'PHY-IN-010' ...done
(PhyDLL:PHY) ----> SET... Physical field: (11) 'PHY-IN-011' ...done
(PhyDLL:PHY) ----> SET... Physical field: (12) 'PHY-IN-012' ...done
(PhyDLL:PHY) ----> SET... Physical field: (13) 'PHY-IN-013' ...done
(PhyDLL:PHY) ----> SET... Physical field: (14) 'PHY-IN-014' ...done
(PhyDLL:PHY) ----> SET... Physical field: (15) 'PHY-IN-015' ...done
(PhyDLL:PHY) ----> SET... Physical field: (16) 'PHY-IN-016' ...done
(PhyDLL:PHY) ----> SET... Physical field: (17) 'PHY-IN-017' ...done
(PhyDLL:DL) ----> ITE (PHY ITE) = 7 (7)
(PhyDLL:PHY) ----> ITE (PHY ITE) = 7 (7)
[PHYDLL:DL] Waiting for frame 6
(PhyDLL:PHY) ----> SEND...>>>... Physical fields ...done
(PhyDLL:DL) ----> RECV...<<<... Physical fields ...done
(PhyDLL:DL) ----> GET... Physical field: (0) 'PHY-IN-000' ...done
(PhyDLL:DL) ----> GET... Physical field: (1) 'PHY-IN-001' ...done
(PhyDLL:DL) ----> GET... Physical field: (2) 'PHY-IN-002' ...done
(PhyDLL:DL) ----> GET... Physical field: (3) 'PHY-IN-003' ...done
(PhyDLL:DL) ----> GET... Physical field: (4) 'PHY-IN-004' ...done
(PhyDLL:DL) ----> GET... Physical field: (5) 'PHY-IN-005' ...done
(PhyDLL:DL) ----> GET... Physical field: (6) 'PHY-IN-006' ...done
(PhyDLL:DL) ----> GET... Physical field: (7) 'PHY-IN-007' ...done
(PhyDLL:DL) ----> GET... Physical field: (8) 'PHY-IN-008' ...done
(PhyDLL:DL) ----> GET... Physical field: (9) 'PHY-IN-009' ...done
(PhyDLL:DL) ----> GET... Physical field: (10) 'PHY-IN-010' ...done
(PhyDLL:DL) ----> GET... Physical field: (11) 'PHY-IN-011' ...done
(PhyDLL:DL) ----> GET... Physical field: (12) 'PHY-IN-012' ...done
(PhyDLL:DL) ----> GET... Physical field: (13) 'PHY-IN-013' ...done
(PhyDLL:DL) ----> GET... Physical field: (14) 'PHY-IN-014' ...done
(PhyDLL:DL) ----> GET... Physical field: (15) 'PHY-IN-015' ...done
(PhyDLL:DL) ----> GET... Physical field: (16) 'PHY-IN-016' ...done
(PhyDLL:DL) ----> GET... Physical field: (17) 'PHY-IN-017' ...done
[PHYDLL:DL] Received frame 6 (has_meta=0, data_size=36000000)
[PHYDLL:DL] Frame 6 extracting data: total_input_size=36000000, batch=2000000, field/rank=100000, used/rank=18
[PHYDLL:DL] Frame 6 running inference
(PhyDLL:DL) ----> SET... DL field: (0) 'DL-OUT' ...done
(PhyDLL:PHY) ----> RECV...<<<... DL fields ...done
(PhyDLL:DL) ----> SEND...>>>... DL fields ...done
[PHYDLL:DL] sent output for frame 6
(PhyDLL:PHY) ----> GET... DL field: (0) 'DL-OUT' ...done
STEP_TIMING step=7 latency_ms=519.13 min_ms=518.72 avg_ms=518.78 total_samples=2000000 throughput_samples_sec=3852592
(PhyDLL:PHY) ----> SET... Physical field: (0) 'PHY-IN-000' ...done
(PhyDLL:PHY) ----> SET... Physical field: (1) 'PHY-IN-001' ...done
(PhyDLL:PHY) ----> SET... Physical field: (2) 'PHY-IN-002' ...done
(PhyDLL:PHY) ----> SET... Physical field: (3) 'PHY-IN-003' ...done
(PhyDLL:PHY) ----> SET... Physical field: (4) 'PHY-IN-004' ...done
(PhyDLL:PHY) ----> SET... Physical field: (5) 'PHY-IN-005' ...done
(PhyDLL:PHY) ----> SET... Physical field: (6) 'PHY-IN-006' ...done
(PhyDLL:PHY) ----> SET... Physical field: (7) 'PHY-IN-007' ...done
(PhyDLL:PHY) ----> SET... Physical field: (8) 'PHY-IN-008' ...done
(PhyDLL:PHY) ----> SET... Physical field: (9) 'PHY-IN-009' ...done
(PhyDLL:PHY) ----> SET... Physical field: (10) 'PHY-IN-010' ...done
(PhyDLL:PHY) ----> SET... Physical field: (11) 'PHY-IN-011' ...done
(PhyDLL:PHY) ----> SET... Physical field: (12) 'PHY-IN-012' ...done
(PhyDLL:PHY) ----> SET... Physical field: (13) 'PHY-IN-013' ...done
(PhyDLL:PHY) ----> SET... Physical field: (14) 'PHY-IN-014' ...done
(PhyDLL:PHY) ----> SET... Physical field: (15) 'PHY-IN-015' ...done
(PhyDLL:PHY) ----> SET... Physical field: (16) 'PHY-IN-016' ...done
(PhyDLL:PHY) ----> SET... Physical field: (17) 'PHY-IN-017' ...done
(PhyDLL:DL) ----> ITE (PHY ITE) = 8 (8)
(PhyDLL:PHY) ----> ITE (PHY ITE) = 8 (8)
[PHYDLL:DL] Waiting for frame 7
(PhyDLL:DL) ----> RECV...<<<... Physical fields ...done
(PhyDLL:PHY) ----> SEND...>>>... Physical fields ...done
(PhyDLL:DL) ----> GET... Physical field: (0) 'PHY-IN-000' ...done
(PhyDLL:DL) ----> GET... Physical field: (1) 'PHY-IN-001' ...done
(PhyDLL:DL) ----> GET... Physical field: (2) 'PHY-IN-002' ...done
(PhyDLL:DL) ----> GET... Physical field: (3) 'PHY-IN-003' ...done
(PhyDLL:DL) ----> GET... Physical field: (4) 'PHY-IN-004' ...done
(PhyDLL:DL) ----> GET... Physical field: (5) 'PHY-IN-005' ...done
(PhyDLL:DL) ----> GET... Physical field: (6) 'PHY-IN-006' ...done
(PhyDLL:DL) ----> GET... Physical field: (7) 'PHY-IN-007' ...done
(PhyDLL:DL) ----> GET... Physical field: (8) 'PHY-IN-008' ...done
(PhyDLL:DL) ----> GET... Physical field: (9) 'PHY-IN-009' ...done
(PhyDLL:DL) ----> GET... Physical field: (10) 'PHY-IN-010' ...done
(PhyDLL:DL) ----> GET... Physical field: (11) 'PHY-IN-011' ...done
(PhyDLL:DL) ----> GET... Physical field: (12) 'PHY-IN-012' ...done
(PhyDLL:DL) ----> GET... Physical field: (13) 'PHY-IN-013' ...done
(PhyDLL:DL) ----> GET... Physical field: (14) 'PHY-IN-014' ...done
(PhyDLL:DL) ----> GET... Physical field: (15) 'PHY-IN-015' ...done
(PhyDLL:DL) ----> GET... Physical field: (16) 'PHY-IN-016' ...done
(PhyDLL:DL) ----> GET... Physical field: (17) 'PHY-IN-017' ...done
[PHYDLL:DL] Received frame 7 (has_meta=0, data_size=36000000)
[PHYDLL:DL] Frame 7 extracting data: total_input_size=36000000, batch=2000000, field/rank=100000, used/rank=18
[PHYDLL:DL] Frame 7 running inference
(PhyDLL:DL) ----> SET... DL field: (0) 'DL-OUT' ...done
[PHYDLL:DL] sent output for frame 7
(PhyDLL:DL) ----> SEND...>>>... DL fields ...done
(PhyDLL:PHY) ----> RECV...<<<... DL fields ...done
(PhyDLL:PHY) ----> GET... DL field: (0) 'DL-OUT' ...done
STEP_TIMING step=8 latency_ms=521.57 min_ms=521.16 avg_ms=521.32 total_samples=2000000 throughput_samples_sec=3834589
(PhyDLL:PHY) ----> SET... Physical field: (0) 'PHY-IN-000' ...done
(PhyDLL:PHY) ----> SET... Physical field: (1) 'PHY-IN-001' ...done
(PhyDLL:PHY) ----> SET... Physical field: (2) 'PHY-IN-002' ...done
(PhyDLL:PHY) ----> SET... Physical field: (3) 'PHY-IN-003' ...done
(PhyDLL:PHY) ----> SET... Physical field: (4) 'PHY-IN-004' ...done
(PhyDLL:PHY) ----> SET... Physical field: (5) 'PHY-IN-005' ...done
(PhyDLL:PHY) ----> SET... Physical field: (6) 'PHY-IN-006' ...done
(PhyDLL:PHY) ----> SET... Physical field: (7) 'PHY-IN-007' ...done
(PhyDLL:PHY) ----> SET... Physical field: (8) 'PHY-IN-008' ...done
(PhyDLL:PHY) ----> SET... Physical field: (9) 'PHY-IN-009' ...done
(PhyDLL:PHY) ----> SET... Physical field: (10) 'PHY-IN-010' ...done
(PhyDLL:PHY) ----> SET... Physical field: (11) 'PHY-IN-011' ...done
(PhyDLL:PHY) ----> SET... Physical field: (12) 'PHY-IN-012' ...done
(PhyDLL:PHY) ----> SET... Physical field: (13) 'PHY-IN-013' ...done
(PhyDLL:PHY) ----> SET... Physical field: (14) 'PHY-IN-014' ...done
(PhyDLL:PHY) ----> SET... Physical field: (15) 'PHY-IN-015' ...done
(PhyDLL:PHY) ----> SET... Physical field: (16) 'PHY-IN-016' ...done
(PhyDLL:PHY) ----> SET... Physical field: (17) 'PHY-IN-017' ...done
(PhyDLL:DL) ----> ITE (PHY ITE) = 9 (9)
(PhyDLL:PHY) ----> ITE (PHY ITE) = 9 (9)
[PHYDLL:DL] Waiting for frame 8
(PhyDLL:PHY) ----> SEND...>>>... Physical fields ...done
(PhyDLL:DL) ----> RECV...<<<... Physical fields ...done
(PhyDLL:DL) ----> GET... Physical field: (0) 'PHY-IN-000' ...done
(PhyDLL:DL) ----> GET... Physical field: (1) 'PHY-IN-001' ...done
(PhyDLL:DL) ----> GET... Physical field: (2) 'PHY-IN-002' ...done
(PhyDLL:DL) ----> GET... Physical field: (3) 'PHY-IN-003' ...done
(PhyDLL:DL) ----> GET... Physical field: (4) 'PHY-IN-004' ...done
(PhyDLL:DL) ----> GET... Physical field: (5) 'PHY-IN-005' ...done
(PhyDLL:DL) ----> GET... Physical field: (6) 'PHY-IN-006' ...done
(PhyDLL:DL) ----> GET... Physical field: (7) 'PHY-IN-007' ...done
(PhyDLL:DL) ----> GET... Physical field: (8) 'PHY-IN-008' ...done
(PhyDLL:DL) ----> GET... Physical field: (9) 'PHY-IN-009' ...done
(PhyDLL:DL) ----> GET... Physical field: (10) 'PHY-IN-010' ...done
(PhyDLL:DL) ----> GET... Physical field: (11) 'PHY-IN-011' ...done
(PhyDLL:DL) ----> GET... Physical field: (12) 'PHY-IN-012' ...done
(PhyDLL:DL) ----> GET... Physical field: (13) 'PHY-IN-013' ...done
(PhyDLL:DL) ----> GET... Physical field: (14) 'PHY-IN-014' ...done
(PhyDLL:DL) ----> GET... Physical field: (15) 'PHY-IN-015' ...done
(PhyDLL:DL) ----> GET... Physical field: (16) 'PHY-IN-016' ...done
(PhyDLL:DL) ----> GET... Physical field: (17) 'PHY-IN-017' ...done
[PHYDLL:DL] Received frame 8 (has_meta=0, data_size=36000000)
[PHYDLL:DL] Frame 8 extracting data: total_input_size=36000000, batch=2000000, field/rank=100000, used/rank=18
[PHYDLL:DL] Frame 8 running inference
(PhyDLL:DL) ----> SET... DL field: (0) 'DL-OUT' ...done
(PhyDLL:PHY) ----> RECV...<<<... DL fields ...done
(PhyDLL:DL) ----> SEND...>>>... DL fields ...done
[PHYDLL:DL] sent output for frame 8
(PhyDLL:PHY) ----> GET... DL field: (0) 'DL-OUT' ...done
STEP_TIMING step=9 latency_ms=512.31 min_ms=512.21 avg_ms=512.25 total_samples=2000000 throughput_samples_sec=3903881
(PhyDLL:PHY) ----> SET... Physical field: (0) 'PHY-IN-000' ...done
(PhyDLL:PHY) ----> SET... Physical field: (1) 'PHY-IN-001' ...done
(PhyDLL:PHY) ----> SET... Physical field: (2) 'PHY-IN-002' ...done
(PhyDLL:PHY) ----> SET... Physical field: (3) 'PHY-IN-003' ...done
(PhyDLL:PHY) ----> SET... Physical field: (4) 'PHY-IN-004' ...done
(PhyDLL:PHY) ----> SET... Physical field: (5) 'PHY-IN-005' ...done
(PhyDLL:PHY) ----> SET... Physical field: (6) 'PHY-IN-006' ...done
(PhyDLL:PHY) ----> SET... Physical field: (7) 'PHY-IN-007' ...done
(PhyDLL:PHY) ----> SET... Physical field: (8) 'PHY-IN-008' ...done
(PhyDLL:PHY) ----> SET... Physical field: (9) 'PHY-IN-009' ...done
(PhyDLL:PHY) ----> SET... Physical field: (10) 'PHY-IN-010' ...done
(PhyDLL:PHY) ----> SET... Physical field: (11) 'PHY-IN-011' ...done
(PhyDLL:PHY) ----> SET... Physical field: (12) 'PHY-IN-012' ...done
(PhyDLL:PHY) ----> SET... Physical field: (13) 'PHY-IN-013' ...done
(PhyDLL:PHY) ----> SET... Physical field: (14) 'PHY-IN-014' ...done
(PhyDLL:PHY) ----> SET... Physical field: (15) 'PHY-IN-015' ...done
(PhyDLL:PHY) ----> SET... Physical field: (16) 'PHY-IN-016' ...done
(PhyDLL:PHY) ----> SET... Physical field: (17) 'PHY-IN-017' ...done
(PhyDLL:PHY) ----> ITE (PHY ITE) = 10 (10)
(PhyDLL:DL) ----> ITE (PHY ITE) = 10 (10)
[PHYDLL:DL] Waiting for frame 9
(PhyDLL:PHY) ----> SEND...>>>... Physical fields ...done
(PhyDLL:DL) ----> RECV...<<<... Physical fields ...done
(PhyDLL:DL) ----> GET... Physical field: (0) 'PHY-IN-000' ...done
(PhyDLL:DL) ----> GET... Physical field: (1) 'PHY-IN-001' ...done
(PhyDLL:DL) ----> GET... Physical field: (2) 'PHY-IN-002' ...done
(PhyDLL:DL) ----> GET... Physical field: (3) 'PHY-IN-003' ...done
(PhyDLL:DL) ----> GET... Physical field: (4) 'PHY-IN-004' ...done
(PhyDLL:DL) ----> GET... Physical field: (5) 'PHY-IN-005' ...done
(PhyDLL:DL) ----> GET... Physical field: (6) 'PHY-IN-006' ...done
(PhyDLL:DL) ----> GET... Physical field: (7) 'PHY-IN-007' ...done
(PhyDLL:DL) ----> GET... Physical field: (8) 'PHY-IN-008' ...done
(PhyDLL:DL) ----> GET... Physical field: (9) 'PHY-IN-009' ...done
(PhyDLL:DL) ----> GET... Physical field: (10) 'PHY-IN-010' ...done
(PhyDLL:DL) ----> GET... Physical field: (11) 'PHY-IN-011' ...done
(PhyDLL:DL) ----> GET... Physical field: (12) 'PHY-IN-012' ...done
(PhyDLL:DL) ----> GET... Physical field: (13) 'PHY-IN-013' ...done
(PhyDLL:DL) ----> GET... Physical field: (14) 'PHY-IN-014' ...done
(PhyDLL:DL) ----> GET... Physical field: (15) 'PHY-IN-015' ...done
(PhyDLL:DL) ----> GET... Physical field: (16) 'PHY-IN-016' ...done
(PhyDLL:DL) ----> GET... Physical field: (17) 'PHY-IN-017' ...done
[PHYDLL:DL] Received frame 9 (has_meta=0, data_size=36000000)
[PHYDLL:DL] Frame 9 extracting data: total_input_size=36000000, batch=2000000, field/rank=100000, used/rank=18
[PHYDLL:DL] Frame 9 running inference
(PhyDLL:DL) ----> SET... DL field: (0) 'DL-OUT' ...done
[PHYDLL:DL] sent output for frame 9
(PhyDLL:PHY) ----> RECV...<<<... DL fields ...done
(PhyDLL:DL) ----> SEND...>>>... DL fields ...done
(PhyDLL:PHY) ----> GET... DL field: (0) 'DL-OUT' ...done
STEP_TIMING step=10 latency_ms=518.25 min_ms=518.14 avg_ms=518.19 total_samples=2000000 throughput_samples_sec=3859143
(PhyDLL:PHY) ----> SET... Physical field: (0) 'PHY-IN-000' ...done
(PhyDLL:PHY) ----> SET... Physical field: (1) 'PHY-IN-001' ...done
(PhyDLL:PHY) ----> SET... Physical field: (2) 'PHY-IN-002' ...done
(PhyDLL:PHY) ----> SET... Physical field: (3) 'PHY-IN-003' ...done
(PhyDLL:PHY) ----> SET... Physical field: (4) 'PHY-IN-004' ...done
(PhyDLL:PHY) ----> SET... Physical field: (5) 'PHY-IN-005' ...done
(PhyDLL:PHY) ----> SET... Physical field: (6) 'PHY-IN-006' ...done
(PhyDLL:PHY) ----> SET... Physical field: (7) 'PHY-IN-007' ...done
(PhyDLL:PHY) ----> SET... Physical field: (8) 'PHY-IN-008' ...done
(PhyDLL:PHY) ----> SET... Physical field: (9) 'PHY-IN-009' ...done
(PhyDLL:PHY) ----> SET... Physical field: (10) 'PHY-IN-010' ...done
(PhyDLL:PHY) ----> SET... Physical field: (11) 'PHY-IN-011' ...done
(PhyDLL:PHY) ----> SET... Physical field: (12) 'PHY-IN-012' ...done
(PhyDLL:PHY) ----> SET... Physical field: (13) 'PHY-IN-013' ...done
(PhyDLL:PHY) ----> SET... Physical field: (14) 'PHY-IN-014' ...done
(PhyDLL:PHY) ----> SET... Physical field: (15) 'PHY-IN-015' ...done
(PhyDLL:PHY) ----> SET... Physical field: (16) 'PHY-IN-016' ...done
(PhyDLL:PHY) ----> SET... Physical field: (17) 'PHY-IN-017' ...done
[PHYDLL:DL] Waiting for frame 10
(PhyDLL:PHY) ----> ITE (PHY ITE) = 11 (11)
(PhyDLL:DL) ----> ITE (PHY ITE) = 11 (11)
(PhyDLL:PHY) ----> SEND...>>>... Physical fields ...done
(PhyDLL:DL) ----> RECV...<<<... Physical fields ...done
(PhyDLL:DL) ----> GET... Physical field: (0) 'PHY-IN-000' ...done
(PhyDLL:DL) ----> GET... Physical field: (1) 'PHY-IN-001' ...done
(PhyDLL:DL) ----> GET... Physical field: (2) 'PHY-IN-002' ...done
(PhyDLL:DL) ----> GET... Physical field: (3) 'PHY-IN-003' ...done
(PhyDLL:DL) ----> GET... Physical field: (4) 'PHY-IN-004' ...done
(PhyDLL:DL) ----> GET... Physical field: (5) 'PHY-IN-005' ...done
(PhyDLL:DL) ----> GET... Physical field: (6) 'PHY-IN-006' ...done
(PhyDLL:DL) ----> GET... Physical field: (7) 'PHY-IN-007' ...done
(PhyDLL:DL) ----> GET... Physical field: (8) 'PHY-IN-008' ...done
(PhyDLL:DL) ----> GET... Physical field: (9) 'PHY-IN-009' ...done
(PhyDLL:DL) ----> GET... Physical field: (10) 'PHY-IN-010' ...done
(PhyDLL:DL) ----> GET... Physical field: (11) 'PHY-IN-011' ...done
(PhyDLL:DL) ----> GET... Physical field: (12) 'PHY-IN-012' ...done
(PhyDLL:DL) ----> GET... Physical field: (13) 'PHY-IN-013' ...done
(PhyDLL:DL) ----> GET... Physical field: (14) 'PHY-IN-014' ...done
(PhyDLL:DL) ----> GET... Physical field: (15) 'PHY-IN-015' ...done
(PhyDLL:DL) ----> GET... Physical field: (16) 'PHY-IN-016' ...done
(PhyDLL:DL) ----> GET... Physical field: (17) 'PHY-IN-017' ...done
[PHYDLL:DL] Received frame 10 (has_meta=0, data_size=36000000)
[PHYDLL:DL] Frame 10 extracting data: total_input_size=36000000, batch=2000000, field/rank=100000, used/rank=18
[PHYDLL:DL] Frame 10 running inference
(PhyDLL:DL) ----> SET... DL field: (0) 'DL-OUT' ...done
(PhyDLL:PHY) ----> RECV...<<<... DL fields ...done
(PhyDLL:DL) ----> SEND...>>>... DL fields ...done
[PHYDLL:DL] sent output for frame 10
(PhyDLL:PHY) ----> GET... DL field: (0) 'DL-OUT' ...done
STEP_TIMING step=11 latency_ms=516.60 min_ms=516.50 avg_ms=516.54 total_samples=2000000 throughput_samples_sec=3871471
(PhyDLL:PHY) ----> SET... Physical field: (0) 'PHY-IN-000' ...done
(PhyDLL:PHY) ----> SET... Physical field: (1) 'PHY-IN-001' ...done
(PhyDLL:PHY) ----> SET... Physical field: (2) 'PHY-IN-002' ...done
(PhyDLL:PHY) ----> SET... Physical field: (3) 'PHY-IN-003' ...done
(PhyDLL:PHY) ----> SET... Physical field: (4) 'PHY-IN-004' ...done
(PhyDLL:PHY) ----> SET... Physical field: (5) 'PHY-IN-005' ...done
(PhyDLL:PHY) ----> SET... Physical field: (6) 'PHY-IN-006' ...done
(PhyDLL:PHY) ----> SET... Physical field: (7) 'PHY-IN-007' ...done
(PhyDLL:PHY) ----> SET... Physical field: (8) 'PHY-IN-008' ...done
(PhyDLL:PHY) ----> SET... Physical field: (9) 'PHY-IN-009' ...done
(PhyDLL:PHY) ----> SET... Physical field: (10) 'PHY-IN-010' ...done
(PhyDLL:PHY) ----> SET... Physical field: (11) 'PHY-IN-011' ...done
(PhyDLL:PHY) ----> SET... Physical field: (12) 'PHY-IN-012' ...done
(PhyDLL:PHY) ----> SET... Physical field: (13) 'PHY-IN-013' ...done
(PhyDLL:PHY) ----> SET... Physical field: (14) 'PHY-IN-014' ...done
(PhyDLL:PHY) ----> SET... Physical field: (15) 'PHY-IN-015' ...done
(PhyDLL:PHY) ----> SET... Physical field: (16) 'PHY-IN-016' ...done
(PhyDLL:PHY) ----> SET... Physical field: (17) 'PHY-IN-017' ...done
(PhyDLL:PHY) ----> ITE (PHY ITE) = 12 (12)
[PHYDLL:DL] Waiting for frame 11
(PhyDLL:DL) ----> ITE (PHY ITE) = 12 (12)
(PhyDLL:PHY) ----> SEND...>>>... Physical fields ...done
(PhyDLL:DL) ----> RECV...<<<... Physical fields ...done
(PhyDLL:DL) ----> GET... Physical field: (0) 'PHY-IN-000' ...done
(PhyDLL:DL) ----> GET... Physical field: (1) 'PHY-IN-001' ...done
(PhyDLL:DL) ----> GET... Physical field: (2) 'PHY-IN-002' ...done
(PhyDLL:DL) ----> GET... Physical field: (3) 'PHY-IN-003' ...done
(PhyDLL:DL) ----> GET... Physical field: (4) 'PHY-IN-004' ...done
(PhyDLL:DL) ----> GET... Physical field: (5) 'PHY-IN-005' ...done
(PhyDLL:DL) ----> GET... Physical field: (6) 'PHY-IN-006' ...done
(PhyDLL:DL) ----> GET... Physical field: (7) 'PHY-IN-007' ...done
(PhyDLL:DL) ----> GET... Physical field: (8) 'PHY-IN-008' ...done
(PhyDLL:DL) ----> GET... Physical field: (9) 'PHY-IN-009' ...done
(PhyDLL:DL) ----> GET... Physical field: (10) 'PHY-IN-010' ...done
(PhyDLL:DL) ----> GET... Physical field: (11) 'PHY-IN-011' ...done
(PhyDLL:DL) ----> GET... Physical field: (12) 'PHY-IN-012' ...done
(PhyDLL:DL) ----> GET... Physical field: (13) 'PHY-IN-013' ...done
(PhyDLL:DL) ----> GET... Physical field: (14) 'PHY-IN-014' ...done
(PhyDLL:DL) ----> GET... Physical field: (15) 'PHY-IN-015' ...done
(PhyDLL:DL) ----> GET... Physical field: (16) 'PHY-IN-016' ...done
(PhyDLL:DL) ----> GET... Physical field: (17) 'PHY-IN-017' ...done
[PHYDLL:DL] Received frame 11 (has_meta=0, data_size=36000000)
[PHYDLL:DL] Frame 11 extracting data: total_input_size=36000000, batch=2000000, field/rank=100000, used/rank=18
[PHYDLL:DL] Frame 11 running inference
(PhyDLL:DL) ----> SET... DL field: (0) 'DL-OUT' ...done
[PHYDLL:DL] sent output for frame 11
(PhyDLL:DL) ----> SEND...>>>... DL fields ...done
(PhyDLL:PHY) ----> RECV...<<<... DL fields ...done
(PhyDLL:PHY) ----> GET... DL field: (0) 'DL-OUT' ...done
STEP_TIMING step=12 latency_ms=514.20 min_ms=513.77 avg_ms=513.86 total_samples=2000000 throughput_samples_sec=3889564

=================================================================
=== Benchmark Summary (Steady-State Steps 3 to 12) ===
=================================================================
Steady Step Count:   10
Median Latency:      517.48 ms
Mean Latency:        516.82 ms
Min Latency:         512.31 ms
Max Latency:         521.57 ms
Median Throughput:   3864884 samples/sec
=================================================================
[PHYDLL:DL] exited main loop after 12 frames
(PhyDLL:PHY) ----> Finalize... ...done
(PhyDLL:DL) ----> Finalize... ...done
[PHYDLL:DL] waiting for solver teardown
[2026-08-18T19:17:09.590] error: *** JOB 3053313 ON r23g0004 CANCELLED AT 2026-08-18T19:17:09 DUE to SIGNAL Terminated ***
