Loading required modules...
=================================================================
=== Batch & Memory Calibration Sweep on 1 GPU (3053715) ===
=================================================================
Loading required modules...
=== Building Batch Memory Benchmark ===
-- Found MPI: TRUE (found version "3.1") found components: CXX
WITH_SMARTSIM: ON
WITH_AIX: ON
AIX_USE_PREBUILT: ON
WITH_PHYDLL: ON
WITH_TORCH: ON
WITH_TENSORFLOW: OFF
WITH_ONNX: OFF
Using SmartRedis directory: /rwthfs/rz/cluster/hpcwork/ro092286/smartsim/CPP-ML-Interface/extern/SmartRedis
Using AIXelerator directory: /rwthfs/rz/cluster/hpcwork/ro092286/smartsim/CPP-ML-Interface/extern/AIxeleratorService
-- Found MPI: TRUE (found version "3.1")
-- MPI found: /cvmfs/software.hpc.rwth.de/Linux/RH9/x86_64/intel/sapphirerapids/software/OpenMPI/4.1.4-GCC-11.3.0/bin/mpicxx
-- AIXelerator support enabled.
-- AIxelerator backend flags: WITH_TORCH=ON, WITH_TENSORFLOW=OFF, WITH_ONNX=OFF
-- Caffe2: CUDA detected: 12.4
-- Caffe2: CUDA nvcc is: /cvmfs/software.hpc.rwth.de/Linux/RH9/x86_64/intel/sapphirerapids/software/CUDA/12.4.0/bin/nvcc
-- Caffe2: CUDA toolkit directory: /cvmfs/software.hpc.rwth.de/Linux/RH9/x86_64/intel/sapphirerapids/software/CUDA/12.4.0
-- Caffe2: Header version is: 12.4
-- /cvmfs/software.hpc.rwth.de/Linux/RH9/x86_64/intel/sapphirerapids/software/CUDA/12.4.0/lib/libnvrtc.so shorthash is 53a95926
-- USE_CUDNN is set to 0. Compiling without cuDNN support
-- USE_CUSPARSELT is set to 0. Compiling without cuSPARSELt support
-- Autodetected CUDA architecture(s):  9.0
-- Added CUDA NVCC flags for: -gencode;arch=compute_90,code=sm_90
-- Torch found; building DL client with libtorch.
CMake Warning at /rwthfs/rz/cluster/hpcwork/ro092286/smartsim/CPP-ML-Interface/CMakeLists.txt:361 (message):
  No Python executable found; skipping test_provider_inference.  Set
  -DTEST_PYTHON_EXECUTABLE=/path/to/python3 to enable it.


-- Configuring done (3.3s)
-- Generating done (0.6s)
-- Build files have been written to: /rwthfs/rz/cluster/hpcwork/ro092286/smartsim/batch_memory_benchmark/build
[ 20%] Built target benchmark_registry
[ 60%] Built target cpp_ml_interface_library
[100%] Built target fake_solver
=== Build Complete: /rwthfs/rz/cluster/hpcwork/ro092286/smartsim/batch_memory_benchmark/build/fake_solver ===

>>> Running Provider: smartsim | Batch Size: 100000 <<<
=================================================================
=== Running Case: smartsim | Batch: 100000 | ID: 3053715_smartsim_b100000 ===
=================================================================
Starting SmartSim Redis DB on port 6529...
=================================================================
=== CMI Batch & Memory Calibration Benchmark Harness          ===
=================================================================
Provider:           smartsim
Config:             /rwthfs/rz/cluster/hpcwork/ro092286/smartsim/batch_memory_benchmark/configs/smartsim.toml
Model Path:         /rwthfs/rz/cluster/hpcwork/ro092286/smartsim/batch_memory_benchmark/../mini_app/train_models/model_a/watercnn_cuda.pt
Solver Ranks:       20 (World size: 20)
Samples per Rank:   100000
Total Work/Step:    2000000 samples
Target Batch Size:  100000
SmartSim Min Batch: 100000 (timeout=1000 ms)
Total Steps:        12 (Warmup: 2)
=================================================================

SmartRedis Library@19-34-03:WARNING: Environment variable SR_LOG_FILE is not set. Defaulting to stdout
SmartRedis Library@19-34-03:WARNING: Environment variable SR_LOG_LEVEL is not set. Defaulting to INFO
SmartRedis Library@19-34-03:WARNING: Environment variable SR_LOG_FILE is not set. Defaulting to stdout
SmartRedis Library@19-34-03:WARNING: Environment variable SR_LOG_LEVEL is not set. Defaulting to INFO
SmartRedis Library@19-34-03:WARNING: Environment variable SR_LOG_FILE is not set. Defaulting to stdout
SmartRedis Library@19-34-03:WARNING: Environment variable SR_LOG_LEVEL is not set. Defaulting to INFO
SmartRedis Library@19-34-03:WARNING: Environment variable SR_LOG_FILE is not set. Defaulting to stdout
SmartRedis Library@19-34-03:WARNING: Environment variable SR_LOG_LEVEL is not set. Defaulting to INFO
SmartRedis Library@19-34-03:WARNING: Environment variable SR_LOG_FILE is not set. Defaulting to stdout
SmartRedis Library@19-34-03:WARNING: Environment variable SR_LOG_LEVEL is not set. Defaulting to INFO
SmartRedis Library@19-34-03:WARNING: Environment variable SR_LOG_FILE is not set. Defaulting to stdout
SmartRedis Library@19-34-03:WARNING: Environment variable SR_LOG_LEVEL is not set. Defaulting to INFO
SmartRedis Library@19-34-03:WARNING: Environment variable SR_LOG_FILE is not set. Defaulting to stdout
SmartRedis Library@19-34-03:WARNING: Environment variable SR_LOG_LEVEL is not set. Defaulting to INFO
SmartRedis Library@19-34-03:WARNING: Environment variable SR_LOG_FILE is not set. Defaulting to stdout
SmartRedis Library@19-34-03:WARNING: Environment variable SR_LOG_LEVEL is not set. Defaulting to INFO
SmartRedis Library@19-34-03:WARNING: Environment variable SR_LOG_FILE is not set. Defaulting to stdout
SmartRedis Library@19-34-03:WARNING: Environment variable SR_LOG_LEVEL is not set. Defaulting to INFO
SmartRedis Library@19-34-03:WARNING: Environment variable SR_LOG_FILE is not set. Defaulting to stdout
SmartRedis Library@19-34-03:WARNING: Environment variable SR_LOG_LEVEL is not set. Defaulting to INFO
SmartRedis Library@19-34-03:WARNING: Environment variable SR_LOG_FILE is not set. Defaulting to stdout
SmartRedis Library@19-34-03:WARNING: Environment variable SR_LOG_LEVEL is not set. Defaulting to INFO
SmartRedis Library@19-34-03:WARNING: Environment variable SR_LOG_FILE is not set. Defaulting to stdout
SmartRedis Library@19-34-03:WARNING: Environment variable SR_LOG_LEVEL is not set. Defaulting to INFO
SmartRedis Library@19-34-03:WARNING: Environment variable SR_LOG_FILE is not set. Defaulting to stdout
SmartRedis Library@19-34-03:WARNING: Environment variable SR_LOG_LEVEL is not set. Defaulting to INFO
SmartRedis Library@19-34-03:WARNING: Environment variable SR_LOG_FILE is not set. Defaulting to stdout
SmartRedis Library@19-34-03:WARNING: Environment variable SR_LOG_LEVEL is not set. Defaulting to INFO
SmartRedis Library@19-34-03:WARNING: Environment variable SR_LOG_FILE is not set. Defaulting to stdout
SmartRedis Library@19-34-03:WARNING: Environment variable SR_LOG_LEVEL is not set. Defaulting to INFO
SmartRedis Library@19-34-03:WARNING: Environment variable SR_LOG_FILE is not set. Defaulting to stdout
SmartRedis Library@19-34-03:WARNING: Environment variable SR_LOG_LEVEL is not set. Defaulting to INFO
SmartRedis Library@19-34-03:WARNING: Environment variable SR_LOG_FILE is not set. Defaulting to stdout
SmartRedis Library@19-34-03:WARNING: Environment variable SR_LOG_LEVEL is not set. Defaulting to INFO
SmartRedis Library@19-34-03:WARNING: Environment variable SR_LOG_FILE is not set. Defaulting to stdout
SmartRedis Library@19-34-03:WARNING: Environment variable SR_LOG_FILE is not set. Defaulting to stdout
SmartRedis Library@19-34-03:WARNING: Environment variable SR_LOG_LEVEL is not set. Defaulting to INFO
SmartRedis Library@19-34-03:WARNING: Environment variable SR_LOG_FILE is not set. Defaulting to stdout
SmartRedis Library@19-34-03:WARNING: Environment variable SR_LOG_LEVEL is not set. Defaulting to INFO
SmartRedis Library@19-34-03:WARNING: Environment variable SR_LOG_LEVEL is not set. Defaulting to INFO
CMI initialized successfully. Starting benchmark steps...

[DEBUG] Write these tensors to SmartSim:
[DEBUG]   Tensor 0{dtype=Float, layout=Contiguous, ownership=External, shape=[100000, 18]}
DEBUG: put_tensor input_17_0 dims=[100000,18]
DEBUG: put_tensor input_0_0 dims=[100000,18]
[DEBUG] Input tensor names sent to SmartSim:
[DEBUG]   input_0_0
[DEBUG] Output tensor names expected from SmartSim:
[DEBUG]   output_0_0
DEBUG: put_tensor input_18_0 dims=[100000,18]
DEBUG: put_tensor input_14_0 dims=[100000,18]
DEBUG: put_tensor input_2_0 dims=[100000,18]
DEBUG: put_tensor input_15_0 dims=[100000,18]
DEBUG: put_tensor input_19_0 dims=[100000,18]
DEBUG: put_tensor input_10_0 dims=[100000,18]
DEBUG: put_tensor input_5_0 dims=[100000,18]
DEBUG: put_tensor input_9_0 dims=[100000,18]
DEBUG: put_tensor input_11_0 dims=[100000,18]
DEBUG: put_tensor input_8_0 dims=[100000,18]
DEBUG: put_tensor input_7_0 dims=[100000,18]
DEBUG: put_tensor input_16_0 dims=[100000,18]
DEBUG: put_tensor input_1_0 dims=[100000,18]
DEBUG: put_tensor input_4_0 dims=[100000,18]
DEBUG: put_tensor input_13_0 dims=[100000,18]
DEBUG: put_tensor input_12_0 dims=[100000,18]
DEBUG: put_tensor input_6_0 dims=[100000,18]
DEBUG: put_tensor input_3_0 dims=[100000,18]
[DEBUG] Retrieve these tensors from SmartSim:
[DEBUG]   Tensor 0{dtype=Float, layout=Contiguous, ownership=External, shape=[100000]}
STEP_TIMING step=1 latency_ms=2822.50 min_ms=2747.47 avg_ms=2782.54 total_samples=2000000 throughput_samples_sec=708592
[DEBUG] Write these tensors to SmartSim:
[DEBUG]   Tensor 0{dtype=Float, layout=Contiguous, ownership=External, shape=[100000, 18]}
DEBUG: put_tensor input_17_0 dims=[100000,18]
DEBUG: put_tensor input_0_0 dims=[100000,18]
[DEBUG] Input tensor names sent to SmartSim:
[DEBUG]   input_0_0
[DEBUG] Output tensor names expected from SmartSim:
[DEBUG]   output_0_0
DEBUG: put_tensor input_3_0 dims=[100000,18]
DEBUG: put_tensor input_11_0 dims=[100000,18]
DEBUG: put_tensor input_2_0 dims=[100000,18]
DEBUG: put_tensor input_13_0 dims=[100000,18]
DEBUG: put_tensor input_7_0 dims=[100000,18]
DEBUG: put_tensor input_6_0 dims=[100000,18]
DEBUG: put_tensor input_10_0 dims=[100000,18]
DEBUG: put_tensor input_15_0 dims=[100000,18]
DEBUG: put_tensor input_1_0 dims=[100000,18]
DEBUG: put_tensor input_8_0 dims=[100000,18]
DEBUG: put_tensor input_19_0 dims=[100000,18]
DEBUG: put_tensor input_18_0 dims=[100000,18]
DEBUG: put_tensor input_5_0 dims=[100000,18]
DEBUG: put_tensor input_9_0 dims=[100000,18]
DEBUG: put_tensor input_14_0 dims=[100000,18]
DEBUG: put_tensor input_4_0 dims=[100000,18]
DEBUG: put_tensor input_16_0 dims=[100000,18]
DEBUG: put_tensor input_12_0 dims=[100000,18]
[DEBUG] Retrieve these tensors from SmartSim:
[DEBUG]   Tensor 0{dtype=Float, layout=Contiguous, ownership=External, shape=[100000]}
STEP_TIMING step=2 latency_ms=135.55 min_ms=104.82 avg_ms=120.44 total_samples=2000000 throughput_samples_sec=14754209
[DEBUG] Write these tensors to SmartSim:
[DEBUG]   Tensor 0{dtype=Float, layout=Contiguous, ownership=External, shape=[100000, 18]}
DEBUG: put_tensor input_17_0 dims=[100000,18]
DEBUG: put_tensor input_18_0 dims=[100000,18]
DEBUG: put_tensor input_12_0 dims=[100000,18]
DEBUG: put_tensor input_1_0 dims=[100000,18]
DEBUG: put_tensor input_19_0 dims=[100000,18]
DEBUG: put_tensor input_11_0 dims=[100000,18]
DEBUG: put_tensor input_15_0 dims=[100000,18]
DEBUG: put_tensor input_8_0 dims=[100000,18]
DEBUG: put_tensor input_14_0 dims=[100000,18]
DEBUG: put_tensor input_13_0 dims=[100000,18]
DEBUG: put_tensor input_0_0 dims=[100000,18]
[DEBUG] Input tensor names sent to SmartSim:
[DEBUG]   input_0_0
DEBUG: put_tensor input_5_0 dims=[100000,18]
DEBUG: put_tensor input_4_0 dims=[100000,18]
DEBUG: put_tensor input_2_0 dims=[100000,18]
[DEBUG] Output tensor names expected from SmartSim:
[DEBUG]   output_0_0
DEBUG: put_tensor input_6_0 dims=[100000,18]
DEBUG: put_tensor input_3_0 dims=[100000,18]
DEBUG: put_tensor input_7_0 dims=[100000,18]
DEBUG: put_tensor input_9_0 dims=[100000,18]
DEBUG: put_tensor input_16_0 dims=[100000,18]
DEBUG: put_tensor input_10_0 dims=[100000,18]
[DEBUG] Retrieve these tensors from SmartSim:
[DEBUG]   Tensor 0{dtype=Float, layout=Contiguous, ownership=External, shape=[100000]}
STEP_TIMING step=3 latency_ms=135.78 min_ms=83.96 avg_ms=105.37 total_samples=2000000 throughput_samples_sec=14729396
[DEBUG] Write these tensors to SmartSim:
[DEBUG]   Tensor 0{dtype=Float, layout=Contiguous, ownership=External, shape=[100000, 18]}
DEBUG: put_tensor input_16_0 dims=[100000,18]
DEBUG: put_tensor input_7_0 dims=[100000,18]
DEBUG: put_tensor input_10_0 dims=[100000,18]
DEBUG: put_tensor input_6_0 dims=[100000,18]
DEBUG: put_tensor input_12_0 dims=[100000,18]
DEBUG: put_tensor input_8_0 dims=[100000,18]
DEBUG: put_tensor input_3_0 dims=[100000,18]
DEBUG: put_tensor input_18_0 dims=[100000,18]
DEBUG: put_tensor input_15_0 dims=[100000,18]
DEBUG: put_tensor input_11_0 dims=[100000,18]
DEBUG: put_tensor input_19_0 dims=[100000,18]
DEBUG: put_tensor input_17_0 dims=[100000,18]
DEBUG: put_tensor input_1_0 dims=[100000,18]
DEBUG: put_tensor input_5_0 dims=[100000,18]
DEBUG: put_tensor input_4_0 dims=[100000,18]
DEBUG: put_tensor input_9_0 dims=[100000,18]
DEBUG: put_tensor input_14_0 dims=[100000,18]
DEBUG: put_tensor input_13_0 dims=[100000,18]
DEBUG: put_tensor input_2_0 dims=[100000,18]
DEBUG: put_tensor input_0_0 dims=[100000,18]
[DEBUG] Input tensor names sent to SmartSim:
[DEBUG]   input_0_0
[DEBUG] Output tensor names expected from SmartSim:
[DEBUG]   output_0_0
[DEBUG] Retrieve these tensors from SmartSim:
[DEBUG]   Tensor 0{dtype=Float, layout=Contiguous, ownership=External, shape=[100000]}
STEP_TIMING step=4 latency_ms=109.82 min_ms=66.61 avg_ms=86.45 total_samples=2000000 throughput_samples_sec=18211737
[DEBUG] Write these tensors to SmartSim:
[DEBUG]   Tensor 0{dtype=Float, layout=Contiguous, ownership=External, shape=[100000, 18]}
DEBUG: put_tensor input_16_0 dims=[100000,18]
DEBUG: put_tensor input_6_0 dims=[100000,18]
DEBUG: put_tensor input_17_0 dims=[100000,18]
DEBUG: put_tensor input_2_0 dims=[100000,18]
DEBUG: put_tensor input_0_0 dims=[100000,18]
[DEBUG] Input tensor names sent to SmartSim:
[DEBUG]   input_0_0
[DEBUG] Output tensor names expected from SmartSim:
[DEBUG]   output_0_0
DEBUG: put_tensor input_14_0 dims=[100000,18]
DEBUG: put_tensor input_11_0 dims=[100000,18]
DEBUG: put_tensor input_13_0 dims=[100000,18]
DEBUG: put_tensor input_5_0 dims=[100000,18]
DEBUG: put_tensor input_15_0 dims=[100000,18]
DEBUG: put_tensor input_18_0 dims=[100000,18]
DEBUG: put_tensor input_12_0 dims=[100000,18]
DEBUG: put_tensor input_3_0 dims=[100000,18]
DEBUG: put_tensor input_9_0 dims=[100000,18]
DEBUG: put_tensor input_8_0 dims=[100000,18]
DEBUG: put_tensor input_7_0 dims=[100000,18]
DEBUG: put_tensor input_19_0 dims=[100000,18]
DEBUG: put_tensor input_10_0 dims=[100000,18]
DEBUG: put_tensor input_1_0 dims=[100000,18]
DEBUG: put_tensor input_4_0 dims=[100000,18]
[DEBUG] Retrieve these tensors from SmartSim:
[DEBUG]   Tensor 0{dtype=Float, layout=Contiguous, ownership=External, shape=[100000]}
STEP_TIMING step=5 latency_ms=132.75 min_ms=71.50 avg_ms=91.55 total_samples=2000000 throughput_samples_sec=15066203
[DEBUG] Write these tensors to SmartSim:
[DEBUG]   Tensor 0{dtype=Float, layout=Contiguous, ownership=External, shape=[100000, 18]}
DEBUG: put_tensor input_16_0 dims=[100000,18]
DEBUG: put_tensor input_10_0 dims=[100000,18]
DEBUG: put_tensor input_9_0 dims=[100000,18]
DEBUG: put_tensor input_14_0 dims=[100000,18]
DEBUG: put_tensor input_13_0 dims=[100000,18]
DEBUG: put_tensor input_6_0 dims=[100000,18]
DEBUG: put_tensor input_4_0 dims=[100000,18]
DEBUG: put_tensor input_8_0 dims=[100000,18]
DEBUG: put_tensor input_1_0 dims=[100000,18]
DEBUG: put_tensor input_15_0 dims=[100000,18]
DEBUG: put_tensor input_0_0 dims=[100000,18]
[DEBUG] Input tensor names sent to SmartSim:
[DEBUG]   input_0_0
[DEBUG] Output tensor names expected from SmartSim:
[DEBUG]   output_0_0
DEBUG: put_tensor input_3_0 dims=[100000,18]
DEBUG: put_tensor input_18_0 dims=[100000,18]
DEBUG: put_tensor input_7_0 dims=[100000,18]
DEBUG: put_tensor input_5_0 dims=[100000,18]
DEBUG: put_tensor input_12_0 dims=[100000,18]
DEBUG: put_tensor input_2_0 dims=[100000,18]
DEBUG: put_tensor input_19_0 dims=[100000,18]
DEBUG: put_tensor input_11_0 dims=[100000,18]
DEBUG: put_tensor input_17_0 dims=[100000,18]
[DEBUG] Retrieve these tensors from SmartSim:
[DEBUG]   Tensor 0{dtype=Float, layout=Contiguous, ownership=External, shape=[100000]}
STEP_TIMING step=6 latency_ms=98.82 min_ms=66.94 avg_ms=85.98 total_samples=2000000 throughput_samples_sec=20237854
[DEBUG] Write these tensors to SmartSim:
[DEBUG]   Tensor 0{dtype=Float, layout=Contiguous, ownership=External, shape=[100000, 18]}
DEBUG: put_tensor input_5_0 dims=[100000,18]
DEBUG: put_tensor input_16_0 dims=[100000,18]
DEBUG: put_tensor input_14_0 dims=[100000,18]
DEBUG: put_tensor input_8_0 dims=[100000,18]
DEBUG: put_tensor input_11_0 dims=[100000,18]
DEBUG: put_tensor input_1_0 dims=[100000,18]
DEBUG: put_tensor input_3_0 dims=[100000,18]
DEBUG: put_tensor input_12_0 dims=[100000,18]
DEBUG: put_tensor input_10_0 dims=[100000,18]
DEBUG: put_tensor input_6_0 dims=[100000,18]
DEBUG: put_tensor input_9_0 dims=[100000,18]
DEBUG: put_tensor input_19_0 dims=[100000,18]
DEBUG: put_tensor input_18_0 dims=[100000,18]
DEBUG: put_tensor input_2_0 dims=[100000,18]
DEBUG: put_tensor input_15_0 dims=[100000,18]
DEBUG: put_tensor input_7_0 dims=[100000,18]
DEBUG: put_tensor input_4_0 dims=[100000,18]
DEBUG: put_tensor input_13_0 dims=[100000,18]
DEBUG: put_tensor input_17_0 dims=[100000,18]
DEBUG: put_tensor input_0_0 dims=[100000,18]
[DEBUG] Input tensor names sent to SmartSim:
[DEBUG]   input_0_0
[DEBUG] Output tensor names expected from SmartSim:
[DEBUG]   output_0_0
[DEBUG] Retrieve these tensors from SmartSim:
[DEBUG]   Tensor 0{dtype=Float, layout=Contiguous, ownership=External, shape=[100000]}
STEP_TIMING step=7 latency_ms=100.39 min_ms=73.00 avg_ms=86.75 total_samples=2000000 throughput_samples_sec=19922848
[DEBUG] Write these tensors to SmartSim:
[DEBUG]   Tensor 0{dtype=Float, layout=Contiguous, ownership=External, shape=[100000, 18]}
DEBUG: put_tensor input_1_0 dims=[100000,18]
DEBUG: put_tensor input_17_0 dims=[100000,18]
DEBUG: put_tensor input_2_0 dims=[100000,18]
DEBUG: put_tensor input_13_0 dims=[100000,18]
DEBUG: put_tensor input_7_0 dims=[100000,18]
DEBUG: put_tensor input_16_0 dims=[100000,18]
DEBUG: put_tensor input_3_0 dims=[100000,18]
DEBUG: put_tensor input_6_0 dims=[100000,18]
DEBUG: put_tensor input_14_0 dims=[100000,18]
DEBUG: put_tensor input_8_0 dims=[100000,18]
DEBUG: put_tensor input_11_0 dims=[100000,18]
DEBUG: put_tensor input_12_0 dims=[100000,18]
DEBUG: put_tensor input_10_0 dims=[100000,18]
DEBUG: put_tensor input_18_0 dims=[100000,18]
DEBUG: put_tensor input_5_0 dims=[100000,18]
DEBUG: put_tensor input_0_0 dims=[100000,18]
[DEBUG] Input tensor names sent to SmartSim:
[DEBUG]   input_0_0
[DEBUG] Output tensor names expected from SmartSim:
[DEBUG]   output_0_0
DEBUG: put_tensor input_4_0 dims=[100000,18]
DEBUG: put_tensor input_9_0 dims=[100000,18]
DEBUG: put_tensor input_19_0 dims=[100000,18]
DEBUG: put_tensor input_15_0 dims=[100000,18]
[DEBUG] Retrieve these tensors from SmartSim:
[DEBUG]   Tensor 0{dtype=Float, layout=Contiguous, ownership=External, shape=[100000]}
STEP_TIMING step=8 latency_ms=99.70 min_ms=58.72 avg_ms=77.31 total_samples=2000000 throughput_samples_sec=20059229
[DEBUG] Write these tensors to SmartSim:
[DEBUG]   Tensor 0{dtype=Float, layout=Contiguous, ownership=External, shape=[100000, 18]}
DEBUG: put_tensor input_19_0 dims=[100000,18]
DEBUG: put_tensor input_13_0 dims=[100000,18]
DEBUG: put_tensor input_10_0 dims=[100000,18]
DEBUG: put_tensor input_6_0 dims=[100000,18]
DEBUG: put_tensor input_0_0 dims=[100000,18]
[DEBUG] Input tensor names sent to SmartSim:
[DEBUG]   input_0_0
[DEBUG] Output tensor names expected from SmartSim:
[DEBUG]   output_0_0
DEBUG: put_tensor input_14_0 dims=[100000,18]
DEBUG: put_tensor input_8_0 dims=[100000,18]
DEBUG: put_tensor input_2_0 dims=[100000,18]
DEBUG: put_tensor input_17_0 dims=[100000,18]
DEBUG: put_tensor input_1_0 dims=[100000,18]
DEBUG: put_tensor input_4_0 dims=[100000,18]
DEBUG: put_tensor input_16_0 dims=[100000,18]
DEBUG: put_tensor input_9_0 dims=[100000,18]
DEBUG: put_tensor input_5_0 dims=[100000,18]
DEBUG: put_tensor input_3_0 dims=[100000,18]
DEBUG: put_tensor input_7_0 dims=[100000,18]
DEBUG: put_tensor input_15_0 dims=[100000,18]
DEBUG: put_tensor input_12_0 dims=[100000,18]
DEBUG: put_tensor input_11_0 dims=[100000,18]
DEBUG: put_tensor input_18_0 dims=[100000,18]
[DEBUG] Retrieve these tensors from SmartSim:
[DEBUG]   Tensor 0{dtype=Float, layout=Contiguous, ownership=External, shape=[100000]}
STEP_TIMING step=9 latency_ms=121.66 min_ms=71.87 avg_ms=90.80 total_samples=2000000 throughput_samples_sec=16439111
[DEBUG] Write these tensors to SmartSim:
[DEBUG]   Tensor 0{dtype=Float, layout=Contiguous, ownership=External, shape=[100000, 18]}
DEBUG: put_tensor input_2_0 dims=[100000,18]
DEBUG: put_tensor input_12_0 dims=[100000,18]
DEBUG: put_tensor input_6_0 dims=[100000,18]
DEBUG: put_tensor input_10_0 dims=[100000,18]
DEBUG: put_tensor input_4_0 dims=[100000,18]
DEBUG: put_tensor input_14_0 dims=[100000,18]
DEBUG: put_tensor input_9_0 dims=[100000,18]
DEBUG: put_tensor input_7_0 dims=[100000,18]
DEBUG: put_tensor input_5_0 dims=[100000,18]
DEBUG: put_tensor input_19_0 dims=[100000,18]
DEBUG: put_tensor input_16_0 dims=[100000,18]
DEBUG: put_tensor input_11_0 dims=[100000,18]
DEBUG: put_tensor input_13_0 dims=[100000,18]
DEBUG: put_tensor input_18_0 dims=[100000,18]
DEBUG: put_tensor input_0_0 dims=[100000,18]
[DEBUG] Input tensor names sent to SmartSim:
[DEBUG]   input_0_0
[DEBUG] Output tensor names expected from SmartSim:
[DEBUG]   output_0_0
DEBUG: put_tensor input_8_0 dims=[100000,18]
DEBUG: put_tensor input_15_0 dims=[100000,18]
DEBUG: put_tensor input_3_0 dims=[100000,18]
DEBUG: put_tensor input_1_0 dims=[100000,18]
DEBUG: put_tensor input_17_0 dims=[100000,18]
[DEBUG] Retrieve these tensors from SmartSim:
[DEBUG]   Tensor 0{dtype=Float, layout=Contiguous, ownership=External, shape=[100000]}
STEP_TIMING step=10 latency_ms=97.93 min_ms=71.19 avg_ms=86.15 total_samples=2000000 throughput_samples_sec=20423640
[DEBUG] Write these tensors to SmartSim:
[DEBUG]   Tensor 0{dtype=Float, layout=Contiguous, ownership=External, shape=[100000, 18]}
DEBUG: put_tensor input_19_0 dims=[100000,18]
DEBUG: put_tensor input_5_0 dims=[100000,18]
DEBUG: put_tensor input_6_0 dims=[100000,18]
DEBUG: put_tensor input_2_0 dims=[100000,18]
DEBUG: put_tensor input_7_0 dims=[100000,18]
DEBUG: put_tensor input_14_0 dims=[100000,18]
DEBUG: put_tensor input_9_0 dims=[100000,18]
DEBUG: put_tensor input_3_0 dims=[100000,18]
DEBUG: put_tensor input_10_0 dims=[100000,18]
DEBUG: put_tensor input_17_0 dims=[100000,18]
DEBUG: put_tensor input_13_0 dims=[100000,18]
DEBUG: put_tensor input_8_0 dims=[100000,18]
DEBUG: put_tensor input_0_0 dims=[100000,18]
[DEBUG] Input tensor names sent to SmartSim:
[DEBUG]   input_0_0
[DEBUG] Output tensor names expected from SmartSim:
[DEBUG]   output_0_0
DEBUG: put_tensor input_11_0 dims=[100000,18]
DEBUG: put_tensor input_16_0 dims=[100000,18]
DEBUG: put_tensor input_15_0 dims=[100000,18]
DEBUG: put_tensor input_12_0 dims=[100000,18]
DEBUG: put_tensor input_18_0 dims=[100000,18]
DEBUG: put_tensor input_4_0 dims=[100000,18]
DEBUG: put_tensor input_1_0 dims=[100000,18]
[DEBUG] Retrieve these tensors from SmartSim:
[DEBUG]   Tensor 0{dtype=Float, layout=Contiguous, ownership=External, shape=[100000]}
STEP_TIMING step=11 latency_ms=96.25 min_ms=64.14 avg_ms=79.73 total_samples=2000000 throughput_samples_sec=20778743
[DEBUG] Write these tensors to SmartSim:
[DEBUG]   Tensor 0{dtype=Float, layout=Contiguous, ownership=External, shape=[100000, 18]}
DEBUG: put_tensor input_9_0 dims=[100000,18]
DEBUG: put_tensor input_19_0 dims=[100000,18]
DEBUG: put_tensor input_5_0 dims=[100000,18]
DEBUG: put_tensor input_17_0 dims=[100000,18]
DEBUG: put_tensor input_14_0 dims=[100000,18]
DEBUG: put_tensor input_3_0 dims=[100000,18]
DEBUG: put_tensor input_0_0 dims=[100000,18]
[DEBUG] Input tensor names sent to SmartSim:
[DEBUG]   input_0_0
[DEBUG] Output tensor names expected from SmartSim:
[DEBUG]   output_0_0
DEBUG: put_tensor input_11_0 dims=[100000,18]
DEBUG: put_tensor input_7_0 dims=[100000,18]
DEBUG: put_tensor input_13_0 dims=[100000,18]
DEBUG: put_tensor input_6_0 dims=[100000,18]
DEBUG: put_tensor input_8_0 dims=[100000,18]
DEBUG: put_tensor input_16_0 dims=[100000,18]
DEBUG: put_tensor input_12_0 dims=[100000,18]
DEBUG: put_tensor input_10_0 dims=[100000,18]
DEBUG: put_tensor input_4_0 dims=[100000,18]
DEBUG: put_tensor input_15_0 dims=[100000,18]
DEBUG: put_tensor input_2_0 dims=[100000,18]
DEBUG: put_tensor input_1_0 dims=[100000,18]
DEBUG: put_tensor input_18_0 dims=[100000,18]
[DEBUG] Retrieve these tensors from SmartSim:
[DEBUG]   Tensor 0{dtype=Float, layout=Contiguous, ownership=External, shape=[100000]}
STEP_TIMING step=12 latency_ms=96.87 min_ms=73.03 avg_ms=84.63 total_samples=2000000 throughput_samples_sec=20645610

=================================================================
=== Benchmark Summary (Steady-State Steps 3 to 12) ===
=================================================================
Steady Step Count:   10
Median Latency:      100.39 ms
Mean Latency:        109.00 ms
Min Latency:         96.25 ms
Max Latency:         135.78 ms
Median Throughput:   19922848 samples/sec
=================================================================
=== Finished smartsim (b=100000). Log: /rwthfs/rz/cluster/hpcwork/ro092286/smartsim/batch_memory_benchmark/logs/bench_smartsim_b100000_3053715_smartsim_b100000.log | Telemetry: /rwthfs/rz/cluster/hpcwork/ro092286/smartsim/batch_memory_benchmark/logs/bench_smartsim_b100000_3053715_smartsim_b100000_gpu_telemetry.csv ===

>>> Running Provider: smartsim | Batch Size: 500000 <<<
=================================================================
=== Running Case: smartsim | Batch: 500000 | ID: 3053715_smartsim_b500000 ===
=================================================================
Starting SmartSim Redis DB on port 6394...
=================================================================
=== CMI Batch & Memory Calibration Benchmark Harness          ===
=================================================================
Provider:           smartsim
Config:             /rwthfs/rz/cluster/hpcwork/ro092286/smartsim/batch_memory_benchmark/configs/smartsim.toml
Model Path:         /rwthfs/rz/cluster/hpcwork/ro092286/smartsim/batch_memory_benchmark/../mini_app/train_models/model_a/watercnn_cuda.pt
Solver Ranks:       20 (World size: 20)
Samples per Rank:   100000
Total Work/Step:    2000000 samples
Target Batch Size:  500000
SmartSim Min Batch: 500000 (timeout=1000 ms)
Total Steps:        12 (Warmup: 2)
=================================================================

SmartRedis Library@19-34-48:WARNING: Environment variable SR_LOG_FILE is not set. Defaulting to stdout
SmartRedis Library@19-34-48:WARNING: Environment variable SR_LOG_LEVEL is not set. Defaulting to INFO
SmartRedis Library@19-34-48:WARNING: Environment variable SR_LOG_FILE is not set. Defaulting to stdout
SmartRedis Library@19-34-48:WARNING: Environment variable SR_LOG_LEVEL is not set. Defaulting to INFO
SmartRedis Library@19-34-48:WARNING: Environment variable SR_LOG_FILE is not set. Defaulting to stdout
SmartRedis Library@19-34-48:WARNING: Environment variable SR_LOG_LEVEL is not set. Defaulting to INFO
SmartRedis Library@19-34-48:WARNING: Environment variable SR_LOG_FILE is not set. Defaulting to stdout
SmartRedis Library@19-34-48:WARNING: Environment variable SR_LOG_LEVEL is not set. Defaulting to INFO
SmartRedis Library@19-34-48:WARNING: Environment variable SR_LOG_FILE is not set. Defaulting to stdout
SmartRedis Library@19-34-48:WARNING: Environment variable SR_LOG_LEVEL is not set. Defaulting to INFO
SmartRedis Library@19-34-48:WARNING: Environment variable SR_LOG_FILE is not set. Defaulting to stdout
SmartRedis Library@19-34-48:WARNING: Environment variable SR_LOG_LEVEL is not set. Defaulting to INFO
SmartRedis Library@19-34-48:WARNING: Environment variable SR_LOG_FILE is not set. Defaulting to stdout
SmartRedis Library@19-34-48:WARNING: Environment variable SR_LOG_LEVEL is not set. Defaulting to INFO
SmartRedis Library@19-34-48:WARNING: Environment variable SR_LOG_FILE is not set. Defaulting to stdout
SmartRedis Library@19-34-48:WARNING: Environment variable SR_LOG_LEVEL is not set. Defaulting to INFO
SmartRedis Library@19-34-48:WARNING: Environment variable SR_LOG_FILE is not set. Defaulting to stdout
SmartRedis Library@19-34-48:WARNING: Environment variable SR_LOG_LEVEL is not set. Defaulting to INFO
SmartRedis Library@19-34-48:WARNING: Environment variable SR_LOG_FILE is not set. Defaulting to stdout
SmartRedis Library@19-34-48:WARNING: Environment variable SR_LOG_LEVEL is not set. Defaulting to INFO
SmartRedis Library@19-34-48:WARNING: Environment variable SR_LOG_FILE is not set. Defaulting to stdout
SmartRedis Library@19-34-48:WARNING: Environment variable SR_LOG_LEVEL is not set. Defaulting to INFO
SmartRedis Library@19-34-48:WARNING: Environment variable SR_LOG_FILE is not set. Defaulting to stdout
SmartRedis Library@19-34-48:WARNING: Environment variable SR_LOG_LEVEL is not set. Defaulting to INFO
SmartRedis Library@19-34-48:WARNING: Environment variable SR_LOG_FILE is not set. Defaulting to stdout
SmartRedis Library@19-34-48:WARNING: Environment variable SR_LOG_LEVEL is not set. Defaulting to INFO
SmartRedis Library@19-34-48:WARNING: Environment variable SR_LOG_FILE is not set. Defaulting to stdout
SmartRedis Library@19-34-48:WARNING: Environment variable SR_LOG_LEVEL is not set. Defaulting to INFO
SmartRedis Library@19-34-48:WARNING: Environment variable SR_LOG_FILE is not set. Defaulting to stdout
SmartRedis Library@19-34-48:WARNING: Environment variable SR_LOG_LEVEL is not set. Defaulting to INFO
SmartRedis Library@19-34-48:WARNING: Environment variable SR_LOG_FILE is not set. Defaulting to stdout
SmartRedis Library@19-34-48:WARNING: Environment variable SR_LOG_LEVEL is not set. Defaulting to INFO
SmartRedis Library@19-34-48:WARNING: Environment variable SR_LOG_FILE is not set. Defaulting to stdout
SmartRedis Library@19-34-48:WARNING: Environment variable SR_LOG_LEVEL is not set. Defaulting to INFO
SmartRedis Library@19-34-48:WARNING: Environment variable SR_LOG_FILE is not set. Defaulting to stdout
SmartRedis Library@19-34-48:WARNING: Environment variable SR_LOG_FILE is not set. Defaulting to stdout
SmartRedis Library@19-34-48:WARNING: Environment variable SR_LOG_LEVEL is not set. Defaulting to INFO
SmartRedis Library@19-34-48:WARNING: Environment variable SR_LOG_LEVEL is not set. Defaulting to INFO
SmartRedis Library@19-34-48:WARNING: Environment variable SR_LOG_FILE is not set. Defaulting to stdout
SmartRedis Library@19-34-48:WARNING: Environment variable SR_LOG_LEVEL is not set. Defaulting to INFO
CMI initialized successfully. Starting benchmark steps...

[DEBUG] Write these tensors to SmartSim:
[DEBUG]   Tensor 0{dtype=Float, layout=Contiguous, ownership=External, shape=[100000, 18]}
DEBUG: put_tensor input_4_0 dims=[100000,18]
DEBUG: put_tensor input_18_0 dims=[100000,18]
DEBUG: put_tensor input_11_0 dims=[100000,18]
DEBUG: put_tensor input_19_0 dims=[100000,18]
DEBUG: put_tensor input_0_0 dims=[100000,18]
[DEBUG] Input tensor names sent to SmartSim:
[DEBUG]   input_0_0
[DEBUG] Output tensor names expected from SmartSim:
[DEBUG]   output_0_0
DEBUG: put_tensor input_7_0 dims=[100000,18]
DEBUG: put_tensor input_3_0 dims=[100000,18]
DEBUG: put_tensor input_1_0 dims=[100000,18]
DEBUG: put_tensor input_13_0 dims=[100000,18]
DEBUG: put_tensor input_5_0 dims=[100000,18]
DEBUG: put_tensor input_16_0 dims=[100000,18]
DEBUG: put_tensor input_10_0 dims=[100000,18]
DEBUG: put_tensor input_8_0 dims=[100000,18]
DEBUG: put_tensor input_6_0 dims=[100000,18]
DEBUG: put_tensor input_2_0 dims=[100000,18]
DEBUG: put_tensor input_12_0 dims=[100000,18]
DEBUG: put_tensor input_15_0 dims=[100000,18]
DEBUG: put_tensor input_9_0 dims=[100000,18]
DEBUG: put_tensor input_14_0 dims=[100000,18]
DEBUG: put_tensor input_17_0 dims=[100000,18]
[DEBUG] Retrieve these tensors from SmartSim:
[DEBUG]   Tensor 0{dtype=Float, layout=Contiguous, ownership=External, shape=[100000]}
STEP_TIMING step=1 latency_ms=338.70 min_ms=330.93 avg_ms=334.21 total_samples=2000000 throughput_samples_sec=5904908
[DEBUG] Write these tensors to SmartSim:
[DEBUG]   Tensor 0{dtype=Float, layout=Contiguous, ownership=External, shape=[100000, 18]}
DEBUG: put_tensor input_16_0 dims=[100000,18]
DEBUG: put_tensor input_18_0 dims=[100000,18]
DEBUG: put_tensor input_11_0 dims=[100000,18]
DEBUG: put_tensor input_19_0 dims=[100000,18]
DEBUG: put_tensor input_8_0 dims=[100000,18]
DEBUG: put_tensor input_6_0 dims=[100000,18]
DEBUG: put_tensor input_4_0 dims=[100000,18]
DEBUG: put_tensor input_5_0 dims=[100000,18]
DEBUG: put_tensor input_0_0 dims=[100000,18]
[DEBUG] Input tensor names sent to SmartSim:
[DEBUG]   input_0_0
[DEBUG] Output tensor names expected from SmartSim:
[DEBUG]   output_0_0
DEBUG: put_tensor input_10_0 dims=[100000,18]
DEBUG: put_tensor input_15_0 dims=[100000,18]
DEBUG: put_tensor input_2_0 dims=[100000,18]
DEBUG: put_tensor input_12_0 dims=[100000,18]
DEBUG: put_tensor input_9_0 dims=[100000,18]
DEBUG: put_tensor input_14_0 dims=[100000,18]
DEBUG: put_tensor input_17_0 dims=[100000,18]
DEBUG: put_tensor input_1_0 dims=[100000,18]
DEBUG: put_tensor input_13_0 dims=[100000,18]
DEBUG: put_tensor input_7_0 dims=[100000,18]
DEBUG: put_tensor input_3_0 dims=[100000,18]
[DEBUG] Retrieve these tensors from SmartSim:
[DEBUG]   Tensor 0{dtype=Float, layout=Contiguous, ownership=External, shape=[100000]}
STEP_TIMING step=2 latency_ms=151.92 min_ms=148.35 avg_ms=150.80 total_samples=2000000 throughput_samples_sec=13164826
[DEBUG] Write these tensors to SmartSim:
[DEBUG]   Tensor 0{dtype=Float, layout=Contiguous, ownership=External, shape=[100000, 18]}
DEBUG: put_tensor input_19_0 dims=[100000,18]
DEBUG: put_tensor input_12_0 dims=[100000,18]
DEBUG: put_tensor input_0_0 dims=[100000,18]
[DEBUG] Input tensor names sent to SmartSim:
[DEBUG]   input_0_0
[DEBUG] Output tensor names expected from SmartSim:
[DEBUG]   output_0_0
DEBUG: put_tensor input_11_0 dims=[100000,18]
DEBUG: put_tensor input_18_0 dims=[100000,18]
DEBUG: put_tensor input_5_0 dims=[100000,18]
DEBUG: put_tensor input_9_0 dims=[100000,18]
DEBUG: put_tensor input_8_0 dims=[100000,18]
DEBUG: put_tensor input_10_0 dims=[100000,18]
DEBUG: put_tensor input_15_0 dims=[100000,18]
DEBUG: put_tensor input_16_0 dims=[100000,18]
DEBUG: put_tensor input_13_0 dims=[100000,18]
DEBUG: put_tensor input_2_0 dims=[100000,18]
DEBUG: put_tensor input_14_0 dims=[100000,18]
DEBUG: put_tensor input_4_0 dims=[100000,18]
DEBUG: put_tensor input_17_0 dims=[100000,18]
DEBUG: put_tensor input_1_0 dims=[100000,18]
DEBUG: put_tensor input_6_0 dims=[100000,18]
DEBUG: put_tensor input_7_0 dims=[100000,18]
DEBUG: put_tensor input_3_0 dims=[100000,18]
[DEBUG] Retrieve these tensors from SmartSim:
[DEBUG]   Tensor 0{dtype=Float, layout=Contiguous, ownership=External, shape=[100000]}
STEP_TIMING step=3 latency_ms=116.89 min_ms=112.24 avg_ms=115.37 total_samples=2000000 throughput_samples_sec=17109974
[DEBUG] Write these tensors to SmartSim:
[DEBUG]   Tensor 0{dtype=Float, layout=Contiguous, ownership=External, shape=[100000, 18]}
DEBUG: put_tensor input_10_0 dims=[100000,18]
DEBUG: put_tensor input_0_0 dims=[100000,18]
[DEBUG] Input tensor names sent to SmartSim:
[DEBUG]   input_0_0
[DEBUG] Output tensor names expected from SmartSim:
[DEBUG]   output_0_0
DEBUG: put_tensor input_18_0 dims=[100000,18]
DEBUG: put_tensor input_11_0 dims=[100000,18]
DEBUG: put_tensor input_19_0 dims=[100000,18]
DEBUG: put_tensor input_12_0 dims=[100000,18]
DEBUG: put_tensor input_5_0 dims=[100000,18]
DEBUG: put_tensor input_8_0 dims=[100000,18]
DEBUG: put_tensor input_4_0 dims=[100000,18]
DEBUG: put_tensor input_13_0 dims=[100000,18]
DEBUG: put_tensor input_7_0 dims=[100000,18]
DEBUG: put_tensor input_9_0 dims=[100000,18]
DEBUG: put_tensor input_1_0 dims=[100000,18]
DEBUG: put_tensor input_15_0 dims=[100000,18]
DEBUG: put_tensor input_2_0 dims=[100000,18]
DEBUG: put_tensor input_16_0 dims=[100000,18]
DEBUG: put_tensor input_14_0 dims=[100000,18]
DEBUG: put_tensor input_17_0 dims=[100000,18]
DEBUG: put_tensor input_6_0 dims=[100000,18]
DEBUG: put_tensor input_3_0 dims=[100000,18]
[DEBUG] Retrieve these tensors from SmartSim:
[DEBUG]   Tensor 0{dtype=Float, layout=Contiguous, ownership=External, shape=[100000]}
STEP_TIMING step=4 latency_ms=108.77 min_ms=84.94 avg_ms=101.62 total_samples=2000000 throughput_samples_sec=18387472
[DEBUG] Write these tensors to SmartSim:
[DEBUG]   Tensor 0{dtype=Float, layout=Contiguous, ownership=External, shape=[100000, 18]}
DEBUG: put_tensor input_8_0 dims=[100000,18]
DEBUG: put_tensor input_4_0 dims=[100000,18]
DEBUG: put_tensor input_19_0 dims=[100000,18]
DEBUG: put_tensor input_12_0 dims=[100000,18]
DEBUG: put_tensor input_9_0 dims=[100000,18]
DEBUG: put_tensor input_16_0 dims=[100000,18]
DEBUG: put_tensor input_0_0 dims=[100000,18]
[DEBUG] Input tensor names sent to SmartSim:
[DEBUG]   input_0_0
[DEBUG] Output tensor names expected from SmartSim:
[DEBUG]   output_0_0
DEBUG: put_tensor input_11_0 dims=[100000,18]
DEBUG: put_tensor input_18_0 dims=[100000,18]
DEBUG: put_tensor input_2_0 dims=[100000,18]
DEBUG: put_tensor input_10_0 dims=[100000,18]
DEBUG: put_tensor input_3_0 dims=[100000,18]
DEBUG: put_tensor input_15_0 dims=[100000,18]
DEBUG: put_tensor input_14_0 dims=[100000,18]
DEBUG: put_tensor input_1_0 dims=[100000,18]
DEBUG: put_tensor input_6_0 dims=[100000,18]
DEBUG: put_tensor input_7_0 dims=[100000,18]
DEBUG: put_tensor input_13_0 dims=[100000,18]
DEBUG: put_tensor input_17_0 dims=[100000,18]
DEBUG: put_tensor input_5_0 dims=[100000,18]
[DEBUG] Retrieve these tensors from SmartSim:
[DEBUG]   Tensor 0{dtype=Float, layout=Contiguous, ownership=External, shape=[100000]}
STEP_TIMING step=5 latency_ms=229.85 min_ms=224.40 avg_ms=226.94 total_samples=2000000 throughput_samples_sec=8701477
[DEBUG] Write these tensors to SmartSim:
[DEBUG]   Tensor 0{dtype=Float, layout=Contiguous, ownership=External, shape=[100000, 18]}
DEBUG: put_tensor input_15_0 dims=[100000,18]
DEBUG: put_tensor input_11_0 dims=[100000,18]
DEBUG: put_tensor input_13_0 dims=[100000,18]
DEBUG: put_tensor input_16_0 dims=[100000,18]
DEBUG: put_tensor input_7_0 dims=[100000,18]
DEBUG: put_tensor input_18_0 dims=[100000,18]
DEBUG: put_tensor input_5_0 dims=[100000,18]
DEBUG: put_tensor input_0_0 dims=[100000,18]
[DEBUG] Input tensor names sent to SmartSim:
[DEBUG]   input_0_0
[DEBUG] Output tensor names expected from SmartSim:
[DEBUG]   output_0_0
DEBUG: put_tensor input_19_0 dims=[100000,18]
DEBUG: put_tensor input_6_0 dims=[100000,18]
DEBUG: put_tensor input_14_0 dims=[100000,18]
DEBUG: put_tensor input_4_0 dims=[100000,18]
DEBUG: put_tensor input_10_0 dims=[100000,18]
DEBUG: put_tensor input_8_0 dims=[100000,18]
DEBUG: put_tensor input_3_0 dims=[100000,18]
DEBUG: put_tensor input_1_0 dims=[100000,18]
DEBUG: put_tensor input_17_0 dims=[100000,18]
DEBUG: put_tensor input_9_0 dims=[100000,18]
DEBUG: put_tensor input_12_0 dims=[100000,18]
DEBUG: put_tensor input_2_0 dims=[100000,18]
[DEBUG] Retrieve these tensors from SmartSim:
[DEBUG]   Tensor 0{dtype=Float, layout=Contiguous, ownership=External, shape=[100000]}
STEP_TIMING step=6 latency_ms=176.47 min_ms=166.24 avg_ms=170.15 total_samples=2000000 throughput_samples_sec=11333292
[DEBUG] Write these tensors to SmartSim:
[DEBUG]   Tensor 0{dtype=Float, layout=Contiguous, ownership=External, shape=[100000, 18]}
DEBUG: put_tensor input_17_0 dims=[100000,18]
DEBUG: put_tensor input_11_0 dims=[100000,18]
DEBUG: put_tensor input_4_0 dims=[100000,18]
DEBUG: put_tensor input_0_0 dims=[100000,18]
[DEBUG] Input tensor names sent to SmartSim:
[DEBUG]   input_0_0
[DEBUG] Output tensor names expected from SmartSim:
[DEBUG]   output_0_0
DEBUG: put_tensor input_8_0 dims=[100000,18]
DEBUG: put_tensor input_15_0 dims=[100000,18]
DEBUG: put_tensor input_18_0 dims=[100000,18]
DEBUG: put_tensor input_14_0 dims=[100000,18]
DEBUG: put_tensor input_19_0 dims=[100000,18]
DEBUG: put_tensor input_9_0 dims=[100000,18]
DEBUG: put_tensor input_2_0 dims=[100000,18]
DEBUG: put_tensor input_12_0 dims=[100000,18]
DEBUG: put_tensor input_6_0 dims=[100000,18]
DEBUG: put_tensor input_16_0 dims=[100000,18]
DEBUG: put_tensor input_5_0 dims=[100000,18]
DEBUG: put_tensor input_10_0 dims=[100000,18]
DEBUG: put_tensor input_1_0 dims=[100000,18]
DEBUG: put_tensor input_13_0 dims=[100000,18]
DEBUG: put_tensor input_7_0 dims=[100000,18]
DEBUG: put_tensor input_3_0 dims=[100000,18]
[DEBUG] Retrieve these tensors from SmartSim:
[DEBUG]   Tensor 0{dtype=Float, layout=Contiguous, ownership=External, shape=[100000]}
STEP_TIMING step=7 latency_ms=181.87 min_ms=168.36 avg_ms=172.29 total_samples=2000000 throughput_samples_sec=10996843
[DEBUG] Write these tensors to SmartSim:
[DEBUG]   Tensor 0{dtype=Float, layout=Contiguous, ownership=External, shape=[100000, 18]}
DEBUG: put_tensor input_16_0 dims=[100000,18]
DEBUG: put_tensor input_8_0 dims=[100000,18]
DEBUG: put_tensor input_14_0 dims=[100000,18]
DEBUG: put_tensor input_12_0 dims=[100000,18]
DEBUG: put_tensor input_18_0 dims=[100000,18]
DEBUG: put_tensor input_10_0 dims=[100000,18]
DEBUG: put_tensor input_2_0 dims=[100000,18]
DEBUG: put_tensor input_4_0 dims=[100000,18]
DEBUG: put_tensor input_17_0 dims=[100000,18]
DEBUG: put_tensor input_0_0 dims=[100000,18]
[DEBUG] Input tensor names sent to SmartSim:
[DEBUG]   input_0_0
[DEBUG] Output tensor names expected from SmartSim:
[DEBUG]   output_0_0
DEBUG: put_tensor input_5_0 dims=[100000,18]
DEBUG: put_tensor input_6_0 dims=[100000,18]
DEBUG: put_tensor input_13_0 dims=[100000,18]
DEBUG: put_tensor input_11_0 dims=[100000,18]
DEBUG: put_tensor input_3_0 dims=[100000,18]
DEBUG: put_tensor input_7_0 dims=[100000,18]
DEBUG: put_tensor input_15_0 dims=[100000,18]
DEBUG: put_tensor input_9_0 dims=[100000,18]
DEBUG: put_tensor input_19_0 dims=[100000,18]
DEBUG: put_tensor input_1_0 dims=[100000,18]
[DEBUG] Retrieve these tensors from SmartSim:
[DEBUG]   Tensor 0{dtype=Float, layout=Contiguous, ownership=External, shape=[100000]}
STEP_TIMING step=8 latency_ms=136.87 min_ms=120.66 avg_ms=130.39 total_samples=2000000 throughput_samples_sec=14612280
[DEBUG] Write these tensors to SmartSim:
[DEBUG]   Tensor 0{dtype=Float, layout=Contiguous, ownership=External, shape=[100000, 18]}
DEBUG: put_tensor input_9_0 dims=[100000,18]
DEBUG: put_tensor input_12_0 dims=[100000,18]
DEBUG: put_tensor input_18_0 dims=[100000,18]
DEBUG: put_tensor input_0_0 dims=[100000,18]
[DEBUG] Input tensor names sent to SmartSim:
[DEBUG]   input_0_0
[DEBUG] Output tensor names expected from SmartSim:
[DEBUG]   output_0_0
DEBUG: put_tensor input_2_0 dims=[100000,18]
DEBUG: put_tensor input_4_0 dims=[100000,18]
DEBUG: put_tensor input_3_0 dims=[100000,18]
DEBUG: put_tensor input_17_0 dims=[100000,18]
DEBUG: put_tensor input_19_0 dims=[100000,18]
DEBUG: put_tensor input_6_0 dims=[100000,18]
DEBUG: put_tensor input_8_0 dims=[100000,18]
DEBUG: put_tensor input_5_0 dims=[100000,18]
DEBUG: put_tensor input_11_0 dims=[100000,18]
DEBUG: put_tensor input_15_0 dims=[100000,18]
DEBUG: put_tensor input_14_0 dims=[100000,18]
DEBUG: put_tensor input_16_0 dims=[100000,18]
DEBUG: put_tensor input_13_0 dims=[100000,18]
DEBUG: put_tensor input_1_0 dims=[100000,18]
DEBUG: put_tensor input_7_0 dims=[100000,18]
DEBUG: put_tensor input_10_0 dims=[100000,18]
[DEBUG] Retrieve these tensors from SmartSim:
[DEBUG]   Tensor 0{dtype=Float, layout=Contiguous, ownership=External, shape=[100000]}
STEP_TIMING step=9 latency_ms=142.51 min_ms=129.67 avg_ms=132.89 total_samples=2000000 throughput_samples_sec=14034256
[DEBUG] Write these tensors to SmartSim:
[DEBUG]   Tensor 0{dtype=Float, layout=Contiguous, ownership=External, shape=[100000, 18]}
DEBUG: put_tensor input_13_0 dims=[100000,18]
DEBUG: put_tensor input_14_0 dims=[100000,18]
DEBUG: put_tensor input_12_0 dims=[100000,18]
DEBUG: put_tensor input_17_0 dims=[100000,18]
DEBUG: put_tensor input_5_0 dims=[100000,18]
DEBUG: put_tensor input_9_0 dims=[100000,18]
DEBUG: put_tensor input_8_0 dims=[100000,18]
DEBUG: put_tensor input_16_0 dims=[100000,18]
DEBUG: put_tensor input_15_0 dims=[100000,18]
DEBUG: put_tensor input_4_0 dims=[100000,18]
DEBUG: put_tensor input_1_0 dims=[100000,18]
DEBUG: put_tensor input_11_0 dims=[100000,18]
DEBUG: put_tensor input_6_0 dims=[100000,18]
DEBUG: put_tensor input_18_0 dims=[100000,18]
DEBUG: put_tensor input_10_0 dims=[100000,18]
DEBUG: put_tensor input_0_0 dims=[100000,18]
[DEBUG] Input tensor names sent to SmartSim:
[DEBUG]   input_0_0
[DEBUG] Output tensor names expected from SmartSim:
[DEBUG]   output_0_0
DEBUG: put_tensor input_19_0 dims=[100000,18]
DEBUG: put_tensor input_2_0 dims=[100000,18]
DEBUG: put_tensor input_7_0 dims=[100000,18]
DEBUG: put_tensor input_3_0 dims=[100000,18]
[DEBUG] Retrieve these tensors from SmartSim:
[DEBUG]   Tensor 0{dtype=Float, layout=Contiguous, ownership=External, shape=[100000]}
STEP_TIMING step=10 latency_ms=130.44 min_ms=127.84 avg_ms=129.12 total_samples=2000000 throughput_samples_sec=15332871
[DEBUG] Write these tensors to SmartSim:
[DEBUG]   Tensor 0{dtype=Float, layout=Contiguous, ownership=External, shape=[100000, 18]}
DEBUG: put_tensor input_5_0 dims=[100000,18]
DEBUG: put_tensor input_3_0 dims=[100000,18]
DEBUG: put_tensor input_13_0 dims=[100000,18]
DEBUG: put_tensor input_0_0 dims=[100000,18]
[DEBUG] Input tensor names sent to SmartSim:
[DEBUG]   input_0_0
[DEBUG] Output tensor names expected from SmartSim:
[DEBUG]   output_0_0
DEBUG: put_tensor input_1_0 dims=[100000,18]
DEBUG: put_tensor input_14_0 dims=[100000,18]
DEBUG: put_tensor input_6_0 dims=[100000,18]
DEBUG: put_tensor input_19_0 dims=[100000,18]
DEBUG: put_tensor input_12_0 dims=[100000,18]
DEBUG: put_tensor input_8_0 dims=[100000,18]
DEBUG: put_tensor input_7_0 dims=[100000,18]
DEBUG: put_tensor input_17_0 dims=[100000,18]
DEBUG: put_tensor input_10_0 dims=[100000,18]
DEBUG: put_tensor input_9_0 dims=[100000,18]
DEBUG: put_tensor input_15_0 dims=[100000,18]
DEBUG: put_tensor input_4_0 dims=[100000,18]
DEBUG: put_tensor input_2_0 dims=[100000,18]
DEBUG: put_tensor input_18_0 dims=[100000,18]
DEBUG: put_tensor input_11_0 dims=[100000,18]
DEBUG: put_tensor input_16_0 dims=[100000,18]
[DEBUG] Retrieve these tensors from SmartSim:
[DEBUG]   Tensor 0{dtype=Float, layout=Contiguous, ownership=External, shape=[100000]}
STEP_TIMING step=11 latency_ms=124.39 min_ms=120.15 avg_ms=122.14 total_samples=2000000 throughput_samples_sec=16079017
[DEBUG] Write these tensors to SmartSim:
[DEBUG]   Tensor 0{dtype=Float, layout=Contiguous, ownership=External, shape=[100000, 18]}
DEBUG: put_tensor input_3_0 dims=[100000,18]
DEBUG: put_tensor input_11_0 dims=[100000,18]
DEBUG: put_tensor input_9_0 dims=[100000,18]
DEBUG: put_tensor input_16_0 dims=[100000,18]
DEBUG: put_tensor input_8_0 dims=[100000,18]
DEBUG: put_tensor input_0_0 dims=[100000,18]
[DEBUG] Input tensor names sent to SmartSim:
[DEBUG]   input_0_0
[DEBUG] Output tensor names expected from SmartSim:
[DEBUG]   output_0_0
DEBUG: put_tensor input_5_0 dims=[100000,18]
DEBUG: put_tensor input_13_0 dims=[100000,18]
DEBUG: put_tensor input_12_0 dims=[100000,18]
DEBUG: put_tensor input_7_0 dims=[100000,18]
DEBUG: put_tensor input_15_0 dims=[100000,18]
DEBUG: put_tensor input_1_0 dims=[100000,18]
DEBUG: put_tensor input_14_0 dims=[100000,18]
DEBUG: put_tensor input_4_0 dims=[100000,18]
DEBUG: put_tensor input_2_0 dims=[100000,18]
DEBUG: put_tensor input_6_0 dims=[100000,18]
DEBUG: put_tensor input_19_0 dims=[100000,18]
DEBUG: put_tensor input_17_0 dims=[100000,18]
DEBUG: put_tensor input_10_0 dims=[100000,18]
DEBUG: put_tensor input_18_0 dims=[100000,18]
[DEBUG] Retrieve these tensors from SmartSim:
[DEBUG]   Tensor 0{dtype=Float, layout=Contiguous, ownership=External, shape=[100000]}
STEP_TIMING step=12 latency_ms=117.28 min_ms=113.65 avg_ms=115.41 total_samples=2000000 throughput_samples_sec=17052671

=================================================================
=== Benchmark Summary (Steady-State Steps 3 to 12) ===
=================================================================
Steady Step Count:   10
Median Latency:      136.87 ms
Mean Latency:        146.53 ms
Min Latency:         108.77 ms
Max Latency:         229.85 ms
Median Throughput:   14612280 samples/sec
=================================================================
=== Finished smartsim (b=500000). Log: /rwthfs/rz/cluster/hpcwork/ro092286/smartsim/batch_memory_benchmark/logs/bench_smartsim_b500000_3053715_smartsim_b500000.log | Telemetry: /rwthfs/rz/cluster/hpcwork/ro092286/smartsim/batch_memory_benchmark/logs/bench_smartsim_b500000_3053715_smartsim_b500000_gpu_telemetry.csv ===

>>> Running Provider: smartsim | Batch Size: 2000000 <<<
=================================================================
=== Running Case: smartsim | Batch: 2000000 | ID: 3053715_smartsim_b2000000 ===
=================================================================
Starting SmartSim Redis DB on port 6827...
=================================================================
=== CMI Batch & Memory Calibration Benchmark Harness          ===
=================================================================
Provider:           smartsim
Config:             /rwthfs/rz/cluster/hpcwork/ro092286/smartsim/batch_memory_benchmark/configs/smartsim.toml
Model Path:         /rwthfs/rz/cluster/hpcwork/ro092286/smartsim/batch_memory_benchmark/../mini_app/train_models/model_a/watercnn_cuda.pt
Solver Ranks:       20 (World size: 20)
Samples per Rank:   100000
Total Work/Step:    2000000 samples
Target Batch Size:  2000000
SmartSim Min Batch: 2000000 (timeout=1000 ms)
Total Steps:        12 (Warmup: 2)
=================================================================

SmartRedis Library@19-35-08:WARNING: Environment variable SR_LOG_FILE is not set. Defaulting to stdout
SmartRedis Library@19-35-08:WARNING: Environment variable SR_LOG_LEVEL is not set. Defaulting to INFO
SmartRedis Library@19-35-08:WARNING: Environment variable SR_LOG_FILE is not set. Defaulting to stdout
SmartRedis Library@19-35-08:WARNING: Environment variable SR_LOG_LEVEL is not set. Defaulting to INFO
SmartRedis Library@19-35-08:WARNING: Environment variable SR_LOG_FILE is not set. Defaulting to stdout
SmartRedis Library@19-35-08:WARNING: Environment variable SR_LOG_LEVEL is not set. Defaulting to INFO
SmartRedis Library@19-35-08:WARNING: Environment variable SR_LOG_FILE is not set. Defaulting to stdout
SmartRedis Library@19-35-08:WARNING: Environment variable SR_LOG_LEVEL is not set. Defaulting to INFO
SmartRedis Library@19-35-08:WARNING: Environment variable SR_LOG_FILE is not set. Defaulting to stdout
SmartRedis Library@19-35-08:WARNING: Environment variable SR_LOG_LEVEL is not set. Defaulting to INFO
SmartRedis Library@19-35-08:WARNING: Environment variable SR_LOG_FILE is not set. Defaulting to stdout
SmartRedis Library@19-35-08:WARNING: Environment variable SR_LOG_LEVEL is not set. Defaulting to INFO
SmartRedis Library@19-35-08:WARNING: Environment variable SR_LOG_FILE is not set. Defaulting to stdout
SmartRedis Library@19-35-08:WARNING: Environment variable SR_LOG_LEVEL is not set. Defaulting to INFO
SmartRedis Library@19-35-08:WARNING: Environment variable SR_LOG_FILE is not set. Defaulting to stdout
SmartRedis Library@19-35-08:WARNING: Environment variable SR_LOG_LEVEL is not set. Defaulting to INFO
SmartRedis Library@19-35-08:WARNING: Environment variable SR_LOG_FILE is not set. Defaulting to stdout
SmartRedis Library@19-35-08:WARNING: Environment variable SR_LOG_LEVEL is not set. Defaulting to INFO
SmartRedis Library@19-35-08:WARNING: Environment variable SR_LOG_FILE is not set. Defaulting to stdout
SmartRedis Library@19-35-08:WARNING: Environment variable SR_LOG_LEVEL is not set. Defaulting to INFO
SmartRedis Library@19-35-08:WARNING: Environment variable SR_LOG_FILE is not set. Defaulting to stdout
SmartRedis Library@19-35-08:WARNING: Environment variable SR_LOG_LEVEL is not set. Defaulting to INFO
SmartRedis Library@19-35-08:WARNING: Environment variable SR_LOG_FILE is not set. Defaulting to stdout
SmartRedis Library@19-35-08:WARNING: Environment variable SR_LOG_LEVEL is not set. Defaulting to INFO
SmartRedis Library@19-35-08:WARNING: Environment variable SR_LOG_FILE is not set. Defaulting to stdout
SmartRedis Library@19-35-08:WARNING: Environment variable SR_LOG_LEVEL is not set. Defaulting to INFO
SmartRedis Library@19-35-08:WARNING: Environment variable SR_LOG_FILE is not set. Defaulting to stdout
SmartRedis Library@19-35-08:WARNING: Environment variable SR_LOG_FILE is not set. Defaulting to stdout
SmartRedis Library@19-35-08:WARNING: Environment variable SR_LOG_LEVEL is not set. Defaulting to INFO
SmartRedis Library@19-35-08:WARNING: Environment variable SR_LOG_FILE is not set. Defaulting to stdout
SmartRedis Library@19-35-08:WARNING: Environment variable SR_LOG_LEVEL is not set. Defaulting to INFO
SmartRedis Library@19-35-08:WARNING: Environment variable SR_LOG_FILE is not set. Defaulting to stdout
SmartRedis Library@19-35-08:WARNING: Environment variable SR_LOG_LEVEL is not set. Defaulting to INFO
SmartRedis Library@19-35-08:WARNING: Environment variable SR_LOG_FILE is not set. Defaulting to stdout
SmartRedis Library@19-35-08:WARNING: Environment variable SR_LOG_LEVEL is not set. Defaulting to INFO
SmartRedis Library@19-35-08:WARNING: Environment variable SR_LOG_FILE is not set. Defaulting to stdout
SmartRedis Library@19-35-08:WARNING: Environment variable SR_LOG_LEVEL is not set. Defaulting to INFO
SmartRedis Library@19-35-08:WARNING: Environment variable SR_LOG_FILE is not set. Defaulting to stdout
SmartRedis Library@19-35-08:WARNING: Environment variable SR_LOG_LEVEL is not set. Defaulting to INFO
SmartRedis Library@19-35-08:WARNING: Environment variable SR_LOG_LEVEL is not set. Defaulting to INFO
CMI initialized successfully. Starting benchmark steps...

[DEBUG] Write these tensors to SmartSim:
[DEBUG]   Tensor 0{dtype=Float, layout=Contiguous, ownership=External, shape=[100000, 18]}
DEBUG: put_tensor input_6_0 dims=[100000,18]
DEBUG: put_tensor input_4_0 dims=[100000,18]
DEBUG: put_tensor input_2_0 dims=[100000,18]
DEBUG: put_tensor input_1_0 dims=[100000,18]
DEBUG: put_tensor input_0_0 dims=[100000,18]
[DEBUG] Input tensor names sent to SmartSim:
[DEBUG]   input_0_0
[DEBUG] Output tensor names expected from SmartSim:
[DEBUG]   output_0_0
DEBUG: put_tensor input_16_0 dims=[100000,18]
DEBUG: put_tensor input_5_0 dims=[100000,18]
DEBUG: put_tensor input_3_0 dims=[100000,18]
DEBUG: put_tensor input_7_0 dims=[100000,18]
DEBUG: put_tensor input_17_0 dims=[100000,18]
DEBUG: put_tensor input_8_0 dims=[100000,18]
DEBUG: put_tensor input_12_0 dims=[100000,18]
DEBUG: put_tensor input_14_0 dims=[100000,18]
DEBUG: put_tensor input_19_0 dims=[100000,18]
DEBUG: put_tensor input_15_0 dims=[100000,18]
DEBUG: put_tensor input_9_0 dims=[100000,18]
DEBUG: put_tensor input_18_0 dims=[100000,18]
DEBUG: put_tensor input_13_0 dims=[100000,18]
DEBUG: put_tensor input_10_0 dims=[100000,18]
DEBUG: put_tensor input_11_0 dims=[100000,18]
[DEBUG] Retrieve these tensors from SmartSim:
[DEBUG]   Tensor 0{dtype=Float, layout=Contiguous, ownership=External, shape=[100000]}
STEP_TIMING step=1 latency_ms=481.04 min_ms=478.14 avg_ms=479.01 total_samples=2000000 throughput_samples_sec=4157636
[DEBUG] Write these tensors to SmartSim:
[DEBUG]   Tensor 0{dtype=Float, layout=Contiguous, ownership=External, shape=[100000, 18]}
DEBUG: put_tensor input_1_0 dims=[100000,18]
DEBUG: put_tensor input_4_0 dims=[100000,18]
DEBUG: put_tensor input_2_0 dims=[100000,18]
DEBUG: put_tensor input_0_0 dims=[100000,18]
DEBUG: put_tensor input_15_0 dims=[100000,18]
[DEBUG] Input tensor names sent to SmartSim:
[DEBUG]   input_0_0
[DEBUG] Output tensor names expected from SmartSim:
[DEBUG]   output_0_0
DEBUG: put_tensor input_6_0 dims=[100000,18]
DEBUG: put_tensor input_7_0 dims=[100000,18]
DEBUG: put_tensor input_17_0 dims=[100000,18]
DEBUG: put_tensor input_11_0 dims=[100000,18]
DEBUG: put_tensor input_18_0 dims=[100000,18]
DEBUG: put_tensor input_10_0 dims=[100000,18]
DEBUG: put_tensor input_8_0 dims=[100000,18]
DEBUG: put_tensor input_5_0 dims=[100000,18]
DEBUG: put_tensor input_12_0 dims=[100000,18]
DEBUG: put_tensor input_9_0 dims=[100000,18]
DEBUG: put_tensor input_14_0 dims=[100000,18]
DEBUG: put_tensor input_13_0 dims=[100000,18]
DEBUG: put_tensor input_16_0 dims=[100000,18]
DEBUG: put_tensor input_3_0 dims=[100000,18]
DEBUG: put_tensor input_19_0 dims=[100000,18]
[DEBUG] Retrieve these tensors from SmartSim:
[DEBUG]   Tensor 0{dtype=Float, layout=Contiguous, ownership=External, shape=[100000]}
STEP_TIMING step=2 latency_ms=238.36 min_ms=226.43 avg_ms=228.99 total_samples=2000000 throughput_samples_sec=8390767
[DEBUG] Write these tensors to SmartSim:
[DEBUG]   Tensor 0{dtype=Float, layout=Contiguous, ownership=External, shape=[100000, 18]}
DEBUG: put_tensor input_18_0 dims=[100000,18]
DEBUG: put_tensor input_1_0 dims=[100000,18]
DEBUG: put_tensor input_2_0 dims=[100000,18]
DEBUG: put_tensor input_4_0 dims=[100000,18]
DEBUG: put_tensor input_11_0 dims=[100000,18]
DEBUG: put_tensor input_0_0 dims=[100000,18]
[DEBUG] Input tensor names sent to SmartSim:
[DEBUG]   input_0_0
[DEBUG] Output tensor names expected from SmartSim:
[DEBUG]   output_0_0
DEBUG: put_tensor input_6_0 dims=[100000,18]
DEBUG: put_tensor input_3_0 dims=[100000,18]
DEBUG: put_tensor input_9_0 dims=[100000,18]
DEBUG: put_tensor input_16_0 dims=[100000,18]
DEBUG: put_tensor input_13_0 dims=[100000,18]
DEBUG: put_tensor input_7_0 dims=[100000,18]
DEBUG: put_tensor input_12_0 dims=[100000,18]
DEBUG: put_tensor input_19_0 dims=[100000,18]
DEBUG: put_tensor input_14_0 dims=[100000,18]
DEBUG: put_tensor input_5_0 dims=[100000,18]
DEBUG: put_tensor input_10_0 dims=[100000,18]
DEBUG: put_tensor input_17_0 dims=[100000,18]
DEBUG: put_tensor input_15_0 dims=[100000,18]
DEBUG: put_tensor input_8_0 dims=[100000,18]
[DEBUG] Retrieve these tensors from SmartSim:
[DEBUG]   Tensor 0{dtype=Float, layout=Contiguous, ownership=External, shape=[100000]}
STEP_TIMING step=3 latency_ms=183.17 min_ms=165.42 avg_ms=177.66 total_samples=2000000 throughput_samples_sec=10918826
[DEBUG] Write these tensors to SmartSim:
[DEBUG]   Tensor 0{dtype=Float, layout=Contiguous, ownership=External, shape=[100000, 18]}
DEBUG: put_tensor input_9_0 dims=[100000,18]
DEBUG: put_tensor input_1_0 dims=[100000,18]
DEBUG: put_tensor input_2_0 dims=[100000,18]
DEBUG: put_tensor input_15_0 dims=[100000,18]
DEBUG: put_tensor input_18_0 dims=[100000,18]
DEBUG: put_tensor input_6_0 dims=[100000,18]
DEBUG: put_tensor input_19_0 dims=[100000,18]
DEBUG: put_tensor input_0_0 dims=[100000,18]
[DEBUG] Input tensor names sent to SmartSim:
[DEBUG]   input_0_0
[DEBUG] Output tensor names expected from SmartSim:
[DEBUG]   output_0_0
DEBUG: put_tensor input_4_0 dims=[100000,18]
DEBUG: put_tensor input_13_0 dims=[100000,18]
DEBUG: put_tensor input_14_0 dims=[100000,18]
DEBUG: put_tensor input_12_0 dims=[100000,18]
DEBUG: put_tensor input_10_0 dims=[100000,18]
DEBUG: put_tensor input_16_0 dims=[100000,18]
DEBUG: put_tensor input_11_0 dims=[100000,18]
DEBUG: put_tensor input_5_0 dims=[100000,18]
DEBUG: put_tensor input_8_0 dims=[100000,18]
DEBUG: put_tensor input_17_0 dims=[100000,18]
DEBUG: put_tensor input_7_0 dims=[100000,18]
DEBUG: put_tensor input_3_0 dims=[100000,18]
[DEBUG] Retrieve these tensors from SmartSim:
[DEBUG]   Tensor 0{dtype=Float, layout=Contiguous, ownership=External, shape=[100000]}
STEP_TIMING step=4 latency_ms=249.28 min_ms=241.61 avg_ms=246.51 total_samples=2000000 throughput_samples_sec=8022950
[DEBUG] Write these tensors to SmartSim:
[DEBUG]   Tensor 0{dtype=Float, layout=Contiguous, ownership=External, shape=[100000, 18]}
DEBUG: put_tensor input_17_0 dims=[100000,18]
DEBUG: put_tensor input_2_0 dims=[100000,18]
DEBUG: put_tensor input_6_0 dims=[100000,18]
DEBUG: put_tensor input_13_0 dims=[100000,18]
DEBUG: put_tensor input_0_0 dims=[100000,18]
[DEBUG] Input tensor names sent to SmartSim:
[DEBUG]   input_0_0
[DEBUG] Output tensor names expected from SmartSim:
[DEBUG]   output_0_0
DEBUG: put_tensor input_4_0 dims=[100000,18]
DEBUG: put_tensor input_1_0 dims=[100000,18]
DEBUG: put_tensor input_9_0 dims=[100000,18]
DEBUG: put_tensor input_18_0 dims=[100000,18]
DEBUG: put_tensor input_11_0 dims=[100000,18]
DEBUG: put_tensor input_14_0 dims=[100000,18]
DEBUG: put_tensor input_19_0 dims=[100000,18]
DEBUG: put_tensor input_12_0 dims=[100000,18]
DEBUG: put_tensor input_10_0 dims=[100000,18]
DEBUG: put_tensor input_7_0 dims=[100000,18]
DEBUG: put_tensor input_5_0 dims=[100000,18]
DEBUG: put_tensor input_16_0 dims=[100000,18]
DEBUG: put_tensor input_8_0 dims=[100000,18]
DEBUG: put_tensor input_15_0 dims=[100000,18]
DEBUG: put_tensor input_3_0 dims=[100000,18]
[DEBUG] Retrieve these tensors from SmartSim:
[DEBUG]   Tensor 0{dtype=Float, layout=Contiguous, ownership=External, shape=[100000]}
STEP_TIMING step=5 latency_ms=299.09 min_ms=285.98 avg_ms=289.29 total_samples=2000000 throughput_samples_sec=6686900
[DEBUG] Write these tensors to SmartSim:
[DEBUG]   Tensor 0{dtype=Float, layout=Contiguous, ownership=External, shape=[100000, 18]}
DEBUG: put_tensor input_18_0 dims=[100000,18]
DEBUG: put_tensor input_15_0 dims=[100000,18]
DEBUG: put_tensor input_1_0 dims=[100000,18]
DEBUG: put_tensor input_5_0 dims=[100000,18]
DEBUG: put_tensor input_2_0 dims=[100000,18]
DEBUG: put_tensor input_16_0 dims=[100000,18]
DEBUG: put_tensor input_0_0 dims=[100000,18]
[DEBUG] Input tensor names sent to SmartSim:
[DEBUG]   input_0_0
[DEBUG] Output tensor names expected from SmartSim:
[DEBUG]   output_0_0
DEBUG: put_tensor input_10_0 dims=[100000,18]
DEBUG: put_tensor input_6_0 dims=[100000,18]
DEBUG: put_tensor input_17_0 dims=[100000,18]
DEBUG: put_tensor input_4_0 dims=[100000,18]
DEBUG: put_tensor input_12_0 dims=[100000,18]
DEBUG: put_tensor input_11_0 dims=[100000,18]
DEBUG: put_tensor input_13_0 dims=[100000,18]
DEBUG: put_tensor input_7_0 dims=[100000,18]
DEBUG: put_tensor input_3_0 dims=[100000,18]
DEBUG: put_tensor input_8_0 dims=[100000,18]
DEBUG: put_tensor input_9_0 dims=[100000,18]
DEBUG: put_tensor input_19_0 dims=[100000,18]
DEBUG: put_tensor input_14_0 dims=[100000,18]
[DEBUG] Retrieve these tensors from SmartSim:
[DEBUG]   Tensor 0{dtype=Float, layout=Contiguous, ownership=External, shape=[100000]}
STEP_TIMING step=6 latency_ms=224.16 min_ms=212.75 avg_ms=220.37 total_samples=2000000 throughput_samples_sec=8922214
[DEBUG] Write these tensors to SmartSim:
[DEBUG]   Tensor 0{dtype=Float, layout=Contiguous, ownership=External, shape=[100000, 18]}
DEBUG: put_tensor input_12_0 dims=[100000,18]
DEBUG: put_tensor input_15_0 dims=[100000,18]
DEBUG: put_tensor input_1_0 dims=[100000,18]
DEBUG: put_tensor input_5_0 dims=[100000,18]
DEBUG: put_tensor input_4_0 dims=[100000,18]
DEBUG: put_tensor input_17_0 dims=[100000,18]
DEBUG: put_tensor input_11_0 dims=[100000,18]
DEBUG: put_tensor input_0_0 dims=[100000,18]
[DEBUG] Input tensor names sent to SmartSim:
[DEBUG]   input_0_0
[DEBUG] Output tensor names expected from SmartSim:
[DEBUG]   output_0_0
DEBUG: put_tensor input_18_0 dims=[100000,18]
DEBUG: put_tensor input_8_0 dims=[100000,18]
DEBUG: put_tensor input_16_0 dims=[100000,18]
DEBUG: put_tensor input_6_0 dims=[100000,18]
DEBUG: put_tensor input_2_0 dims=[100000,18]
DEBUG: put_tensor input_7_0 dims=[100000,18]
DEBUG: put_tensor input_13_0 dims=[100000,18]
DEBUG: put_tensor input_19_0 dims=[100000,18]
DEBUG: put_tensor input_9_0 dims=[100000,18]
DEBUG: put_tensor input_14_0 dims=[100000,18]
DEBUG: put_tensor input_10_0 dims=[100000,18]
DEBUG: put_tensor input_3_0 dims=[100000,18]
[DEBUG] Retrieve these tensors from SmartSim:
[DEBUG]   Tensor 0{dtype=Float, layout=Contiguous, ownership=External, shape=[100000]}
STEP_TIMING step=7 latency_ms=190.05 min_ms=185.98 avg_ms=187.12 total_samples=2000000 throughput_samples_sec=10523653
[DEBUG] Write these tensors to SmartSim:
[DEBUG]   Tensor 0{dtype=Float, layout=Contiguous, ownership=External, shape=[100000, 18]}
DEBUG: put_tensor input_4_0 dims=[100000,18]
DEBUG: put_tensor input_5_0 dims=[100000,18]
DEBUG: put_tensor input_1_0 dims=[100000,18]
DEBUG: put_tensor input_2_0 dims=[100000,18]
DEBUG: put_tensor input_6_0 dims=[100000,18]
DEBUG: put_tensor input_11_0 dims=[100000,18]
DEBUG: put_tensor input_7_0 dims=[100000,18]
DEBUG: put_tensor input_18_0 dims=[100000,18]
DEBUG: put_tensor input_0_0 dims=[100000,18]
[DEBUG] Input tensor names sent to SmartSim:
[DEBUG]   input_0_0
[DEBUG] Output tensor names expected from SmartSim:
[DEBUG]   output_0_0
DEBUG: put_tensor input_10_0 dims=[100000,18]
DEBUG: put_tensor input_12_0 dims=[100000,18]
DEBUG: put_tensor input_15_0 dims=[100000,18]
DEBUG: put_tensor input_3_0 dims=[100000,18]
DEBUG: put_tensor input_8_0 dims=[100000,18]
DEBUG: put_tensor input_16_0 dims=[100000,18]
DEBUG: put_tensor input_9_0 dims=[100000,18]
DEBUG: put_tensor input_14_0 dims=[100000,18]
DEBUG: put_tensor input_17_0 dims=[100000,18]
DEBUG: put_tensor input_13_0 dims=[100000,18]
DEBUG: put_tensor input_19_0 dims=[100000,18]
[DEBUG] Retrieve these tensors from SmartSim:
[DEBUG]   Tensor 0{dtype=Float, layout=Contiguous, ownership=External, shape=[100000]}
STEP_TIMING step=8 latency_ms=200.28 min_ms=196.87 avg_ms=198.70 total_samples=2000000 throughput_samples_sec=9986127
[DEBUG] Write these tensors to SmartSim:
[DEBUG]   Tensor 0{dtype=Float, layout=Contiguous, ownership=External, shape=[100000, 18]}
DEBUG: put_tensor input_2_0 dims=[100000,18]
DEBUG: put_tensor input_14_0 dims=[100000,18]
DEBUG: put_tensor input_0_0 dims=[100000,18]
[DEBUG] Input tensor names sent to SmartSim:
[DEBUG]   input_0_0
[DEBUG] Output tensor names expected from SmartSim:
[DEBUG]   output_0_0
DEBUG: put_tensor input_4_0 dims=[100000,18]
DEBUG: put_tensor input_12_0 dims=[100000,18]
DEBUG: put_tensor input_15_0 dims=[100000,18]
DEBUG: put_tensor input_1_0 dims=[100000,18]
DEBUG: put_tensor input_10_0 dims=[100000,18]
DEBUG: put_tensor input_5_0 dims=[100000,18]
DEBUG: put_tensor input_18_0 dims=[100000,18]
DEBUG: put_tensor input_7_0 dims=[100000,18]
DEBUG: put_tensor input_3_0 dims=[100000,18]
DEBUG: put_tensor input_8_0 dims=[100000,18]
DEBUG: put_tensor input_16_0 dims=[100000,18]
DEBUG: put_tensor input_11_0 dims=[100000,18]
DEBUG: put_tensor input_9_0 dims=[100000,18]
DEBUG: put_tensor input_6_0 dims=[100000,18]
DEBUG: put_tensor input_17_0 dims=[100000,18]
DEBUG: put_tensor input_19_0 dims=[100000,18]
DEBUG: put_tensor input_13_0 dims=[100000,18]
[DEBUG] Retrieve these tensors from SmartSim:
[DEBUG]   Tensor 0{dtype=Float, layout=Contiguous, ownership=External, shape=[100000]}
STEP_TIMING step=9 latency_ms=184.19 min_ms=182.39 avg_ms=182.98 total_samples=2000000 throughput_samples_sec=10858435
[DEBUG] Write these tensors to SmartSim:
[DEBUG]   Tensor 0{dtype=Float, layout=Contiguous, ownership=External, shape=[100000, 18]}
DEBUG: put_tensor input_4_0 dims=[100000,18]
DEBUG: put_tensor input_1_0 dims=[100000,18]
DEBUG: put_tensor input_13_0 dims=[100000,18]
DEBUG: put_tensor input_12_0 dims=[100000,18]
DEBUG: put_tensor input_16_0 dims=[100000,18]
DEBUG: put_tensor input_14_0 dims=[100000,18]
DEBUG: put_tensor input_2_0 dims=[100000,18]
DEBUG: put_tensor input_6_0 dims=[100000,18]
DEBUG: put_tensor input_19_0 dims=[100000,18]
DEBUG: put_tensor input_11_0 dims=[100000,18]
DEBUG: put_tensor input_5_0 dims=[100000,18]
DEBUG: put_tensor input_18_0 dims=[100000,18]
DEBUG: put_tensor input_7_0 dims=[100000,18]
DEBUG: put_tensor input_3_0 dims=[100000,18]
DEBUG: put_tensor input_9_0 dims=[100000,18]
DEBUG: put_tensor input_10_0 dims=[100000,18]
DEBUG: put_tensor input_8_0 dims=[100000,18]
DEBUG: put_tensor input_15_0 dims=[100000,18]
DEBUG: put_tensor input_17_0 dims=[100000,18]
DEBUG: put_tensor input_0_0 dims=[100000,18]
[DEBUG] Input tensor names sent to SmartSim:
[DEBUG]   input_0_0
[DEBUG] Output tensor names expected from SmartSim:
[DEBUG]   output_0_0
[DEBUG] Retrieve these tensors from SmartSim:
[DEBUG]   Tensor 0{dtype=Float, layout=Contiguous, ownership=External, shape=[100000]}
STEP_TIMING step=10 latency_ms=201.31 min_ms=200.04 avg_ms=200.54 total_samples=2000000 throughput_samples_sec=9935054
[DEBUG] Write these tensors to SmartSim:
[DEBUG]   Tensor 0{dtype=Float, layout=Contiguous, ownership=External, shape=[100000, 18]}
DEBUG: put_tensor input_16_0 dims=[100000,18]
DEBUG: put_tensor input_13_0 dims=[100000,18]
DEBUG: put_tensor input_18_0 dims=[100000,18]
DEBUG: put_tensor input_7_0 dims=[100000,18]
DEBUG: put_tensor input_10_0 dims=[100000,18]
DEBUG: put_tensor input_12_0 dims=[100000,18]
DEBUG: put_tensor input_19_0 dims=[100000,18]
DEBUG: put_tensor input_2_0 dims=[100000,18]
DEBUG: put_tensor input_6_0 dims=[100000,18]
DEBUG: put_tensor input_5_0 dims=[100000,18]
DEBUG: put_tensor input_8_0 dims=[100000,18]
DEBUG: put_tensor input_14_0 dims=[100000,18]
DEBUG: put_tensor input_3_0 dims=[100000,18]
DEBUG: put_tensor input_15_0 dims=[100000,18]
DEBUG: put_tensor input_4_0 dims=[100000,18]
DEBUG: put_tensor input_17_0 dims=[100000,18]
DEBUG: put_tensor input_0_0 dims=[100000,18]
[DEBUG] Input tensor names sent to SmartSim:
[DEBUG]   input_0_0
[DEBUG] Output tensor names expected from SmartSim:
[DEBUG]   output_0_0
DEBUG: put_tensor input_1_0 dims=[100000,18]
DEBUG: put_tensor input_9_0 dims=[100000,18]
DEBUG: put_tensor input_11_0 dims=[100000,18]
[DEBUG] Retrieve these tensors from SmartSim:
[DEBUG]   Tensor 0{dtype=Float, layout=Contiguous, ownership=External, shape=[100000]}
STEP_TIMING step=11 latency_ms=178.21 min_ms=176.61 avg_ms=177.65 total_samples=2000000 throughput_samples_sec=11222786
[DEBUG] Write these tensors to SmartSim:
[DEBUG]   Tensor 0{dtype=Float, layout=Contiguous, ownership=External, shape=[100000, 18]}
DEBUG: put_tensor input_15_0 dims=[100000,18]
DEBUG: put_tensor input_0_0 dims=[100000,18]
[DEBUG] Input tensor names sent to SmartSim:
[DEBUG]   input_0_0
[DEBUG] Output tensor names expected from SmartSim:
[DEBUG]   output_0_0
DEBUG: put_tensor input_7_0 dims=[100000,18]
DEBUG: put_tensor input_6_0 dims=[100000,18]
DEBUG: put_tensor input_13_0 dims=[100000,18]
DEBUG: put_tensor input_1_0 dims=[100000,18]
DEBUG: put_tensor input_10_0 dims=[100000,18]
DEBUG: put_tensor input_5_0 dims=[100000,18]
DEBUG: put_tensor input_8_0 dims=[100000,18]
DEBUG: put_tensor input_14_0 dims=[100000,18]
DEBUG: put_tensor input_19_0 dims=[100000,18]
DEBUG: put_tensor input_17_0 dims=[100000,18]
DEBUG: put_tensor input_2_0 dims=[100000,18]
DEBUG: put_tensor input_3_0 dims=[100000,18]
DEBUG: put_tensor input_9_0 dims=[100000,18]
DEBUG: put_tensor input_11_0 dims=[100000,18]
DEBUG: put_tensor input_4_0 dims=[100000,18]
DEBUG: put_tensor input_16_0 dims=[100000,18]
DEBUG: put_tensor input_18_0 dims=[100000,18]
DEBUG: put_tensor input_12_0 dims=[100000,18]
[DEBUG] Retrieve these tensors from SmartSim:
[DEBUG]   Tensor 0{dtype=Float, layout=Contiguous, ownership=External, shape=[100000]}
STEP_TIMING step=12 latency_ms=178.10 min_ms=175.79 avg_ms=177.17 total_samples=2000000 throughput_samples_sec=11229357

=================================================================
=== Benchmark Summary (Steady-State Steps 3 to 12) ===
=================================================================
Steady Step Count:   10
Median Latency:      200.28 ms
Mean Latency:        208.78 ms
Min Latency:         178.10 ms
Max Latency:         299.09 ms
Median Throughput:   9986127 samples/sec
=================================================================
=== Finished smartsim (b=2000000). Log: /rwthfs/rz/cluster/hpcwork/ro092286/smartsim/batch_memory_benchmark/logs/bench_smartsim_b2000000_3053715_smartsim_b2000000.log | Telemetry: /rwthfs/rz/cluster/hpcwork/ro092286/smartsim/batch_memory_benchmark/logs/bench_smartsim_b2000000_3053715_smartsim_b2000000_gpu_telemetry.csv ===

>>> Running Provider: aix_collective | Batch Size: 100000 <<<
=================================================================
=== Running Case: aix_collective | Batch: 100000 | ID: 3053715_aix_collective_b100000 ===
=================================================================
=================================================================
=== CMI Batch & Memory Calibration Benchmark Harness          ===
=================================================================
Provider:           aix
Config:             /rwthfs/rz/cluster/hpcwork/ro092286/smartsim/batch_memory_benchmark/configs/aix.toml
Model Path:         /rwthfs/rz/cluster/hpcwork/ro092286/smartsim/batch_memory_benchmark/../mini_app/train_models/model_a/watercnn_cuda.pt
Solver Ranks:       20 (World size: 20)
Samples per Rank:   100000
Total Work/Step:    2000000 samples
Target Batch Size:  100000
SmartSim Min Batch: 0 (timeout=0 ms)
Total Steps:        12 (Warmup: 2)
=================================================================

AIxeleratorService: suffix = .pt
AIxeleratorService: suffix = .pt
AIxeleratorService: suffix = .pt
AIxeleratorService: suffix = .pt
AIxeleratorService: suffix = .pt
AIxeleratorService: suffix = .pt
AIxeleratorService: suffix = .pt
AIxeleratorService: suffix = .pt
AIxeleratorService: suffix = .pt
AIxeleratorService: suffix = .pt
AIxeleratorService: suffix = .pt
AIxeleratorService: suffix = .pt
AIxeleratorService: suffix = .pt
AIxeleratorService: suffix = .pt
AIxeleratorService: suffix = .pt
AIxeleratorService: suffix = .pt
AIxeleratorService: suffix = .pt
AIxeleratorService: suffix = .pt
AIxeleratorService: suffix = .pt
AIxeleratorService: suffix = .pt
Rank 4/20 on its local machine is 4/20
Rank 0/20 on its local machine is 0/20
Rank 19/20 on its local machine is 19/20
Rank 6/20 on its local machine is 6/20
Rank 5/20 on its local machine is 5/20
Rank 18/20 on its local machine is 18/20
Rank 2/20 on its local machine is 2/20
Rank 17/20 on its local machine is 17/20
Rank 11/20 on its local machine is 11/20
Rank 12/20 on its local machine is 12/20
Rank 14/20 on its local machine is 14/20
Rank 3/20 on its local machine is 3/20
Rank 8/20 on its local machine is 8/20
Rank 10/20 on its local machine is 10/20
Rank 15/20 on its local machine is 15/20
Rank 7/20 on its local machine is 7/20
Rank 1/20 on its local machine is 1/20
Rank 16/20 on its local machine is 16/20
Rank 13/20 on its local machine is 13/20
Rank 9/20 on its local machine is 9/20
Rank 18/20 on its local machine is 18/20 and has access to 1 devices!
Rank 13/20 on its local machine is 13/20 and has access to 1 devices!
Rank 17/20 on its local machine is 17/20 and has access to 1 devices!
Rank 16/20 on its local machine is 16/20 and has access to 1 devices!
Rank 9/20 on its local machine is 9/20 and has access to 1 devices!
Rank 8/20 on its local machine is 8/20 and has access to 1 devices!
Rank 5/20 on its local machine is 5/20 and has access to 1 devices!
Rank 1/20 on its local machine is 1/20 and has access to 1 devices!
Rank 11/20 on its local machine is 11/20 and has access to 1 devices!
Rank 10/20 on its local machine is 10/20 and has access to 1 devices!
Rank 19/20 on its local machine is 19/20 and has access to 1 devices!
Rank 0/20 on its local machine is 0/20 and has access to 1 devices!
Rank 0/20 on its local machine is 0/20 is the GPU controller!
Rank 3/20 on its local machine is 3/20 and has access to 1 devices!
Rank 14/20 on its local machine is 14/20 and has access to 1 devices!
Rank 7/20 on its local machine is 7/20 and has access to 1 devices!
Rank 4/20 on its local machine is 4/20 and has access to 1 devices!
Rank 15/20 on its local machine is 15/20 and has access to 1 devices!
Rank 12/20 on its local machine is 12/20 and has access to 1 devices!
Rank 6/20 on its local machine is 6/20 and has access to 1 devices!
Rank 2/20 on its local machine is 2/20 and has access to 1 devices!
Rank 7/20 knows that there is a total of 1 GPUs across all systems
Rank 19/20 knows that there is a total of 1 GPUs across all systems
Rank 10/20 knows that there is a total of 1 GPUs across all systems
Rank 12/20 knows that there is a total of 1 GPUs across all systems
Rank 8/20 knows that there is a total of 1 GPUs across all systems
Rank 16/20 knows that there is a total of 1 GPUs across all systems
Rank 13/20 knows that there is a total of 1 GPUs across all systems
Rank 1/20 knows that there is a total of 1 GPUs across all systems
Rank 15/20 knows that there is a total of 1 GPUs across all systems
Rank 3/20 knows that there is a total of 1 GPUs across all systems
Rank 0/20 knows that there is a total of 1 GPUs across all systems
Rank 9/20 knows that there is a total of 1 GPUs across all systems
Rank 2/20 knows that there is a total of 1 GPUs across all systems
Rank 4/20 knows that there is a total of 1 GPUs across all systems
Rank 14/20 knows that there is a total of 1 GPUs across all systems
Rank 5/20 knows that there is a total of 1 GPUs across all systems
Rank 17/20 knows that there is a total of 1 GPUs across all systems
Rank 18/20 knows that there is a total of 1 GPUs across all systems
Rank 11/20 knows that there is a total of 1 GPUs across all systems
Rank 6/20 knows that there is a total of 1 GPUs across all systems
Rank 17/20 will be in group 0 order 18
Rank 18/20 will be in group 0 order 19
Rank 9/20 will be in group 0 order 10
Rank 7/20 will be in group 0 order 8
Rank 19/20 will be in group 0 order 20
Rank 19/20 got id of 19/20
Rank 10/20 will be in group 0 order 11
Rank 10/20 got id of 10/20
Rank 12/20 will be in group 0 order 13
Rank 8/20 will be in group 0 order 9
Rank 8/20 got id of 8/20
Rank 11/20 will be in group 0 order 12
Rank 11/20 got id of 11/20
Rank 16/20 will be in group 0 order 17
Rank 16/20 got id of 16/20
Rank 13/20 will be in group 0 order 14
Rank 13/20 got id of 13/20
Rank 1/20 will be in group 0 order 2
Rank 1/20 got id of 1/20
Rank 15/20 will be in group 0 order 16
Rank 15/20 got id of 15/20
Rank 3/20 will be in group 0 order 4
Rank 3/20 got id of 3/20
Rank 0/20 will be in group 0 order 0
Rank 0/20 got id of 0/20
Rank 6/20 will be in group 0 order 7
Rank 6/20 got id of 6/20
Rank 2/20 will be in group 0 order 3
Rank 2/20 got id of 2/20
Rank 4/20 will be in group 0 order 5
Rank 4/20 got id of 4/20
Rank 14/20 will be in group 0 order 15
Rank 14/20 got id of 14/20
Rank 5/20 will be in group 0 order 6
Rank 5/20 got id of 5/20
Rank 17/20 got id of 17/20
Rank 18/20 got id of 18/20
Rank 9/20 got id of 9/20
Rank 7/20 got id of 7/20
Rank 12/20 got id of 12/20
CMI initialized successfully. Starting benchmark steps...

AIxeleratorService: gathering input data
AIxeleratorService: inference on device
AIxeleratorService: inference on host
AIxeleratorService: scattering output data
STEP_TIMING step=1 latency_ms=10933.06 min_ms=10924.81 avg_ms=10929.27 total_samples=2000000 throughput_samples_sec=182931
AIxeleratorService: gathering input data
AIxeleratorService: inference on device
AIxeleratorService: inference on host
AIxeleratorService: scattering output data
STEP_TIMING step=2 latency_ms=38.27 min_ms=37.28 avg_ms=37.78 total_samples=2000000 throughput_samples_sec=52263420
AIxeleratorService: gathering input data
AIxeleratorService: inference on device
AIxeleratorService: inference on host
AIxeleratorService: scattering output data
STEP_TIMING step=3 latency_ms=36.52 min_ms=35.67 avg_ms=36.11 total_samples=2000000 throughput_samples_sec=54761064
AIxeleratorService: gathering input data
AIxeleratorService: inference on device
AIxeleratorService: inference on host
AIxeleratorService: scattering output data
STEP_TIMING step=4 latency_ms=33.99 min_ms=33.19 avg_ms=33.59 total_samples=2000000 throughput_samples_sec=58837311
AIxeleratorService: gathering input data
AIxeleratorService: inference on device
AIxeleratorService: inference on host
AIxeleratorService: scattering output data
STEP_TIMING step=5 latency_ms=33.26 min_ms=32.47 avg_ms=32.87 total_samples=2000000 throughput_samples_sec=60138464
AIxeleratorService: gathering input data
AIxeleratorService: inference on device
AIxeleratorService: inference on host
AIxeleratorService: scattering output data
STEP_TIMING step=6 latency_ms=33.04 min_ms=32.22 avg_ms=32.63 total_samples=2000000 throughput_samples_sec=60527260
AIxeleratorService: gathering input data
AIxeleratorService: inference on device
AIxeleratorService: inference on host
AIxeleratorService: scattering output data
STEP_TIMING step=7 latency_ms=32.77 min_ms=31.96 avg_ms=32.37 total_samples=2000000 throughput_samples_sec=61038042
AIxeleratorService: gathering input data
AIxeleratorService: inference on device
AIxeleratorService: inference on host
AIxeleratorService: scattering output data
STEP_TIMING step=8 latency_ms=32.86 min_ms=32.04 avg_ms=32.46 total_samples=2000000 throughput_samples_sec=60867488
AIxeleratorService: gathering input data
AIxeleratorService: inference on device
AIxeleratorService: inference on host
AIxeleratorService: scattering output data
STEP_TIMING step=9 latency_ms=35.03 min_ms=34.18 avg_ms=34.62 total_samples=2000000 throughput_samples_sec=57091248
AIxeleratorService: gathering input data
AIxeleratorService: inference on device
AIxeleratorService: inference on host
AIxeleratorService: scattering output data
STEP_TIMING step=10 latency_ms=32.85 min_ms=32.01 avg_ms=32.44 total_samples=2000000 throughput_samples_sec=60888802
AIxeleratorService: gathering input data
AIxeleratorService: inference on device
AIxeleratorService: inference on host
AIxeleratorService: scattering output data
STEP_TIMING step=11 latency_ms=32.41 min_ms=31.57 avg_ms=32.00 total_samples=2000000 throughput_samples_sec=61713591
AIxeleratorService: gathering input data
AIxeleratorService: inference on device
AIxeleratorService: inference on host
AIxeleratorService: scattering output data
STEP_TIMING step=12 latency_ms=32.37 min_ms=31.54 avg_ms=31.97 total_samples=2000000 throughput_samples_sec=61783816

=================================================================
=== Benchmark Summary (Steady-State Steps 3 to 12) ===
=================================================================
Steady Step Count:   10
Median Latency:      33.04 ms
Mean Latency:        33.51 ms
Min Latency:         32.37 ms
Max Latency:         36.52 ms
Median Throughput:   60527260 samples/sec
=================================================================
=== Finished aix_collective (b=100000). Log: /rwthfs/rz/cluster/hpcwork/ro092286/smartsim/batch_memory_benchmark/logs/bench_aix_collective_b100000_3053715_aix_collective_b100000.log | Telemetry: /rwthfs/rz/cluster/hpcwork/ro092286/smartsim/batch_memory_benchmark/logs/bench_aix_collective_b100000_3053715_aix_collective_b100000_gpu_telemetry.csv ===

>>> Running Provider: aix_collective | Batch Size: 500000 <<<
=================================================================
=== Running Case: aix_collective | Batch: 500000 | ID: 3053715_aix_collective_b500000 ===
=================================================================
=================================================================
=== CMI Batch & Memory Calibration Benchmark Harness          ===
=================================================================
Provider:           aix
Config:             /rwthfs/rz/cluster/hpcwork/ro092286/smartsim/batch_memory_benchmark/configs/aix.toml
Model Path:         /rwthfs/rz/cluster/hpcwork/ro092286/smartsim/batch_memory_benchmark/../mini_app/train_models/model_a/watercnn_cuda.pt
Solver Ranks:       20 (World size: 20)
Samples per Rank:   100000
Total Work/Step:    2000000 samples
Target Batch Size:  500000
SmartSim Min Batch: 0 (timeout=0 ms)
Total Steps:        12 (Warmup: 2)
=================================================================

AIxeleratorService: suffix = .pt
AIxeleratorService: suffix = .pt
AIxeleratorService: suffix = .pt
AIxeleratorService: suffix = .pt
AIxeleratorService: suffix = .pt
AIxeleratorService: suffix = .pt
AIxeleratorService: suffix = .pt
AIxeleratorService: suffix = .pt
AIxeleratorService: suffix = .pt
AIxeleratorService: suffix = .pt
AIxeleratorService: suffix = .pt
AIxeleratorService: suffix = .pt
AIxeleratorService: suffix = .pt
AIxeleratorService: suffix = .pt
AIxeleratorService: suffix = .pt
AIxeleratorService: suffix = .pt
AIxeleratorService: suffix = .pt
AIxeleratorService: suffix = .pt
AIxeleratorService: suffix = .pt
AIxeleratorService: suffix = .pt
Rank 17/20 on its local machine is 17/20
Rank 2/20 on its local machine is 2/20
Rank 12/20 on its local machine is 12/20
Rank 18/20 on its local machine is 18/20
Rank 16/20 on its local machine is 16/20
Rank 1/20 on its local machine is 1/20
Rank 7/20 on its local machine is 7/20
Rank 4/20 on its local machine is 4/20
Rank 9/20 on its local machine is 9/20
Rank 0/20 on its local machine is 0/20
Rank 10/20 on its local machine is 10/20
Rank 3/20 on its local machine is 3/20
Rank 11/20 on its local machine is 11/20
Rank 5/20 on its local machine is 5/20
Rank 15/20 on its local machine is 15/20
Rank 8/20 on its local machine is 8/20
Rank 19/20 on its local machine is 19/20
Rank 6/20 on its local machine is 6/20
Rank 13/20 on its local machine is 13/20
Rank 14/20 on its local machine is 14/20
Rank 7/20 on its local machine is 7/20 and has access to 1 devices!
Rank 5/20 on its local machine is 5/20 and has access to 1 devices!
Rank 0/20 on its local machine is 0/20 and has access to 1 devices!
Rank 0/20 on its local machine is 0/20 is the GPU controller!
Rank 12/20 on its local machine is 12/20 and has access to 1 devices!
Rank 6/20 on its local machine is 6/20 and has access to 1 devices!
Rank 13/20 on its local machine is 13/20 and has access to 1 devices!
Rank 9/20 on its local machine is 9/20 and has access to 1 devices!
Rank 11/20 on its local machine is 11/20 and has access to 1 devices!
Rank 18/20 on its local machine is 18/20 and has access to 1 devices!
Rank 2/20 on its local machine is 2/20 and has access to 1 devices!
Rank 4/20 on its local machine is 4/20 and has access to 1 devices!
Rank 3/20 on its local machine is 3/20 and has access to 1 devices!
Rank 14/20 on its local machine is 14/20 and has access to 1 devices!
Rank 8/20 on its local machine is 8/20 and has access to 1 devices!
Rank 16/20 on its local machine is 16/20 and has access to 1 devices!
Rank 15/20 on its local machine is 15/20 and has access to 1 devices!
Rank 17/20 on its local machine is 17/20 and has access to 1 devices!
Rank 10/20 on its local machine is 10/20 and has access to 1 devices!
Rank 19/20 on its local machine is 19/20 and has access to 1 devices!
Rank 1/20 on its local machine is 1/20 and has access to 1 devices!
Rank 4/20 knows that there is a total of 1 GPUs across all systems
Rank 9/20 knows that there is a total of 1 GPUs across all systems
Rank 7/20 knows that there is a total of 1 GPUs across all systems
Rank 16/20 knows that there is a total of 1 GPUs across all systems
Rank 14/20 knows that there is a total of 1 GPUs across all systems
Rank 10/20 knows that there is a total of 1 GPUs across all systems
Rank 12/20 knows that there is a total of 1 GPUs across all systems
Rank 0/20 knows that there is a total of 1 GPUs across all systems
Rank 15/20 knows that there is a total of 1 GPUs across all systems
Rank 18/20 knows that there is a total of 1 GPUs across all systems
Rank 1/20 knows that there is a total of 1 GPUs across all systems
Rank 11/20 knows that there is a total of 1 GPUs across all systems
Rank 6/20 knows that there is a total of 1 GPUs across all systems
Rank 8/20 knows that there is a total of 1 GPUs across all systems
Rank 19/20 knows that there is a total of 1 GPUs across all systems
Rank 3/20 knows that there is a total of 1 GPUs across all systems
Rank 2/20 knows that there is a total of 1 GPUs across all systems
Rank 13/20 knows that there is a total of 1 GPUs across all systems
Rank 5/20 knows that there is a total of 1 GPUs across all systems
Rank 17/20 knows that there is a total of 1 GPUs across all systems
Rank 1/20 will be in group 0 order 2
Rank 11/20 will be in group 0 order 12
Rank 6/20 will be in group 0 order 7
Rank 8/20 will be in group 0 order 9
Rank 19/20 will be in group 0 order 20
Rank 3/20 will be in group 0 order 4
Rank 2/20 will be in group 0 order 3
Rank 13/20 will be in group 0 order 14
Rank 5/20 will be in group 0 order 6
Rank 18/20 will be in group 0 order 19
Rank 4/20 will be in group 0 order 5
Rank 9/20 will be in group 0 order 10
Rank 7/20 will be in group 0 order 8
Rank 16/20 will be in group 0 order 17
Rank 14/20 will be in group 0 order 15
Rank 10/20 will be in group 0 order 11
Rank 12/20 will be in group 0 order 13
Rank 0/20 will be in group 0 order 0
Rank 15/20 will be in group 0 order 16
Rank 17/20 will be in group 0 order 18
Rank 13/20 got id of 13/20
Rank 5/20 got id of 5/20
Rank 18/20 got id of 18/20
Rank 4/20 got id of 4/20
Rank 9/20 got id of 9/20
Rank 7/20 got id of 7/20
Rank 16/20 got id of 16/20
Rank 14/20 got id of 14/20
Rank 10/20 got id of 10/20
Rank 12/20 got id of 12/20
Rank 0/20 got id of 0/20
Rank 17/20 got id of 17/20
Rank 15/20 got id of 15/20
Rank 1/20 got id of 1/20
Rank 11/20 got id of 11/20
Rank 6/20 got id of 6/20
Rank 8/20 got id of 8/20
Rank 19/20 got id of 19/20
Rank 3/20 got id of 3/20
Rank 2/20 got id of 2/20
CMI initialized successfully. Starting benchmark steps...

AIxeleratorService: gathering input data
AIxeleratorService: inference on device
AIxeleratorService: inference on host
AIxeleratorService: scattering output data
STEP_TIMING step=1 latency_ms=406.76 min_ms=399.36 avg_ms=403.06 total_samples=2000000 throughput_samples_sec=4916881
AIxeleratorService: gathering input data
AIxeleratorService: inference on device
AIxeleratorService: inference on host
AIxeleratorService: scattering output data
STEP_TIMING step=2 latency_ms=36.05 min_ms=35.28 avg_ms=35.70 total_samples=2000000 throughput_samples_sec=55485771
AIxeleratorService: gathering input data
AIxeleratorService: inference on device
AIxeleratorService: inference on host
AIxeleratorService: scattering output data
STEP_TIMING step=3 latency_ms=33.70 min_ms=33.05 avg_ms=33.41 total_samples=2000000 throughput_samples_sec=59348569
AIxeleratorService: gathering input data
AIxeleratorService: inference on device
AIxeleratorService: inference on host
AIxeleratorService: scattering output data
STEP_TIMING step=4 latency_ms=30.71 min_ms=30.08 avg_ms=30.43 total_samples=2000000 throughput_samples_sec=65115751
AIxeleratorService: gathering input data
AIxeleratorService: inference on device
AIxeleratorService: inference on host
AIxeleratorService: scattering output data
STEP_TIMING step=5 latency_ms=30.09 min_ms=29.44 avg_ms=29.80 total_samples=2000000 throughput_samples_sec=66464069
AIxeleratorService: gathering input data
AIxeleratorService: inference on device
AIxeleratorService: inference on host
AIxeleratorService: scattering output data
STEP_TIMING step=6 latency_ms=29.83 min_ms=29.20 avg_ms=29.55 total_samples=2000000 throughput_samples_sec=67040635
AIxeleratorService: gathering input data
AIxeleratorService: inference on device
AIxeleratorService: inference on host
AIxeleratorService: scattering output data
STEP_TIMING step=7 latency_ms=29.68 min_ms=29.05 avg_ms=29.40 total_samples=2000000 throughput_samples_sec=67392554
AIxeleratorService: gathering input data
AIxeleratorService: inference on device
AIxeleratorService: inference on host
AIxeleratorService: scattering output data
STEP_TIMING step=8 latency_ms=29.69 min_ms=29.04 avg_ms=29.40 total_samples=2000000 throughput_samples_sec=67353822
AIxeleratorService: gathering input data
AIxeleratorService: inference on device
AIxeleratorService: inference on host
AIxeleratorService: scattering output data
STEP_TIMING step=9 latency_ms=29.64 min_ms=28.98 avg_ms=29.34 total_samples=2000000 throughput_samples_sec=67487321
AIxeleratorService: gathering input data
AIxeleratorService: inference on device
AIxeleratorService: inference on host
AIxeleratorService: scattering output data
STEP_TIMING step=10 latency_ms=29.58 min_ms=28.93 avg_ms=29.29 total_samples=2000000 throughput_samples_sec=67619546
AIxeleratorService: gathering input data
AIxeleratorService: inference on device
AIxeleratorService: inference on host
AIxeleratorService: scattering output data
STEP_TIMING step=11 latency_ms=29.60 min_ms=28.96 avg_ms=29.31 total_samples=2000000 throughput_samples_sec=67562039
AIxeleratorService: gathering input data
AIxeleratorService: inference on device
AIxeleratorService: inference on host
AIxeleratorService: scattering output data
STEP_TIMING step=12 latency_ms=29.42 min_ms=28.78 avg_ms=29.13 total_samples=2000000 throughput_samples_sec=67971899

=================================================================
=== Benchmark Summary (Steady-State Steps 3 to 12) ===
=================================================================
Steady Step Count:   10
Median Latency:      29.69 ms
Mean Latency:        30.19 ms
Min Latency:         29.42 ms
Max Latency:         33.70 ms
Median Throughput:   67353822 samples/sec
=================================================================
=== Finished aix_collective (b=500000). Log: /rwthfs/rz/cluster/hpcwork/ro092286/smartsim/batch_memory_benchmark/logs/bench_aix_collective_b500000_3053715_aix_collective_b500000.log | Telemetry: /rwthfs/rz/cluster/hpcwork/ro092286/smartsim/batch_memory_benchmark/logs/bench_aix_collective_b500000_3053715_aix_collective_b500000_gpu_telemetry.csv ===

>>> Running Provider: aix_collective | Batch Size: 2000000 <<<
=================================================================
=== Running Case: aix_collective | Batch: 2000000 | ID: 3053715_aix_collective_b2000000 ===
=================================================================
=================================================================
=== CMI Batch & Memory Calibration Benchmark Harness          ===
=================================================================
Provider:           aix
Config:             /rwthfs/rz/cluster/hpcwork/ro092286/smartsim/batch_memory_benchmark/configs/aix.toml
Model Path:         /rwthfs/rz/cluster/hpcwork/ro092286/smartsim/batch_memory_benchmark/../mini_app/train_models/model_a/watercnn_cuda.pt
Solver Ranks:       20 (World size: 20)
Samples per Rank:   100000
Total Work/Step:    2000000 samples
Target Batch Size:  2000000
SmartSim Min Batch: 0 (timeout=0 ms)
Total Steps:        12 (Warmup: 2)
=================================================================

AIxeleratorService: suffix = .pt
AIxeleratorService: suffix = .pt
AIxeleratorService: suffix = .pt
AIxeleratorService: suffix = .pt
AIxeleratorService: suffix = .pt
AIxeleratorService: suffix = .pt
AIxeleratorService: suffix = .pt
AIxeleratorService: suffix = .pt
AIxeleratorService: suffix = .pt
AIxeleratorService: suffix = .pt
AIxeleratorService: suffix = .pt
AIxeleratorService: suffix = .pt
AIxeleratorService: suffix = .pt
AIxeleratorService: suffix = .pt
AIxeleratorService: suffix = .pt
AIxeleratorService: suffix = .pt
AIxeleratorService: suffix = .pt
AIxeleratorService: suffix = .pt
AIxeleratorService: suffix = .pt
AIxeleratorService: suffix = .pt
Rank 19/20 on its local machine is 19/20
Rank 18/20 on its local machine is 18/20
Rank 16/20 on its local machine is 16/20
Rank 15/20 on its local machine is 15/20
Rank 10/20 on its local machine is 10/20
Rank 4/20 on its local machine is 4/20
Rank 3/20 on its local machine is 3/20
Rank 1/20 on its local machine is 1/20
Rank 7/20 on its local machine is 7/20
Rank 17/20 on its local machine is 17/20
Rank 9/20 on its local machine is 9/20
Rank 11/20 on its local machine is 11/20
Rank 2/20 on its local machine is 2/20
Rank 12/20 on its local machine is 12/20
Rank 8/20 on its local machine is 8/20
Rank 6/20 on its local machine is 6/20
Rank 5/20 on its local machine is 5/20
Rank 14/20 on its local machine is 14/20
Rank 0/20 on its local machine is 0/20
Rank 13/20 on its local machine is 13/20
Rank 15/20 on its local machine is 15/20 and has access to 1 devices!
Rank 3/20 on its local machine is 3/20 and has access to 1 devices!
Rank 6/20 on its local machine is 6/20 and has access to 1 devices!
Rank 0/20 on its local machine is 0/20 and has access to 1 devices!
Rank 0/20 on its local machine is 0/20 is the GPU controller!
Rank 12/20 on its local machine is 12/20 and has access to 1 devices!
Rank 2/20 on its local machine is 2/20 and has access to 1 devices!
Rank 16/20 on its local machine is 16/20 and has access to 1 devices!
Rank 11/20 on its local machine is 11/20 and has access to 1 devices!
Rank 4/20 on its local machine is 4/20 and has access to 1 devices!
Rank 8/20 on its local machine is 8/20 and has access to 1 devices!
Rank 7/20 on its local machine is 7/20 and has access to 1 devices!
Rank 14/20 on its local machine is 14/20 and has access to 1 devices!
Rank 9/20 on its local machine is 9/20 and has access to 1 devices!
Rank 19/20 on its local machine is 19/20 and has access to 1 devices!
Rank 1/20 on its local machine is 1/20 and has access to 1 devices!
Rank 13/20 on its local machine is 13/20 and has access to 1 devices!
Rank 18/20 on its local machine is 18/20 and has access to 1 devices!
Rank 5/20 on its local machine is 5/20 and has access to 1 devices!
Rank 10/20 on its local machine is 10/20 and has access to 1 devices!
Rank 17/20 on its local machine is 17/20 and has access to 1 devices!
Rank 18/20 knows that there is a total of 1 GPUs across all systems
Rank 17/20 knows that there is a total of 1 GPUs across all systems
Rank 16/20 knows that there is a total of 1 GPUs across all systems
Rank 6/20 knows that there is a total of 1 GPUs across all systems
Rank 12/20 knows that there is a total of 1 GPUs across all systems
Rank 0/20 knows that there is a total of 1 GPUs across all systems
Rank 4/20 knows that there is a total of 1 GPUs across all systems
Rank 3/20 knows that there is a total of 1 GPUs across all systems
Rank 7/20 knows that there is a total of 1 GPUs across all systems
Rank 9/20 knows that there is a total of 1 GPUs across all systems
Rank 13/20 knows that there is a total of 1 GPUs across all systems
Rank 2/20 knows that there is a total of 1 GPUs across all systems
Rank 1/20 knows that there is a total of 1 GPUs across all systems
Rank 5/20 knows that there is a total of 1 GPUs across all systems
Rank 11/20 knows that there is a total of 1 GPUs across all systems
Rank 15/20 knows that there is a total of 1 GPUs across all systems
Rank 19/20 knows that there is a total of 1 GPUs across all systems
Rank 8/20 knows that there is a total of 1 GPUs across all systems
Rank 10/20 knows that there is a total of 1 GPUs across all systems
Rank 14/20 knows that there is a total of 1 GPUs across all systems
Rank 0/20 will be in group 0 order 0
Rank 4/20 will be in group 0 order 5
Rank 18/20 will be in group 0 order 19
Rank 14/20 will be in group 0 order 15
Rank 3/20 will be in group 0 order 4
Rank 7/20 will be in group 0 order 8
Rank 9/20 will be in group 0 order 10
Rank 13/20 will be in group 0 order 14
Rank 2/20 will be in group 0 order 3
Rank 1/20 will be in group 0 order 2
Rank 5/20 will be in group 0 order 6
Rank 11/20 will be in group 0 order 12
Rank 15/20 will be in group 0 order 16
Rank 19/20 will be in group 0 order 20
Rank 8/20 will be in group 0 order 9
Rank 10/20 will be in group 0 order 11
Rank 17/20 will be in group 0 order 18
Rank 16/20 will be in group 0 order 17
Rank 6/20 will be in group 0 order 7
Rank 12/20 will be in group 0 order 13
Rank 17/20 got id of 17/20
Rank 16/20 got id of 16/20
Rank 6/20 got id of 6/20
Rank 18/20 got id of 18/20
Rank 0/20 got id of 0/20
Rank 4/20 got id of 4/20
Rank 12/20 got id of 12/20
Rank 14/20 got id of 14/20
Rank 3/20 got id of 3/20
Rank 7/20 got id of 7/20
Rank 9/20 got id of 9/20
Rank 13/20 got id of 13/20
Rank 2/20 got id of 2/20
Rank 1/20 got id of 1/20
Rank 5/20 got id of 5/20
Rank 11/20 got id of 11/20
Rank 15/20 got id of 15/20
Rank 19/20 got id of 19/20
Rank 8/20 got id of 8/20
Rank 10/20 got id of 10/20
CMI initialized successfully. Starting benchmark steps...

AIxeleratorService: gathering input data
AIxeleratorService: inference on device
AIxeleratorService: inference on host
AIxeleratorService: scattering output data
STEP_TIMING step=1 latency_ms=1081.57 min_ms=1073.43 avg_ms=1077.62 total_samples=2000000 throughput_samples_sec=1849167
AIxeleratorService: gathering input data
AIxeleratorService: inference on device
AIxeleratorService: inference on host
AIxeleratorService: scattering output data
STEP_TIMING step=2 latency_ms=49.64 min_ms=48.72 avg_ms=49.21 total_samples=2000000 throughput_samples_sec=40293235
AIxeleratorService: gathering input data
AIxeleratorService: inference on device
AIxeleratorService: inference on host
AIxeleratorService: scattering output data
STEP_TIMING step=3 latency_ms=45.34 min_ms=44.66 avg_ms=45.02 total_samples=2000000 throughput_samples_sec=44114319
AIxeleratorService: gathering input data
AIxeleratorService: inference on device
AIxeleratorService: inference on host
AIxeleratorService: scattering output data
STEP_TIMING step=4 latency_ms=44.90 min_ms=44.22 avg_ms=44.58 total_samples=2000000 throughput_samples_sec=44541273
AIxeleratorService: gathering input data
AIxeleratorService: inference on device
AIxeleratorService: inference on host
AIxeleratorService: scattering output data
STEP_TIMING step=5 latency_ms=44.43 min_ms=43.79 avg_ms=44.13 total_samples=2000000 throughput_samples_sec=45017176
AIxeleratorService: gathering input data
AIxeleratorService: inference on device
AIxeleratorService: inference on host
AIxeleratorService: scattering output data
STEP_TIMING step=6 latency_ms=44.13 min_ms=43.48 avg_ms=43.83 total_samples=2000000 throughput_samples_sec=45321936
AIxeleratorService: gathering input data
AIxeleratorService: inference on device
AIxeleratorService: inference on host
AIxeleratorService: scattering output data
STEP_TIMING step=7 latency_ms=43.89 min_ms=43.24 avg_ms=43.59 total_samples=2000000 throughput_samples_sec=45570550
AIxeleratorService: gathering input data
AIxeleratorService: inference on device
AIxeleratorService: inference on host
AIxeleratorService: scattering output data
STEP_TIMING step=8 latency_ms=44.41 min_ms=43.76 avg_ms=44.12 total_samples=2000000 throughput_samples_sec=45031687
AIxeleratorService: gathering input data
AIxeleratorService: inference on device
AIxeleratorService: inference on host
AIxeleratorService: scattering output data
STEP_TIMING step=9 latency_ms=44.04 min_ms=43.13 avg_ms=43.66 total_samples=2000000 throughput_samples_sec=45417255
AIxeleratorService: gathering input data
AIxeleratorService: inference on device
AIxeleratorService: inference on host
AIxeleratorService: scattering output data
STEP_TIMING step=10 latency_ms=44.56 min_ms=43.54 avg_ms=44.21 total_samples=2000000 throughput_samples_sec=44887924
AIxeleratorService: gathering input data
AIxeleratorService: inference on device
AIxeleratorService: inference on host
AIxeleratorService: scattering output data
STEP_TIMING step=11 latency_ms=43.69 min_ms=42.91 avg_ms=43.37 total_samples=2000000 throughput_samples_sec=45775234
AIxeleratorService: gathering input data
AIxeleratorService: inference on device
AIxeleratorService: inference on host
AIxeleratorService: scattering output data
STEP_TIMING step=12 latency_ms=43.01 min_ms=42.36 avg_ms=42.72 total_samples=2000000 throughput_samples_sec=46496264

=================================================================
=== Benchmark Summary (Steady-State Steps 3 to 12) ===
=================================================================
Steady Step Count:   10
Median Latency:      44.41 ms
Mean Latency:        44.24 ms
Min Latency:         43.01 ms
Max Latency:         45.34 ms
Median Throughput:   45031687 samples/sec
=================================================================
=== Finished aix_collective (b=2000000). Log: /rwthfs/rz/cluster/hpcwork/ro092286/smartsim/batch_memory_benchmark/logs/bench_aix_collective_b2000000_3053715_aix_collective_b2000000.log | Telemetry: /rwthfs/rz/cluster/hpcwork/ro092286/smartsim/batch_memory_benchmark/logs/bench_aix_collective_b2000000_3053715_aix_collective_b2000000_gpu_telemetry.csv ===

>>> Running Provider: aix_pipelined | Batch Size: 100000 <<<
=================================================================
=== Running Case: aix_pipelined | Batch: 100000 | ID: 3053715_aix_pipelined_b100000 ===
=================================================================
=================================================================
=== CMI Batch & Memory Calibration Benchmark Harness          ===
=================================================================
Provider:           aix
Config:             /rwthfs/rz/cluster/hpcwork/ro092286/smartsim/batch_memory_benchmark/configs/aix.toml
Model Path:         /rwthfs/rz/cluster/hpcwork/ro092286/smartsim/batch_memory_benchmark/../mini_app/train_models/model_a/watercnn_cuda.pt
Solver Ranks:       20 (World size: 20)
Samples per Rank:   100000
Total Work/Step:    2000000 samples
Target Batch Size:  100000
SmartSim Min Batch: 0 (timeout=0 ms)
Total Steps:        12 (Warmup: 2)
=================================================================

AIxeleratorService: suffix = .pt
AIxeleratorService: suffix = .pt
AIxeleratorService: suffix = .pt
AIxeleratorService: suffix = .pt
AIxeleratorService: suffix = .pt
AIxeleratorService: suffix = .pt
AIxeleratorService: suffix = .pt
AIxeleratorService: suffix = .pt
AIxeleratorService: suffix = .pt
AIxeleratorService: suffix = .pt
AIxeleratorService: suffix = .pt
AIxeleratorService: suffix = .pt
AIxeleratorService: suffix = .pt
AIxeleratorService: suffix = .pt
AIxeleratorService: suffix = .pt
AIxeleratorService: suffix = .pt
AIxeleratorService: suffix = .pt
AIxeleratorService: suffix = .pt
AIxeleratorService: suffix = .pt
AIxeleratorService: suffix = .pt
Rank 14/20 on its local machine is 14/20
Rank 18/20 on its local machine is 18/20
Rank 12/20 on its local machine is 12/20
Rank 15/20 on its local machine is 15/20
Rank 11/20 on its local machine is 11/20
Rank 5/20 on its local machine is 5/20
Rank 1/20 on its local machine is 1/20
Rank 10/20 on its local machine is 10/20
Rank 3/20 on its local machine is 3/20
Rank 19/20 on its local machine is 19/20
Rank 7/20 on its local machine is 7/20
Rank 16/20 on its local machine is 16/20
Rank 8/20 on its local machine is 8/20
Rank 13/20 on its local machine is 13/20
Rank 6/20 on its local machine is 6/20
Rank 2/20 on its local machine is 2/20
Rank 4/20 on its local machine is 4/20
Rank 17/20 on its local machine is 17/20
Rank 9/20 on its local machine is 9/20
Rank 0/20 on its local machine is 0/20
Rank 0/20 on its local machine is 0/20 and has access to 1 devices!
Rank 0/20 on its local machine is 0/20 is the GPU controller!
Rank 11/20 on its local machine is 11/20 and has access to 1 devices!
Rank 8/20 on its local machine is 8/20 and has access to 1 devices!
Rank 16/20 on its local machine is 16/20 and has access to 1 devices!
Rank 2/20 on its local machine is 2/20 and has access to 1 devices!
Rank 19/20 on its local machine is 19/20 and has access to 1 devices!
Rank 14/20 on its local machine is 14/20 and has access to 1 devices!
Rank 3/20 on its local machine is 3/20 and has access to 1 devices!
Rank 7/20 on its local machine is 7/20 and has access to 1 devices!
Rank 9/20 on its local machine is 9/20 and has access to 1 devices!
Rank 17/20 on its local machine is 17/20 and has access to 1 devices!
Rank 5/20 on its local machine is 5/20 and has access to 1 devices!
Rank 1/20 on its local machine is 1/20 and has access to 1 devices!
Rank 12/20 on its local machine is 12/20 and has access to 1 devices!
Rank 13/20 on its local machine is 13/20 and has access to 1 devices!
Rank 10/20 on its local machine is 10/20 and has access to 1 devices!
Rank 15/20 on its local machine is 15/20 and has access to 1 devices!
Rank 18/20 on its local machine is 18/20 and has access to 1 devices!
Rank 4/20 on its local machine is 4/20 and has access to 1 devices!
Rank 6/20 on its local machine is 6/20 and has access to 1 devices!
Rank 15/20 knows that there is a total of 1 GPUs across all systems
Rank 1/20 knows that there is a total of 1 GPUs across all systems
Rank 10/20 knows that there is a total of 1 GPUs across all systems
Rank 0/20 knows that there is a total of 1 GPUs across all systems
Rank 17/20 knows that there is a total of 1 GPUs across all systems
Rank 5/20 knows that there is a total of 1 GPUs across all systems
Rank 13/20 knows that there is a total of 1 GPUs across all systems
Rank 14/20 knows that there is a total of 1 GPUs across all systems
Rank 2/20 knows that there is a total of 1 GPUs across all systems
Rank 3/20 knows that there is a total of 1 GPUs across all systems
Rank 8/20 knows that there is a total of 1 GPUs across all systems
Rank 11/20 knows that there is a total of 1 GPUs across all systems
Rank 12/20 knows that there is a total of 1 GPUs across all systems
Rank 4/20 knows that there is a total of 1 GPUs across all systems
Rank 16/20 knows that there is a total of 1 GPUs across all systems
Rank 18/20 knows that there is a total of 1 GPUs across all systems
Rank 9/20 knows that there is a total of 1 GPUs across all systems
Rank 6/20 knows that there is a total of 1 GPUs across all systems
Rank 7/20 knows that there is a total of 1 GPUs across all systems
Rank 19/20 knows that there is a total of 1 GPUs across all systems
Rank 8/20 will be in group 0 order 9
Rank 11/20 will be in group 0 order 12
Rank 12/20 will be in group 0 order 13
Rank 4/20 will be in group 0 order 5
Rank 16/20 will be in group 0 order 17
Rank 18/20 will be in group 0 order 19
Rank 19/20 will be in group 0 order 20
Rank 6/20 will be in group 0 order 7
Rank 7/20 will be in group 0 order 8
Rank 9/20 will be in group 0 order 10
Rank 15/20 will be in group 0 order 16
Rank 1/20 will be in group 0 order 2
Rank 10/20 will be in group 0 order 11
Rank 0/20 will be in group 0 order 0
Rank 17/20 will be in group 0 order 18
Rank 5/20 will be in group 0 order 6
Rank 13/20 will be in group 0 order 14
Rank 14/20 will be in group 0 order 15
Rank 2/20 will be in group 0 order 3
Rank 3/20 will be in group 0 order 4
Rank 2/20 got id of 2/20
Rank 18/20 got id of 18/20
Rank 8/20 got id of 8/20
Rank 11/20 got id of 11/20
Rank 12/20 got id of 12/20
Rank 4/20 got id of 4/20
Rank 16/20 got id of 16/20
Rank 3/20 got id of 3/20
Rank 19/20 got id of 19/20
Rank 6/20 got id of 6/20
Rank 7/20 got id of 7/20
Rank 9/20 got id of 9/20
Rank 15/20 got id of 15/20
Rank 1/20 got id of 1/20
Rank 10/20 got id of 10/20
Rank 0/20 got id of 0/20
Rank 17/20 got id of 17/20
Rank 5/20 got id of 5/20
Rank 13/20 got id of 13/20
Rank 14/20 got id of 14/20
CMI initialized successfully. Starting benchmark steps...

STEP_TIMING step=1 latency_ms=267.09 min_ms=265.56 avg_ms=266.04 total_samples=2000000 throughput_samples_sec=7488081
STEP_TIMING step=2 latency_ms=32.28 min_ms=31.23 avg_ms=31.57 total_samples=2000000 throughput_samples_sec=61961466
STEP_TIMING step=3 latency_ms=30.84 min_ms=29.80 avg_ms=30.12 total_samples=2000000 throughput_samples_sec=64846190
STEP_TIMING step=4 latency_ms=29.05 min_ms=27.95 avg_ms=28.25 total_samples=2000000 throughput_samples_sec=68854427
STEP_TIMING step=5 latency_ms=28.68 min_ms=27.58 avg_ms=27.92 total_samples=2000000 throughput_samples_sec=69735510
STEP_TIMING step=6 latency_ms=28.65 min_ms=27.55 avg_ms=27.87 total_samples=2000000 throughput_samples_sec=69795971
STEP_TIMING step=7 latency_ms=28.51 min_ms=27.41 avg_ms=27.73 total_samples=2000000 throughput_samples_sec=70155113
STEP_TIMING step=8 latency_ms=28.47 min_ms=27.35 avg_ms=27.64 total_samples=2000000 throughput_samples_sec=70239721
STEP_TIMING step=9 latency_ms=28.52 min_ms=27.39 avg_ms=27.71 total_samples=2000000 throughput_samples_sec=70130179
STEP_TIMING step=10 latency_ms=28.45 min_ms=27.33 avg_ms=27.64 total_samples=2000000 throughput_samples_sec=70309542
STEP_TIMING step=11 latency_ms=28.33 min_ms=27.22 avg_ms=27.50 total_samples=2000000 throughput_samples_sec=70601824
STEP_TIMING step=12 latency_ms=28.35 min_ms=27.24 avg_ms=27.55 total_samples=2000000 throughput_samples_sec=70548760

=================================================================
=== Benchmark Summary (Steady-State Steps 3 to 12) ===
=================================================================
Steady Step Count:   10
Median Latency:      28.52 ms
Mean Latency:        28.78 ms
Min Latency:         28.33 ms
Max Latency:         30.84 ms
Median Throughput:   70130179 samples/sec
=================================================================
=== Finished aix_pipelined (b=100000). Log: /rwthfs/rz/cluster/hpcwork/ro092286/smartsim/batch_memory_benchmark/logs/bench_aix_pipelined_b100000_3053715_aix_pipelined_b100000.log | Telemetry: /rwthfs/rz/cluster/hpcwork/ro092286/smartsim/batch_memory_benchmark/logs/bench_aix_pipelined_b100000_3053715_aix_pipelined_b100000_gpu_telemetry.csv ===

>>> Running Provider: aix_pipelined | Batch Size: 500000 <<<
=================================================================
=== Running Case: aix_pipelined | Batch: 500000 | ID: 3053715_aix_pipelined_b500000 ===
=================================================================
=================================================================
=== CMI Batch & Memory Calibration Benchmark Harness          ===
=================================================================
Provider:           aix
Config:             /rwthfs/rz/cluster/hpcwork/ro092286/smartsim/batch_memory_benchmark/configs/aix.toml
Model Path:         /rwthfs/rz/cluster/hpcwork/ro092286/smartsim/batch_memory_benchmark/../mini_app/train_models/model_a/watercnn_cuda.pt
Solver Ranks:       20 (World size: 20)
Samples per Rank:   100000
Total Work/Step:    2000000 samples
Target Batch Size:  500000
SmartSim Min Batch: 0 (timeout=0 ms)
Total Steps:        12 (Warmup: 2)
=================================================================

AIxeleratorService: suffix = .pt
AIxeleratorService: suffix = .pt
AIxeleratorService: suffix = .pt
AIxeleratorService: suffix = .pt
AIxeleratorService: suffix = .pt
AIxeleratorService: suffix = .pt
AIxeleratorService: suffix = .pt
AIxeleratorService: suffix = .pt
AIxeleratorService: suffix = .pt
AIxeleratorService: suffix = .pt
AIxeleratorService: suffix = .pt
AIxeleratorService: suffix = .pt
AIxeleratorService: suffix = .pt
AIxeleratorService: suffix = .pt
AIxeleratorService: suffix = .pt
AIxeleratorService: suffix = .pt
AIxeleratorService: suffix = .pt
AIxeleratorService: suffix = .pt
AIxeleratorService: suffix = .pt
AIxeleratorService: suffix = .pt
Rank 12/20 on its local machine is 12/20
Rank 19/20 on its local machine is 19/20
Rank 5/20 on its local machine is 5/20
Rank 1/20 on its local machine is 1/20
Rank 13/20 on its local machine is 13/20
Rank 7/20 on its local machine is 7/20
Rank 9/20 on its local machine is 9/20
Rank 0/20 on its local machine is 0/20
Rank 17/20 on its local machine is 17/20
Rank 16/20 on its local machine is 16/20
Rank 6/20 on its local machine is 6/20
Rank 10/20 on its local machine is 10/20
Rank 3/20 on its local machine is 3/20
Rank 2/20 on its local machine is 2/20
Rank 8/20 on its local machine is 8/20
Rank 18/20 on its local machine is 18/20
Rank 4/20 on its local machine is 4/20
Rank 14/20 on its local machine is 14/20
Rank 11/20 on its local machine is 11/20
Rank 15/20 on its local machine is 15/20
Rank 19/20 on its local machine is 19/20 and has access to 1 devices!
Rank 0/20 on its local machine is 0/20 and has access to 1 devices!
Rank 0/20 on its local machine is 0/20 is the GPU controller!
Rank 12/20 on its local machine is 12/20 and has access to 1 devices!
Rank 14/20 on its local machine is 14/20 and has access to 1 devices!
Rank 5/20 on its local machine is 5/20 and has access to 1 devices!
Rank 6/20 on its local machine is 6/20 and has access to 1 devices!
Rank 1/20 on its local machine is 1/20 and has access to 1 devices!
Rank 18/20 on its local machine is 18/20 and has access to 1 devices!
Rank 11/20 on its local machine is 11/20 and has access to 1 devices!
Rank 17/20 on its local machine is 17/20 and has access to 1 devices!
Rank 7/20 on its local machine is 7/20 and has access to 1 devices!
Rank 10/20 on its local machine is 10/20 and has access to 1 devices!
Rank 16/20 on its local machine is 16/20 and has access to 1 devices!
Rank 4/20 on its local machine is 4/20 and has access to 1 devices!
Rank 15/20 on its local machine is 15/20 and has access to 1 devices!
Rank 13/20 on its local machine is 13/20 and has access to 1 devices!
Rank 3/20 on its local machine is 3/20 and has access to 1 devices!
Rank 9/20 on its local machine is 9/20 and has access to 1 devices!
Rank 2/20 on its local machine is 2/20 and has access to 1 devices!
Rank 8/20 on its local machine is 8/20 and has access to 1 devices!
Rank 15/20 knows that there is a total of 1 GPUs across all systems
Rank 17/20 knows that there is a total of 1 GPUs across all systems
Rank 3/20 knows that there is a total of 1 GPUs across all systems
Rank 19/20 knows that there is a total of 1 GPUs across all systems
Rank 11/20 knows that there is a total of 1 GPUs across all systems
Rank 10/20 knows that there is a total of 1 GPUs across all systems
Rank 5/20 knows that there is a total of 1 GPUs across all systems
Rank 7/20 knows that there is a total of 1 GPUs across all systems
Rank 13/20 knows that there is a total of 1 GPUs across all systems
Rank 9/20 knows that there is a total of 1 GPUs across all systems
Rank 2/20 knows that there is a total of 1 GPUs across all systems
Rank 8/20 knows that there is a total of 1 GPUs across all systems
Rank 16/20 knows that there is a total of 1 GPUs across all systems
Rank 12/20 knows that there is a total of 1 GPUs across all systems
Rank 18/20 knows that there is a total of 1 GPUs across all systems
Rank 1/20 knows that there is a total of 1 GPUs across all systems
Rank 0/20 knows that there is a total of 1 GPUs across all systems
Rank 4/20 knows that there is a total of 1 GPUs across all systems
Rank 14/20 knows that there is a total of 1 GPUs across all systems
Rank 6/20 knows that there is a total of 1 GPUs across all systems
Rank 3/20 will be in group 0 order 4
Rank 19/20 will be in group 0 order 20
Rank 11/20 will be in group 0 order 12
Rank 10/20 will be in group 0 order 11
Rank 5/20 will be in group 0 order 6
Rank 7/20 will be in group 0 order 8
Rank 13/20 will be in group 0 order 14
Rank 9/20 will be in group 0 order 10
Rank 6/20 will be in group 0 order 7
Rank 8/20 will be in group 0 order 9
Rank 12/20 will be in group 0 order 13
Rank 18/20 will be in group 0 order 19
Rank 1/20 will be in group 0 order 2
Rank 0/20 will be in group 0 order 0
Rank 4/20 will be in group 0 order 5
Rank 14/20 will be in group 0 order 15
Rank 2/20 will be in group 0 order 3
Rank 15/20 will be in group 0 order 16
Rank 17/20 will be in group 0 order 18
Rank 16/20 will be in group 0 order 17
Rank 13/20 got id of 13/20
Rank 16/20 got id of 16/20
Rank 6/20 got id of 6/20
Rank 17/20 got id of 17/20
Rank 8/20 got id of 8/20
Rank 12/20 got id of 12/20
Rank 18/20 got id of 18/20
Rank 1/20 got id of 1/20
Rank 0/20 got id of 0/20
Rank 4/20 got id of 4/20
Rank 14/20 got id of 14/20
Rank 2/20 got id of 2/20
Rank 15/20 got id of 15/20
Rank 9/20 got id of 9/20
Rank 3/20 got id of 3/20
Rank 19/20 got id of 19/20
Rank 11/20 got id of 11/20
Rank 10/20 got id of 10/20
Rank 5/20 got id of 5/20
Rank 7/20 got id of 7/20
CMI initialized successfully. Starting benchmark steps...

STEP_TIMING step=1 latency_ms=267.66 min_ms=266.40 avg_ms=266.92 total_samples=2000000 throughput_samples_sec=7472193
STEP_TIMING step=2 latency_ms=32.08 min_ms=31.01 avg_ms=31.30 total_samples=2000000 throughput_samples_sec=62346289
STEP_TIMING step=3 latency_ms=30.46 min_ms=29.38 avg_ms=29.65 total_samples=2000000 throughput_samples_sec=65652916
STEP_TIMING step=4 latency_ms=29.67 min_ms=28.56 avg_ms=28.85 total_samples=2000000 throughput_samples_sec=67415450
STEP_TIMING step=5 latency_ms=29.39 min_ms=28.25 avg_ms=28.54 total_samples=2000000 throughput_samples_sec=68058080
STEP_TIMING step=6 latency_ms=29.30 min_ms=28.17 avg_ms=28.47 total_samples=2000000 throughput_samples_sec=68262342
STEP_TIMING step=7 latency_ms=29.31 min_ms=28.18 avg_ms=28.46 total_samples=2000000 throughput_samples_sec=68246440
STEP_TIMING step=8 latency_ms=29.28 min_ms=28.18 avg_ms=28.45 total_samples=2000000 throughput_samples_sec=68308822
STEP_TIMING step=9 latency_ms=29.21 min_ms=28.07 avg_ms=28.36 total_samples=2000000 throughput_samples_sec=68475389
STEP_TIMING step=10 latency_ms=29.24 min_ms=28.10 avg_ms=28.39 total_samples=2000000 throughput_samples_sec=68393647
STEP_TIMING step=11 latency_ms=29.18 min_ms=28.07 avg_ms=28.37 total_samples=2000000 throughput_samples_sec=68545616
STEP_TIMING step=12 latency_ms=29.87 min_ms=28.77 avg_ms=29.05 total_samples=2000000 throughput_samples_sec=66966830

=================================================================
=== Benchmark Summary (Steady-State Steps 3 to 12) ===
=================================================================
Steady Step Count:   10
Median Latency:      29.31 ms
Mean Latency:        29.49 ms
Min Latency:         29.18 ms
Max Latency:         30.46 ms
Median Throughput:   68246440 samples/sec
=================================================================
=== Finished aix_pipelined (b=500000). Log: /rwthfs/rz/cluster/hpcwork/ro092286/smartsim/batch_memory_benchmark/logs/bench_aix_pipelined_b500000_3053715_aix_pipelined_b500000.log | Telemetry: /rwthfs/rz/cluster/hpcwork/ro092286/smartsim/batch_memory_benchmark/logs/bench_aix_pipelined_b500000_3053715_aix_pipelined_b500000_gpu_telemetry.csv ===

>>> Running Provider: aix_pipelined | Batch Size: 2000000 <<<
=================================================================
=== Running Case: aix_pipelined | Batch: 2000000 | ID: 3053715_aix_pipelined_b2000000 ===
=================================================================
=================================================================
=== CMI Batch & Memory Calibration Benchmark Harness          ===
=================================================================
Provider:           aix
Config:             /rwthfs/rz/cluster/hpcwork/ro092286/smartsim/batch_memory_benchmark/configs/aix.toml
Model Path:         /rwthfs/rz/cluster/hpcwork/ro092286/smartsim/batch_memory_benchmark/../mini_app/train_models/model_a/watercnn_cuda.pt
Solver Ranks:       20 (World size: 20)
Samples per Rank:   100000
Total Work/Step:    2000000 samples
Target Batch Size:  2000000
SmartSim Min Batch: 0 (timeout=0 ms)
Total Steps:        12 (Warmup: 2)
=================================================================

AIxeleratorService: suffix = .pt
AIxeleratorService: suffix = .pt
AIxeleratorService: suffix = .pt
AIxeleratorService: suffix = .pt
AIxeleratorService: suffix = .pt
AIxeleratorService: suffix = .pt
AIxeleratorService: suffix = .pt
AIxeleratorService: suffix = .pt
AIxeleratorService: suffix = .pt
AIxeleratorService: suffix = .pt
AIxeleratorService: suffix = .pt
AIxeleratorService: suffix = .pt
AIxeleratorService: suffix = .pt
AIxeleratorService: suffix = .pt
AIxeleratorService: suffix = .pt
AIxeleratorService: suffix = .pt
AIxeleratorService: suffix = .pt
AIxeleratorService: suffix = .pt
AIxeleratorService: suffix = .pt
AIxeleratorService: suffix = .pt
Rank 10/20 on its local machine is 10/20
Rank 5/20 on its local machine is 5/20
Rank 19/20 on its local machine is 19/20
Rank 8/20 on its local machine is 8/20
Rank 17/20 on its local machine is 17/20
Rank 4/20 on its local machine is 4/20
Rank 0/20 on its local machine is 0/20
Rank 12/20 on its local machine is 12/20
Rank 16/20 on its local machine is 16/20
Rank 9/20 on its local machine is 9/20
Rank 7/20 on its local machine is 7/20
Rank 18/20 on its local machine is 18/20
Rank 6/20 on its local machine is 6/20
Rank 2/20 on its local machine is 2/20
Rank 13/20 on its local machine is 13/20
Rank 15/20 on its local machine is 15/20
Rank 11/20 on its local machine is 11/20
Rank 1/20 on its local machine is 1/20
Rank 3/20 on its local machine is 3/20
Rank 14/20 on its local machine is 14/20
Rank 12/20 on its local machine is 12/20 and has access to 1 devices!
Rank 17/20 on its local machine is 17/20 and has access to 1 devices!
Rank 11/20 on its local machine is 11/20 and has access to 1 devices!
Rank 1/20 on its local machine is 1/20 and has access to 1 devices!
Rank 4/20 on its local machine is 4/20 and has access to 1 devices!
Rank 19/20 on its local machine is 19/20 and has access to 1 devices!
Rank 18/20 on its local machine is 18/20 and has access to 1 devices!
Rank 16/20 on its local machine is 16/20 and has access to 1 devices!
Rank 5/20 on its local machine is 5/20 and has access to 1 devices!
Rank 8/20 on its local machine is 8/20 and has access to 1 devices!
Rank 7/20 on its local machine is 7/20 and has access to 1 devices!
Rank 0/20 on its local machine is 0/20 and has access to 1 devices!
Rank 0/20 on its local machine is 0/20 is the GPU controller!
Rank 9/20 on its local machine is 9/20 and has access to 1 devices!
Rank 15/20 on its local machine is 15/20 and has access to 1 devices!
Rank 10/20 on its local machine is 10/20 and has access to 1 devices!
Rank 6/20 on its local machine is 6/20 and has access to 1 devices!
Rank 2/20 on its local machine is 2/20 and has access to 1 devices!
Rank 3/20 on its local machine is 3/20 and has access to 1 devices!
Rank 14/20 on its local machine is 14/20 and has access to 1 devices!
Rank 13/20 on its local machine is 13/20 and has access to 1 devices!
Rank 0/20 knows that there is a total of 1 GPUs across all systems
Rank 8/20 knows that there is a total of 1 GPUs across all systems
Rank 19/20 knows that there is a total of 1 GPUs across all systems
Rank 10/20 knows that there is a total of 1 GPUs across all systems
Rank 6/20 knows that there is a total of 1 GPUs across all systems
Rank 14/20 knows that there is a total of 1 GPUs across all systems
Rank 11/20 knows that there is a total of 1 GPUs across all systems
Rank 13/20 knows that there is a total of 1 GPUs across all systems
Rank 9/20 knows that there is a total of 1 GPUs across all systems
Rank 17/20 knows that there is a total of 1 GPUs across all systems
Rank 15/20 knows that there is a total of 1 GPUs across all systems
Rank 16/20 knows that there is a total of 1 GPUs across all systems
Rank 4/20 knows that there is a total of 1 GPUs across all systems
Rank 5/20 knows that there is a total of 1 GPUs across all systems
Rank 12/20 knows that there is a total of 1 GPUs across all systems
Rank 1/20 knows that there is a total of 1 GPUs across all systems
Rank 2/20 knows that there is a total of 1 GPUs across all systems
Rank 7/20 knows that there is a total of 1 GPUs across all systems
Rank 3/20 knows that there is a total of 1 GPUs across all systems
Rank 18/20 knows that there is a total of 1 GPUs across all systems
Rank 18/20 will be in group 0 order 19
Rank 17/20 will be in group 0 order 18
Rank 15/20 will be in group 0 order 16
Rank 16/20 will be in group 0 order 17
Rank 4/20 will be in group 0 order 5
Rank 5/20 will be in group 0 order 6
Rank 12/20 will be in group 0 order 13
Rank 1/20 will be in group 0 order 2
Rank 2/20 will be in group 0 order 3
Rank 7/20 will be in group 0 order 8
Rank 3/20 will be in group 0 order 4
Rank 11/20 will be in group 0 order 12
Rank 0/20 will be in group 0 order 0
Rank 8/20 will be in group 0 order 9
Rank 19/20 will be in group 0 order 20
Rank 10/20 will be in group 0 order 11
Rank 6/20 will be in group 0 order 7
Rank 13/20 will be in group 0 order 14
Rank 9/20 will be in group 0 order 10
Rank 14/20 will be in group 0 order 15
Rank 15/20 got id of 15/20
Rank 16/20 got id of 16/20
Rank 4/20 got id of 4/20
Rank 5/20 got id of 5/20
Rank 12/20 got id of 12/20
Rank 1/20 got id of 1/20
Rank 2/20 got id of 2/20
Rank 7/20 got id of 7/20
Rank 3/20 got id of 3/20
Rank 11/20 got id of 11/20
Rank 0/20 got id of 0/20
Rank 8/20 got id of 8/20
Rank 19/20 got id of 19/20
Rank 10/20 got id of 10/20
Rank 6/20 got id of 6/20
Rank 13/20 got id of 13/20
Rank 9/20 got id of 9/20
Rank 14/20 got id of 14/20
Rank 18/20 got id of 18/20
Rank 17/20 got id of 17/20
CMI initialized successfully. Starting benchmark steps...

STEP_TIMING step=1 latency_ms=264.99 min_ms=263.61 avg_ms=264.03 total_samples=2000000 throughput_samples_sec=7547542
STEP_TIMING step=2 latency_ms=32.48 min_ms=31.40 avg_ms=31.71 total_samples=2000000 throughput_samples_sec=61578186
STEP_TIMING step=3 latency_ms=30.47 min_ms=29.35 avg_ms=29.64 total_samples=2000000 throughput_samples_sec=65638005
STEP_TIMING step=4 latency_ms=29.40 min_ms=28.19 avg_ms=28.48 total_samples=2000000 throughput_samples_sec=68028296
STEP_TIMING step=5 latency_ms=29.65 min_ms=28.44 avg_ms=28.73 total_samples=2000000 throughput_samples_sec=67464411
STEP_TIMING step=6 latency_ms=29.12 min_ms=27.92 avg_ms=28.22 total_samples=2000000 throughput_samples_sec=68683239
STEP_TIMING step=7 latency_ms=29.04 min_ms=27.84 avg_ms=28.13 total_samples=2000000 throughput_samples_sec=68867521
STEP_TIMING step=8 latency_ms=29.06 min_ms=27.85 avg_ms=28.14 total_samples=2000000 throughput_samples_sec=68831235
STEP_TIMING step=9 latency_ms=28.99 min_ms=27.80 avg_ms=28.08 total_samples=2000000 throughput_samples_sec=68996535
STEP_TIMING step=10 latency_ms=29.02 min_ms=27.85 avg_ms=28.15 total_samples=2000000 throughput_samples_sec=68921113
STEP_TIMING step=11 latency_ms=28.91 min_ms=27.71 avg_ms=27.99 total_samples=2000000 throughput_samples_sec=69186621
STEP_TIMING step=12 latency_ms=28.80 min_ms=27.60 avg_ms=27.89 total_samples=2000000 throughput_samples_sec=69446506

=================================================================
=== Benchmark Summary (Steady-State Steps 3 to 12) ===
=================================================================
Steady Step Count:   10
Median Latency:      29.06 ms
Mean Latency:        29.24 ms
Min Latency:         28.80 ms
Max Latency:         30.47 ms
Median Throughput:   68831235 samples/sec
=================================================================
=== Finished aix_pipelined (b=2000000). Log: /rwthfs/rz/cluster/hpcwork/ro092286/smartsim/batch_memory_benchmark/logs/bench_aix_pipelined_b2000000_3053715_aix_pipelined_b2000000.log | Telemetry: /rwthfs/rz/cluster/hpcwork/ro092286/smartsim/batch_memory_benchmark/logs/bench_aix_pipelined_b2000000_3053715_aix_pipelined_b2000000_gpu_telemetry.csv ===

>>> Running Provider: phydll_cpp | Batch Size: 100000 <<<
=================================================================
=== Running Case: phydll_cpp | Batch: 100000 | ID: 3053715_phydll_cpp_b100000 ===
=================================================================
=================================================================
=== CMI Batch & Memory Calibration Benchmark Harness          ===
=================================================================
Provider:           phydll
Config:             /rwthfs/rz/cluster/hpcwork/ro092286/smartsim/batch_memory_benchmark/configs/phydll_uniform.toml
Model Path:         /rwthfs/rz/cluster/hpcwork/ro092286/smartsim/batch_memory_benchmark/../mini_app/train_models/model_a/watercnn_cuda.pt
Solver Ranks:       20 (World size: 21)
Samples per Rank:   100000
Total Work/Step:    2000000 samples
Target Batch Size:  100000
SmartSim Min Batch: 0 (timeout=0 ms)
Total Steps:        12 (Warmup: 2)
=================================================================

[PHYDLL:PHY] before phydll_init
[PHYDLL:PHY] before phydll_init
[PHYDLL:PHY] before phydll_init
[PHYDLL:PHY] before phydll_init
[PHYDLL:PHY] before phydll_init[PHYDLL:PHY] before phydll_init
[PHYDLL:PHY] before phydll_init

[PHYDLL:PHY] before phydll_init
[PHYDLL:PHY] before phydll_init
[PHYDLL:PHY] before phydll_init
[PHYDLL:PHY] before phydll_init
[PHYDLL:PHY] before phydll_init
[PHYDLL:PHY] before phydll_init
[PHYDLL:PHY] before phydll_init
[PHYDLL:PHY] before phydll_init
[PHYDLL:PHY] before phydll_init
[PHYDLL:PHY] before phydll_init
[PHYDLL:PHY] before phydll_init
[PHYDLL:PHY] before phydll_init
[PHYDLL:PHY] before phydll_init
[PHYDLL:DL] client started argv0=/rwthfs/rz/cluster/hpcwork/ro092286/smartsim/batch_memory_benchmark/../CPP-ML-Interface/dl_clients/build-miniapp/phydll_dl_client dl_count=1 torch=on
[PHYDLL:DL] torch threads: intra=1, inter=96
[PHYDLL:DL] runtime before phydll_init
[PHYDLL:CORE] kernel_init split instance=physical gl_rank=1 gl_size=21 color=0 comm_rank=1 comm_size=20
[PHYDLL:CORE] phydll_init instance=physical kernel_init complete gl_rank=1 gl_size=21 comm_rank=1 comm_size=20
[PHYDLL:CORE] kernel_init split instance=physical gl_rank=5 gl_size=21 color=0 comm_rank=5 comm_size=20
[PHYDLL:CORE] phydll_init instance=physical kernel_init complete gl_rank=5 gl_size=21 comm_rank=5 comm_size=20
[PHYDLL:CORE] kernel_init split instance=physical gl_rank=0 gl_size=21 color=0 comm_rank=0 comm_size=20
[PHYDLL:CORE] phydll_init instance=physical kernel_init complete gl_rank=0 gl_size=21 comm_rank=0 comm_size=20
[PHYDLL:CORE] kernel_init split instance=dl gl_rank=20 gl_size=21 color=1 comm_rank=0 comm_size=1
[PHYDLL:CORE] phydll_init instance=dl kernel_init complete gl_rank=20 gl_size=21 comm_rank=0 comm_size=1
[PHYDLL:CORE] kernel_init split instance=physical gl_rank=4 gl_size=21 color=0 comm_rank=4 comm_size=20
[PHYDLL:CORE] phydll_init instance=physical kernel_init complete gl_rank=4 gl_size=21 comm_rank=4 comm_size=20
[PHYDLL:CORE] kernel_init split instance=physical gl_rank=2 gl_size=21 color=0 comm_rank=2 comm_size=20
[PHYDLL:CORE] phydll_init instance=physical kernel_init complete gl_rank=2 gl_size=21 comm_rank=2 comm_size=20
[PHYDLL:CORE] kernel_init split instance=physical gl_rank=3 gl_size=21 color=0 comm_rank=3 comm_size=20
[PHYDLL:CORE] phydll_init instance=physical kernel_init complete gl_rank=3 gl_size=21 comm_rank=3 comm_size=20
[PHYDLL:CORE] kernel_init split instance=physical gl_rank=19 gl_size=21 color=0 comm_rank=19 comm_size=20
[PHYDLL:CORE] phydll_init instance=physical kernel_init complete gl_rank=19 gl_size=21 comm_rank=19 comm_size=20
[PHYDLL:CORE] kernel_init split instance=physical gl_rank=10 gl_size=21 color=0 comm_rank=10 comm_size=20
[PHYDLL:CORE] phydll_init instance=physical kernel_init complete gl_rank=10 gl_size=21 comm_rank=10 comm_size=20
[PHYDLL:CORE] kernel_init split instance=physical gl_rank=6 gl_size=21 color=0 comm_rank=6 comm_size=20
[PHYDLL:CORE] phydll_init instance=physical kernel_init complete gl_rank=6 gl_size=21 comm_rank=6 comm_size=20
[PHYDLL:CORE] kernel_init split instance=physical gl_rank=13 gl_size=21 color=0 comm_rank=13 comm_size=20
[PHYDLL:CORE] phydll_init instance=physical kernel_init complete gl_rank=13 gl_size=21 comm_rank=13 comm_size=20
[PHYDLL:CORE] kernel_init split instance=physical gl_rank=12 gl_size=21 color=0 comm_rank=12 comm_size=20
[PHYDLL:CORE] phydll_init instance=physical kernel_init complete gl_rank=12 gl_size=21 comm_rank=12 comm_size=20
[PHYDLL:CORE] kernel_init split instance=physical gl_rank=11 gl_size=21 color=0 comm_rank=11 comm_size=20
[PHYDLL:CORE] phydll_init instance=physical kernel_init complete gl_rank=11 gl_size=21 comm_rank=11 comm_size=20
[PHYDLL:CORE] kernel_init split instance=physical gl_rank=7 gl_size=21 color=0 comm_rank=7 comm_size=20
[PHYDLL:CORE] phydll_init instance=physical kernel_init complete gl_rank=7 gl_size=21 comm_rank=7 comm_size=20
[PHYDLL:CORE] kernel_init split instance=physical gl_rank=14 gl_size=21 color=0 comm_rank=14 comm_size=20
[PHYDLL:CORE] phydll_init instance=physical kernel_init complete gl_rank=14 gl_size=21 comm_rank=14 comm_size=20
[PHYDLL:CORE] kernel_init split instance=physical gl_rank=8 gl_size=21 color=0 comm_rank=8 comm_size=20
[PHYDLL:CORE] phydll_init instance=physical kernel_init complete gl_rank=8 gl_size=21 comm_rank=8 comm_size=20
[PHYDLL:CORE] kernel_init split instance=physical gl_rank=18 gl_size=21 color=0 comm_rank=18 comm_size=20
[PHYDLL:CORE] phydll_init instance=physical kernel_init complete gl_rank=18 gl_size=21 comm_rank=18 comm_size=20
[PHYDLL:CORE] kernel_init split instance=physical gl_rank=15 gl_size=21 color=0 comm_rank=15 comm_size=20
[PHYDLL:CORE] phydll_init instance=physical kernel_init complete gl_rank=15 gl_size=21 comm_rank=15 comm_size=20
[PHYDLL:CORE] kernel_init split instance=physical gl_rank=16 gl_size=21 color=0 comm_rank=16 comm_size=20
[PHYDLL:CORE] phydll_init instance=physical kernel_init complete gl_rank=16 gl_size=21 comm_rank=16 comm_size=20
[PHYDLL:CORE] kernel_init split instance=physical gl_rank=17 gl_size=21 color=0 comm_rank=17 comm_size=20
[PHYDLL:CORE] phydll_init instance=physical kernel_init complete gl_rank=17 gl_size=21 comm_rank=17 comm_size=20
[PHYDLL:CORE] kernel_init split instance=physical gl_rank=9 gl_size=21 color=0 comm_rank=9 comm_size=20
[PHYDLL:CORE] phydll_init instance=physical kernel_init complete gl_rank=9 gl_size=21 comm_rank=9 comm_size=20
*******************************************************************************
************************** <<< Welcome to PhyDLL >>> **************************
*******************************************************************************
*******************************************************************************
************************** <<< Welcome to PhyDLL >>> **************************
*******************************************************************************
[PHYDLL:CORE] phydll_init instance=physical logfile complete
[PHYDLL:CORE] phydll_init instance=physical logfile complete
[PHYDLL:CORE] phydll_init instance=physical logfile complete
[PHYDLL:CORE] phydll_init instance=physical logfile complete
[PHYDLL:CORE] phydll_init instance=physical logfile complete
[PHYDLL:CORE] phydll_init instance=physical logfile complete
[PHYDLL:CORE] phydll_init instance=physical logfile complete
[PHYDLL:CORE] phydll_init instance=physical logfile complete
[PHYDLL:CORE] phydll_init instance=physical logfile complete
[PHYDLL:CORE] phydll_init instance=physical logfile complete
[PHYDLL:CORE] phydll_init instance=physical logfile complete
[PHYDLL:CORE] phydll_init instance=physical logfile complete
[PHYDLL:CORE] phydll_init instance=physical logfile complete
[PHYDLL:CORE] phydll_init instance=physical mapping complete ndest=1
[PHYDLL:PHY] after phydll_init
[PHYDLL:CORE] phydll_init instance=physical logfile complete
[PHYDLL:CORE] phydll_init instance=physical logfile complete
[PHYDLL:CORE] phydll_init instance=physical logfile complete
[PHYDLL:CORE] phydll_init instance=physical logfile complete
[PHYDLL:CORE] phydll_init instance=physical logfile complete
[PHYDLL:CORE] phydll_init instance=physical mapping complete ndest=1
[PHYDLL:PHY] after phydll_init
[PHYDLL:PHY] uniform_chunks layout: total_input=1800000 total_output=100000 gcd=100000 phy_count=18 dl_count=1
[PHYDLL:CORE] phydll_init instance=physical logfile complete
[PHYDLL:CORE] phydll_init instance=physical logfile complete
[PHYDLL:CORE] phydll_init instance=physical mapping complete ndest=1
[PHYDLL:PHY] after phydll_init
[PHYDLL:PHY] uniform_chunks layout: total_input=1800000 total_output=100000 gcd=100000 phy_count=18 dl_count=1
[PHYDLL:CORE] phydll_init instance=physical mapping complete ndest=1
[PHYDLL:PHY] after phydll_init
[PHYDLL:PHY] uniform_chunks layout: total_input=1800000 total_output=100000 gcd=100000 phy_count=18 dl_count=1[PHYDLL:PHY] uniform_chunks layout: total_input=1800000 total_output=100000 gcd=100000 phy_count=18 dl_count=1
[PHYDLL:CORE] phydll_init instance=physical mapping complete ndest=1
[PHYDLL:PHY] after phydll_init[PHYDLL:CORE] phydll_init instance=physical mapping complete ndest=1
[PHYDLL:PHY] after phydll_init


[PHYDLL:PHY] uniform_chunks layout: total_input=1800000 total_output=100000 gcd=100000 phy_count=18 dl_count=1
[PHYDLL:PHY] uniform_chunks layout: total_input=1800000 total_output=100000 gcd=100000 phy_count=18 dl_count=1
[PHYDLL:CORE] phydll_init instance=physical mapping complete ndest=1
[PHYDLL:PHY] after phydll_init
[PHYDLL:PHY] uniform_chunks layout: total_input=1800000 total_output=100000 gcd=100000 phy_count=18 dl_count=1
[PHYDLL:CORE] phydll_init instance=physical mapping complete ndest=1
[PHYDLL:PHY] after phydll_init
[PHYDLL:CORE] phydll_init instance=physical mapping complete ndest=1
[PHYDLL:PHY] after phydll_init
[PHYDLL:CORE] phydll_init instance=physical mapping complete ndest=1
[PHYDLL:PHY] after phydll_init
[PHYDLL:CORE] phydll_init instance=physical mapping complete ndest=1
[PHYDLL:PHY] after phydll_init
[PHYDLL:CORE] phydll_init instance=physical mapping complete ndest=1
[PHYDLL:PHY] after phydll_init
[PHYDLL:PHY] uniform_chunks layout: total_input=1800000 total_output=100000 gcd=100000 phy_count=18 dl_count=1
[PHYDLL:CORE] phydll_init instance=physical mapping complete ndest=1
[PHYDLL:PHY] after phydll_init
[PHYDLL:CORE] phydll_init instance=physical mapping complete ndest=1
[PHYDLL:PHY] after phydll_init
[PHYDLL:CORE] phydll_init instance=physical mapping complete ndest=1
[PHYDLL:PHY] after phydll_init
[PHYDLL:CORE] phydll_init instance=physical mapping complete ndest=1
[PHYDLL:PHY] after phydll_init
[PHYDLL:CORE] phydll_init instance=physical mapping complete ndest=1
[PHYDLL:PHY] after phydll_init
[PHYDLL:CORE] phydll_init instance=physical mapping complete ndest=1
[PHYDLL:PHY] after phydll_init
[PHYDLL:CORE] phydll_init instance=physical mapping complete ndest=1
[PHYDLL:PHY] after phydll_init
[PHYDLL:PHY] uniform_chunks layout: total_input=1800000 total_output=100000 gcd=100000 phy_count=18 dl_count=1
[PHYDLL:CORE] phydll_init instance=physical mapping complete ndest=1
[PHYDLL:PHY] after phydll_init
[PHYDLL:PHY] uniform_chunks layout: total_input=1800000 total_output=100000 gcd=100000 phy_count=18 dl_count=[PHYDLL:PHY] uniform_chunks layout: total_input=1800000 total_output=100000 gcd=100000 phy_count=18 dl_count=11
[PHYDLL:PHY] uniform_chunks layout: total_input=1800000 total_output=100000 gcd=100000 phy_count=18 dl_count=
1
[PHYDLL:PHY] uniform_chunks layout: total_input=1800000 total_output=100000 gcd=100000 phy_count=18 dl_count=1
[PHYDLL:PHY] uniform_chunks layout: total_input=1800000 total_output=100000 gcd=100000 phy_count=18 dl_count=1
[PHYDLL:PHY] uniform_chunks layout: total_input=1800000 total_output=100000 gcd=100000 phy_count=18 dl_count=1
[PHYDLL:PHY] uniform_chunks layout: total_input=1800000 total_output=100000 gcd=100000 phy_count=18 dl_count=1
[PHYDLL:PHY] uniform_chunks layout: total_input=1800000 total_output=100000 gcd=100000 phy_count=18 dl_count=1
[PHYDLL:PHY] uniform_chunks layout: total_input=1800000 total_output=100000 gcd=100000 phy_count=18 dl_count=1
[PHYDLL:PHY] uniform_chunks layout: total_input=1800000 total_output=100000 gcd=100000 phy_count=18 dl_count=1
[PHYDLL:PHY] uniform_chunks layout: total_input=1800000 total_output=100000 gcd=100000 phy_count=18 dl_count=1
[PHYDLL:PHY] before phydll_define_phy count=18 field_size=100000
[PHYDLL:PHY] before phydll_define_phy count=18 field_size=100000
[PHYDLL:PHY] before phydll_define_phy count=18 field_size=100000
[PHYDLL:PHY] before phydll_define_phy count=18 field_size=100000
[PHYDLL:PHY] before phydll_define_phy count=18 field_size=100000
[PHYDLL:PHY] before phydll_define_phy count=18 field_size=100000
[PHYDLL:PHY] before phydll_define_phy count=18 field_size=100000
[PHYDLL:PHY] before phydll_define_phy count=18 field_size=100000
[PHYDLL:PHY] before phydll_define_phy count=18 field_size=100000
[PHYDLL:PHY] before phydll_define_phy count=18 field_size=100000
[PHYDLL:PHY] before phydll_define_phy count=18 field_size=100000
[PHYDLL:PHY] before phydll_define_phy count=18 field_size=100000
[PHYDLL:PHY] before phydll_define_phy count=18 field_size=100000
[PHYDLL:PHY] before phydll_define_phy count=18 field_size=100000
[PHYDLL:PHY] before phydll_define_phy count=18 field_size=100000
[PHYDLL:PHY] before phydll_define_phy count=18 field_size=100000
[PHYDLL:PHY] before phydll_define_phy count=18 field_size=100000
[PHYDLL:PHY] before phydll_define_phy count=18 field_size=100000
[PHYDLL:PHY] before phydll_define_phy count=18 field_size=100000
[PHYDLL:PHY] before phydll_define_phy count=18 field_size=100000
(PhyDLL) ----> OPTION: Coupling with loop = True
[PHYDLL:CORE] _kernel_alloc_fields begin gl_rank=12 phy_bcast_root=0 dl_bcast_root=20
[PHYDLL:CORE] _kernel_alloc_fields begin gl_rank=13 phy_bcast_root=0 dl_bcast_root=20
[PHYDLL:CORE] _kernel_alloc_fields begin gl_rank=0 phy_bcast_root=0 dl_bcast_root=20
[PHYDLL:CORE] _kernel_alloc_fields begin gl_rank=3 phy_bcast_root=0 dl_bcast_root=20
[PHYDLL:CORE] _kernel_alloc_fields begin gl_rank=1 phy_bcast_root=0 dl_bcast_root=20
[PHYDLL:CORE] _kernel_alloc_fields begin gl_rank=4 phy_bcast_root=0 dl_bcast_root=20
[PHYDLL:CORE] _kernel_alloc_fields begin gl_rank=7 phy_bcast_root=0 dl_bcast_root=20
[PHYDLL:CORE] _kernel_alloc_fields begin gl_rank=15 phy_bcast_root=0 dl_bcast_root=20
[PHYDLL:CORE] _kernel_alloc_fields begin gl_rank=9 phy_bcast_root=0 dl_bcast_root=20
[PHYDLL:CORE] _kernel_alloc_fields begin gl_rank=11 phy_bcast_root=0 dl_bcast_root=20
[PHYDLL:CORE] _kernel_alloc_fields begin gl_rank=6 phy_bcast_root=0 dl_bcast_root=20
[PHYDLL:CORE] _kernel_alloc_fields begin gl_rank=8 phy_bcast_root=0 dl_bcast_root=20
[PHYDLL:CORE] _kernel_alloc_fields begin gl_rank=14 phy_bcast_root=0 dl_bcast_root=20
[PHYDLL:CORE] _kernel_alloc_fields begin gl_rank=18 phy_bcast_root=0 dl_bcast_root=20
[PHYDLL:CORE] _kernel_alloc_fields begin gl_rank=16 phy_bcast_root=0 dl_bcast_root=20
[PHYDLL:CORE] _kernel_alloc_fields begin gl_rank=5 phy_bcast_root=0 dl_bcast_root=20
[PHYDLL:CORE] _kernel_alloc_fields begin gl_rank=2 phy_bcast_root=0 dl_bcast_root=20
[PHYDLL:CORE] _kernel_alloc_fields begin gl_rank=17 phy_bcast_root=0 dl_bcast_root=20
[PHYDLL:CORE] _kernel_alloc_fields begin gl_rank=10 phy_bcast_root=0 dl_bcast_root=20
[PHYDLL:CORE] _kernel_alloc_fields begin gl_rank=19 phy_bcast_root=0 dl_bcast_root=20
[PHYDLL:CORE] phydll_init instance=dl logfile complete
[PHYDLL:CORE] kernel_ds_mapping DL before allgather gl_rank=20 comm_rank=0 comm_size=1 ndest=20
[PHYDLL:CORE] kernel_ds_mapping DL complete gl_rank=20 ndest=20
[PHYDLL:CORE] phydll_init instance=dl mapping complete ndest=20
[PHYDLL:DL] runtime after phydll_init
[PHYDLL:DL] runtime before phydll_define_dl count=1
[PHYDLL:CORE] kernel_alloc_dl_fields before mesh broadcast gl_rank=20
[PHYDLL:CORE] kernel_alloc_dl_fields after mesh broadcast gl_rank=20
[PHYDLL:CORE] kernel_alloc_dl_fields after field-size exchange gl_rank=20
[PHYDLL:CORE] _kernel_agg_field_sizes ndest=20 gl_rank=20
[PHYDLL:CORE]   sizes_list[0]=100000 -> accum=100000
[PHYDLL:CORE]   sizes_list[1]=100000 -> accum=200000
[PHYDLL:CORE]   sizes_list[2]=100000 -> accum=300000
[PHYDLL:CORE]   sizes_list[3]=100000 -> accum=400000
[PHYDLL:CORE]   sizes_list[4]=100000 -> accum=500000
[PHYDLL:CORE]   sizes_list[5]=100000 -> accum=600000
[PHYDLL:CORE]   sizes_list[6]=100000 -> accum=700000
[PHYDLL:CORE]   sizes_list[7]=100000 -> accum=800000
[PHYDLL:CORE]   sizes_list[8]=100000 -> accum=900000
[PHYDLL:CORE]   sizes_list[9]=100000 -> accum=1000000
[PHYDLL:CORE]   sizes_list[10]=100000 -> accum=1100000
[PHYDLL:CORE]   sizes_list[11]=100000 -> accum=1200000
[PHYDLL:CORE]   sizes_list[12]=100000 -> accum=1300000
[PHYDLL:CORE]   sizes_list[13]=100000 -> accum=1400000
[PHYDLL:CORE]   sizes_list[14]=100000 -> accum=1500000
[PHYDLL:CORE]   sizes_list[15]=100000 -> accum=1600000
[PHYDLL:CORE]   sizes_list[16]=100000 -> accum=1700000
[PHYDLL:CORE]   sizes_list[17]=100000 -> accum=1800000
[PHYDLL:CORE]   sizes_list[18]=100000 -> accum=1900000
[PHYDLL:CORE]   sizes_list[19]=100000 -> accum=2000000
[PHYDLL:CORE] _kernel_alloc_fields begin gl_rank=20 phy_bcast_root=0 dl_bcast_root=20
[PHYDLL:CORE] _kernel_alloc_fields bcasts done gl_rank=6 phy_count=18 dl_count=1 size=100000
[PHYDLL:CORE] _kernel_alloc_fields field_t arrays alloc done gl_rank=6 phy_ptr=0x4753150 dl_ptr=0x437f240
[PHYDLL:CORE]   allocating phy_field[0] size=100000 bytes=800000
[PHYDLL:CORE] _kernel_alloc_fields bcasts done gl_rank=8 phy_count=18 dl_count=1 size=100000
[PHYDLL:CORE] _kernel_alloc_fields field_t arrays alloc done gl_rank=8 phy_ptr=0x46df010 dl_ptr=0x447d610
[PHYDLL:CORE]   allocating phy_field[0] size=100000 bytes=800000
[PHYDLL:CORE] _kernel_alloc_fields bcasts done gl_rank=1 phy_count=18 dl_count=1 size=100000
[PHYDLL:CORE] _kernel_alloc_fields field_t arrays alloc done gl_rank=1 phy_ptr=0x46f1250 dl_ptr=0x456ba10
[PHYDLL:CORE]   allocating phy_field[0] size=100000 bytes=800000
[PHYDLL:CORE] _kernel_alloc_fields bcasts done gl_rank=0 phy_count=18 dl_count=1 size=100000
[PHYDLL:CORE] _kernel_alloc_fields field_t arrays alloc done gl_rank=0 phy_ptr=0x46511f0 dl_ptr=0x464ec30
[PHYDLL:CORE]   allocating phy_field[0] size=100000 bytes=800000
[PHYDLL:CORE] _kernel_alloc_fields bcasts done gl_rank=16 phy_count=18 dl_count=1 size=100000
[PHYDLL:CORE] _kernel_alloc_fields field_t arrays alloc done gl_rank=16 phy_ptr=0x46df010 dl_ptr=0x4595d90
[PHYDLL:CORE]   allocating phy_field[0] size=100000 bytes=800000
[PHYDLL:CORE] _kernel_alloc_fields bcasts done gl_rank=4 phy_count=18 dl_count=1 size=100000
[PHYDLL:CORE] _kernel_alloc_fields field_t arrays alloc done gl_rank=4 phy_ptr=0x40e7050 dl_ptr=0x46df1d0
[PHYDLL:CORE]   allocating phy_field[0] size=100000 bytes=800000
[PHYDLL:CORE] _kernel_alloc_fields bcasts done gl_rank=5 phy_count=18 dl_count=1 size=100000
[PHYDLL:CORE] _kernel_alloc_fields field_t arrays alloc done gl_rank=5 phy_ptr=0x46d0540 dl_ptr=0x456bf10
[PHYDLL:CORE]   allocating phy_field[0] size=100000 bytes=800000
[PHYDLL:CORE] _kernel_alloc_fields bcasts done gl_rank=20 phy_count=18 dl_count=1 size=2000000
[PHYDLL:CORE] _kernel_alloc_fields field_t arrays alloc done gl_rank=20 phy_ptr=0x43055a0 dl_ptr=0x4429e50
[PHYDLL:CORE]   allocating phy_field[0] size=2000000 bytes=16000000
[PHYDLL:CORE] _kernel_alloc_fields bcasts done gl_rank=2 phy_count=18 dl_count=1 size=100000
[PHYDLL:CORE] _kernel_alloc_fields field_t arrays alloc done gl_rank=2 phy_ptr=0x46f09c0 dl_ptr=0x437ffc0
[PHYDLL:CORE]   allocating phy_field[0] size=100000 bytes=800000
[PHYDLL:CORE] _kernel_alloc_fields bcasts done gl_rank=19 phy_count=18 dl_count=1 size=100000
[PHYDLL:CORE] _kernel_alloc_fields field_t arrays alloc done gl_rank=19 phy_ptr=0x456b7b0 dl_ptr=0x46df870
[PHYDLL:CORE]   allocating phy_field[0] size=100000 bytes=800000
[PHYDLL:CORE] _kernel_alloc_fields bcasts done gl_rank=3 phy_count=18 dl_count=1 size=100000
[PHYDLL:CORE] _kernel_alloc_fields field_t arrays alloc done gl_rank=3 phy_ptr=0x4732110 dl_ptr=0x437f1e0
[PHYDLL:CORE]   allocating phy_field[0] size=100000 bytes=800000
[PHYDLL:CORE] _kernel_alloc_fields bcasts done gl_rank=17 phy_count=18 dl_count=1 size=100000
[PHYDLL:CORE] _kernel_alloc_fields field_t arrays alloc done gl_rank=17 phy_ptr=0x456c590 dl_ptr=0x4295b10
[PHYDLL:CORE]   allocating phy_field[0] size=100000 bytes=800000
[PHYDLL:CORE] _kernel_alloc_fields bcasts done gl_rank=10 phy_count=18 dl_count=1 size=100000
[PHYDLL:CORE] _kernel_alloc_fields field_t arrays alloc done gl_rank=10 phy_ptr=0x4732110 dl_ptr=0x437f230
[PHYDLL:CORE]   allocating phy_field[0] size=100000 bytes=800000
[PHYDLL:CORE] _kernel_alloc_fields bcasts done gl_rank=7 phy_count=18 dl_count=1 size=100000
[PHYDLL:CORE] _kernel_alloc_fields field_t arrays alloc done gl_rank=7 phy_ptr=0x46df6a0 dl_ptr=0x4417d20
[PHYDLL:CORE]   allocating phy_field[0] size=100000 bytes=800000
[PHYDLL:CORE] _kernel_alloc_fields bcasts done gl_rank=9 phy_count=18 dl_count=1 size=100000
[PHYDLL:CORE] _kernel_alloc_fields field_t arrays alloc done gl_rank=9 phy_ptr=0x437fb00 dl_ptr=0x46dfb40
[PHYDLL:CORE]   allocating phy_field[0] size=100000 bytes=800000
[PHYDLL:CORE] _kernel_alloc_fields bcasts done gl_rank=11 phy_count=18 dl_count=1 size=100000
[PHYDLL:CORE] _kernel_alloc_fields field_t arrays alloc done gl_rank=11 phy_ptr=0x46cce80 dl_ptr=0x4380040
[PHYDLL:CORE]   allocating phy_field[0] size=100000 bytes=800000
[PHYDLL:CORE] _kernel_alloc_fields bcasts done gl_rank=18 phy_count=18 dl_count=1 size=100000
[PHYDLL:CORE] _kernel_alloc_fields field_t arrays alloc done gl_rank=18 phy_ptr=0x42956a0 dl_ptr=0x4532b30
[PHYDLL:CORE]   allocating phy_field[0] size=100000 bytes=800000
[PHYDLL:CORE]   allocating phy_field[1] size=100000 bytes=800000
[PHYDLL:CORE]   allocating phy_field[1] size=100000 bytes=800000
[PHYDLL:CORE]   allocating phy_field[1] size=100000 bytes=800000
[PHYDLL:CORE]   allocating phy_field[1] size=100000 bytes=800000
[PHYDLL:CORE]   allocating phy_field[1] size=100000 bytes=800000
[PHYDLL:CORE]   allocating phy_field[1] size=100000 bytes=800000
[PHYDLL:CORE]   allocating phy_field[1] size=100000 bytes=800000
[PHYDLL:CORE]   allocating phy_field[1] size=100000 bytes=800000
[PHYDLL:CORE]   allocating phy_field[1] size=100000 bytes=800000
[PHYDLL:CORE]   allocating phy_field[1] size=100000 bytes=800000
[PHYDLL:CORE]   allocating phy_field[1] size=100000 bytes=800000
[PHYDLL:CORE]   allocating phy_field[1] size=100000 bytes=800000
[PHYDLL:CORE]   allocating phy_field[1] size=100000 bytes=800000
[PHYDLL:CORE]   allocating phy_field[1] size=100000 bytes=800000
[PHYDLL:CORE]   allocating phy_field[1] size=100000 bytes=800000
[PHYDLL:CORE]   allocating phy_field[1] size=100000 bytes=800000
[PHYDLL:CORE]   allocating phy_field[2] size=100000 bytes=800000
[PHYDLL:CORE]   allocating phy_field[2] size=100000 bytes=800000
[PHYDLL:CORE]   allocating phy_field[2] size=100000 bytes=800000
[PHYDLL:CORE]   allocating phy_field[2] size=100000 bytes=800000
[PHYDLL:CORE]   allocating phy_field[2] size=100000 bytes=800000
[PHYDLL:CORE]   allocating phy_field[2] size=100000 bytes=800000
[PHYDLL:CORE]   allocating phy_field[2] size=100000 bytes=800000
[PHYDLL:CORE]   allocating phy_field[2] size=100000 bytes=800000
[PHYDLL:CORE]   allocating phy_field[2] size=100000 bytes=800000
[PHYDLL:CORE]   allocating phy_field[2] size=100000 bytes=800000
[PHYDLL:CORE]   allocating phy_field[2] size=100000 bytes=800000
[PHYDLL:CORE]   allocating phy_field[2] size=100000 bytes=800000
[PHYDLL:CORE]   allocating phy_field[2] size=100000 bytes=800000
[PHYDLL:CORE]   allocating phy_field[2] size=100000 bytes=800000
[PHYDLL:CORE]   allocating phy_field[2] size=100000 bytes=800000
[PHYDLL:CORE]   allocating phy_field[2] size=100000 bytes=800000
[PHYDLL:CORE]   allocating phy_field[3] size=100000 bytes=800000
[PHYDLL:CORE]   allocating phy_field[3] size=100000 bytes=800000
[PHYDLL:CORE]   allocating phy_field[3] size=100000 bytes=800000
[PHYDLL:CORE]   allocating phy_field[3] size=100000 bytes=800000
[PHYDLL:CORE] _kernel_alloc_fields bcasts done gl_rank=14 phy_count=18 dl_count=1 size=100000
[PHYDLL:CORE] _kernel_alloc_fields field_t arrays alloc done gl_rank=14 phy_ptr=0x437f6a0 dl_ptr=0x4532a10
[PHYDLL:CORE]   allocating phy_field[0] size=100000 bytes=800000
[PHYDLL:CORE]   allocating phy_field[3] size=100000 bytes=800000
[PHYDLL:CORE]   allocating phy_field[3] size=100000 bytes=800000
[PHYDLL:CORE] _kernel_alloc_fields bcasts done gl_rank=12 phy_count=18 dl_count=1 size=100000
[PHYDLL:CORE] _kernel_alloc_fields field_t arrays alloc done gl_rank=12 phy_ptr=0x46ad300 dl_ptr=0x456c9f0
[PHYDLL:CORE]   allocating phy_field[0] size=100000 bytes=800000
[PHYDLL:CORE]   allocating phy_field[3] size=100000 bytes=800000
[PHYDLL:CORE]   allocating phy_field[3] size=100000 bytes=800000
[PHYDLL:CORE] _kernel_alloc_fields bcasts done gl_rank=13 phy_count=18 dl_count=1 size=100000
[PHYDLL:CORE] _kernel_alloc_fields field_t arrays alloc done gl_rank=13 phy_ptr=0x46df110 dl_ptr=0x4417b70
[PHYDLL:CORE]   allocating phy_field[0] size=100000 bytes=800000
[PHYDLL:CORE]   allocating phy_field[3] size=100000 bytes=800000
[PHYDLL:CORE]   allocating phy_field[3] size=100000 bytes=800000
[PHYDLL:CORE]   allocating phy_field[3] size=100000 bytes=800000
[PHYDLL:CORE]   allocating phy_field[3] size=100000 bytes=800000
[PHYDLL:CORE] _kernel_alloc_fields bcasts done gl_rank=15 phy_count=18 dl_count=1 size=100000
[PHYDLL:CORE] _kernel_alloc_fields field_t arrays alloc done gl_rank=15 phy_ptr=0x4295010 dl_ptr=0x45325e0
[PHYDLL:CORE]   allocating phy_field[0] size=100000 bytes=800000
[PHYDLL:CORE]   allocating phy_field[3] size=100000 bytes=800000
[PHYDLL:CORE]   allocating phy_field[3] size=100000 bytes=800000
[PHYDLL:CORE]   allocating phy_field[3] size=100000 bytes=800000
[PHYDLL:CORE]   allocating phy_field[3] size=100000 bytes=800000
[PHYDLL:CORE]   allocating phy_field[4] size=100000 bytes=800000
[PHYDLL:CORE]   allocating phy_field[4] size=100000 bytes=800000
[PHYDLL:CORE]   allocating phy_field[4] size=100000 bytes=800000
[PHYDLL:CORE]   allocating phy_field[4] size=100000 bytes=800000
[PHYDLL:CORE]   allocating phy_field[4] size=100000 bytes=800000
[PHYDLL:CORE]   allocating phy_field[4] size=100000 bytes=800000
[PHYDLL:CORE]   allocating phy_field[1] size=100000 bytes=800000
[PHYDLL:CORE]   allocating phy_field[4] size=100000 bytes=800000
[PHYDLL:CORE]   allocating phy_field[4] size=100000 bytes=800000
[PHYDLL:CORE]   allocating phy_field[4] size=100000 bytes=800000
[PHYDLL:CORE]   allocating phy_field[4] size=100000 bytes=800000
[PHYDLL:CORE]   allocating phy_field[4] size=100000 bytes=800000
[PHYDLL:CORE]   allocating phy_field[4] size=100000 bytes=800000
[PHYDLL:CORE]   allocating phy_field[1] size=100000 bytes=800000
[PHYDLL:CORE]   allocating phy_field[4] size=100000 bytes=800000
[PHYDLL:CORE]   allocating phy_field[1] size=100000 bytes=800000
[PHYDLL:CORE]   allocating phy_field[1] size=100000 bytes=800000
[PHYDLL:CORE]   allocating phy_field[4] size=100000 bytes=800000
[PHYDLL:CORE]   allocating phy_field[4] size=100000 bytes=800000
[PHYDLL:CORE]   allocating phy_field[4] size=100000 bytes=800000
[PHYDLL:CORE]   allocating phy_field[5] size=100000 bytes=800000
[PHYDLL:CORE]   allocating phy_field[5] size=100000 bytes=800000
[PHYDLL:CORE]   allocating phy_field[5] size=100000 bytes=800000
[PHYDLL:CORE]   allocating phy_field[5] size=100000 bytes=800000
[PHYDLL:CORE]   allocating phy_field[5] size=100000 bytes=800000
[PHYDLL:CORE]   allocating phy_field[2] size=100000 bytes=800000
[PHYDLL:CORE]   allocating phy_field[5] size=100000 bytes=800000
[PHYDLL:CORE]   allocating phy_field[5] size=100000 bytes=800000
[PHYDLL:CORE]   allocating phy_field[2] size=100000 bytes=800000
[PHYDLL:CORE]   allocating phy_field[5] size=100000 bytes=800000
[PHYDLL:CORE]   allocating phy_field[5] size=100000 bytes=800000
[PHYDLL:CORE]   allocating phy_field[2] size=100000 bytes=800000
[PHYDLL:CORE]   allocating phy_field[5] size=100000 bytes=800000
[PHYDLL:CORE]   allocating phy_field[5] size=100000 bytes=800000
[PHYDLL:CORE]   allocating phy_field[5] size=100000 bytes=800000
[PHYDLL:CORE]   allocating phy_field[2] size=100000 bytes=800000
[PHYDLL:CORE]   allocating phy_field[5] size=100000 bytes=800000
[PHYDLL:CORE]   allocating phy_field[5] size=100000 bytes=800000
[PHYDLL:CORE]   allocating phy_field[5] size=100000 bytes=800000
[PHYDLL:CORE]   allocating phy_field[5] size=100000 bytes=800000
[PHYDLL:CORE]   allocating phy_field[6] size=100000 bytes=800000
[PHYDLL:CORE]   allocating phy_field[6] size=100000 bytes=800000
[PHYDLL:CORE]   allocating phy_field[3] size=100000 bytes=800000
[PHYDLL:CORE]   allocating phy_field[3] size=100000 bytes=800000
[PHYDLL:CORE]   allocating phy_field[6] size=100000 bytes=800000
[PHYDLL:CORE]   allocating phy_field[6] size=100000 bytes=800000
[PHYDLL:CORE]   allocating phy_field[6] size=100000 bytes=800000
[PHYDLL:CORE]   allocating phy_field[6] size=100000 bytes=800000
[PHYDLL:CORE]   allocating phy_field[6] size=100000 bytes=800000
[PHYDLL:CORE]   allocating phy_field[6] size=100000 bytes=800000
[PHYDLL:CORE]   allocating phy_field[6] size=100000 bytes=800000
[PHYDLL:CORE]   allocating phy_field[6] size=100000 bytes=800000
[PHYDLL:CORE]   allocating phy_field[6] size=100000 bytes=800000
[PHYDLL:CORE]   allocating phy_field[3] size=100000 bytes=800000
[PHYDLL:CORE]   allocating phy_field[6] size=100000 bytes=800000
[PHYDLL:CORE]   allocating phy_field[6] size=100000 bytes=800000
[PHYDLL:CORE]   allocating phy_field[6] size=100000 bytes=800000
[PHYDLL:CORE]   allocating phy_field[3] size=100000 bytes=800000
[PHYDLL:CORE]   allocating phy_field[6] size=100000 bytes=800000
[PHYDLL:CORE]   allocating phy_field[6] size=100000 bytes=800000
[PHYDLL:CORE]   allocating phy_field[7] size=100000 bytes=800000
[PHYDLL:CORE]   allocating phy_field[4] size=100000 bytes=800000
[PHYDLL:CORE]   allocating phy_field[7] size=100000 bytes=800000
[PHYDLL:CORE]   allocating phy_field[4] size=100000 bytes=800000
[PHYDLL:CORE]   allocating phy_field[7] size=100000 bytes=800000
[PHYDLL:CORE]   allocating phy_field[7] size=100000 bytes=800000
[PHYDLL:CORE]   allocating phy_field[7] size=100000 bytes=800000
[PHYDLL:CORE]   allocating phy_field[7] size=100000 bytes=800000
[PHYDLL:CORE]   allocating phy_field[7] size=100000 bytes=800000
[PHYDLL:CORE]   allocating phy_field[7] size=100000 bytes=800000
[PHYDLL:CORE]   allocating phy_field[7] size=100000 bytes=800000
[PHYDLL:CORE]   allocating phy_field[4] size=100000 bytes=800000
[PHYDLL:CORE]   allocating phy_field[7] size=100000 bytes=800000
[PHYDLL:CORE]   allocating phy_field[7] size=100000 bytes=800000
[PHYDLL:CORE]   allocating phy_field[7] size=100000 bytes=800000
[PHYDLL:CORE]   allocating phy_field[7] size=100000 bytes=800000
[PHYDLL:CORE]   allocating phy_field[4] size=100000 bytes=800000
[PHYDLL:CORE]   allocating phy_field[7] size=100000 bytes=800000
[PHYDLL:CORE]   allocating phy_field[7] size=100000 bytes=800000
[PHYDLL:CORE]   allocating phy_field[7] size=100000 bytes=800000
[PHYDLL:CORE]   allocating phy_field[5] size=100000 bytes=800000
[PHYDLL:CORE]   allocating phy_field[5] size=100000 bytes=800000
[PHYDLL:CORE]   allocating phy_field[8] size=100000 bytes=800000
[PHYDLL:CORE]   allocating phy_field[8] size=100000 bytes=800000
[PHYDLL:CORE]   allocating phy_field[8] size=100000 bytes=800000
[PHYDLL:CORE]   allocating phy_field[8] size=100000 bytes=800000
[PHYDLL:CORE]   allocating phy_field[8] size=100000 bytes=800000
[PHYDLL:CORE]   allocating phy_field[8] size=100000 bytes=800000
[PHYDLL:CORE]   allocating phy_field[8] size=100000 bytes=800000
[PHYDLL:CORE]   allocating phy_field[5] size=100000 bytes=800000
[PHYDLL:CORE]   allocating phy_field[8] size=100000 bytes=800000
[PHYDLL:CORE]   allocating phy_field[8] size=100000 bytes=800000
[PHYDLL:CORE]   allocating phy_field[8] size=100000 bytes=800000
[PHYDLL:CORE]   allocating phy_field[8] size=100000 bytes=800000
[PHYDLL:CORE]   allocating phy_field[8] size=100000 bytes=800000
[PHYDLL:CORE]   allocating phy_field[5] size=100000 bytes=800000
[PHYDLL:CORE]   allocating phy_field[8] size=100000 bytes=800000
[PHYDLL:CORE]   allocating phy_field[8] size=100000 bytes=800000
[PHYDLL:CORE]   allocating phy_field[8] size=100000 bytes=800000
[PHYDLL:CORE]   allocating phy_field[8] size=100000 bytes=800000
[PHYDLL:CORE]   allocating phy_field[6] size=100000 bytes=800000
[PHYDLL:CORE]   allocating phy_field[9] size=100000 bytes=800000
[PHYDLL:CORE]   allocating phy_field[9] size=100000 bytes=800000
[PHYDLL:CORE]   allocating phy_field[9] size=100000 bytes=800000
[PHYDLL:CORE]   allocating phy_field[9] size=100000 bytes=800000
[PHYDLL:CORE]   allocating phy_field[9] size=100000 bytes=800000
[PHYDLL:CORE]   allocating phy_field[9] size=100000 bytes=800000
[PHYDLL:CORE]   allocating phy_field[6] size=100000 bytes=800000
[PHYDLL:CORE]   allocating phy_field[6] size=100000 bytes=800000
[PHYDLL:CORE]   allocating phy_field[9] size=100000 bytes=800000
[PHYDLL:CORE]   allocating phy_field[9] size=100000 bytes=800000
[PHYDLL:CORE]   allocating phy_field[9] size=100000 bytes=800000
[PHYDLL:CORE]   allocating phy_field[9] size=100000 bytes=800000
[PHYDLL:CORE]   allocating phy_field[9] size=100000 bytes=800000
[PHYDLL:CORE]   allocating phy_field[6] size=100000 bytes=800000
[PHYDLL:CORE]   allocating phy_field[9] size=100000 bytes=800000
[PHYDLL:CORE]   allocating phy_field[9] size=100000 bytes=800000
[PHYDLL:CORE]   allocating phy_field[9] size=100000 bytes=800000
[PHYDLL:CORE]   allocating phy_field[9] size=100000 bytes=800000
[PHYDLL:CORE]   allocating phy_field[9] size=100000 bytes=800000
[PHYDLL:CORE]   allocating phy_field[10] size=100000 bytes=800000
[PHYDLL:CORE]   allocating phy_field[10] size=100000 bytes=800000
[PHYDLL:CORE]   allocating phy_field[7] size=100000 bytes=800000
[PHYDLL:CORE]   allocating phy_field[10] size=100000 bytes=800000
[PHYDLL:CORE]   allocating phy_field[10] size=100000 bytes=800000
[PHYDLL:CORE]   allocating phy_field[10] size=100000 bytes=800000
[PHYDLL:CORE]   allocating phy_field[10] size=100000 bytes=800000
[PHYDLL:CORE]   allocating phy_field[7] size=100000 bytes=800000
[PHYDLL:CORE]   allocating phy_field[10] size=100000 bytes=800000
[PHYDLL:CORE]   allocating phy_field[7] size=100000 bytes=800000
[PHYDLL:CORE]   allocating phy_field[10] size=100000 bytes=800000
[PHYDLL:CORE]   allocating phy_field[10] size=100000 bytes=800000
[PHYDLL:CORE]   allocating phy_field[10] size=100000 bytes=800000
[PHYDLL:CORE]   allocating phy_field[10] size=100000 bytes=800000
[PHYDLL:CORE]   allocating phy_field[10] size=100000 bytes=800000
[PHYDLL:CORE]   allocating phy_field[7] size=100000 bytes=800000
[PHYDLL:CORE]   allocating phy_field[10] size=100000 bytes=800000
[PHYDLL:CORE]   allocating phy_field[10] size=100000 bytes=800000
[PHYDLL:CORE]   allocating phy_field[10] size=100000 bytes=800000
[PHYDLL:CORE]   allocating phy_field[10] size=100000 bytes=800000
[PHYDLL:CORE]   allocating phy_field[8] size=100000 bytes=800000
[PHYDLL:CORE]   allocating phy_field[11] size=100000 bytes=800000
[PHYDLL:CORE]   allocating phy_field[11] size=100000 bytes=800000
[PHYDLL:CORE]   allocating phy_field[11] size=100000 bytes=800000
[PHYDLL:CORE]   allocating phy_field[11] size=100000 bytes=800000
[PHYDLL:CORE]   allocating phy_field[8] size=100000 bytes=800000
[PHYDLL:CORE]   allocating phy_field[11] size=100000 bytes=800000
[PHYDLL:CORE]   allocating phy_field[11] size=100000 bytes=800000
[PHYDLL:CORE]   allocating phy_field[11] size=100000 bytes=800000
[PHYDLL:CORE]   allocating phy_field[11] size=100000 bytes=800000
[PHYDLL:CORE]   allocating phy_field[11] size=100000 bytes=800000
[PHYDLL:CORE]   allocating phy_field[11] size=100000 bytes=800000
[PHYDLL:CORE]   allocating phy_field[11] size=100000 bytes=800000
[PHYDLL:CORE]   allocating phy_field[11] size=100000 bytes=800000
[PHYDLL:CORE]   allocating phy_field[8] size=100000 bytes=800000
[PHYDLL:CORE]   allocating phy_field[11] size=100000 bytes=800000
[PHYDLL:CORE]   allocating phy_field[8] size=100000 bytes=800000
[PHYDLL:CORE]   allocating phy_field[11] size=100000 bytes=800000
[PHYDLL:CORE]   allocating phy_field[11] size=100000 bytes=800000
[PHYDLL:CORE]   allocating phy_field[11] size=100000 bytes=800000
[PHYDLL:CORE]   allocating phy_field[9] size=100000 bytes=800000
[PHYDLL:CORE]   allocating phy_field[1] size=2000000 bytes=16000000
[PHYDLL:CORE]   allocating phy_field[9] size=100000 bytes=800000
[PHYDLL:CORE]   allocating phy_field[12] size=100000 bytes=800000
[PHYDLL:CORE]   allocating phy_field[12] size=100000 bytes=800000
[PHYDLL:CORE]   allocating phy_field[12] size=100000 bytes=800000
[PHYDLL:CORE]   allocating phy_field[12] size=100000 bytes=800000
[PHYDLL:CORE]   allocating phy_field[12] size=100000 bytes=800000
[PHYDLL:CORE]   allocating phy_field[12] size=100000 bytes=800000
[PHYDLL:CORE]   allocating phy_field[12] size=100000 bytes=800000
[PHYDLL:CORE]   allocating phy_field[12] size=100000 bytes=800000
[PHYDLL:CORE]   allocating phy_field[12] size=100000 bytes=800000
[PHYDLL:CORE]   allocating phy_field[12] size=100000 bytes=800000
[PHYDLL:CORE]   allocating phy_field[12] size=100000 bytes=800000
[PHYDLL:CORE]   allocating phy_field[12] size=100000 bytes=800000
[PHYDLL:CORE]   allocating phy_field[9] size=100000 bytes=800000
[PHYDLL:CORE]   allocating phy_field[9] size=100000 bytes=800000
[PHYDLL:CORE]   allocating phy_field[12] size=100000 bytes=800000
[PHYDLL:CORE]   allocating phy_field[12] size=100000 bytes=800000
[PHYDLL:CORE]   allocating phy_field[12] size=100000 bytes=800000
[PHYDLL:CORE]   allocating phy_field[12] size=100000 bytes=800000
[PHYDLL:CORE]   allocating phy_field[10] size=100000 bytes=800000
[PHYDLL:CORE]   allocating phy_field[13] size=100000 bytes=800000
[PHYDLL:CORE]   allocating phy_field[13] size=100000 bytes=800000
[PHYDLL:CORE]   allocating phy_field[13] size=100000 bytes=800000
[PHYDLL:CORE]   allocating phy_field[13] size=100000 bytes=800000
[PHYDLL:CORE]   allocating phy_field[13] size=100000 bytes=800000
[PHYDLL:CORE]   allocating phy_field[10] size=100000 bytes=800000
[PHYDLL:CORE]   allocating phy_field[13] size=100000 bytes=800000
[PHYDLL:CORE]   allocating phy_field[13] size=100000 bytes=800000
[PHYDLL:CORE]   allocating phy_field[13] size=100000 bytes=800000
[PHYDLL:CORE]   allocating phy_field[13] size=100000 bytes=800000
[PHYDLL:CORE]   allocating phy_field[13] size=100000 bytes=800000
[PHYDLL:CORE]   allocating phy_field[13] size=100000 bytes=800000
[PHYDLL:CORE]   allocating phy_field[10] size=100000 bytes=800000
[PHYDLL:CORE]   allocating phy_field[13] size=100000 bytes=800000
[PHYDLL:CORE]   allocating phy_field[10] size=100000 bytes=800000
[PHYDLL:CORE]   allocating phy_field[13] size=100000 bytes=800000
[PHYDLL:CORE]   allocating phy_field[13] size=100000 bytes=800000
[PHYDLL:CORE]   allocating phy_field[13] size=100000 bytes=800000
[PHYDLL:CORE]   allocating phy_field[13] size=100000 bytes=800000
[PHYDLL:CORE]   allocating phy_field[14] size=100000 bytes=800000
[PHYDLL:CORE]   allocating phy_field[14] size=100000 bytes=800000
[PHYDLL:CORE]   allocating phy_field[14] size=100000 bytes=800000
[PHYDLL:CORE]   allocating phy_field[14] size=100000 bytes=800000
[PHYDLL:CORE]   allocating phy_field[14] size=100000 bytes=800000
[PHYDLL:CORE]   allocating phy_field[11] size=100000 bytes=800000
[PHYDLL:CORE]   allocating phy_field[11] size=100000 bytes=800000
[PHYDLL:CORE]   allocating phy_field[14] size=100000 bytes=800000
[PHYDLL:CORE]   allocating phy_field[14] size=100000 bytes=800000
[PHYDLL:CORE]   allocating phy_field[14] size=100000 bytes=800000
[PHYDLL:CORE]   allocating phy_field[14] size=100000 bytes=800000
[PHYDLL:CORE]   allocating phy_field[14] size=100000 bytes=800000
[PHYDLL:CORE]   allocating phy_field[14] size=100000 bytes=800000
[PHYDLL:CORE]   allocating phy_field[11] size=100000 bytes=800000
[PHYDLL:CORE]   allocating phy_field[11] size=100000 bytes=800000
[PHYDLL:CORE]   allocating phy_field[14] size=100000 bytes=800000
[PHYDLL:CORE]   allocating phy_field[14] size=100000 bytes=800000
[PHYDLL:CORE]   allocating phy_field[14] size=100000 bytes=800000
[PHYDLL:CORE]   allocating phy_field[14] size=100000 bytes=800000
[PHYDLL:CORE]   allocating phy_field[14] size=100000 bytes=800000
[PHYDLL:CORE]   allocating phy_field[15] size=100000 bytes=800000
[PHYDLL:CORE]   allocating phy_field[15] size=100000 bytes=800000
[PHYDLL:CORE]   allocating phy_field[12] size=100000 bytes=800000
[PHYDLL:CORE]   allocating phy_field[15] size=100000 bytes=800000
[PHYDLL:CORE]   allocating phy_field[12] size=100000 bytes=800000
[PHYDLL:CORE]   allocating phy_field[15] size=100000 bytes=800000
[PHYDLL:CORE]   allocating phy_field[15] size=100000 bytes=800000
[PHYDLL:CORE]   allocating phy_field[15] size=100000 bytes=800000
[PHYDLL:CORE]   allocating phy_field[15] size=100000 bytes=800000
[PHYDLL:CORE]   allocating phy_field[15] size=100000 bytes=800000
[PHYDLL:CORE]   allocating phy_field[15] size=100000 bytes=800000
[PHYDLL:CORE]   allocating phy_field[15] size=100000 bytes=800000
[PHYDLL:CORE]   allocating phy_field[12] size=100000 bytes=800000
[PHYDLL:CORE]   allocating phy_field[12] size=100000 bytes=800000
[PHYDLL:CORE]   allocating phy_field[15] size=100000 bytes=800000
[PHYDLL:CORE]   allocating phy_field[15] size=100000 bytes=800000
[PHYDLL:CORE]   allocating phy_field[15] size=100000 bytes=800000
[PHYDLL:CORE]   allocating phy_field[15] size=100000 bytes=800000
[PHYDLL:CORE]   allocating phy_field[15] size=100000 bytes=800000
[PHYDLL:CORE]   allocating phy_field[15] size=100000 bytes=800000
[PHYDLL:CORE]   allocating phy_field[13] size=100000 bytes=800000
[PHYDLL:CORE]   allocating phy_field[16] size=100000 bytes=800000
[PHYDLL:CORE]   allocating phy_field[16] size=100000 bytes=800000
[PHYDLL:CORE]   allocating phy_field[16] size=100000 bytes=800000
[PHYDLL:CORE]   allocating phy_field[13] size=100000 bytes=800000
[PHYDLL:CORE]   allocating phy_field[16] size=100000 bytes=800000
[PHYDLL:CORE]   allocating phy_field[16] size=100000 bytes=800000
[PHYDLL:CORE]   allocating phy_field[16] size=100000 bytes=800000
[PHYDLL:CORE]   allocating phy_field[16] size=100000 bytes=800000
[PHYDLL:CORE]   allocating phy_field[16] size=100000 bytes=800000
[PHYDLL:CORE]   allocating phy_field[16] size=100000 bytes=800000
[PHYDLL:CORE]   allocating phy_field[13] size=100000 bytes=800000
[PHYDLL:CORE]   allocating phy_field[13] size=100000 bytes=800000
[PHYDLL:CORE]   allocating phy_field[16] size=100000 bytes=800000
[PHYDLL:CORE]   allocating phy_field[16] size=100000 bytes=800000
[PHYDLL:CORE]   allocating phy_field[16] size=100000 bytes=800000
[PHYDLL:CORE]   allocating phy_field[16] size=100000 bytes=800000
[PHYDLL:CORE]   allocating phy_field[16] size=100000 bytes=800000
[PHYDLL:CORE]   allocating phy_field[16] size=100000 bytes=800000
[PHYDLL:CORE]   allocating phy_field[17] size=100000 bytes=800000
[PHYDLL:CORE]   allocating phy_field[17] size=100000 bytes=800000
[PHYDLL:CORE]   allocating phy_field[16] size=100000 bytes=800000
[PHYDLL:CORE]   allocating phy_field[17] size=100000 bytes=800000
[PHYDLL:CORE]   allocating phy_field[14] size=100000 bytes=800000
[PHYDLL:CORE]   allocating phy_field[14] size=100000 bytes=800000
[PHYDLL:CORE]   allocating phy_field[17] size=100000 bytes=800000
[PHYDLL:CORE]   allocating phy_field[17] size=100000 bytes=800000
[PHYDLL:CORE]   allocating phy_field[17] size=100000 bytes=800000
[PHYDLL:CORE]   allocating phy_field[17] size=100000 bytes=800000
[PHYDLL:CORE]   allocating phy_field[17] size=100000 bytes=800000
[PHYDLL:CORE]   allocating phy_field[14] size=100000 bytes=800000
[PHYDLL:CORE]   allocating phy_field[14] size=100000 bytes=800000
[PHYDLL:CORE]   allocating phy_field[17] size=100000 bytes=800000
[PHYDLL:CORE]   allocating phy_field[17] size=100000 bytes=800000
[PHYDLL:CORE]   allocating phy_field[17] size=100000 bytes=800000
[PHYDLL:CORE]   allocating phy_field[17] size=100000 bytes=800000
[PHYDLL:CORE]   allocating phy_field[17] size=100000 bytes=800000
[PHYDLL:CORE]   allocating phy_field[17] size=100000 bytes=800000
[PHYDLL:CORE]   allocating dl_field[0] size=100000 bytes=800000
[PHYDLL:CORE]   allocating phy_field[15] size=100000 bytes=800000
[PHYDLL:CORE]   allocating dl_field[0] size=100000 bytes=800000
[PHYDLL:CORE]   allocating phy_field[15] size=100000 bytes=800000
[PHYDLL:CORE]   allocating dl_field[0] size=100000 bytes=800000
[PHYDLL:CORE]   allocating phy_field[17] size=100000 bytes=800000
[PHYDLL:CORE]   allocating phy_field[17] size=100000 bytes=800000
[PHYDLL:CORE]   allocating dl_field[0] size=100000 bytes=800000
[PHYDLL:CORE]   allocating dl_field[0] size=100000 bytes=800000
[PHYDLL:CORE]   allocating dl_field[0] size=100000 bytes=800000
[PHYDLL:CORE]   allocating dl_field[0] size=100000 bytes=800000
[PHYDLL:CORE]   allocating dl_field[0] size=100000 bytes=800000
[PHYDLL:CORE]   allocating dl_field[0] size=100000 bytes=800000
[PHYDLL:CORE]   allocating phy_field[15] size=100000 bytes=800000
[PHYDLL:CORE]   allocating dl_field[0] size=100000 bytes=800000
[PHYDLL:CORE]   allocating dl_field[0] size=100000 bytes=800000
[PHYDLL:CORE]   allocating phy_field[15] size=100000 bytes=800000
[PHYDLL:CORE]   allocating dl_field[0] size=100000 bytes=800000
[PHYDLL:CORE]   allocating dl_field[0] size=100000 bytes=800000
[PHYDLL:CORE]   allocating dl_field[0] size=100000 bytes=800000
[PHYDLL:CORE]   allocating phy_field[16] size=100000 bytes=800000
[PHYDLL:CORE]   allocating phy_field[16] size=100000 bytes=800000
[PHYDLL:CORE] _kernel_alloc_fields complete gl_rank=9
[PHYDLL:PHY] after phydll_define_phy
[PHYDLL:CORE] _kernel_alloc_fields complete gl_rank=6
[PHYDLL:PHY] after phydll_define_phy
[PHYDLL:CORE] _kernel_alloc_fields complete gl_rank=7
[PHYDLL:PHY] after phydll_define_phy
[PHYDLL:CORE]   allocating dl_field[0] size=100000 bytes=800000
[PHYDLL:CORE] _kernel_alloc_fields complete gl_rank=10
[PHYDLL:CORE]   allocating dl_field[0] size=100000 bytes=800000
[PHYDLL:PHY] after phydll_define_phy
[PHYDLL:CORE] _kernel_alloc_fields complete gl_rank=16
[PHYDLL:PHY] after phydll_define_phy
[PHYDLL:CORE] _kernel_alloc_fields complete gl_rank=8
[PHYDLL:PHY] after phydll_define_phy[PHYDLL:CORE] _kernel_alloc_fields complete gl_rank=18
[PHYDLL:PHY] after phydll_define_phy

[PHYDLL:CORE] _kernel_alloc_fields complete gl_rank=5
[PHYDLL:PHY] after phydll_define_phy
[PHYDLL:CORE]   allocating phy_field[16] size=100000 bytes=800000
[PHYDLL:CORE] _kernel_alloc_fields complete gl_rank=2
[PHYDLL:PHY] after phydll_define_phy
[PHYDLL:CORE] _kernel_alloc_fields complete gl_rank=4
[PHYDLL:PHY] after phydll_define_phy
[PHYDLL:CORE]   allocating phy_field[16] size=100000 bytes=800000
[PHYDLL:CORE]   allocating phy_field[17] size=100000 bytes=800000
[PHYDLL:CORE] _kernel_alloc_fields complete gl_rank=0
[PHYDLL:PHY] after phydll_define_phy
[PHYDLL:PHY] Rank 0 starting metadata handshake. Synchronizing with DL side...
[PHYDLL:PHY] Handshake synchronization complete.
[PHYDLL:CORE]   allocating phy_field[17] size=100000 bytes=800000
[PHYDLL:CORE] _kernel_alloc_fields complete gl_rank=19
[PHYDLL:PHY] after phydll_define_phy
[PHYDLL:CORE] _kernel_alloc_fields complete gl_rank=17
[PHYDLL:PHY] after phydll_define_phy[PHYDLL:CORE] _kernel_alloc_fields complete gl_rank=1
[PHYDLL:PHY] after phydll_define_phy

[PHYDLL:CORE] _kernel_alloc_fields complete gl_rank=11
[PHYDLL:PHY] after phydll_define_phy
[PHYDLL:CORE]   allocating phy_field[17] size=100000 bytes=800000
[PHYDLL:CORE]   allocating phy_field[17] size=100000 bytes=800000
[PHYDLL:CORE]   allocating dl_field[0] size=100000 bytes=800000
[PHYDLL:CORE]   allocating dl_field[0] size=100000 bytes=800000
[PHYDLL:CORE] _kernel_alloc_fields complete gl_rank=12
[PHYDLL:CORE]   allocating dl_field[0] size=100000 bytes=800000
[PHYDLL:CORE]   allocating dl_field[0] size=100000 bytes=800000
[PHYDLL:PHY] after phydll_define_phy
[PHYDLL:CORE] _kernel_alloc_fields complete gl_rank=14
[PHYDLL:PHY] after phydll_define_phy
[PHYDLL:CORE] _kernel_alloc_fields complete gl_rank=13
[PHYDLL:PHY] after phydll_define_phy
[PHYDLL:CORE] _kernel_alloc_fields complete gl_rank=15
[PHYDLL:PHY] after phydll_define_phy
[PHYDLL:CORE] _kernel_alloc_fields complete gl_rank=3
[PHYDLL:PHY] after phydll_define_phy
[PHYDLL:CORE]   allocating phy_field[2] size=2000000 bytes=16000000
CMI initialized successfully. Starting benchmark steps...

[PHYDLL:CORE]   allocating phy_field[3] size=2000000 bytes=16000000
[PHYDLL:CORE]   allocating phy_field[4] size=2000000 bytes=16000000
[PHYDLL:CORE]   allocating phy_field[5] size=2000000 bytes=16000000
(PhyDLL:PHY) ----> SET... Physical field: (0) 'PHY-IN-000' ...done
(PhyDLL:PHY) ----> SET... Physical field: (1) 'PHY-IN-001' ...done
(PhyDLL:PHY) ----> SET... Physical field: (2) 'PHY-IN-002' ...done
(PhyDLL:PHY) ----> SET... Physical field: (3) 'PHY-IN-003' ...done
(PhyDLL:PHY) ----> SET... Physical field: (4) 'PHY-IN-004' ...done
(PhyDLL:PHY) ----> SET... Physical field: (5) 'PHY-IN-005' ...done
(PhyDLL:PHY) ----> SET... Physical field: (6) 'PHY-IN-006' ...done
(PhyDLL:PHY) ----> SET... Physical field: (7) 'PHY-IN-007' ...done
(PhyDLL:PHY) ----> SET... Physical field: (8) 'PHY-IN-008' ...done
(PhyDLL:PHY) ----> SET... Physical field: (9) 'PHY-IN-009' ...done
(PhyDLL:PHY) ----> SET... Physical field: (10) 'PHY-IN-010' ...done
(PhyDLL:PHY) ----> SET... Physical field: (11) 'PHY-IN-011' ...done
(PhyDLL:PHY) ----> SET... Physical field: (12) 'PHY-IN-012' ...done
(PhyDLL:PHY) ----> SET... Physical field: (13) 'PHY-IN-013' ...done
(PhyDLL:PHY) ----> SET... Physical field: (14) 'PHY-IN-014' ...done
(PhyDLL:PHY) ----> SET... Physical field: (15) 'PHY-IN-015' ...done
(PhyDLL:PHY) ----> SET... Physical field: (16) 'PHY-IN-016' ...done
(PhyDLL:PHY) ----> SET... Physical field: (17) 'PHY-IN-017' ...done
(PhyDLL:PHY) ----> ITE (PHY ITE) = 1 (1)
[PHYDLL:CORE]   allocating phy_field[6] size=2000000 bytes=16000000
[PHYDLL:CORE]   allocating phy_field[7] size=2000000 bytes=16000000
[PHYDLL:CORE]   allocating phy_field[8] size=2000000 bytes=16000000
[PHYDLL:CORE]   allocating phy_field[9] size=2000000 bytes=16000000
[PHYDLL:CORE]   allocating phy_field[10] size=2000000 bytes=16000000
[PHYDLL:CORE]   allocating phy_field[11] size=2000000 bytes=16000000
[PHYDLL:CORE]   allocating phy_field[12] size=2000000 bytes=16000000
[PHYDLL:CORE]   allocating phy_field[13] size=2000000 bytes=16000000
[PHYDLL:CORE]   allocating phy_field[14] size=2000000 bytes=16000000
[PHYDLL:CORE]   allocating phy_field[15] size=2000000 bytes=16000000
[PHYDLL:CORE]   allocating phy_field[16] size=2000000 bytes=16000000
[PHYDLL:CORE]   allocating phy_field[17] size=2000000 bytes=16000000
[PHYDLL:CORE]   allocating dl_field[0] size=2000000 bytes=16000000
[PHYDLL:CORE] _kernel_alloc_fields complete gl_rank=20
[PHYDLL:DL] runtime after phydll_define_dl
[PHYDLL:DL] getting ndest
[PHYDLL:DL] ndest=20, dests=0x43bfee0
[PHYDLL:DL] receiving metadata from dests[0] = 0
[PHYDLL:DL] MPI_Recv header from source_rank=0
[PHYDLL:DL] MPI_Recv header from source_rank=0 DONE (magic=4d4c434d)
[PHYDLL:DL] Allocating payload size 165
[PHYDLL:DL] MPI_Recv payload from source_rank=0
[PHYDLL:DL] MPI_Recv payload from source_rank=0 DONE
[PHYDLL:DL] receiving metadata from dests[1] = 1
[PHYDLL:DL] MPI_Recv header from source_rank=1
[PHYDLL:DL] MPI_Recv header from source_rank=1 DONE (magic=4d4c434d)
[PHYDLL:DL] Allocating payload size 165
[PHYDLL:DL] MPI_Recv payload from source_rank=1
[PHYDLL:DL] MPI_Recv payload from source_rank=1 DONE
[PHYDLL:DL] receiving metadata from dests[2] = 2
[PHYDLL:DL] MPI_Recv header from source_rank=2
[PHYDLL:DL] MPI_Recv header from source_rank=2 DONE (magic=4d4c434d)
[PHYDLL:DL] Allocating payload size 165
[PHYDLL:DL] MPI_Recv payload from source_rank=2
[PHYDLL:DL] MPI_Recv payload from source_rank=2 DONE
[PHYDLL:DL] receiving metadata from dests[3] = 3
[PHYDLL:DL] MPI_Recv header from source_rank=3
[PHYDLL:DL] MPI_Recv header from source_rank=3 DONE (magic=4d4c434d)
[PHYDLL:DL] Allocating payload size 165
[PHYDLL:DL] MPI_Recv payload from source_rank=3
[PHYDLL:DL] MPI_Recv payload from source_rank=3 DONE
[PHYDLL:DL] receiving metadata from dests[4] = 4
[PHYDLL:DL] MPI_Recv header from source_rank=4
[PHYDLL:DL] MPI_Recv header from source_rank=4 DONE (magic=4d4c434d)
[PHYDLL:DL] Allocating payload size 165
[PHYDLL:DL] MPI_Recv payload from source_rank=4
[PHYDLL:DL] MPI_Recv payload from source_rank=4 DONE
[PHYDLL:DL] receiving metadata from dests[5] = 5
[PHYDLL:DL] MPI_Recv header from source_rank=5
[PHYDLL:DL] MPI_Recv header from source_rank=5 DONE (magic=4d4c434d)
[PHYDLL:DL] Allocating payload size 165
[PHYDLL:DL] MPI_Recv payload from source_rank=5
[PHYDLL:DL] MPI_Recv payload from source_rank=5 DONE
[PHYDLL:DL] receiving metadata from dests[6] = 6
[PHYDLL:DL] MPI_Recv header from source_rank=6
[PHYDLL:DL] MPI_Recv header from source_rank=6 DONE (magic=4d4c434d)
[PHYDLL:DL] Allocating payload size 165
[PHYDLL:DL] MPI_Recv payload from source_rank=6
[PHYDLL:DL] MPI_Recv payload from source_rank=6 DONE
[PHYDLL:DL] receiving metadata from dests[7] = 7
[PHYDLL:DL] MPI_Recv header from source_rank=7
[PHYDLL:DL] MPI_Recv header from source_rank=7 DONE (magic=4d4c434d)
[PHYDLL:DL] Allocating payload size 165
[PHYDLL:DL] MPI_Recv payload from source_rank=7
[PHYDLL:DL] MPI_Recv payload from source_rank=7 DONE
[PHYDLL:DL] receiving metadata from dests[8] = 8
[PHYDLL:DL] MPI_Recv header from source_rank=8
[PHYDLL:DL] MPI_Recv header from source_rank=8 DONE (magic=4d4c434d)
[PHYDLL:DL] Allocating payload size 165
[PHYDLL:DL] MPI_Recv payload from source_rank=8
[PHYDLL:DL] MPI_Recv payload from source_rank=8 DONE
[PHYDLL:DL] receiving metadata from dests[9] = 9
[PHYDLL:DL] MPI_Recv header from source_rank=9
[PHYDLL:DL] MPI_Recv header from source_rank=9 DONE (magic=4d4c434d)
[PHYDLL:DL] Allocating payload size 165
[PHYDLL:DL] MPI_Recv payload from source_rank=9
[PHYDLL:DL] MPI_Recv payload from source_rank=9 DONE
[PHYDLL:DL] receiving metadata from dests[10] = 10
[PHYDLL:DL] MPI_Recv header from source_rank=10
[PHYDLL:DL] MPI_Recv header from source_rank=10 DONE (magic=4d4c434d)
[PHYDLL:DL] Allocating payload size 165
[PHYDLL:DL] MPI_Recv payload from source_rank=10
[PHYDLL:DL] MPI_Recv payload from source_rank=10 DONE
[PHYDLL:DL] receiving metadata from dests[11] = 11
[PHYDLL:DL] MPI_Recv header from source_rank=11
[PHYDLL:DL] MPI_Recv header from source_rank=11 DONE (magic=4d4c434d)
[PHYDLL:DL] Allocating payload size 165
[PHYDLL:DL] MPI_Recv payload from source_rank=11
[PHYDLL:DL] MPI_Recv payload from source_rank=11 DONE
[PHYDLL:DL] receiving metadata from dests[12] = 12
[PHYDLL:DL] MPI_Recv header from source_rank=12
[PHYDLL:DL] MPI_Recv header from source_rank=12 DONE (magic=4d4c434d)
[PHYDLL:DL] Allocating payload size 165
[PHYDLL:DL] MPI_Recv payload from source_rank=12
[PHYDLL:DL] MPI_Recv payload from source_rank=12 DONE
[PHYDLL:DL] receiving metadata from dests[13] = 13
[PHYDLL:DL] MPI_Recv header from source_rank=13
[PHYDLL:DL] MPI_Recv header from source_rank=13 DONE (magic=4d4c434d)
[PHYDLL:DL] Allocating payload size 165
[PHYDLL:DL] MPI_Recv payload from source_rank=13
[PHYDLL:DL] MPI_Recv payload from source_rank=13 DONE
[PHYDLL:DL] receiving metadata from dests[14] = 14
[PHYDLL:DL] MPI_Recv header from source_rank=14
[PHYDLL:DL] MPI_Recv header from source_rank=14 DONE (magic=4d4c434d)
[PHYDLL:DL] Allocating payload size 165
[PHYDLL:DL] MPI_Recv payload from source_rank=14
[PHYDLL:DL] MPI_Recv payload from source_rank=14 DONE
[PHYDLL:DL] receiving metadata from dests[15] = 15
[PHYDLL:DL] MPI_Recv header from source_rank=15
[PHYDLL:DL] MPI_Recv header from source_rank=15 DONE (magic=4d4c434d)
[PHYDLL:DL] Allocating payload size 165
[PHYDLL:DL] MPI_Recv payload from source_rank=15
[PHYDLL:DL] MPI_Recv payload from source_rank=15 DONE
[PHYDLL:DL] receiving metadata from dests[16] = 16
[PHYDLL:DL] MPI_Recv header from source_rank=16
[PHYDLL:DL] MPI_Recv header from source_rank=16 DONE (magic=4d4c434d)
[PHYDLL:DL] Allocating payload size 165
[PHYDLL:DL] MPI_Recv payload from source_rank=16
[PHYDLL:DL] MPI_Recv payload from source_rank=16 DONE
[PHYDLL:DL] receiving metadata from dests[17] = 17
[PHYDLL:DL] MPI_Recv header from source_rank=17
[PHYDLL:DL] MPI_Recv header from source_rank=17 DONE (magic=4d4c434d)
[PHYDLL:DL] Allocating payload size 165
[PHYDLL:DL] MPI_Recv payload from source_rank=17
[PHYDLL:DL] MPI_Recv payload from source_rank=17 DONE
[PHYDLL:DL] receiving metadata from dests[18] = 18
[PHYDLL:DL] MPI_Recv header from source_rank=18
[PHYDLL:DL] MPI_Recv header from source_rank=18 DONE (magic=4d4c434d)
[PHYDLL:DL] Allocating payload size 165
[PHYDLL:DL] MPI_Recv payload from source_rank=18
[PHYDLL:DL] MPI_Recv payload from source_rank=18 DONE
[PHYDLL:DL] receiving metadata from dests[19] = 19
[PHYDLL:DL] MPI_Recv header from source_rank=19
[PHYDLL:DL] MPI_Recv header from source_rank=19 DONE (magic=4d4c434d)
[PHYDLL:DL] Allocating payload size 165
[PHYDLL:DL] MPI_Recv payload from source_rank=19
[PHYDLL:DL] MPI_Recv payload from source_rank=19 DONE
[PHYDLL:DL] Finished receiving metadata from all 20 sources
[PHYDLL:DL] Waiting for frame 0
(PhyDLL:DL) ----> ITE (PHY ITE) = 1 (1)
(PhyDLL:PHY) ----> SEND...>>>... Physical fields ...done
(PhyDLL:DL) ----> RECV...<<<... Physical fields ...done
(PhyDLL:DL) ----> GET... Physical field: (0) 'PHY-IN-000' ...done
(PhyDLL:DL) ----> GET... Physical field: (1) 'PHY-IN-001' ...done
(PhyDLL:DL) ----> GET... Physical field: (2) 'PHY-IN-002' ...done
(PhyDLL:DL) ----> GET... Physical field: (3) 'PHY-IN-003' ...done
(PhyDLL:DL) ----> GET... Physical field: (4) 'PHY-IN-004' ...done
(PhyDLL:DL) ----> GET... Physical field: (5) 'PHY-IN-005' ...done
(PhyDLL:DL) ----> GET... Physical field: (6) 'PHY-IN-006' ...done
(PhyDLL:DL) ----> GET... Physical field: (7) 'PHY-IN-007' ...done
(PhyDLL:DL) ----> GET... Physical field: (8) 'PHY-IN-008' ...done
(PhyDLL:DL) ----> GET... Physical field: (9) 'PHY-IN-009' ...done
(PhyDLL:DL) ----> GET... Physical field: (10) 'PHY-IN-010' ...done
(PhyDLL:DL) ----> GET... Physical field: (11) 'PHY-IN-011' ...done
(PhyDLL:DL) ----> GET... Physical field: (12) 'PHY-IN-012' ...done
(PhyDLL:DL) ----> GET... Physical field: (13) 'PHY-IN-013' ...done
(PhyDLL:DL) ----> GET... Physical field: (14) 'PHY-IN-014' ...done
(PhyDLL:DL) ----> GET... Physical field: (15) 'PHY-IN-015' ...done
(PhyDLL:DL) ----> GET... Physical field: (16) 'PHY-IN-016' ...done
(PhyDLL:DL) ----> GET... Physical field: (17) 'PHY-IN-017' ...done
[PHYDLL:DL] Received frame 0 (has_meta=0, data_size=36000000)
[PHYDLL:DL] Using local DL rank 0 mapped to GPU device index: 0
[PHYDLL:DL] model loaded
[PHYDLL:DL] meta init model_path='/rwthfs/rz/cluster/hpcwork/ro092286/smartsim/batch_memory_benchmark/../mini_app/train_models/model_a/watercnn_cuda.pt' total_input=36000000 total_output=2000000
[PHYDLL:DL] Frame 0 extracting data: total_input_size=36000000, batch=2000000, field/rank=100000, used/rank=18
[PHYDLL:DL] Frame 0 running inference
(PhyDLL:DL) ----> SET... DL field: (0) 'DL-OUT' ...done
(PhyDLL:DL) ----> SEND...>>>... DL fields ...done
[PHYDLL:DL] sent output for frame 0
(PhyDLL:PHY) ----> RECV...<<<... DL fields ...done
(PhyDLL:PHY) ----> GET... DL field: (0) 'DL-OUT' ...done
STEP_TIMING step=1 latency_ms=8225.90 min_ms=8225.63 avg_ms=8225.69 total_samples=2000000 throughput_samples_sec=243135
(PhyDLL:PHY) ----> SET... Physical field: (0) 'PHY-IN-000' ...done
(PhyDLL:PHY) ----> SET... Physical field: (1) 'PHY-IN-001' ...done
(PhyDLL:PHY) ----> SET... Physical field: (2) 'PHY-IN-002' ...done
(PhyDLL:PHY) ----> SET... Physical field: (3) 'PHY-IN-003' ...done
(PhyDLL:PHY) ----> SET... Physical field: (4) 'PHY-IN-004' ...done
(PhyDLL:PHY) ----> SET... Physical field: (5) 'PHY-IN-005' ...done
(PhyDLL:PHY) ----> SET... Physical field: (6) 'PHY-IN-006' ...done
(PhyDLL:PHY) ----> SET... Physical field: (7) 'PHY-IN-007' ...done
(PhyDLL:PHY) ----> SET... Physical field: (8) 'PHY-IN-008' ...done
(PhyDLL:PHY) ----> SET... Physical field: (9) 'PHY-IN-009' ...done
(PhyDLL:PHY) ----> SET... Physical field: (10) 'PHY-IN-010' ...done
(PhyDLL:PHY) ----> SET... Physical field: (11) 'PHY-IN-011' ...done
(PhyDLL:PHY) ----> SET... Physical field: (12) 'PHY-IN-012' ...done
(PhyDLL:PHY) ----> SET... Physical field: (13) 'PHY-IN-013' ...done
(PhyDLL:PHY) ----> SET... Physical field: (14) 'PHY-IN-014' ...done
(PhyDLL:PHY) ----> SET... Physical field: (15) 'PHY-IN-015' ...done
(PhyDLL:PHY) ----> SET... Physical field: (16) 'PHY-IN-016' ...done
(PhyDLL:PHY) ----> SET... Physical field: (17) 'PHY-IN-017' ...done
[PHYDLL:DL] Waiting for frame 1
(PhyDLL:PHY) ----> ITE (PHY ITE) = 2 (2)
(PhyDLL:DL) ----> ITE (PHY ITE) = 2 (2)
(PhyDLL:PHY) ----> SEND...>>>... Physical fields ...done
(PhyDLL:DL) ----> RECV...<<<... Physical fields ...done
(PhyDLL:DL) ----> GET... Physical field: (0) 'PHY-IN-000' ...done
(PhyDLL:DL) ----> GET... Physical field: (1) 'PHY-IN-001' ...done
(PhyDLL:DL) ----> GET... Physical field: (2) 'PHY-IN-002' ...done
(PhyDLL:DL) ----> GET... Physical field: (3) 'PHY-IN-003' ...done
(PhyDLL:DL) ----> GET... Physical field: (4) 'PHY-IN-004' ...done
(PhyDLL:DL) ----> GET... Physical field: (5) 'PHY-IN-005' ...done
(PhyDLL:DL) ----> GET... Physical field: (6) 'PHY-IN-006' ...done
(PhyDLL:DL) ----> GET... Physical field: (7) 'PHY-IN-007' ...done
(PhyDLL:DL) ----> GET... Physical field: (8) 'PHY-IN-008' ...done
(PhyDLL:DL) ----> GET... Physical field: (9) 'PHY-IN-009' ...done
(PhyDLL:DL) ----> GET... Physical field: (10) 'PHY-IN-010' ...done
(PhyDLL:DL) ----> GET... Physical field: (11) 'PHY-IN-011' ...done
(PhyDLL:DL) ----> GET... Physical field: (12) 'PHY-IN-012' ...done
(PhyDLL:DL) ----> GET... Physical field: (13) 'PHY-IN-013' ...done
(PhyDLL:DL) ----> GET... Physical field: (14) 'PHY-IN-014' ...done
(PhyDLL:DL) ----> GET... Physical field: (15) 'PHY-IN-015' ...done
(PhyDLL:DL) ----> GET... Physical field: (16) 'PHY-IN-016' ...done
(PhyDLL:DL) ----> GET... Physical field: (17) 'PHY-IN-017' ...done
[PHYDLL:DL] Received frame 1 (has_meta=0, data_size=36000000)
[PHYDLL:DL] Frame 1 extracting data: total_input_size=36000000, batch=2000000, field/rank=100000, used/rank=18
[PHYDLL:DL] Frame 1 running inference
(PhyDLL:DL) ----> SET... DL field: (0) 'DL-OUT' ...done
(PhyDLL:PHY) ----> RECV...<<<... DL fields ...done
(PhyDLL:DL) ----> SEND...>>>... DL fields ...done
(PhyDLL:PHY) ----> GET... DL field: (0) 'DL-OUT' ...done
[PHYDLL:DL] sent output for frame 1
STEP_TIMING step=2 latency_ms=652.97 min_ms=652.52 avg_ms=652.65 total_samples=2000000 throughput_samples_sec=3062916
(PhyDLL:PHY) ----> SET... Physical field: (0) 'PHY-IN-000' ...done
(PhyDLL:PHY) ----> SET... Physical field: (1) 'PHY-IN-001' ...done
(PhyDLL:PHY) ----> SET... Physical field: (2) 'PHY-IN-002' ...done
(PhyDLL:PHY) ----> SET... Physical field: (3) 'PHY-IN-003' ...done
(PhyDLL:PHY) ----> SET... Physical field: (4) 'PHY-IN-004' ...done
(PhyDLL:PHY) ----> SET... Physical field: (5) 'PHY-IN-005' ...done
(PhyDLL:PHY) ----> SET... Physical field: (6) 'PHY-IN-006' ...done
(PhyDLL:PHY) ----> SET... Physical field: (7) 'PHY-IN-007' ...done
(PhyDLL:PHY) ----> SET... Physical field: (8) 'PHY-IN-008' ...done
(PhyDLL:PHY) ----> SET... Physical field: (9) 'PHY-IN-009' ...done
(PhyDLL:PHY) ----> SET... Physical field: (10) 'PHY-IN-010' ...done
(PhyDLL:PHY) ----> SET... Physical field: (11) 'PHY-IN-011' ...done
(PhyDLL:PHY) ----> SET... Physical field: (12) 'PHY-IN-012' ...done
(PhyDLL:PHY) ----> SET... Physical field: (13) 'PHY-IN-013' ...done
(PhyDLL:PHY) ----> SET... Physical field: (14) 'PHY-IN-014' ...done
(PhyDLL:PHY) ----> SET... Physical field: (15) 'PHY-IN-015' ...done
(PhyDLL:PHY) ----> SET... Physical field: (16) 'PHY-IN-016' ...done
(PhyDLL:PHY) ----> SET... Physical field: (17) 'PHY-IN-017' ...done
(PhyDLL:PHY) ----> ITE (PHY ITE) = 3 (3)
(PhyDLL:DL) ----> ITE (PHY ITE) = 3 (3)
[PHYDLL:DL] Waiting for frame 2
(PhyDLL:PHY) ----> SEND...>>>... Physical fields ...done
(PhyDLL:DL) ----> RECV...<<<... Physical fields ...done
(PhyDLL:DL) ----> GET... Physical field: (0) 'PHY-IN-000' ...done
(PhyDLL:DL) ----> GET... Physical field: (1) 'PHY-IN-001' ...done
(PhyDLL:DL) ----> GET... Physical field: (2) 'PHY-IN-002' ...done
(PhyDLL:DL) ----> GET... Physical field: (3) 'PHY-IN-003' ...done
(PhyDLL:DL) ----> GET... Physical field: (4) 'PHY-IN-004' ...done
(PhyDLL:DL) ----> GET... Physical field: (5) 'PHY-IN-005' ...done
(PhyDLL:DL) ----> GET... Physical field: (6) 'PHY-IN-006' ...done
(PhyDLL:DL) ----> GET... Physical field: (7) 'PHY-IN-007' ...done
(PhyDLL:DL) ----> GET... Physical field: (8) 'PHY-IN-008' ...done
(PhyDLL:DL) ----> GET... Physical field: (9) 'PHY-IN-009' ...done
(PhyDLL:DL) ----> GET... Physical field: (10) 'PHY-IN-010' ...done
(PhyDLL:DL) ----> GET... Physical field: (11) 'PHY-IN-011' ...done
(PhyDLL:DL) ----> GET... Physical field: (12) 'PHY-IN-012' ...done
(PhyDLL:DL) ----> GET... Physical field: (13) 'PHY-IN-013' ...done
(PhyDLL:DL) ----> GET... Physical field: (14) 'PHY-IN-014' ...done
(PhyDLL:DL) ----> GET... Physical field: (15) 'PHY-IN-015' ...done
(PhyDLL:DL) ----> GET... Physical field: (16) 'PHY-IN-016' ...done
(PhyDLL:DL) ----> GET... Physical field: (17) 'PHY-IN-017' ...done
[PHYDLL:DL] Received frame 2 (has_meta=0, data_size=36000000)
[PHYDLL:DL] Frame 2 extracting data: total_input_size=36000000, batch=2000000, field/rank=100000, used/rank=18
[PHYDLL:DL] Frame 2 running inference
(PhyDLL:DL) ----> SET... DL field: (0) 'DL-OUT' ...done
[PHYDLL:DL] sent output for frame 2
(PhyDLL:DL) ----> SEND...>>>... DL fields ...done
(PhyDLL:PHY) ----> RECV...<<<... DL fields ...done
(PhyDLL:PHY) ----> GET... DL field: (0) 'DL-OUT' ...done
STEP_TIMING step=3 latency_ms=514.27 min_ms=513.86 avg_ms=514.09 total_samples=2000000 throughput_samples_sec=3889025
(PhyDLL:PHY) ----> SET... Physical field: (0) 'PHY-IN-000' ...done
(PhyDLL:PHY) ----> SET... Physical field: (1) 'PHY-IN-001' ...done
(PhyDLL:PHY) ----> SET... Physical field: (2) 'PHY-IN-002' ...done
(PhyDLL:PHY) ----> SET... Physical field: (3) 'PHY-IN-003' ...done
(PhyDLL:PHY) ----> SET... Physical field: (4) 'PHY-IN-004' ...done
(PhyDLL:PHY) ----> SET... Physical field: (5) 'PHY-IN-005' ...done
(PhyDLL:PHY) ----> SET... Physical field: (6) 'PHY-IN-006' ...done
(PhyDLL:PHY) ----> SET... Physical field: (7) 'PHY-IN-007' ...done
(PhyDLL:PHY) ----> SET... Physical field: (8) 'PHY-IN-008' ...done
(PhyDLL:PHY) ----> SET... Physical field: (9) 'PHY-IN-009' ...done
(PhyDLL:PHY) ----> SET... Physical field: (10) 'PHY-IN-010' ...done
(PhyDLL:PHY) ----> SET... Physical field: (11) 'PHY-IN-011' ...done
(PhyDLL:PHY) ----> SET... Physical field: (12) 'PHY-IN-012' ...done
(PhyDLL:PHY) ----> SET... Physical field: (13) 'PHY-IN-013' ...done
(PhyDLL:PHY) ----> SET... Physical field: (14) 'PHY-IN-014' ...done
(PhyDLL:PHY) ----> SET... Physical field: (15) 'PHY-IN-015' ...done
(PhyDLL:PHY) ----> SET... Physical field: (16) 'PHY-IN-016' ...done
(PhyDLL:PHY) ----> SET... Physical field: (17) 'PHY-IN-017' ...done
(PhyDLL:PHY) ----> ITE (PHY ITE) = 4 (4)
(PhyDLL:DL) ----> ITE (PHY ITE) = 4 (4)
[PHYDLL:DL] Waiting for frame 3
(PhyDLL:PHY) ----> SEND...>>>... Physical fields ...done
(PhyDLL:DL) ----> RECV...<<<... Physical fields ...done
(PhyDLL:DL) ----> GET... Physical field: (0) 'PHY-IN-000' ...done
(PhyDLL:DL) ----> GET... Physical field: (1) 'PHY-IN-001' ...done
(PhyDLL:DL) ----> GET... Physical field: (2) 'PHY-IN-002' ...done
(PhyDLL:DL) ----> GET... Physical field: (3) 'PHY-IN-003' ...done
(PhyDLL:DL) ----> GET... Physical field: (4) 'PHY-IN-004' ...done
(PhyDLL:DL) ----> GET... Physical field: (5) 'PHY-IN-005' ...done
(PhyDLL:DL) ----> GET... Physical field: (6) 'PHY-IN-006' ...done
(PhyDLL:DL) ----> GET... Physical field: (7) 'PHY-IN-007' ...done
(PhyDLL:DL) ----> GET... Physical field: (8) 'PHY-IN-008' ...done
(PhyDLL:DL) ----> GET... Physical field: (9) 'PHY-IN-009' ...done
(PhyDLL:DL) ----> GET... Physical field: (10) 'PHY-IN-010' ...done
(PhyDLL:DL) ----> GET... Physical field: (11) 'PHY-IN-011' ...done
(PhyDLL:DL) ----> GET... Physical field: (12) 'PHY-IN-012' ...done
(PhyDLL:DL) ----> GET... Physical field: (13) 'PHY-IN-013' ...done
(PhyDLL:DL) ----> GET... Physical field: (14) 'PHY-IN-014' ...done
(PhyDLL:DL) ----> GET... Physical field: (15) 'PHY-IN-015' ...done
(PhyDLL:DL) ----> GET... Physical field: (16) 'PHY-IN-016' ...done
(PhyDLL:DL) ----> GET... Physical field: (17) 'PHY-IN-017' ...done
[PHYDLL:DL] Received frame 3 (has_meta=0, data_size=36000000)
[PHYDLL:DL] Frame 3 extracting data: total_input_size=36000000, batch=2000000, field/rank=100000, used/rank=18
[PHYDLL:DL] Frame 3 running inference
(PhyDLL:DL) ----> SET... DL field: (0) 'DL-OUT' ...done
(PhyDLL:DL) ----> SEND...>>>... DL fields ...done
[PHYDLL:DL] sent output for frame 3
(PhyDLL:PHY) ----> RECV...<<<... DL fields ...done
(PhyDLL:PHY) ----> GET... DL field: (0) 'DL-OUT' ...done
STEP_TIMING step=4 latency_ms=509.64 min_ms=509.16 avg_ms=509.34 total_samples=2000000 throughput_samples_sec=3924303
(PhyDLL:PHY) ----> SET... Physical field: (0) 'PHY-IN-000' ...done
(PhyDLL:PHY) ----> SET... Physical field: (1) 'PHY-IN-001' ...done
(PhyDLL:PHY) ----> SET... Physical field: (2) 'PHY-IN-002' ...done
(PhyDLL:PHY) ----> SET... Physical field: (3) 'PHY-IN-003' ...done
(PhyDLL:PHY) ----> SET... Physical field: (4) 'PHY-IN-004' ...done
(PhyDLL:PHY) ----> SET... Physical field: (5) 'PHY-IN-005' ...done
(PhyDLL:PHY) ----> SET... Physical field: (6) 'PHY-IN-006' ...done
(PhyDLL:PHY) ----> SET... Physical field: (7) 'PHY-IN-007' ...done
(PhyDLL:PHY) ----> SET... Physical field: (8) 'PHY-IN-008' ...done
(PhyDLL:PHY) ----> SET... Physical field: (9) 'PHY-IN-009' ...done
(PhyDLL:PHY) ----> SET... Physical field: (10) 'PHY-IN-010' ...done
(PhyDLL:PHY) ----> SET... Physical field: (11) 'PHY-IN-011' ...done
(PhyDLL:PHY) ----> SET... Physical field: (12) 'PHY-IN-012' ...done
(PhyDLL:PHY) ----> SET... Physical field: (13) 'PHY-IN-013' ...done
(PhyDLL:PHY) ----> SET... Physical field: (14) 'PHY-IN-014' ...done
(PhyDLL:PHY) ----> SET... Physical field: (15) 'PHY-IN-015' ...done
(PhyDLL:PHY) ----> SET... Physical field: (16) 'PHY-IN-016' ...done
(PhyDLL:PHY) ----> SET... Physical field: (17) 'PHY-IN-017' ...done
[PHYDLL:DL] Waiting for frame 4
(PhyDLL:PHY) ----> ITE (PHY ITE) = 5 (5)
(PhyDLL:DL) ----> ITE (PHY ITE) = 5 (5)
(PhyDLL:PHY) ----> SEND...>>>... Physical fields ...done
(PhyDLL:DL) ----> RECV...<<<... Physical fields ...done
(PhyDLL:DL) ----> GET... Physical field: (0) 'PHY-IN-000' ...done
(PhyDLL:DL) ----> GET... Physical field: (1) 'PHY-IN-001' ...done
(PhyDLL:DL) ----> GET... Physical field: (2) 'PHY-IN-002' ...done
(PhyDLL:DL) ----> GET... Physical field: (3) 'PHY-IN-003' ...done
(PhyDLL:DL) ----> GET... Physical field: (4) 'PHY-IN-004' ...done
(PhyDLL:DL) ----> GET... Physical field: (5) 'PHY-IN-005' ...done
(PhyDLL:DL) ----> GET... Physical field: (6) 'PHY-IN-006' ...done
(PhyDLL:DL) ----> GET... Physical field: (7) 'PHY-IN-007' ...done
(PhyDLL:DL) ----> GET... Physical field: (8) 'PHY-IN-008' ...done
(PhyDLL:DL) ----> GET... Physical field: (9) 'PHY-IN-009' ...done
(PhyDLL:DL) ----> GET... Physical field: (10) 'PHY-IN-010' ...done
(PhyDLL:DL) ----> GET... Physical field: (11) 'PHY-IN-011' ...done
(PhyDLL:DL) ----> GET... Physical field: (12) 'PHY-IN-012' ...done
(PhyDLL:DL) ----> GET... Physical field: (13) 'PHY-IN-013' ...done
(PhyDLL:DL) ----> GET... Physical field: (14) 'PHY-IN-014' ...done
(PhyDLL:DL) ----> GET... Physical field: (15) 'PHY-IN-015' ...done
(PhyDLL:DL) ----> GET... Physical field: (16) 'PHY-IN-016' ...done
(PhyDLL:DL) ----> GET... Physical field: (17) 'PHY-IN-017' ...done
[PHYDLL:DL] Received frame 4 (has_meta=0, data_size=36000000)
[PHYDLL:DL] Frame 4 extracting data: total_input_size=36000000, batch=2000000, field/rank=100000, used/rank=18
[PHYDLL:DL] Frame 4 running inference
(PhyDLL:DL) ----> SET... DL field: (0) 'DL-OUT' ...done
(PhyDLL:DL) ----> SEND...>>>... DL fields ...done
(PhyDLL:PHY) ----> RECV...<<<... DL fields ...done
[PHYDLL:DL] sent output for frame 4
(PhyDLL:PHY) ----> GET... DL field: (0) 'DL-OUT' ...done
STEP_TIMING step=5 latency_ms=511.00 min_ms=510.80 avg_ms=510.91 total_samples=2000000 throughput_samples_sec=3913924
(PhyDLL:PHY) ----> SET... Physical field: (0) 'PHY-IN-000' ...done
(PhyDLL:PHY) ----> SET... Physical field: (1) 'PHY-IN-001' ...done
(PhyDLL:PHY) ----> SET... Physical field: (2) 'PHY-IN-002' ...done
(PhyDLL:PHY) ----> SET... Physical field: (3) 'PHY-IN-003' ...done
(PhyDLL:PHY) ----> SET... Physical field: (4) 'PHY-IN-004' ...done
(PhyDLL:PHY) ----> SET... Physical field: (5) 'PHY-IN-005' ...done
(PhyDLL:PHY) ----> SET... Physical field: (6) 'PHY-IN-006' ...done
(PhyDLL:PHY) ----> SET... Physical field: (7) 'PHY-IN-007' ...done
(PhyDLL:PHY) ----> SET... Physical field: (8) 'PHY-IN-008' ...done
(PhyDLL:PHY) ----> SET... Physical field: (9) 'PHY-IN-009' ...done
(PhyDLL:PHY) ----> SET... Physical field: (10) 'PHY-IN-010' ...done
(PhyDLL:PHY) ----> SET... Physical field: (11) 'PHY-IN-011' ...done
(PhyDLL:PHY) ----> SET... Physical field: (12) 'PHY-IN-012' ...done
(PhyDLL:PHY) ----> SET... Physical field: (13) 'PHY-IN-013' ...done
(PhyDLL:PHY) ----> SET... Physical field: (14) 'PHY-IN-014' ...done
(PhyDLL:PHY) ----> SET... Physical field: (15) 'PHY-IN-015' ...done
(PhyDLL:PHY) ----> SET... Physical field: (16) 'PHY-IN-016' ...done
(PhyDLL:PHY) ----> SET... Physical field: (17) 'PHY-IN-017' ...done
[PHYDLL:DL] Waiting for frame 5
(PhyDLL:PHY) ----> ITE (PHY ITE) = 6 (6)
(PhyDLL:DL) ----> ITE (PHY ITE) = 6 (6)
(PhyDLL:PHY) ----> SEND...>>>... Physical fields ...done
(PhyDLL:DL) ----> RECV...<<<... Physical fields ...done
(PhyDLL:DL) ----> GET... Physical field: (0) 'PHY-IN-000' ...done
(PhyDLL:DL) ----> GET... Physical field: (1) 'PHY-IN-001' ...done
(PhyDLL:DL) ----> GET... Physical field: (2) 'PHY-IN-002' ...done
(PhyDLL:DL) ----> GET... Physical field: (3) 'PHY-IN-003' ...done
(PhyDLL:DL) ----> GET... Physical field: (4) 'PHY-IN-004' ...done
(PhyDLL:DL) ----> GET... Physical field: (5) 'PHY-IN-005' ...done
(PhyDLL:DL) ----> GET... Physical field: (6) 'PHY-IN-006' ...done
(PhyDLL:DL) ----> GET... Physical field: (7) 'PHY-IN-007' ...done
(PhyDLL:DL) ----> GET... Physical field: (8) 'PHY-IN-008' ...done
(PhyDLL:DL) ----> GET... Physical field: (9) 'PHY-IN-009' ...done
(PhyDLL:DL) ----> GET... Physical field: (10) 'PHY-IN-010' ...done
(PhyDLL:DL) ----> GET... Physical field: (11) 'PHY-IN-011' ...done
(PhyDLL:DL) ----> GET... Physical field: (12) 'PHY-IN-012' ...done
(PhyDLL:DL) ----> GET... Physical field: (13) 'PHY-IN-013' ...done
(PhyDLL:DL) ----> GET... Physical field: (14) 'PHY-IN-014' ...done
(PhyDLL:DL) ----> GET... Physical field: (15) 'PHY-IN-015' ...done
(PhyDLL:DL) ----> GET... Physical field: (16) 'PHY-IN-016' ...done
(PhyDLL:DL) ----> GET... Physical field: (17) 'PHY-IN-017' ...done
[PHYDLL:DL] Received frame 5 (has_meta=0, data_size=36000000)
[PHYDLL:DL] Frame 5 extracting data: total_input_size=36000000, batch=2000000, field/rank=100000, used/rank=18
[PHYDLL:DL] Frame 5 running inference
(PhyDLL:DL) ----> SET... DL field: (0) 'DL-OUT' ...done
[PHYDLL:DL] sent output for frame 5
(PhyDLL:DL) ----> SEND...>>>... DL fields ...done
(PhyDLL:PHY) ----> RECV...<<<... DL fields ...done
(PhyDLL:PHY) ----> GET... DL field: (0) 'DL-OUT' ...done
STEP_TIMING step=6 latency_ms=507.26 min_ms=507.09 avg_ms=507.18 total_samples=2000000 throughput_samples_sec=3942752
(PhyDLL:PHY) ----> SET... Physical field: (0) 'PHY-IN-000' ...done
(PhyDLL:PHY) ----> SET... Physical field: (1) 'PHY-IN-001' ...done
(PhyDLL:PHY) ----> SET... Physical field: (2) 'PHY-IN-002' ...done
(PhyDLL:PHY) ----> SET... Physical field: (3) 'PHY-IN-003' ...done
(PhyDLL:PHY) ----> SET... Physical field: (4) 'PHY-IN-004' ...done
(PhyDLL:PHY) ----> SET... Physical field: (5) 'PHY-IN-005' ...done
(PhyDLL:PHY) ----> SET... Physical field: (6) 'PHY-IN-006' ...done
(PhyDLL:PHY) ----> SET... Physical field: (7) 'PHY-IN-007' ...done
(PhyDLL:PHY) ----> SET... Physical field: (8) 'PHY-IN-008' ...done
(PhyDLL:PHY) ----> SET... Physical field: (9) 'PHY-IN-009' ...done
(PhyDLL:PHY) ----> SET... Physical field: (10) 'PHY-IN-010' ...done
(PhyDLL:PHY) ----> SET... Physical field: (11) 'PHY-IN-011' ...done
(PhyDLL:PHY) ----> SET... Physical field: (12) 'PHY-IN-012' ...done
(PhyDLL:PHY) ----> SET... Physical field: (13) 'PHY-IN-013' ...done
(PhyDLL:PHY) ----> SET... Physical field: (14) 'PHY-IN-014' ...done
(PhyDLL:PHY) ----> SET... Physical field: (15) 'PHY-IN-015' ...done
(PhyDLL:PHY) ----> SET... Physical field: (16) 'PHY-IN-016' ...done
(PhyDLL:PHY) ----> SET... Physical field: (17) 'PHY-IN-017' ...done
(PhyDLL:PHY) ----> ITE (PHY ITE) = 7 (7)
(PhyDLL:DL) ----> ITE (PHY ITE) = 7 (7)
[PHYDLL:DL] Waiting for frame 6
(PhyDLL:PHY) ----> SEND...>>>... Physical fields ...done
(PhyDLL:DL) ----> RECV...<<<... Physical fields ...done
(PhyDLL:DL) ----> GET... Physical field: (0) 'PHY-IN-000' ...done
(PhyDLL:DL) ----> GET... Physical field: (1) 'PHY-IN-001' ...done
(PhyDLL:DL) ----> GET... Physical field: (2) 'PHY-IN-002' ...done
(PhyDLL:DL) ----> GET... Physical field: (3) 'PHY-IN-003' ...done
(PhyDLL:DL) ----> GET... Physical field: (4) 'PHY-IN-004' ...done
(PhyDLL:DL) ----> GET... Physical field: (5) 'PHY-IN-005' ...done
(PhyDLL:DL) ----> GET... Physical field: (6) 'PHY-IN-006' ...done
(PhyDLL:DL) ----> GET... Physical field: (7) 'PHY-IN-007' ...done
(PhyDLL:DL) ----> GET... Physical field: (8) 'PHY-IN-008' ...done
(PhyDLL:DL) ----> GET... Physical field: (9) 'PHY-IN-009' ...done
(PhyDLL:DL) ----> GET... Physical field: (10) 'PHY-IN-010' ...done
(PhyDLL:DL) ----> GET... Physical field: (11) 'PHY-IN-011' ...done
(PhyDLL:DL) ----> GET... Physical field: (12) 'PHY-IN-012' ...done
(PhyDLL:DL) ----> GET... Physical field: (13) 'PHY-IN-013' ...done
(PhyDLL:DL) ----> GET... Physical field: (14) 'PHY-IN-014' ...done
(PhyDLL:DL) ----> GET... Physical field: (15) 'PHY-IN-015' ...done
(PhyDLL:DL) ----> GET... Physical field: (16) 'PHY-IN-016' ...done
(PhyDLL:DL) ----> GET... Physical field: (17) 'PHY-IN-017' ...done
[PHYDLL:DL] Received frame 6 (has_meta=0, data_size=36000000)
[PHYDLL:DL] Frame 6 extracting data: total_input_size=36000000, batch=2000000, field/rank=100000, used/rank=18
[PHYDLL:DL] Frame 6 running inference
(PhyDLL:DL) ----> SET... DL field: (0) 'DL-OUT' ...done
(PhyDLL:DL) ----> SEND...>>>... DL fields ...done
(PhyDLL:PHY) ----> RECV...<<<... DL fields ...done
[PHYDLL:DL] sent output for frame 6
(PhyDLL:PHY) ----> GET... DL field: (0) 'DL-OUT' ...done
STEP_TIMING step=7 latency_ms=510.17 min_ms=510.02 avg_ms=510.10 total_samples=2000000 throughput_samples_sec=3920246
(PhyDLL:PHY) ----> SET... Physical field: (0) 'PHY-IN-000' ...done
(PhyDLL:PHY) ----> SET... Physical field: (1) 'PHY-IN-001' ...done
(PhyDLL:PHY) ----> SET... Physical field: (2) 'PHY-IN-002' ...done
(PhyDLL:PHY) ----> SET... Physical field: (3) 'PHY-IN-003' ...done
(PhyDLL:PHY) ----> SET... Physical field: (4) 'PHY-IN-004' ...done
(PhyDLL:PHY) ----> SET... Physical field: (5) 'PHY-IN-005' ...done
(PhyDLL:PHY) ----> SET... Physical field: (6) 'PHY-IN-006' ...done
(PhyDLL:PHY) ----> SET... Physical field: (7) 'PHY-IN-007' ...done
(PhyDLL:PHY) ----> SET... Physical field: (8) 'PHY-IN-008' ...done
(PhyDLL:PHY) ----> SET... Physical field: (9) 'PHY-IN-009' ...done
(PhyDLL:PHY) ----> SET... Physical field: (10) 'PHY-IN-010' ...done
(PhyDLL:PHY) ----> SET... Physical field: (11) 'PHY-IN-011' ...done
(PhyDLL:PHY) ----> SET... Physical field: (12) 'PHY-IN-012' ...done
(PhyDLL:PHY) ----> SET... Physical field: (13) 'PHY-IN-013' ...done
(PhyDLL:PHY) ----> SET... Physical field: (14) 'PHY-IN-014' ...done
(PhyDLL:PHY) ----> SET... Physical field: (15) 'PHY-IN-015' ...done
(PhyDLL:PHY) ----> SET... Physical field: (16) 'PHY-IN-016' ...done
(PhyDLL:PHY) ----> SET... Physical field: (17) 'PHY-IN-017' ...done
(PhyDLL:PHY) ----> ITE (PHY ITE) = 8 (8)
(PhyDLL:DL) ----> ITE (PHY ITE) = 8 (8)
[PHYDLL:DL] Waiting for frame 7
(PhyDLL:PHY) ----> SEND...>>>... Physical fields ...done
(PhyDLL:DL) ----> RECV...<<<... Physical fields ...done
(PhyDLL:DL) ----> GET... Physical field: (0) 'PHY-IN-000' ...done
(PhyDLL:DL) ----> GET... Physical field: (1) 'PHY-IN-001' ...done
(PhyDLL:DL) ----> GET... Physical field: (2) 'PHY-IN-002' ...done
(PhyDLL:DL) ----> GET... Physical field: (3) 'PHY-IN-003' ...done
(PhyDLL:DL) ----> GET... Physical field: (4) 'PHY-IN-004' ...done
(PhyDLL:DL) ----> GET... Physical field: (5) 'PHY-IN-005' ...done
(PhyDLL:DL) ----> GET... Physical field: (6) 'PHY-IN-006' ...done
(PhyDLL:DL) ----> GET... Physical field: (7) 'PHY-IN-007' ...done
(PhyDLL:DL) ----> GET... Physical field: (8) 'PHY-IN-008' ...done
(PhyDLL:DL) ----> GET... Physical field: (9) 'PHY-IN-009' ...done
(PhyDLL:DL) ----> GET... Physical field: (10) 'PHY-IN-010' ...done
(PhyDLL:DL) ----> GET... Physical field: (11) 'PHY-IN-011' ...done
(PhyDLL:DL) ----> GET... Physical field: (12) 'PHY-IN-012' ...done
(PhyDLL:DL) ----> GET... Physical field: (13) 'PHY-IN-013' ...done
(PhyDLL:DL) ----> GET... Physical field: (14) 'PHY-IN-014' ...done
(PhyDLL:DL) ----> GET... Physical field: (15) 'PHY-IN-015' ...done
(PhyDLL:DL) ----> GET... Physical field: (16) 'PHY-IN-016' ...done
(PhyDLL:DL) ----> GET... Physical field: (17) 'PHY-IN-017' ...done
[PHYDLL:DL] Received frame 7 (has_meta=0, data_size=36000000)
[PHYDLL:DL] Frame 7 extracting data: total_input_size=36000000, batch=2000000, field/rank=100000, used/rank=18
[PHYDLL:DL] Frame 7 running inference
(PhyDLL:DL) ----> SET... DL field: (0) 'DL-OUT' ...done
[PHYDLL:DL] sent output for frame 7
(PhyDLL:DL) ----> SEND...>>>... DL fields ...done
(PhyDLL:PHY) ----> RECV...<<<... DL fields ...done
(PhyDLL:PHY) ----> GET... DL field: (0) 'DL-OUT' ...done
STEP_TIMING step=8 latency_ms=505.23 min_ms=505.07 avg_ms=505.15 total_samples=2000000 throughput_samples_sec=3958590
(PhyDLL:PHY) ----> SET... Physical field: (0) 'PHY-IN-000' ...done
(PhyDLL:PHY) ----> SET... Physical field: (1) 'PHY-IN-001' ...done
(PhyDLL:PHY) ----> SET... Physical field: (2) 'PHY-IN-002' ...done
(PhyDLL:PHY) ----> SET... Physical field: (3) 'PHY-IN-003' ...done
(PhyDLL:PHY) ----> SET... Physical field: (4) 'PHY-IN-004' ...done
(PhyDLL:PHY) ----> SET... Physical field: (5) 'PHY-IN-005' ...done
(PhyDLL:PHY) ----> SET... Physical field: (6) 'PHY-IN-006' ...done
(PhyDLL:PHY) ----> SET... Physical field: (7) 'PHY-IN-007' ...done
(PhyDLL:PHY) ----> SET... Physical field: (8) 'PHY-IN-008' ...done
(PhyDLL:PHY) ----> SET... Physical field: (9) 'PHY-IN-009' ...done
(PhyDLL:PHY) ----> SET... Physical field: (10) 'PHY-IN-010' ...done
(PhyDLL:PHY) ----> SET... Physical field: (11) 'PHY-IN-011' ...done
(PhyDLL:PHY) ----> SET... Physical field: (12) 'PHY-IN-012' ...done
(PhyDLL:PHY) ----> SET... Physical field: (13) 'PHY-IN-013' ...done
(PhyDLL:PHY) ----> SET... Physical field: (14) 'PHY-IN-014' ...done
(PhyDLL:PHY) ----> SET... Physical field: (15) 'PHY-IN-015' ...done
(PhyDLL:PHY) ----> SET... Physical field: (16) 'PHY-IN-016' ...done
(PhyDLL:PHY) ----> SET... Physical field: (17) 'PHY-IN-017' ...done
(PhyDLL:PHY) ----> ITE (PHY ITE) = 9 (9)
(PhyDLL:DL) ----> ITE (PHY ITE) = 9 (9)
[PHYDLL:DL] Waiting for frame 8
(PhyDLL:PHY) ----> SEND...>>>... Physical fields ...done
(PhyDLL:DL) ----> RECV...<<<... Physical fields ...done
(PhyDLL:DL) ----> GET... Physical field: (0) 'PHY-IN-000' ...done
(PhyDLL:DL) ----> GET... Physical field: (1) 'PHY-IN-001' ...done
(PhyDLL:DL) ----> GET... Physical field: (2) 'PHY-IN-002' ...done
(PhyDLL:DL) ----> GET... Physical field: (3) 'PHY-IN-003' ...done
(PhyDLL:DL) ----> GET... Physical field: (4) 'PHY-IN-004' ...done
(PhyDLL:DL) ----> GET... Physical field: (5) 'PHY-IN-005' ...done
(PhyDLL:DL) ----> GET... Physical field: (6) 'PHY-IN-006' ...done
(PhyDLL:DL) ----> GET... Physical field: (7) 'PHY-IN-007' ...done
(PhyDLL:DL) ----> GET... Physical field: (8) 'PHY-IN-008' ...done
(PhyDLL:DL) ----> GET... Physical field: (9) 'PHY-IN-009' ...done
(PhyDLL:DL) ----> GET... Physical field: (10) 'PHY-IN-010' ...done
(PhyDLL:DL) ----> GET... Physical field: (11) 'PHY-IN-011' ...done
(PhyDLL:DL) ----> GET... Physical field: (12) 'PHY-IN-012' ...done
(PhyDLL:DL) ----> GET... Physical field: (13) 'PHY-IN-013' ...done
(PhyDLL:DL) ----> GET... Physical field: (14) 'PHY-IN-014' ...done
(PhyDLL:DL) ----> GET... Physical field: (15) 'PHY-IN-015' ...done
(PhyDLL:DL) ----> GET... Physical field: (16) 'PHY-IN-016' ...done
(PhyDLL:DL) ----> GET... Physical field: (17) 'PHY-IN-017' ...done
[PHYDLL:DL] Received frame 8 (has_meta=0, data_size=36000000)
[PHYDLL:DL] Frame 8 extracting data: total_input_size=36000000, batch=2000000, field/rank=100000, used/rank=18
[PHYDLL:DL] Frame 8 running inference
(PhyDLL:DL) ----> SET... DL field: (0) 'DL-OUT' ...done
(PhyDLL:PHY) ----> RECV...<<<... DL fields ...done
(PhyDLL:DL) ----> SEND...>>>... DL fields ...done
[PHYDLL:DL] sent output for frame 8
(PhyDLL:PHY) ----> GET... DL field: (0) 'DL-OUT' ...done
STEP_TIMING step=9 latency_ms=509.32 min_ms=509.16 avg_ms=509.25 total_samples=2000000 throughput_samples_sec=3926803
(PhyDLL:PHY) ----> SET... Physical field: (0) 'PHY-IN-000' ...done
(PhyDLL:PHY) ----> SET... Physical field: (1) 'PHY-IN-001' ...done
(PhyDLL:PHY) ----> SET... Physical field: (2) 'PHY-IN-002' ...done
(PhyDLL:PHY) ----> SET... Physical field: (3) 'PHY-IN-003' ...done
(PhyDLL:PHY) ----> SET... Physical field: (4) 'PHY-IN-004' ...done
(PhyDLL:PHY) ----> SET... Physical field: (5) 'PHY-IN-005' ...done
(PhyDLL:PHY) ----> SET... Physical field: (6) 'PHY-IN-006' ...done
(PhyDLL:PHY) ----> SET... Physical field: (7) 'PHY-IN-007' ...done
(PhyDLL:PHY) ----> SET... Physical field: (8) 'PHY-IN-008' ...done
(PhyDLL:PHY) ----> SET... Physical field: (9) 'PHY-IN-009' ...done
(PhyDLL:PHY) ----> SET... Physical field: (10) 'PHY-IN-010' ...done
(PhyDLL:PHY) ----> SET... Physical field: (11) 'PHY-IN-011' ...done
(PhyDLL:PHY) ----> SET... Physical field: (12) 'PHY-IN-012' ...done
(PhyDLL:PHY) ----> SET... Physical field: (13) 'PHY-IN-013' ...done
(PhyDLL:PHY) ----> SET... Physical field: (14) 'PHY-IN-014' ...done
(PhyDLL:PHY) ----> SET... Physical field: (15) 'PHY-IN-015' ...done
(PhyDLL:PHY) ----> SET... Physical field: (16) 'PHY-IN-016' ...done
(PhyDLL:PHY) ----> SET... Physical field: (17) 'PHY-IN-017' ...done
(PhyDLL:PHY) ----> ITE (PHY ITE) = 10 (10)
(PhyDLL:DL) ----> ITE (PHY ITE) = 10 (10)
[PHYDLL:DL] Waiting for frame 9
(PhyDLL:PHY) ----> SEND...>>>... Physical fields ...done
(PhyDLL:DL) ----> RECV...<<<... Physical fields ...done
(PhyDLL:DL) ----> GET... Physical field: (0) 'PHY-IN-000' ...done
(PhyDLL:DL) ----> GET... Physical field: (1) 'PHY-IN-001' ...done
(PhyDLL:DL) ----> GET... Physical field: (2) 'PHY-IN-002' ...done
(PhyDLL:DL) ----> GET... Physical field: (3) 'PHY-IN-003' ...done
(PhyDLL:DL) ----> GET... Physical field: (4) 'PHY-IN-004' ...done
(PhyDLL:DL) ----> GET... Physical field: (5) 'PHY-IN-005' ...done
(PhyDLL:DL) ----> GET... Physical field: (6) 'PHY-IN-006' ...done
(PhyDLL:DL) ----> GET... Physical field: (7) 'PHY-IN-007' ...done
(PhyDLL:DL) ----> GET... Physical field: (8) 'PHY-IN-008' ...done
(PhyDLL:DL) ----> GET... Physical field: (9) 'PHY-IN-009' ...done
(PhyDLL:DL) ----> GET... Physical field: (10) 'PHY-IN-010' ...done
(PhyDLL:DL) ----> GET... Physical field: (11) 'PHY-IN-011' ...done
(PhyDLL:DL) ----> GET... Physical field: (12) 'PHY-IN-012' ...done
(PhyDLL:DL) ----> GET... Physical field: (13) 'PHY-IN-013' ...done
(PhyDLL:DL) ----> GET... Physical field: (14) 'PHY-IN-014' ...done
(PhyDLL:DL) ----> GET... Physical field: (15) 'PHY-IN-015' ...done
(PhyDLL:DL) ----> GET... Physical field: (16) 'PHY-IN-016' ...done
(PhyDLL:DL) ----> GET... Physical field: (17) 'PHY-IN-017' ...done
[PHYDLL:DL] Received frame 9 (has_meta=0, data_size=36000000)
[PHYDLL:DL] Frame 9 extracting data: total_input_size=36000000, batch=2000000, field/rank=100000, used/rank=18
[PHYDLL:DL] Frame 9 running inference
(PhyDLL:DL) ----> SET... DL field: (0) 'DL-OUT' ...done
(PhyDLL:DL) ----> SEND...>>>... DL fields ...done
[PHYDLL:DL] sent output for frame 9
(PhyDLL:PHY) ----> RECV...<<<... DL fields ...done
(PhyDLL:PHY) ----> GET... DL field: (0) 'DL-OUT' ...done
STEP_TIMING step=10 latency_ms=522.83 min_ms=522.39 avg_ms=522.54 total_samples=2000000 throughput_samples_sec=3825305
(PhyDLL:PHY) ----> SET... Physical field: (0) 'PHY-IN-000' ...done
(PhyDLL:PHY) ----> SET... Physical field: (1) 'PHY-IN-001' ...done
(PhyDLL:PHY) ----> SET... Physical field: (2) 'PHY-IN-002' ...done
(PhyDLL:PHY) ----> SET... Physical field: (3) 'PHY-IN-003' ...done
(PhyDLL:PHY) ----> SET... Physical field: (4) 'PHY-IN-004' ...done
(PhyDLL:PHY) ----> SET... Physical field: (5) 'PHY-IN-005' ...done
(PhyDLL:PHY) ----> SET... Physical field: (6) 'PHY-IN-006' ...done
(PhyDLL:PHY) ----> SET... Physical field: (7) 'PHY-IN-007' ...done
(PhyDLL:PHY) ----> SET... Physical field: (8) 'PHY-IN-008' ...done
(PhyDLL:PHY) ----> SET... Physical field: (9) 'PHY-IN-009' ...done
(PhyDLL:PHY) ----> SET... Physical field: (10) 'PHY-IN-010' ...done
(PhyDLL:PHY) ----> SET... Physical field: (11) 'PHY-IN-011' ...done
(PhyDLL:PHY) ----> SET... Physical field: (12) 'PHY-IN-012' ...done
(PhyDLL:PHY) ----> SET... Physical field: (13) 'PHY-IN-013' ...done
(PhyDLL:PHY) ----> SET... Physical field: (14) 'PHY-IN-014' ...done
(PhyDLL:PHY) ----> SET... Physical field: (15) 'PHY-IN-015' ...done
(PhyDLL:PHY) ----> SET... Physical field: (16) 'PHY-IN-016' ...done
(PhyDLL:PHY) ----> SET... Physical field: (17) 'PHY-IN-017' ...done
(PhyDLL:DL) ----> ITE (PHY ITE) = 11 (11)
(PhyDLL:PHY) ----> ITE (PHY ITE) = 11 (11)
[PHYDLL:DL] Waiting for frame 10
(PhyDLL:PHY) ----> SEND...>>>... Physical fields ...done
(PhyDLL:DL) ----> RECV...<<<... Physical fields ...done
(PhyDLL:DL) ----> GET... Physical field: (0) 'PHY-IN-000' ...done
(PhyDLL:DL) ----> GET... Physical field: (1) 'PHY-IN-001' ...done
(PhyDLL:DL) ----> GET... Physical field: (2) 'PHY-IN-002' ...done
(PhyDLL:DL) ----> GET... Physical field: (3) 'PHY-IN-003' ...done
(PhyDLL:DL) ----> GET... Physical field: (4) 'PHY-IN-004' ...done
(PhyDLL:DL) ----> GET... Physical field: (5) 'PHY-IN-005' ...done
(PhyDLL:DL) ----> GET... Physical field: (6) 'PHY-IN-006' ...done
(PhyDLL:DL) ----> GET... Physical field: (7) 'PHY-IN-007' ...done
(PhyDLL:DL) ----> GET... Physical field: (8) 'PHY-IN-008' ...done
(PhyDLL:DL) ----> GET... Physical field: (9) 'PHY-IN-009' ...done
(PhyDLL:DL) ----> GET... Physical field: (10) 'PHY-IN-010' ...done
(PhyDLL:DL) ----> GET... Physical field: (11) 'PHY-IN-011' ...done
(PhyDLL:DL) ----> GET... Physical field: (12) 'PHY-IN-012' ...done
(PhyDLL:DL) ----> GET... Physical field: (13) 'PHY-IN-013' ...done
(PhyDLL:DL) ----> GET... Physical field: (14) 'PHY-IN-014' ...done
(PhyDLL:DL) ----> GET... Physical field: (15) 'PHY-IN-015' ...done
(PhyDLL:DL) ----> GET... Physical field: (16) 'PHY-IN-016' ...done
(PhyDLL:DL) ----> GET... Physical field: (17) 'PHY-IN-017' ...done
[PHYDLL:DL] Received frame 10 (has_meta=0, data_size=36000000)
[PHYDLL:DL] Frame 10 extracting data: total_input_size=36000000, batch=2000000, field/rank=100000, used/rank=18
[PHYDLL:DL] Frame 10 running inference
(PhyDLL:DL) ----> SET... DL field: (0) 'DL-OUT' ...done
(PhyDLL:DL) ----> SEND...>>>... DL fields ...done
[PHYDLL:DL] sent output for frame 10
(PhyDLL:PHY) ----> RECV...<<<... DL fields ...done
(PhyDLL:PHY) ----> GET... DL field: (0) 'DL-OUT' ...done
STEP_TIMING step=11 latency_ms=510.16 min_ms=509.70 avg_ms=509.92 total_samples=2000000 throughput_samples_sec=3920315
(PhyDLL:PHY) ----> SET... Physical field: (0) 'PHY-IN-000' ...done
(PhyDLL:PHY) ----> SET... Physical field: (1) 'PHY-IN-001' ...done
(PhyDLL:PHY) ----> SET... Physical field: (2) 'PHY-IN-002' ...done
(PhyDLL:PHY) ----> SET... Physical field: (3) 'PHY-IN-003' ...done
(PhyDLL:PHY) ----> SET... Physical field: (4) 'PHY-IN-004' ...done
(PhyDLL:PHY) ----> SET... Physical field: (5) 'PHY-IN-005' ...done
(PhyDLL:PHY) ----> SET... Physical field: (6) 'PHY-IN-006' ...done
(PhyDLL:PHY) ----> SET... Physical field: (7) 'PHY-IN-007' ...done
(PhyDLL:PHY) ----> SET... Physical field: (8) 'PHY-IN-008' ...done
(PhyDLL:PHY) ----> SET... Physical field: (9) 'PHY-IN-009' ...done
(PhyDLL:PHY) ----> SET... Physical field: (10) 'PHY-IN-010' ...done
(PhyDLL:PHY) ----> SET... Physical field: (11) 'PHY-IN-011' ...done
(PhyDLL:PHY) ----> SET... Physical field: (12) 'PHY-IN-012' ...done
(PhyDLL:PHY) ----> SET... Physical field: (13) 'PHY-IN-013' ...done
(PhyDLL:PHY) ----> SET... Physical field: (14) 'PHY-IN-014' ...done
(PhyDLL:PHY) ----> SET... Physical field: (15) 'PHY-IN-015' ...done
(PhyDLL:PHY) ----> SET... Physical field: (16) 'PHY-IN-016' ...done
(PhyDLL:PHY) ----> SET... Physical field: (17) 'PHY-IN-017' ...done
(PhyDLL:PHY) ----> ITE (PHY ITE) = 12 (12)
(PhyDLL:DL) ----> ITE (PHY ITE) = 12 (12)
[PHYDLL:DL] Waiting for frame 11
(PhyDLL:PHY) ----> SEND...>>>... Physical fields ...done
(PhyDLL:DL) ----> RECV...<<<... Physical fields ...done
(PhyDLL:DL) ----> GET... Physical field: (0) 'PHY-IN-000' ...done
(PhyDLL:DL) ----> GET... Physical field: (1) 'PHY-IN-001' ...done
(PhyDLL:DL) ----> GET... Physical field: (2) 'PHY-IN-002' ...done
(PhyDLL:DL) ----> GET... Physical field: (3) 'PHY-IN-003' ...done
(PhyDLL:DL) ----> GET... Physical field: (4) 'PHY-IN-004' ...done
(PhyDLL:DL) ----> GET... Physical field: (5) 'PHY-IN-005' ...done
(PhyDLL:DL) ----> GET... Physical field: (6) 'PHY-IN-006' ...done
(PhyDLL:DL) ----> GET... Physical field: (7) 'PHY-IN-007' ...done
(PhyDLL:DL) ----> GET... Physical field: (8) 'PHY-IN-008' ...done
(PhyDLL:DL) ----> GET... Physical field: (9) 'PHY-IN-009' ...done
(PhyDLL:DL) ----> GET... Physical field: (10) 'PHY-IN-010' ...done
(PhyDLL:DL) ----> GET... Physical field: (11) 'PHY-IN-011' ...done
(PhyDLL:DL) ----> GET... Physical field: (12) 'PHY-IN-012' ...done
(PhyDLL:DL) ----> GET... Physical field: (13) 'PHY-IN-013' ...done
(PhyDLL:DL) ----> GET... Physical field: (14) 'PHY-IN-014' ...done
(PhyDLL:DL) ----> GET... Physical field: (15) 'PHY-IN-015' ...done
(PhyDLL:DL) ----> GET... Physical field: (16) 'PHY-IN-016' ...done
(PhyDLL:DL) ----> GET... Physical field: (17) 'PHY-IN-017' ...done
[PHYDLL:DL] Received frame 11 (has_meta=0, data_size=36000000)
[PHYDLL:DL] Frame 11 extracting data: total_input_size=36000000, batch=2000000, field/rank=100000, used/rank=18
[PHYDLL:DL] Frame 11 running inference
(PhyDLL:DL) ----> SET... DL field: (0) 'DL-OUT' ...done
(PhyDLL:DL) ----> SEND...>>>... DL fields ...done
(PhyDLL:PHY) ----> RECV...<<<... DL fields ...done
[PHYDLL:DL] sent output for frame 11
(PhyDLL:PHY) ----> GET... DL field: (0) 'DL-OUT' ...done
STEP_TIMING step=12 latency_ms=513.76 min_ms=513.28 avg_ms=513.43 total_samples=2000000 throughput_samples_sec=3892831

=================================================================
=== Benchmark Summary (Steady-State Steps 3 to 12) ===
=================================================================
Steady Step Count:   10
Median Latency:      510.17 ms
Mean Latency:        511.37 ms
Min Latency:         505.23 ms
Max Latency:         522.83 ms
Median Throughput:   3920246 samples/sec
=================================================================
[PHYDLL:DL] exited main loop after 12 frames
(PhyDLL:PHY) ----> Finalize... ...done
(PhyDLL:DL) ----> Finalize... ...done
[PHYDLL:DL] waiting for solver teardown
[PHYDLL:DL] client exiting cleanly
=== Finished phydll_cpp (b=100000). Log: /rwthfs/rz/cluster/hpcwork/ro092286/smartsim/batch_memory_benchmark/logs/bench_phydll_cpp_b100000_3053715_phydll_cpp_b100000.log | Telemetry: /rwthfs/rz/cluster/hpcwork/ro092286/smartsim/batch_memory_benchmark/logs/bench_phydll_cpp_b100000_3053715_phydll_cpp_b100000_gpu_telemetry.csv ===

>>> Running Provider: phydll_cpp | Batch Size: 500000 <<<
=================================================================
=== Running Case: phydll_cpp | Batch: 500000 | ID: 3053715_phydll_cpp_b500000 ===
=================================================================
=================================================================
=== CMI Batch & Memory Calibration Benchmark Harness          ===
=================================================================
Provider:           phydll
Config:             /rwthfs/rz/cluster/hpcwork/ro092286/smartsim/batch_memory_benchmark/configs/phydll_uniform.toml
Model Path:         /rwthfs/rz/cluster/hpcwork/ro092286/smartsim/batch_memory_benchmark/../mini_app/train_models/model_a/watercnn_cuda.pt
Solver Ranks:       20 (World size: 21)
Samples per Rank:   100000
Total Work/Step:    2000000 samples
Target Batch Size:  500000
SmartSim Min Batch: 0 (timeout=0 ms)
Total Steps:        12 (Warmup: 2)
=================================================================

[PHYDLL:PHY] before phydll_init
[PHYDLL:PHY] before phydll_init
[PHYDLL:PHY] before phydll_init
[PHYDLL:PHY] before phydll_init
[PHYDLL:PHY] before phydll_init
[PHYDLL:PHY] before phydll_init
[PHYDLL:PHY] before phydll_init
[PHYDLL:PHY] before phydll_init
[PHYDLL:PHY] before phydll_init
[PHYDLL:PHY] before phydll_init
[PHYDLL:PHY] before phydll_init
[PHYDLL:PHY] before phydll_init
[PHYDLL:PHY] before phydll_init
[PHYDLL:PHY] before phydll_init
[PHYDLL:PHY] before phydll_init
[PHYDLL:PHY] before phydll_init
[PHYDLL:PHY] before phydll_init
[PHYDLL:PHY] before phydll_init
[PHYDLL:PHY] before phydll_init
[PHYDLL:PHY] before phydll_init
[PHYDLL:DL] client started argv0=/rwthfs/rz/cluster/hpcwork/ro092286/smartsim/batch_memory_benchmark/../CPP-ML-Interface/dl_clients/build-miniapp/phydll_dl_client dl_count=1 torch=on
[PHYDLL:DL] torch threads: intra=1, inter=96
[PHYDLL:DL] runtime before phydll_init
[PHYDLL:CORE] kernel_init split instance=physical gl_rank=2 gl_size=21 color=0 comm_rank=2 comm_size=20
[PHYDLL:CORE] phydll_init instance=physical kernel_init complete gl_rank=2 gl_size=21 comm_rank=2 comm_size=20
[PHYDLL:CORE] kernel_init split instance=physical gl_rank=4 gl_size=21 color=0 comm_rank=4 comm_size=20
[PHYDLL:CORE] phydll_init instance=physical kernel_init complete gl_rank=4 gl_size=21 comm_rank=4 comm_size=20
[PHYDLL:CORE] kernel_init split instance=physical gl_rank=5 gl_size=21 color=0 comm_rank=5 comm_size=20
[PHYDLL:CORE] phydll_init instance=physical kernel_init complete gl_rank=5 gl_size=21 comm_rank=5 comm_size=20
[PHYDLL:CORE] kernel_init split instance=physical gl_rank=12 gl_size=21 color=0 comm_rank=12 comm_size=20
[PHYDLL:CORE] phydll_init instance=physical kernel_init complete gl_rank=12 gl_size=21 comm_rank=12 comm_size=20
[PHYDLL:CORE] kernel_init split instance=physical gl_rank=7 gl_size=21 color=0 comm_rank=7 comm_size=20
[PHYDLL:CORE] phydll_init instance=physical kernel_init complete gl_rank=7 gl_size=21 comm_rank=7 comm_size=20
[PHYDLL:CORE] kernel_init split instance=physical gl_rank=9 gl_size=21 color=0 comm_rank=9 comm_size=20
[PHYDLL:CORE] phydll_init instance=physical kernel_init complete gl_rank=9 gl_size=21 comm_rank=9 comm_size=20
[PHYDLL:CORE] kernel_init split instance=physical gl_rank=17 gl_size=21 color=0 comm_rank=17 comm_size=20
[PHYDLL:CORE] phydll_init instance=physical kernel_init complete gl_rank=17 gl_size=21 comm_rank=17 comm_size=20
[PHYDLL:CORE] kernel_init split instance=physical gl_rank=11 gl_size=21 color=0 comm_rank=11 comm_size=20
[PHYDLL:CORE] phydll_init instance=physical kernel_init complete gl_rank=11 gl_size=21 comm_rank=11 comm_size=20
[PHYDLL:CORE] kernel_init split instance=physical gl_rank=10 gl_size=21 color=0 comm_rank=10 comm_size=20
[PHYDLL:CORE] phydll_init instance=physical kernel_init complete gl_rank=10 gl_size=21 comm_rank=10 comm_size=20
[PHYDLL:CORE] kernel_init split instance=physical gl_rank=15 gl_size=21 color=0 comm_rank=15 comm_size=20
[PHYDLL:CORE] phydll_init instance=physical kernel_init complete gl_rank=15 gl_size=21 comm_rank=15 comm_size=20
[PHYDLL:CORE] kernel_init split instance=physical gl_rank=3 gl_size=21 color=0 comm_rank=3 comm_size=20
[PHYDLL:CORE] phydll_init instance=physical kernel_init complete gl_rank=3 gl_size=21 comm_rank=3 comm_size=20
[PHYDLL:CORE] kernel_init split instance=dl gl_rank=20 gl_size=21 color=1 comm_rank=0 comm_size=1
[PHYDLL:CORE] phydll_init instance=dl kernel_init complete gl_rank=20 gl_size=21 comm_rank=0 comm_size=1
[PHYDLL:CORE] kernel_init split instance=physical gl_rank=19 gl_size=21 color=0 comm_rank=19 comm_size=20
[PHYDLL:CORE] phydll_init instance=physical kernel_init complete gl_rank=19 gl_size=21 comm_rank=19 comm_size=20
[PHYDLL:CORE] kernel_init split instance=physical gl_rank=1 gl_size=21 color=0 comm_rank=1 comm_size=20
[PHYDLL:CORE] phydll_init instance=physical kernel_init complete gl_rank=1 gl_size=21 comm_rank=1 comm_size=20
[PHYDLL:CORE] kernel_init split instance=physical gl_rank=16 gl_size=21 color=0 comm_rank=16 comm_size=20
[PHYDLL:CORE] phydll_init instance=physical kernel_init complete gl_rank=16 gl_size=21 comm_rank=16 comm_size=20
[PHYDLL:CORE] kernel_init split instance=physical gl_rank=6 gl_size=21 color=0 comm_rank=6 comm_size=20
[PHYDLL:CORE] phydll_init instance=physical kernel_init complete gl_rank=6 gl_size=21 comm_rank=6 comm_size=20
[PHYDLL:CORE] kernel_init split instance=physical gl_rank=14 gl_size=21 color=0 comm_rank=14 comm_size=20
[PHYDLL:CORE] phydll_init instance=physical kernel_init complete gl_rank=14 gl_size=21 comm_rank=14 comm_size=20
[PHYDLL:CORE] kernel_init split instance=physical gl_rank=8 gl_size=21 color=0 comm_rank=8 comm_size=20
[PHYDLL:CORE] phydll_init instance=physical kernel_init complete gl_rank=8 gl_size=21 comm_rank=8 comm_size=20
[PHYDLL:CORE] kernel_init split instance=physical gl_rank=0 gl_size=21 color=0 comm_rank=0 comm_size=20
[PHYDLL:CORE] phydll_init instance=physical kernel_init complete gl_rank=0 gl_size=21 comm_rank=0 comm_size=20
[PHYDLL:CORE] kernel_init split instance=physical gl_rank=18 gl_size=21 color=0 comm_rank=18 comm_size=20
[PHYDLL:CORE] phydll_init instance=physical kernel_init complete gl_rank=18 gl_size=21 comm_rank=18 comm_size=20
[PHYDLL:CORE] kernel_init split instance=physical gl_rank=13 gl_size=21 color=0 comm_rank=13 comm_size=20
[PHYDLL:CORE] phydll_init instance=physical kernel_init complete gl_rank=13 gl_size=21 comm_rank=13 comm_size=20
*******************************************************************************
************************** <<< Welcome to PhyDLL >>> **************************
*******************************************************************************
*******************************************************************************
************************** <<< Welcome to PhyDLL >>> **************************
*******************************************************************************
[PHYDLL:CORE] phydll_init instance=physical logfile complete
[PHYDLL:CORE] phydll_init instance=physical logfile complete
[PHYDLL:CORE] phydll_init instance=physical logfile complete
[PHYDLL:CORE] phydll_init instance=physical logfile complete
[PHYDLL:CORE] phydll_init instance=physical logfile complete
[PHYDLL:CORE] phydll_init instance=physical logfile complete
[PHYDLL:CORE] phydll_init instance=physical logfile complete
[PHYDLL:CORE] phydll_init instance=physical logfile complete
[PHYDLL:CORE] phydll_init instance=physical mapping complete ndest=1
[PHYDLL:PHY] after phydll_init
[PHYDLL:CORE] phydll_init instance=physical logfile complete
[PHYDLL:CORE] phydll_init instance=physical logfile complete
[PHYDLL:CORE] phydll_init instance=physical logfile complete
[PHYDLL:CORE] phydll_init instance=physical logfile complete
[PHYDLL:CORE] phydll_init instance=physical logfile complete
[PHYDLL:CORE] phydll_init instance=physical logfile complete
[PHYDLL:CORE] phydll_init instance=physical logfile complete
[PHYDLL:CORE] phydll_init instance=physical logfile complete
[PHYDLL:CORE] phydll_init instance=physical logfile complete
[PHYDLL:CORE] phydll_init instance=physical logfile complete
[PHYDLL:CORE] phydll_init instance=physical mapping complete ndest=1
[PHYDLL:PHY] after phydll_init
[PHYDLL:PHY] uniform_chunks layout: total_input=1800000 total_output=100000[PHYDLL:CORE] phydll_init instance=physical logfile complete
[PHYDLL:CORE] phydll_init instance=physical logfile complete
 gcd=100000 phy_count=18 dl_count=1
[PHYDLL:PHY] uniform_chunks layout: total_input=1800000 total_output=100000 gcd=100000 phy_count=18 dl_count=1
[PHYDLL:CORE] phydll_init instance=physical mapping complete ndest=1
[PHYDLL:PHY] after phydll_init
[PHYDLL:PHY] uniform_chunks layout: total_input=1800000 total_output=100000 gcd=100000 phy_count=18 dl_count=1
[PHYDLL:CORE] phydll_init instance=physical mapping complete ndest=1
[PHYDLL:PHY] after phydll_init
[PHYDLL:PHY] uniform_chunks layout: total_input=1800000 total_output=100000 gcd=100000 phy_count=18 dl_count=1
[PHYDLL:CORE] phydll_init instance=physical mapping complete ndest=1
[PHYDLL:PHY] after phydll_init
[PHYDLL:CORE] phydll_init instance=physical mapping complete ndest=1
[PHYDLL:PHY] after phydll_init
[PHYDLL:PHY] uniform_chunks layout: total_input=1800000 total_output=100000 gcd=100000 phy_count=18 dl_count=1
[PHYDLL:CORE] phydll_init instance=physical mapping complete ndest=1
[PHYDLL:PHY] after phydll_init
[PHYDLL:CORE] phydll_init instance=physical mapping complete ndest=1
[PHYDLL:PHY] after phydll_init
[PHYDLL:PHY] uniform_chunks layout: total_input=1800000 total_output=100000 gcd=100000 phy_count=18 dl_count=1
[PHYDLL:CORE] phydll_init instance=physical mapping complete ndest=1
[PHYDLL:PHY] after phydll_init
[PHYDLL:CORE] phydll_init instance=physical mapping complete ndest=1
[PHYDLL:PHY] after phydll_init
[PHYDLL:PHY] uniform_chunks layout: total_input=[PHYDLL:CORE] phydll_init instance=physical mapping complete ndest=1
[PHYDLL:PHY] after phydll_init
[PHYDLL:PHY] uniform_chunks layout: total_input=1800000 total_output=100000 gcd=100000 phy_count=18 dl_count=1
[PHYDLL:CORE] phydll_init instance=physical mapping complete ndest=1
[PHYDLL:PHY] after phydll_init
[PHYDLL:PHY] uniform_chunks layout: total_input=1800000 total_output=100000 gcd=100000 phy_count=18 dl_count=1
[PHYDLL:CORE] phydll_init instance=physical mapping complete ndest=1
[PHYDLL:PHY] after phydll_init
[PHYDLL:CORE] phydll_init instance=physical mapping complete ndest=1
[PHYDLL:PHY] after phydll_init
[PHYDLL:CORE] phydll_init instance=physical mapping complete ndest=1
[PHYDLL:PHY] after phydll_init
[PHYDLL:CORE] phydll_init instance=physical mapping complete ndest=1
[PHYDLL:PHY] after phydll_init
1800000 total_output=100000 gcd=100000 phy_count=18 dl_count=1
[PHYDLL:CORE] phydll_init instance=physical mapping complete ndest=1
[PHYDLL:PHY] after phydll_init
[PHYDLL:CORE] phydll_init instance=physical mapping complete ndest=1
[PHYDLL:PHY] after phydll_init
[PHYDLL:CORE] phydll_init instance=physical mapping complete ndest=1
[PHYDLL:PHY] after phydll_init
[PHYDLL:CORE] phydll_init instance=physical mapping complete ndest=1
[PHYDLL:PHY] after phydll_init
[PHYDLL:PHY] uniform_chunks layout: total_input=1800000 total_output=100000 gcd=100000 phy_count=18 dl_count=1[PHYDLL:PHY] uniform_chunks layout: total_input=1800000 total_output=100000 gcd=100000 phy_count=18 dl_count=1

[PHYDLL:PHY] uniform_chunks layout: total_input=1800000 total_output=100000 gcd=100000 phy_count=18 dl_count=1
[PHYDLL:PHY] uniform_chunks layout: total_input=1800000 total_output=100000 gcd=100000 phy_count=18 dl_count=1
[PHYDLL:PHY] uniform_chunks layout: total_input=1800000 total_output=100000 gcd=100000 phy_count=18 dl_count=1
[PHYDLL:PHY] uniform_chunks layout: total_input=1800000 total_output=100000 gcd=100000 phy_count=18 dl_count=1
[PHYDLL:PHY] uniform_chunks layout: total_input=1800000 total_output=100000 gcd=100000 phy_count=18 dl_count=1
[PHYDLL:PHY] uniform_chunks layout: total_input=1800000 total_output=100000 gcd=100000 phy_count=18 dl_count=1
[PHYDLL:PHY] uniform_chunks layout: total_input=1800000 total_output=100000 gcd=100000 phy_count=18 dl_count=1
[PHYDLL:PHY] uniform_chunks layout: total_input=[PHYDLL:PHY] uniform_chunks layout: total_input=1800000 total_output=100000 gcd=100000 phy_count=18 dl_count=1
1800000 total_output=100000 gcd=100000 phy_count=18 dl_count=1
[PHYDLL:PHY] before phydll_define_phy count=18 field_size=100000
[PHYDLL:PHY] before phydll_define_phy count=[PHYDLL:PHY] before phydll_define_phy count=18 field_size=100000
[PHYDLL:PHY] before phydll_define_phy count=18 field_size=100000
[PHYDLL:PHY] before phydll_define_phy count=18 field_size=100000
[PHYDLL:PHY] before phydll_define_phy count=18 field_size=100000
[PHYDLL:PHY] before phydll_define_phy count=18 field_size=100000
[PHYDLL:PHY] before phydll_define_phy count=18 field_size=100000
[PHYDLL:PHY] before phydll_define_phy count=18 field_size=100000
[PHYDLL:PHY] before phydll_define_phy count=18 field_size=100000
[PHYDLL:PHY] before phydll_define_phy count=18 field_size=100000
[PHYDLL:PHY] before phydll_define_phy count=18 field_size=100000
[PHYDLL:PHY] before phydll_define_phy count=18 field_size=100000
[PHYDLL:PHY] before phydll_define_phy count=18 field_size=100000
[PHYDLL:PHY] before phydll_define_phy count=18 field_size=100000
[PHYDLL:PHY] before phydll_define_phy count=18 field_size=100000
[PHYDLL:PHY] before phydll_define_phy count=18 field_size=100000
[PHYDLL:PHY] before phydll_define_phy count=18 field_size=100000
[PHYDLL:PHY] before phydll_define_phy count=18 field_size=100000
[PHYDLL:PHY] before phydll_define_phy count=18 field_size=100000
(PhyDLL) ----> OPTION: Coupling with loop = True
[PHYDLL:CORE] _kernel_alloc_fields begin gl_rank=4 phy_bcast_root=0 dl_bcast_root=20
[PHYDLL:CORE] _kernel_alloc_fields begin gl_rank=15 phy_bcast_root=0 dl_bcast_root=20
[PHYDLL:CORE] _kernel_alloc_fields begin gl_rank=1 phy_bcast_root=0 dl_bcast_root=20
[PHYDLL:CORE] _kernel_alloc_fields begin gl_rank=5 phy_bcast_root=0 dl_bcast_root=20
[PHYDLL:CORE] _kernel_alloc_fields begin gl_rank=2 phy_bcast_root=0 dl_bcast_root=20
[PHYDLL:CORE] _kernel_alloc_fields begin gl_rank=3 phy_bcast_root=0 dl_bcast_root=20
[PHYDLL:CORE] _kernel_alloc_fields begin gl_rank=18 phy_bcast_root=0 dl_bcast_root=20
[PHYDLL:CORE] _kernel_alloc_fields begin gl_rank=6 phy_bcast_root=0 dl_bcast_root=20
[PHYDLL:CORE] _kernel_alloc_fields begin gl_rank=13 phy_bcast_root=0 dl_bcast_root=20
[PHYDLL:CORE] _kernel_alloc_fields begin gl_rank=12 phy_bcast_root=0 dl_bcast_root=20
[PHYDLL:CORE] _kernel_alloc_fields begin gl_rank=7 phy_bcast_root=0 dl_bcast_root=20
[PHYDLL:CORE] _kernel_alloc_fields begin gl_rank=16 phy_bcast_root=0 dl_bcast_root=20
[PHYDLL:CORE] _kernel_alloc_fields begin gl_rank=19 phy_bcast_root=0 dl_bcast_root=20
[PHYDLL:CORE] _kernel_alloc_fields begin gl_rank=17 phy_bcast_root=0 dl_bcast_root=20
[PHYDLL:CORE] _kernel_alloc_fields begin gl_rank=14 phy_bcast_root=0 dl_bcast_root=20
[PHYDLL:CORE] _kernel_alloc_fields begin gl_rank=0 phy_bcast_root=0 dl_bcast_root=20
18 field_size=100000
[PHYDLL:CORE] _kernel_alloc_fields begin gl_rank=9 phy_bcast_root=0 dl_bcast_root=20
[PHYDLL:CORE] _kernel_alloc_fields begin gl_rank=8 phy_bcast_root=0 dl_bcast_root=20
[PHYDLL:CORE] _kernel_alloc_fields begin gl_rank=11 phy_bcast_root=0 dl_bcast_root=20
[PHYDLL:CORE] _kernel_alloc_fields begin gl_rank=10 phy_bcast_root=0 dl_bcast_root=20
[PHYDLL:CORE] phydll_init instance=dl logfile complete
[PHYDLL:CORE] kernel_ds_mapping DL before allgather gl_rank=20 comm_rank=0 comm_size=1 ndest=20
[PHYDLL:CORE] kernel_ds_mapping DL complete gl_rank=20 ndest=20
[PHYDLL:CORE] phydll_init instance=dl mapping complete ndest=20
[PHYDLL:DL] runtime after phydll_init
[PHYDLL:DL] runtime before phydll_define_dl count=1
[PHYDLL:CORE] kernel_alloc_dl_fields before mesh broadcast gl_rank=20
[PHYDLL:CORE] kernel_alloc_dl_fields after mesh broadcast gl_rank=20
[PHYDLL:CORE] kernel_alloc_dl_fields after field-size exchange gl_rank=20
[PHYDLL:CORE] _kernel_agg_field_sizes ndest=20 gl_rank=20
[PHYDLL:CORE]   sizes_list[0]=100000 -> accum=100000
[PHYDLL:CORE]   sizes_list[1]=100000 -> accum=200000
[PHYDLL:CORE]   sizes_list[2]=100000 -> accum=300000
[PHYDLL:CORE]   sizes_list[3]=100000 -> accum=400000
[PHYDLL:CORE]   sizes_list[4]=100000 -> accum=500000
[PHYDLL:CORE]   sizes_list[5]=100000 -> accum=600000
[PHYDLL:CORE]   sizes_list[6]=100000 -> accum=700000
[PHYDLL:CORE]   sizes_list[7]=100000 -> accum=800000
[PHYDLL:CORE]   sizes_list[8]=100000 -> accum=900000
[PHYDLL:CORE]   sizes_list[9]=100000 -> accum=1000000
[PHYDLL:CORE]   sizes_list[10]=100000 -> accum=1100000
[PHYDLL:CORE]   sizes_list[11]=100000 -> accum=1200000
[PHYDLL:CORE]   sizes_list[12]=100000 -> accum=1300000
[PHYDLL:CORE]   sizes_list[13]=100000 -> accum=1400000
[PHYDLL:CORE]   sizes_list[14]=100000 -> accum=1500000
[PHYDLL:CORE]   sizes_list[15]=100000 -> accum=1600000
[PHYDLL:CORE]   sizes_list[16]=100000 -> accum=1700000
[PHYDLL:CORE]   sizes_list[17]=100000 -> accum=1800000
[PHYDLL:CORE]   sizes_list[18]=100000 -> accum=1900000
[PHYDLL:CORE]   sizes_list[19]=100000 -> accum=2000000
[PHYDLL:CORE] _kernel_alloc_fields begin gl_rank=20 phy_bcast_root=0 dl_bcast_root=20
[PHYDLL:CORE] _kernel_alloc_fields bcasts done gl_rank=20 phy_count=18 dl_count=1 size=2000000
[PHYDLL:CORE] _kernel_alloc_fields field_t arrays alloc done gl_rank=20 phy_ptr=0x44035a0 dl_ptr=0x43d0ef0
[PHYDLL:CORE]   allocating phy_field[0] size=2000000 bytes=16000000
[PHYDLL:CORE] _kernel_alloc_fields bcasts done gl_rank=18 phy_count=18 dl_count=1 size=100000
[PHYDLL:CORE] _kernel_alloc_fields field_t arrays alloc done gl_rank=18 phy_ptr=0x45cd570 dl_ptr=0x45a5ef0
[PHYDLL:CORE]   allocating phy_field[0] size=100000 bytes=800000
[PHYDLL:CORE] _kernel_alloc_fields bcasts done gl_rank=8 phy_count=18 dl_count=1 size=100000
[PHYDLL:CORE] _kernel_alloc_fields field_t arrays alloc done gl_rank=8 phy_ptr=0x47537e0 dl_ptr=0x437f530
[PHYDLL:CORE]   allocating phy_field[0] size=100000 bytes=800000
[PHYDLL:CORE] _kernel_alloc_fields bcasts done gl_rank=6 phy_count=18 dl_count=1 size=100000
[PHYDLL:CORE] _kernel_alloc_fields field_t arrays alloc done gl_rank=6 phy_ptr=0x456b8d0 dl_ptr=0x46dfb40
[PHYDLL:CORE]   allocating phy_field[0] size=100000 bytes=800000
[PHYDLL:CORE] _kernel_alloc_fields bcasts done gl_rank=13 phy_count=18 dl_count=1 size=100000
[PHYDLL:CORE] _kernel_alloc_fields field_t arrays alloc done gl_rank=13 phy_ptr=0x456c4f0 dl_ptr=0x40e7fe0
[PHYDLL:CORE]   allocating phy_field[0] size=100000 bytes=800000
[PHYDLL:CORE] _kernel_alloc_fields bcasts done gl_rank=12 phy_count=18 dl_count=1 size=100000
[PHYDLL:CORE] _kernel_alloc_fields field_t arrays alloc done gl_rank=12 phy_ptr=0x47328c0 dl_ptr=0x437f450
[PHYDLL:CORE]   allocating phy_field[0] size=100000 bytes=800000
[PHYDLL:CORE] _kernel_alloc_fields bcasts done gl_rank=7 phy_count=18 dl_count=1 size=100000
[PHYDLL:CORE] _kernel_alloc_fields field_t arrays alloc done gl_rank=7 phy_ptr=0x456b7b0 dl_ptr=0x46dfaa0
[PHYDLL:CORE]   allocating phy_field[0] size=100000 bytes=800000
[PHYDLL:CORE] _kernel_alloc_fields bcasts done gl_rank=14 phy_count=18 dl_count=1 size=100000
[PHYDLL:CORE] _kernel_alloc_fields field_t arrays alloc done gl_rank=14 phy_ptr=0x4711760 dl_ptr=0x437f520
[PHYDLL:CORE]   allocating phy_field[0] size=100000 bytes=800000
[PHYDLL:CORE] _kernel_alloc_fields bcasts done gl_rank=16 phy_count=18 dl_count=1 size=100000
[PHYDLL:CORE] _kernel_alloc_fields field_t arrays alloc done gl_rank=16 phy_ptr=0x47537e0 dl_ptr=0x437f2e0
[PHYDLL:CORE]   allocating phy_field[0] size=100000 bytes=800000
[PHYDLL:CORE] _kernel_alloc_fields bcasts done gl_rank=11 phy_count=18 dl_count=1 size=100000
[PHYDLL:CORE] _kernel_alloc_fields field_t arrays alloc done gl_rank=11 phy_ptr=0x40e7170 dl_ptr=0x46dfdc0
[PHYDLL:CORE]   allocating phy_field[0] size=100000 bytes=800000
[PHYDLL:CORE] _kernel_alloc_fields bcasts done gl_rank=19 phy_count=18 dl_count=1 size=100000
[PHYDLL:CORE] _kernel_alloc_fields field_t arrays alloc done gl_rank=19 phy_ptr=0x4732110 dl_ptr=0x4295b10
[PHYDLL:CORE]   allocating phy_field[0] size=100000 bytes=800000
[PHYDLL:CORE] _kernel_alloc_fields bcasts done gl_rank=17 phy_count=18 dl_count=1 size=100000
[PHYDLL:CORE] _kernel_alloc_fields field_t arrays alloc done gl_rank=17 phy_ptr=0x456c100 dl_ptr=0x40e7b90
[PHYDLL:CORE]   allocating phy_field[0] size=100000 bytes=800000
[PHYDLL:CORE] _kernel_alloc_fields bcasts done gl_rank=0 phy_count=18 dl_count=1 size=100000
[PHYDLL:CORE] _kernel_alloc_fields field_t arrays alloc done gl_rank=0 phy_ptr=0x4381b60 dl_ptr=0x46e1770
[PHYDLL:CORE]   allocating phy_field[0] size=100000 bytes=800000
[PHYDLL:CORE] _kernel_alloc_fields bcasts done gl_rank=2 phy_count=18 dl_count=1 size=100000
[PHYDLL:CORE] _kernel_alloc_fields field_t arrays alloc done gl_rank=2 phy_ptr=0x4732110 dl_ptr=0x40e80d0
[PHYDLL:CORE]   allocating phy_field[0] size=100000 bytes=800000
[PHYDLL:CORE] _kernel_alloc_fields bcasts done gl_rank=4 phy_count=18 dl_count=1 size=100000
[PHYDLL:CORE] _kernel_alloc_fields field_t arrays alloc done gl_rank=4 phy_ptr=0x456b7b0 dl_ptr=0x4619f50
[PHYDLL:CORE]   allocating phy_field[0] size=100000 bytes=800000
[PHYDLL:CORE] _kernel_alloc_fields bcasts done gl_rank=15 phy_count=18 dl_count=1 size=100000
[PHYDLL:CORE] _kernel_alloc_fields field_t arrays alloc done gl_rank=15 phy_ptr=0x4732110 dl_ptr=0x4295e50
[PHYDLL:CORE]   allocating phy_field[0] size=100000 bytes=800000
[PHYDLL:CORE] _kernel_alloc_fields bcasts done gl_rank=1 phy_count=18 dl_count=1 size=100000
[PHYDLL:CORE] _kernel_alloc_fields field_t arrays alloc done gl_rank=1 phy_ptr=0x456be40 dl_ptr=0x46dfc00
[PHYDLL:CORE]   allocating phy_field[0] size=100000 bytes=800000
[PHYDLL:CORE] _kernel_alloc_fields bcasts done gl_rank=5 phy_count=18 dl_count=1 size=100000
[PHYDLL:CORE] _kernel_alloc_fields field_t arrays alloc done gl_rank=5 phy_ptr=0x4295010 dl_ptr=0x46190c0
[PHYDLL:CORE]   allocating phy_field[0] size=100000 bytes=800000
[PHYDLL:CORE] _kernel_alloc_fields bcasts done gl_rank=9 phy_count=18 dl_count=1 size=100000
[PHYDLL:CORE] _kernel_alloc_fields field_t arrays alloc done gl_rank=9 phy_ptr=0x437f010 dl_ptr=0x46dfdb0
[PHYDLL:CORE]   allocating phy_field[0] size=100000 bytes=800000
[PHYDLL:CORE] _kernel_alloc_fields bcasts done gl_rank=10 phy_count=18 dl_count=1 size=100000
[PHYDLL:CORE] _kernel_alloc_fields field_t arrays alloc done gl_rank=10 phy_ptr=0x456be40 dl_ptr=0x4295090
[PHYDLL:CORE]   allocating phy_field[0] size=100000 bytes=800000
[PHYDLL:CORE] _kernel_alloc_fields bcasts done gl_rank=3 phy_count=18 dl_count=1 size=100000
[PHYDLL:CORE] _kernel_alloc_fields field_t arrays alloc done gl_rank=3 phy_ptr=0x456c3a0 dl_ptr=0x4295680
[PHYDLL:CORE]   allocating phy_field[0] size=100000 bytes=800000
[PHYDLL:CORE]   allocating phy_field[1] size=100000 bytes=800000
[PHYDLL:CORE]   allocating phy_field[1] size=100000 bytes=800000
[PHYDLL:CORE]   allocating phy_field[1] size=100000 bytes=800000
[PHYDLL:CORE]   allocating phy_field[1] size=100000 bytes=800000
[PHYDLL:CORE]   allocating phy_field[1] size=100000 bytes=800000
[PHYDLL:CORE]   allocating phy_field[1] size=100000 bytes=800000
[PHYDLL:CORE]   allocating phy_field[1] size=100000 bytes=800000
[PHYDLL:CORE]   allocating phy_field[1] size=100000 bytes=800000
[PHYDLL:CORE]   allocating phy_field[1] size=100000 bytes=800000
[PHYDLL:CORE]   allocating phy_field[1] size=100000 bytes=800000
[PHYDLL:CORE]   allocating phy_field[1] size=100000 bytes=800000
[PHYDLL:CORE]   allocating phy_field[1] size=100000 bytes=800000
[PHYDLL:CORE]   allocating phy_field[1] size=100000 bytes=800000
[PHYDLL:CORE]   allocating phy_field[1] size=100000 bytes=800000
[PHYDLL:CORE]   allocating phy_field[1] size=100000 bytes=800000
[PHYDLL:CORE]   allocating phy_field[1] size=100000 bytes=800000
[PHYDLL:CORE]   allocating phy_field[1] size=100000 bytes=800000
[PHYDLL:CORE]   allocating phy_field[1] size=100000 bytes=800000
[PHYDLL:CORE]   allocating phy_field[1] size=100000 bytes=800000
[PHYDLL:CORE]   allocating phy_field[1] size=100000 bytes=800000
[PHYDLL:CORE]   allocating phy_field[2] size=100000 bytes=800000
[PHYDLL:CORE]   allocating phy_field[2] size=100000 bytes=800000
[PHYDLL:CORE]   allocating phy_field[2] size=100000 bytes=800000
[PHYDLL:CORE]   allocating phy_field[2] size=100000 bytes=800000
[PHYDLL:CORE]   allocating phy_field[2] size=100000 bytes=800000
[PHYDLL:CORE]   allocating phy_field[2] size=100000 bytes=800000
[PHYDLL:CORE]   allocating phy_field[2] size=100000 bytes=800000
[PHYDLL:CORE]   allocating phy_field[2] size=100000 bytes=800000
[PHYDLL:CORE]   allocating phy_field[2] size=100000 bytes=800000
[PHYDLL:CORE]   allocating phy_field[2] size=100000 bytes=800000
[PHYDLL:CORE]   allocating phy_field[2] size=100000 bytes=800000
[PHYDLL:CORE]   allocating phy_field[2] size=100000 bytes=800000
[PHYDLL:CORE]   allocating phy_field[2] size=100000 bytes=800000
[PHYDLL:CORE]   allocating phy_field[2] size=100000 bytes=800000
[PHYDLL:CORE]   allocating phy_field[2] size=100000 bytes=800000
[PHYDLL:CORE]   allocating phy_field[2] size=100000 bytes=800000
[PHYDLL:CORE]   allocating phy_field[2] size=100000 bytes=800000
[PHYDLL:CORE]   allocating phy_field[2] size=100000 bytes=800000
[PHYDLL:CORE]   allocating phy_field[2] size=100000 bytes=800000
[PHYDLL:CORE]   allocating phy_field[2] size=100000 bytes=800000
[PHYDLL:CORE]   allocating phy_field[3] size=100000 bytes=800000
[PHYDLL:CORE]   allocating phy_field[3] size=100000 bytes=800000
[PHYDLL:CORE]   allocating phy_field[3] size=100000 bytes=800000
[PHYDLL:CORE]   allocating phy_field[3] size=100000 bytes=800000
[PHYDLL:CORE]   allocating phy_field[3] size=100000 bytes=800000
[PHYDLL:CORE]   allocating phy_field[3] size=100000 bytes=800000
[PHYDLL:CORE]   allocating phy_field[3] size=100000 bytes=800000
[PHYDLL:CORE]   allocating phy_field[3] size=100000 bytes=800000
[PHYDLL:CORE]   allocating phy_field[3] size=100000 bytes=800000
[PHYDLL:CORE]   allocating phy_field[3] size=100000 bytes=800000
[PHYDLL:CORE]   allocating phy_field[3] size=100000 bytes=800000
[PHYDLL:CORE]   allocating phy_field[3] size=100000 bytes=800000
[PHYDLL:CORE]   allocating phy_field[3] size=100000 bytes=800000
[PHYDLL:CORE]   allocating phy_field[3] size=100000 bytes=800000
[PHYDLL:CORE]   allocating phy_field[3] size=100000 bytes=800000
[PHYDLL:CORE]   allocating phy_field[3] size=100000 bytes=800000
[PHYDLL:CORE]   allocating phy_field[3] size=100000 bytes=800000
[PHYDLL:CORE]   allocating phy_field[3] size=100000 bytes=800000
[PHYDLL:CORE]   allocating phy_field[3] size=100000 bytes=800000
[PHYDLL:CORE]   allocating phy_field[3] size=100000 bytes=800000
[PHYDLL:CORE]   allocating phy_field[4] size=100000 bytes=800000
[PHYDLL:CORE]   allocating phy_field[4] size=100000 bytes=800000
[PHYDLL:CORE]   allocating phy_field[4] size=100000 bytes=800000
[PHYDLL:CORE]   allocating phy_field[4] size=100000 bytes=800000
[PHYDLL:CORE]   allocating phy_field[4] size=100000 bytes=800000
[PHYDLL:CORE]   allocating phy_field[4] size=100000 bytes=800000
[PHYDLL:CORE]   allocating phy_field[4] size=100000 bytes=800000
[PHYDLL:CORE]   allocating phy_field[4] size=100000 bytes=800000
[PHYDLL:CORE]   allocating phy_field[4] size=100000 bytes=800000
[PHYDLL:CORE]   allocating phy_field[4] size=100000 bytes=800000
[PHYDLL:CORE]   allocating phy_field[4] size=100000 bytes=800000
[PHYDLL:CORE]   allocating phy_field[4] size=100000 bytes=800000
[PHYDLL:CORE]   allocating phy_field[4] size=100000 bytes=800000
[PHYDLL:CORE]   allocating phy_field[4] size=100000 bytes=800000
[PHYDLL:CORE]   allocating phy_field[4] size=100000 bytes=800000
[PHYDLL:CORE]   allocating phy_field[4] size=100000 bytes=800000
[PHYDLL:CORE]   allocating phy_field[4] size=100000 bytes=800000
[PHYDLL:CORE]   allocating phy_field[4] size=100000 bytes=800000
[PHYDLL:CORE]   allocating phy_field[4] size=100000 bytes=800000
[PHYDLL:CORE]   allocating phy_field[4] size=100000 bytes=800000
[PHYDLL:CORE]   allocating phy_field[5] size=100000 bytes=800000
[PHYDLL:CORE]   allocating phy_field[5] size=100000 bytes=800000
[PHYDLL:CORE]   allocating phy_field[5] size=100000 bytes=800000
[PHYDLL:CORE]   allocating phy_field[5] size=100000 bytes=800000
[PHYDLL:CORE]   allocating phy_field[5] size=100000 bytes=800000
[PHYDLL:CORE]   allocating phy_field[5] size=100000 bytes=800000
[PHYDLL:CORE]   allocating phy_field[5] size=100000 bytes=800000
[PHYDLL:CORE]   allocating phy_field[5] size=100000 bytes=800000
[PHYDLL:CORE]   allocating phy_field[5] size=100000 bytes=800000
[PHYDLL:CORE]   allocating phy_field[5] size=100000 bytes=800000
[PHYDLL:CORE]   allocating phy_field[5] size=100000 bytes=800000
[PHYDLL:CORE]   allocating phy_field[5] size=100000 bytes=800000
[PHYDLL:CORE]   allocating phy_field[5] size=100000 bytes=800000
[PHYDLL:CORE]   allocating phy_field[5] size=100000 bytes=800000
[PHYDLL:CORE]   allocating phy_field[5] size=100000 bytes=800000
[PHYDLL:CORE]   allocating phy_field[5] size=100000 bytes=800000
[PHYDLL:CORE]   allocating phy_field[5] size=100000 bytes=800000
[PHYDLL:CORE]   allocating phy_field[5] size=100000 bytes=800000
[PHYDLL:CORE]   allocating phy_field[5] size=100000 bytes=800000
[PHYDLL:CORE]   allocating phy_field[5] size=100000 bytes=800000
[PHYDLL:CORE]   allocating phy_field[6] size=100000 bytes=800000
[PHYDLL:CORE]   allocating phy_field[6] size=100000 bytes=800000
[PHYDLL:CORE]   allocating phy_field[6] size=100000 bytes=800000
[PHYDLL:CORE]   allocating phy_field[6] size=100000 bytes=800000
[PHYDLL:CORE]   allocating phy_field[6] size=100000 bytes=800000
[PHYDLL:CORE]   allocating phy_field[6] size=100000 bytes=800000
[PHYDLL:CORE]   allocating phy_field[6] size=100000 bytes=800000
[PHYDLL:CORE]   allocating phy_field[6] size=100000 bytes=800000
[PHYDLL:CORE]   allocating phy_field[6] size=100000 bytes=800000
[PHYDLL:CORE]   allocating phy_field[6] size=100000 bytes=800000
[PHYDLL:CORE]   allocating phy_field[6] size=100000 bytes=800000
[PHYDLL:CORE]   allocating phy_field[6] size=100000 bytes=800000
[PHYDLL:CORE]   allocating phy_field[6] size=100000 bytes=800000
[PHYDLL:CORE]   allocating phy_field[6] size=100000 bytes=800000
[PHYDLL:CORE]   allocating phy_field[6] size=100000 bytes=800000
[PHYDLL:CORE]   allocating phy_field[6] size=100000 bytes=800000
[PHYDLL:CORE]   allocating phy_field[6] size=100000 bytes=800000
[PHYDLL:CORE]   allocating phy_field[6] size=100000 bytes=800000
[PHYDLL:CORE]   allocating phy_field[6] size=100000 bytes=800000
[PHYDLL:CORE]   allocating phy_field[6] size=100000 bytes=800000
[PHYDLL:CORE]   allocating phy_field[7] size=100000 bytes=800000
[PHYDLL:CORE]   allocating phy_field[7] size=100000 bytes=800000
[PHYDLL:CORE]   allocating phy_field[7] size=100000 bytes=800000
[PHYDLL:CORE]   allocating phy_field[7] size=100000 bytes=800000
[PHYDLL:CORE]   allocating phy_field[7] size=100000 bytes=800000
[PHYDLL:CORE]   allocating phy_field[7] size=100000 bytes=800000
[PHYDLL:CORE]   allocating phy_field[7] size=100000 bytes=800000
[PHYDLL:CORE]   allocating phy_field[7] size=100000 bytes=800000
[PHYDLL:CORE]   allocating phy_field[7] size=100000 bytes=800000
[PHYDLL:CORE]   allocating phy_field[7] size=100000 bytes=800000
[PHYDLL:CORE]   allocating phy_field[7] size=100000 bytes=800000
[PHYDLL:CORE]   allocating phy_field[7] size=100000 bytes=800000
[PHYDLL:CORE]   allocating phy_field[7] size=100000 bytes=800000
[PHYDLL:CORE]   allocating phy_field[7] size=100000 bytes=800000
[PHYDLL:CORE]   allocating phy_field[7] size=100000 bytes=800000
[PHYDLL:CORE]   allocating phy_field[7] size=100000 bytes=800000
[PHYDLL:CORE]   allocating phy_field[7] size=100000 bytes=800000
[PHYDLL:CORE]   allocating phy_field[7] size=100000 bytes=800000
[PHYDLL:CORE]   allocating phy_field[7] size=100000 bytes=800000
[PHYDLL:CORE]   allocating phy_field[7] size=100000 bytes=800000
[PHYDLL:CORE]   allocating phy_field[8] size=100000 bytes=800000
[PHYDLL:CORE]   allocating phy_field[8] size=100000 bytes=800000
[PHYDLL:CORE]   allocating phy_field[8] size=100000 bytes=800000
[PHYDLL:CORE]   allocating phy_field[8] size=100000 bytes=800000
[PHYDLL:CORE]   allocating phy_field[8] size=100000 bytes=800000
[PHYDLL:CORE]   allocating phy_field[8] size=100000 bytes=800000
[PHYDLL:CORE]   allocating phy_field[8] size=100000 bytes=800000
[PHYDLL:CORE]   allocating phy_field[8] size=100000 bytes=800000
[PHYDLL:CORE]   allocating phy_field[8] size=100000 bytes=800000
[PHYDLL:CORE]   allocating phy_field[8] size=100000 bytes=800000
[PHYDLL:CORE]   allocating phy_field[8] size=100000 bytes=800000
[PHYDLL:CORE]   allocating phy_field[8] size=100000 bytes=800000
[PHYDLL:CORE]   allocating phy_field[8] size=100000 bytes=800000
[PHYDLL:CORE]   allocating phy_field[8] size=100000 bytes=800000
[PHYDLL:CORE]   allocating phy_field[8] size=100000 bytes=800000
[PHYDLL:CORE]   allocating phy_field[8] size=100000 bytes=800000
[PHYDLL:CORE]   allocating phy_field[8] size=100000 bytes=800000
[PHYDLL:CORE]   allocating phy_field[8] size=100000 bytes=800000
[PHYDLL:CORE]   allocating phy_field[8] size=100000 bytes=800000
[PHYDLL:CORE]   allocating phy_field[8] size=100000 bytes=800000
[PHYDLL:CORE]   allocating phy_field[9] size=100000 bytes=800000
[PHYDLL:CORE]   allocating phy_field[9] size=100000 bytes=800000
[PHYDLL:CORE]   allocating phy_field[9] size=100000 bytes=800000
[PHYDLL:CORE]   allocating phy_field[9] size=100000 bytes=800000
[PHYDLL:CORE]   allocating phy_field[9] size=100000 bytes=800000
[PHYDLL:CORE]   allocating phy_field[9] size=100000 bytes=800000
[PHYDLL:CORE]   allocating phy_field[9] size=100000 bytes=800000
[PHYDLL:CORE]   allocating phy_field[9] size=100000 bytes=800000
[PHYDLL:CORE]   allocating phy_field[9] size=100000 bytes=800000
[PHYDLL:CORE]   allocating phy_field[9] size=100000 bytes=800000
[PHYDLL:CORE]   allocating phy_field[9] size=100000 bytes=800000
[PHYDLL:CORE]   allocating phy_field[9] size=100000 bytes=800000
[PHYDLL:CORE]   allocating phy_field[9] size=100000 bytes=800000
[PHYDLL:CORE]   allocating phy_field[9] size=100000 bytes=800000
[PHYDLL:CORE]   allocating phy_field[9] size=100000 bytes=800000
[PHYDLL:CORE]   allocating phy_field[9] size=100000 bytes=800000
[PHYDLL:CORE]   allocating phy_field[9] size=100000 bytes=800000
[PHYDLL:CORE]   allocating phy_field[9] size=100000 bytes=800000
[PHYDLL:CORE]   allocating phy_field[9] size=100000 bytes=800000
[PHYDLL:CORE]   allocating phy_field[9] size=100000 bytes=800000
[PHYDLL:CORE]   allocating phy_field[10] size=100000 bytes=800000
[PHYDLL:CORE]   allocating phy_field[10] size=100000 bytes=800000
[PHYDLL:CORE]   allocating phy_field[10] size=100000 bytes=800000
[PHYDLL:CORE]   allocating phy_field[10] size=100000 bytes=800000
[PHYDLL:CORE]   allocating phy_field[10] size=100000 bytes=800000
[PHYDLL:CORE]   allocating phy_field[10] size=100000 bytes=800000
[PHYDLL:CORE]   allocating phy_field[10] size=100000 bytes=800000
[PHYDLL:CORE]   allocating phy_field[10] size=100000 bytes=800000
[PHYDLL:CORE]   allocating phy_field[10] size=100000 bytes=800000
[PHYDLL:CORE]   allocating phy_field[10] size=100000 bytes=800000
[PHYDLL:CORE]   allocating phy_field[10] size=100000 bytes=800000
[PHYDLL:CORE]   allocating phy_field[10] size=100000 bytes=800000
[PHYDLL:CORE]   allocating phy_field[10] size=100000 bytes=800000
[PHYDLL:CORE]   allocating phy_field[10] size=100000 bytes=800000
[PHYDLL:CORE]   allocating phy_field[10] size=100000 bytes=800000
[PHYDLL:CORE]   allocating phy_field[10] size=100000 bytes=800000
[PHYDLL:CORE]   allocating phy_field[10] size=100000 bytes=800000
[PHYDLL:CORE]   allocating phy_field[10] size=100000 bytes=800000
[PHYDLL:CORE]   allocating phy_field[10] size=100000 bytes=800000
[PHYDLL:CORE]   allocating phy_field[10] size=100000 bytes=800000
[PHYDLL:CORE]   allocating phy_field[11] size=100000 bytes=800000
[PHYDLL:CORE]   allocating phy_field[11] size=100000 bytes=800000
[PHYDLL:CORE]   allocating phy_field[11] size=100000 bytes=800000
[PHYDLL:CORE]   allocating phy_field[11] size=100000 bytes=800000
[PHYDLL:CORE]   allocating phy_field[11] size=100000 bytes=800000
[PHYDLL:CORE]   allocating phy_field[11] size=100000 bytes=800000
[PHYDLL:CORE]   allocating phy_field[11] size=100000 bytes=800000
[PHYDLL:CORE]   allocating phy_field[11] size=100000 bytes=800000
[PHYDLL:CORE]   allocating phy_field[11] size=100000 bytes=800000
[PHYDLL:CORE]   allocating phy_field[11] size=100000 bytes=800000
[PHYDLL:CORE]   allocating phy_field[11] size=100000 bytes=800000
[PHYDLL:CORE]   allocating phy_field[11] size=100000 bytes=800000
[PHYDLL:CORE]   allocating phy_field[11] size=100000 bytes=800000
[PHYDLL:CORE]   allocating phy_field[11] size=100000 bytes=800000
[PHYDLL:CORE]   allocating phy_field[11] size=100000 bytes=800000
[PHYDLL:CORE]   allocating phy_field[11] size=100000 bytes=800000
[PHYDLL:CORE]   allocating phy_field[11] size=100000 bytes=800000
[PHYDLL:CORE]   allocating phy_field[11] size=100000 bytes=800000
[PHYDLL:CORE]   allocating phy_field[11] size=100000 bytes=800000
[PHYDLL:CORE]   allocating phy_field[11] size=100000 bytes=800000
[PHYDLL:CORE]   allocating phy_field[12] size=100000 bytes=800000
[PHYDLL:CORE]   allocating phy_field[1] size=2000000 bytes=16000000
[PHYDLL:CORE]   allocating phy_field[12] size=100000 bytes=800000
[PHYDLL:CORE]   allocating phy_field[12] size=100000 bytes=800000
[PHYDLL:CORE]   allocating phy_field[12] size=100000 bytes=800000
[PHYDLL:CORE]   allocating phy_field[12] size=100000 bytes=800000
[PHYDLL:CORE]   allocating phy_field[12] size=100000 bytes=800000
[PHYDLL:CORE]   allocating phy_field[12] size=100000 bytes=800000
[PHYDLL:CORE]   allocating phy_field[12] size=100000 bytes=800000
[PHYDLL:CORE]   allocating phy_field[12] size=100000 bytes=800000
[PHYDLL:CORE]   allocating phy_field[12] size=100000 bytes=800000
[PHYDLL:CORE]   allocating phy_field[12] size=100000 bytes=800000
[PHYDLL:CORE]   allocating phy_field[12] size=100000 bytes=800000
[PHYDLL:CORE]   allocating phy_field[12] size=100000 bytes=800000
[PHYDLL:CORE]   allocating phy_field[12] size=100000 bytes=800000
[PHYDLL:CORE]   allocating phy_field[12] size=100000 bytes=800000
[PHYDLL:CORE]   allocating phy_field[12] size=100000 bytes=800000
[PHYDLL:CORE]   allocating phy_field[12] size=100000 bytes=800000
[PHYDLL:CORE]   allocating phy_field[12] size=100000 bytes=800000
[PHYDLL:CORE]   allocating phy_field[12] size=100000 bytes=800000
[PHYDLL:CORE]   allocating phy_field[12] size=100000 bytes=800000
[PHYDLL:CORE]   allocating phy_field[13] size=100000 bytes=800000
[PHYDLL:CORE]   allocating phy_field[13] size=100000 bytes=800000
[PHYDLL:CORE]   allocating phy_field[13] size=100000 bytes=800000
[PHYDLL:CORE]   allocating phy_field[13] size=100000 bytes=800000
[PHYDLL:CORE]   allocating phy_field[13] size=100000 bytes=800000
[PHYDLL:CORE]   allocating phy_field[13] size=100000 bytes=800000
[PHYDLL:CORE]   allocating phy_field[13] size=100000 bytes=800000
[PHYDLL:CORE]   allocating phy_field[13] size=100000 bytes=800000
[PHYDLL:CORE]   allocating phy_field[13] size=100000 bytes=800000
[PHYDLL:CORE]   allocating phy_field[13] size=100000 bytes=800000
[PHYDLL:CORE]   allocating phy_field[13] size=100000 bytes=800000
[PHYDLL:CORE]   allocating phy_field[13] size=100000 bytes=800000
[PHYDLL:CORE]   allocating phy_field[13] size=100000 bytes=800000
[PHYDLL:CORE]   allocating phy_field[13] size=100000 bytes=800000
[PHYDLL:CORE]   allocating phy_field[13] size=100000 bytes=800000
[PHYDLL:CORE]   allocating phy_field[13] size=100000 bytes=800000
[PHYDLL:CORE]   allocating phy_field[13] size=100000 bytes=800000
[PHYDLL:CORE]   allocating phy_field[13] size=100000 bytes=800000
[PHYDLL:CORE]   allocating phy_field[13] size=100000 bytes=800000
[PHYDLL:CORE]   allocating phy_field[13] size=100000 bytes=800000
[PHYDLL:CORE]   allocating phy_field[14] size=100000 bytes=800000
[PHYDLL:CORE]   allocating phy_field[14] size=100000 bytes=800000
[PHYDLL:CORE]   allocating phy_field[14] size=100000 bytes=800000
[PHYDLL:CORE]   allocating phy_field[14] size=100000 bytes=800000
[PHYDLL:CORE]   allocating phy_field[14] size=100000 bytes=800000
[PHYDLL:CORE]   allocating phy_field[14] size=100000 bytes=800000
[PHYDLL:CORE]   allocating phy_field[14] size=100000 bytes=800000
[PHYDLL:CORE]   allocating phy_field[14] size=100000 bytes=800000
[PHYDLL:CORE]   allocating phy_field[14] size=100000 bytes=800000
[PHYDLL:CORE]   allocating phy_field[14] size=100000 bytes=800000
[PHYDLL:CORE]   allocating phy_field[14] size=100000 bytes=800000
[PHYDLL:CORE]   allocating phy_field[14] size=100000 bytes=800000
[PHYDLL:CORE]   allocating phy_field[14] size=100000 bytes=800000
[PHYDLL:CORE]   allocating phy_field[14] size=100000 bytes=800000
[PHYDLL:CORE]   allocating phy_field[14] size=100000 bytes=800000
[PHYDLL:CORE]   allocating phy_field[14] size=100000 bytes=800000
[PHYDLL:CORE]   allocating phy_field[14] size=100000 bytes=800000
[PHYDLL:CORE]   allocating phy_field[14] size=100000 bytes=800000
[PHYDLL:CORE]   allocating phy_field[14] size=100000 bytes=800000
[PHYDLL:CORE]   allocating phy_field[14] size=100000 bytes=800000
[PHYDLL:CORE]   allocating phy_field[15] size=100000 bytes=800000
[PHYDLL:CORE]   allocating phy_field[15] size=100000 bytes=800000
[PHYDLL:CORE]   allocating phy_field[15] size=100000 bytes=800000
[PHYDLL:CORE]   allocating phy_field[15] size=100000 bytes=800000
[PHYDLL:CORE]   allocating phy_field[15] size=100000 bytes=800000
[PHYDLL:CORE]   allocating phy_field[15] size=100000 bytes=800000
[PHYDLL:CORE]   allocating phy_field[15] size=100000 bytes=800000
[PHYDLL:CORE]   allocating phy_field[15] size=100000 bytes=800000
[PHYDLL:CORE]   allocating phy_field[15] size=100000 bytes=800000
[PHYDLL:CORE]   allocating phy_field[15] size=100000 bytes=800000
[PHYDLL:CORE]   allocating phy_field[15] size=100000 bytes=800000
[PHYDLL:CORE]   allocating phy_field[15] size=100000 bytes=800000
[PHYDLL:CORE]   allocating phy_field[15] size=100000 bytes=800000
[PHYDLL:CORE]   allocating phy_field[15] size=100000 bytes=800000
[PHYDLL:CORE]   allocating phy_field[15] size=100000 bytes=800000
[PHYDLL:CORE]   allocating phy_field[15] size=100000 bytes=800000
[PHYDLL:CORE]   allocating phy_field[15] size=100000 bytes=800000
[PHYDLL:CORE]   allocating phy_field[15] size=100000 bytes=800000
[PHYDLL:CORE]   allocating phy_field[15] size=100000 bytes=800000
[PHYDLL:CORE]   allocating phy_field[15] size=100000 bytes=800000
[PHYDLL:CORE]   allocating phy_field[16] size=100000 bytes=800000
[PHYDLL:CORE]   allocating phy_field[16] size=100000 bytes=800000
[PHYDLL:CORE]   allocating phy_field[16] size=100000 bytes=800000
[PHYDLL:CORE]   allocating phy_field[16] size=100000 bytes=800000
[PHYDLL:CORE]   allocating phy_field[16] size=100000 bytes=800000
[PHYDLL:CORE]   allocating phy_field[16] size=100000 bytes=800000
[PHYDLL:CORE]   allocating phy_field[16] size=100000 bytes=800000
[PHYDLL:CORE]   allocating phy_field[16] size=100000 bytes=800000
[PHYDLL:CORE]   allocating phy_field[16] size=100000 bytes=800000
[PHYDLL:CORE]   allocating phy_field[16] size=100000 bytes=800000
[PHYDLL:CORE]   allocating phy_field[16] size=100000 bytes=800000
[PHYDLL:CORE]   allocating phy_field[16] size=100000 bytes=800000
[PHYDLL:CORE]   allocating phy_field[16] size=100000 bytes=800000
[PHYDLL:CORE]   allocating phy_field[16] size=100000 bytes=800000
[PHYDLL:CORE]   allocating phy_field[16] size=100000 bytes=800000
[PHYDLL:CORE]   allocating phy_field[16] size=100000 bytes=800000
[PHYDLL:CORE]   allocating phy_field[16] size=100000 bytes=800000
[PHYDLL:CORE]   allocating phy_field[16] size=100000 bytes=800000
[PHYDLL:CORE]   allocating phy_field[16] size=100000 bytes=800000
[PHYDLL:CORE]   allocating phy_field[17] size=100000 bytes=800000
[PHYDLL:CORE]   allocating phy_field[16] size=100000 bytes=800000
[PHYDLL:CORE]   allocating phy_field[17] size=100000 bytes=800000
[PHYDLL:CORE]   allocating phy_field[17] size=100000 bytes=800000
[PHYDLL:CORE]   allocating phy_field[17] size=100000 bytes=800000
[PHYDLL:CORE]   allocating phy_field[17] size=100000 bytes=800000
[PHYDLL:CORE]   allocating phy_field[17] size=100000 bytes=800000
[PHYDLL:CORE]   allocating phy_field[17] size=100000 bytes=800000
[PHYDLL:CORE]   allocating phy_field[17] size=100000 bytes=800000
[PHYDLL:CORE]   allocating phy_field[17] size=100000 bytes=800000
[PHYDLL:CORE]   allocating phy_field[17] size=100000 bytes=800000
[PHYDLL:CORE]   allocating phy_field[17] size=100000 bytes=800000
[PHYDLL:CORE]   allocating phy_field[17] size=100000 bytes=800000
[PHYDLL:CORE]   allocating phy_field[17] size=100000 bytes=800000
[PHYDLL:CORE]   allocating phy_field[17] size=100000 bytes=800000
[PHYDLL:CORE]   allocating phy_field[17] size=100000 bytes=800000
[PHYDLL:CORE]   allocating phy_field[17] size=100000 bytes=800000
[PHYDLL:CORE]   allocating phy_field[17] size=100000 bytes=800000
[PHYDLL:CORE]   allocating phy_field[17] size=100000 bytes=800000
[PHYDLL:CORE]   allocating phy_field[17] size=100000 bytes=800000
[PHYDLL:CORE]   allocating dl_field[0] size=100000 bytes=800000
[PHYDLL:CORE]   allocating dl_field[0] size=100000 bytes=800000
[PHYDLL:CORE]   allocating dl_field[0] size=100000 bytes=800000
[PHYDLL:CORE]   allocating dl_field[0] size=100000 bytes=800000
[PHYDLL:CORE]   allocating dl_field[0] size=100000 bytes=800000
[PHYDLL:CORE]   allocating phy_field[17] size=100000 bytes=800000
[PHYDLL:CORE]   allocating dl_field[0] size=100000 bytes=800000
[PHYDLL:CORE]   allocating dl_field[0] size=100000 bytes=800000
[PHYDLL:CORE]   allocating dl_field[0] size=100000 bytes=800000
[PHYDLL:CORE]   allocating dl_field[0] size=100000 bytes=800000
[PHYDLL:CORE]   allocating dl_field[0] size=100000 bytes=800000
[PHYDLL:CORE]   allocating dl_field[0] size=100000 bytes=800000
[PHYDLL:CORE]   allocating dl_field[0] size=100000 bytes=800000
[PHYDLL:CORE]   allocating dl_field[0] size=100000 bytes=800000
[PHYDLL:CORE]   allocating dl_field[0] size=100000 bytes=800000
[PHYDLL:CORE]   allocating dl_field[0] size=100000 bytes=800000
[PHYDLL:CORE]   allocating dl_field[0] size=100000 bytes=800000
[PHYDLL:CORE]   allocating dl_field[0] size=100000 bytes=800000
[PHYDLL:CORE]   allocating dl_field[0] size=100000 bytes=800000
[PHYDLL:CORE]   allocating dl_field[0] size=100000 bytes=800000
[PHYDLL:CORE] _kernel_alloc_fields complete gl_rank=10
[PHYDLL:PHY] after phydll_define_phy
[PHYDLL:CORE] _kernel_alloc_fields complete gl_rank=0
[PHYDLL:PHY] after phydll_define_phy
[PHYDLL:PHY] Rank 0 starting metadata handshake. Synchronizing with DL side...
[PHYDLL:PHY] Handshake synchronization complete.
[PHYDLL:CORE] _kernel_alloc_fields complete gl_rank=4
[PHYDLL:PHY] after phydll_define_phy
[PHYDLL:CORE] _kernel_alloc_fields complete gl_rank=5
[PHYDLL:PHY] after phydll_define_phy
[PHYDLL:CORE]   allocating dl_field[0] size=100000 bytes=800000
[PHYDLL:CORE] _kernel_alloc_fields complete gl_rank=17
[PHYDLL:PHY] after phydll_define_phy
[PHYDLL:CORE] _kernel_alloc_fields complete gl_rank=2
[PHYDLL:PHY] after phydll_define_phy
[PHYDLL:CORE] _kernel_alloc_fields complete gl_rank=14
[PHYDLL:PHY] after phydll_define_phy
[PHYDLL:CORE] _kernel_alloc_fields complete gl_rank=1
[PHYDLL:PHY] after phydll_define_phy
[PHYDLL:CORE] _kernel_alloc_fields complete gl_rank=3
[PHYDLL:PHY] after phydll_define_phy
[PHYDLL:CORE] _kernel_alloc_fields complete gl_rank=6
[PHYDLL:PHY] after phydll_define_phy
[PHYDLL:CORE] _kernel_alloc_fields complete gl_rank=18
[PHYDLL:PHY] after phydll_define_phy
[PHYDLL:CORE] _kernel_alloc_fields complete gl_rank=11
[PHYDLL:PHY] after phydll_define_phy
[PHYDLL:CORE] _kernel_alloc_fields complete gl_rank=15
[PHYDLL:CORE] _kernel_alloc_fields complete gl_rank=7
[PHYDLL:PHY] after phydll_define_phy
[PHYDLL:PHY] after phydll_define_phy
[PHYDLL:CORE] _kernel_alloc_fields complete gl_rank=19
[PHYDLL:PHY] after phydll_define_phy[PHYDLL:CORE] _kernel_alloc_fields complete gl_rank=13
[PHYDLL:CORE] _kernel_alloc_fields complete gl_rank=9
[PHYDLL:PHY] after phydll_define_phy
[PHYDLL:PHY] after phydll_define_phy

[PHYDLL:CORE] _kernel_alloc_fields complete gl_rank=16
[PHYDLL:PHY] after phydll_define_phy
[PHYDLL:CORE] _kernel_alloc_fields complete gl_rank=12
[PHYDLL:CORE] _kernel_alloc_fields complete gl_rank=8
[PHYDLL:PHY] after phydll_define_phy
[PHYDLL:PHY] after phydll_define_phy
[PHYDLL:CORE]   allocating phy_field[2] size=2000000 bytes=16000000
CMI initialized successfully. Starting benchmark steps...

[PHYDLL:CORE]   allocating phy_field[3] size=2000000 bytes=16000000
[PHYDLL:CORE]   allocating phy_field[4] size=2000000 bytes=16000000
(PhyDLL:PHY) ----> SET... Physical field: (0) 'PHY-IN-000' ...done
(PhyDLL:PHY) ----> SET... Physical field: (1) 'PHY-IN-001' ...done
(PhyDLL:PHY) ----> SET... Physical field: (2) 'PHY-IN-002' ...done
(PhyDLL:PHY) ----> SET... Physical field: (3) 'PHY-IN-003' ...done
(PhyDLL:PHY) ----> SET... Physical field: (4) 'PHY-IN-004' ...done
(PhyDLL:PHY) ----> SET... Physical field: (5) 'PHY-IN-005' ...done
(PhyDLL:PHY) ----> SET... Physical field: (6) 'PHY-IN-006' ...done
(PhyDLL:PHY) ----> SET... Physical field: (7) 'PHY-IN-007' ...done
(PhyDLL:PHY) ----> SET... Physical field: (8) 'PHY-IN-008' ...done
(PhyDLL:PHY) ----> SET... Physical field: (9) 'PHY-IN-009' ...done
(PhyDLL:PHY) ----> SET... Physical field: (10) 'PHY-IN-010' ...done
(PhyDLL:PHY) ----> SET... Physical field: (11) 'PHY-IN-011' ...done
(PhyDLL:PHY) ----> SET... Physical field: (12) 'PHY-IN-012' ...done
(PhyDLL:PHY) ----> SET... Physical field: (13) 'PHY-IN-013' ...done
(PhyDLL:PHY) ----> SET... Physical field: (14) 'PHY-IN-014' ...done
(PhyDLL:PHY) ----> SET... Physical field: (15) 'PHY-IN-015' ...done
(PhyDLL:PHY) ----> SET... Physical field: (16) 'PHY-IN-016' ...done
(PhyDLL:PHY) ----> SET... Physical field: (17) 'PHY-IN-017' ...done
(PhyDLL:PHY) ----> ITE (PHY ITE) = 1 (1)
[PHYDLL:CORE]   allocating phy_field[5] size=2000000 bytes=16000000
[PHYDLL:CORE]   allocating phy_field[6] size=2000000 bytes=16000000
[PHYDLL:CORE]   allocating phy_field[7] size=2000000 bytes=16000000
[PHYDLL:CORE]   allocating phy_field[8] size=2000000 bytes=16000000
[PHYDLL:CORE]   allocating phy_field[9] size=2000000 bytes=16000000
[PHYDLL:CORE]   allocating phy_field[10] size=2000000 bytes=16000000
[PHYDLL:CORE]   allocating phy_field[11] size=2000000 bytes=16000000
[PHYDLL:CORE]   allocating phy_field[12] size=2000000 bytes=16000000
[PHYDLL:CORE]   allocating phy_field[13] size=2000000 bytes=16000000
[PHYDLL:CORE]   allocating phy_field[14] size=2000000 bytes=16000000
[PHYDLL:CORE]   allocating phy_field[15] size=2000000 bytes=16000000
[PHYDLL:CORE]   allocating phy_field[16] size=2000000 bytes=16000000
[PHYDLL:CORE]   allocating phy_field[17] size=2000000 bytes=16000000
[PHYDLL:CORE]   allocating dl_field[0] size=2000000 bytes=16000000
[PHYDLL:CORE] _kernel_alloc_fields complete gl_rank=20
[PHYDLL:DL] runtime after phydll_define_dl
[PHYDLL:DL] getting ndest
[PHYDLL:DL] ndest=20, dests=0x3dff5a0
[PHYDLL:DL] receiving metadata from dests[0] = 0
[PHYDLL:DL] MPI_Recv header from source_rank=0
[PHYDLL:DL] MPI_Recv header from source_rank=0 DONE (magic=4d4c434d)
[PHYDLL:DL] Allocating payload size 165
[PHYDLL:DL] MPI_Recv payload from source_rank=0
[PHYDLL:DL] MPI_Recv payload from source_rank=0 DONE
[PHYDLL:DL] receiving metadata from dests[1] = 1
[PHYDLL:DL] MPI_Recv header from source_rank=1
[PHYDLL:DL] MPI_Recv header from source_rank=1 DONE (magic=4d4c434d)
[PHYDLL:DL] Allocating payload size 165
[PHYDLL:DL] MPI_Recv payload from source_rank=1
[PHYDLL:DL] MPI_Recv payload from source_rank=1 DONE
[PHYDLL:DL] receiving metadata from dests[2] = 2
[PHYDLL:DL] MPI_Recv header from source_rank=2
[PHYDLL:DL] MPI_Recv header from source_rank=2 DONE (magic=4d4c434d)
[PHYDLL:DL] Allocating payload size 165
[PHYDLL:DL] MPI_Recv payload from source_rank=2
[PHYDLL:DL] MPI_Recv payload from source_rank=2 DONE
[PHYDLL:DL] receiving metadata from dests[3] = 3
[PHYDLL:DL] MPI_Recv header from source_rank=3
[PHYDLL:DL] MPI_Recv header from source_rank=3 DONE (magic=4d4c434d)
[PHYDLL:DL] Allocating payload size 165
[PHYDLL:DL] MPI_Recv payload from source_rank=3
[PHYDLL:DL] MPI_Recv payload from source_rank=3 DONE
[PHYDLL:DL] receiving metadata from dests[4] = 4
[PHYDLL:DL] MPI_Recv header from source_rank=4
[PHYDLL:DL] MPI_Recv header from source_rank=4 DONE (magic=4d4c434d)
[PHYDLL:DL] Allocating payload size 165
[PHYDLL:DL] MPI_Recv payload from source_rank=4
[PHYDLL:DL] MPI_Recv payload from source_rank=4 DONE
[PHYDLL:DL] receiving metadata from dests[5] = 5
[PHYDLL:DL] MPI_Recv header from source_rank=5
[PHYDLL:DL] MPI_Recv header from source_rank=5 DONE (magic=4d4c434d)
[PHYDLL:DL] Allocating payload size 165
[PHYDLL:DL] MPI_Recv payload from source_rank=5
[PHYDLL:DL] MPI_Recv payload from source_rank=5 DONE
[PHYDLL:DL] receiving metadata from dests[6] = 6
[PHYDLL:DL] MPI_Recv header from source_rank=6
[PHYDLL:DL] MPI_Recv header from source_rank=6 DONE (magic=4d4c434d)
[PHYDLL:DL] Allocating payload size 165
[PHYDLL:DL] MPI_Recv payload from source_rank=6
[PHYDLL:DL] MPI_Recv payload from source_rank=6 DONE
[PHYDLL:DL] receiving metadata from dests[7] = 7
[PHYDLL:DL] MPI_Recv header from source_rank=7
[PHYDLL:DL] MPI_Recv header from source_rank=7 DONE (magic=4d4c434d)
[PHYDLL:DL] Allocating payload size 165
[PHYDLL:DL] MPI_Recv payload from source_rank=7
[PHYDLL:DL] MPI_Recv payload from source_rank=7 DONE
[PHYDLL:DL] receiving metadata from dests[8] = 8
[PHYDLL:DL] MPI_Recv header from source_rank=8
[PHYDLL:DL] MPI_Recv header from source_rank=8 DONE (magic=4d4c434d)
[PHYDLL:DL] Allocating payload size 165
[PHYDLL:DL] MPI_Recv payload from source_rank=8
[PHYDLL:DL] MPI_Recv payload from source_rank=8 DONE
[PHYDLL:DL] receiving metadata from dests[9] = 9
[PHYDLL:DL] MPI_Recv header from source_rank=9
[PHYDLL:DL] MPI_Recv header from source_rank=9 DONE (magic=4d4c434d)
[PHYDLL:DL] Allocating payload size 165
[PHYDLL:DL] MPI_Recv payload from source_rank=9
[PHYDLL:DL] MPI_Recv payload from source_rank=9 DONE
[PHYDLL:DL] receiving metadata from dests[10] = 10
[PHYDLL:DL] MPI_Recv header from source_rank=10
[PHYDLL:DL] MPI_Recv header from source_rank=10 DONE (magic=4d4c434d)
[PHYDLL:DL] Allocating payload size 165
[PHYDLL:DL] MPI_Recv payload from source_rank=10
[PHYDLL:DL] MPI_Recv payload from source_rank=10 DONE
[PHYDLL:DL] receiving metadata from dests[11] = 11
[PHYDLL:DL] MPI_Recv header from source_rank=11
[PHYDLL:DL] MPI_Recv header from source_rank=11 DONE (magic=4d4c434d)
[PHYDLL:DL] Allocating payload size 165
[PHYDLL:DL] MPI_Recv payload from source_rank=11
[PHYDLL:DL] MPI_Recv payload from source_rank=11 DONE
[PHYDLL:DL] receiving metadata from dests[12] = 12
[PHYDLL:DL] MPI_Recv header from source_rank=12
[PHYDLL:DL] MPI_Recv header from source_rank=12 DONE (magic=4d4c434d)
[PHYDLL:DL] Allocating payload size 165
[PHYDLL:DL] MPI_Recv payload from source_rank=12
[PHYDLL:DL] MPI_Recv payload from source_rank=12 DONE
[PHYDLL:DL] receiving metadata from dests[13] = 13
[PHYDLL:DL] MPI_Recv header from source_rank=13
[PHYDLL:DL] MPI_Recv header from source_rank=13 DONE (magic=4d4c434d)
[PHYDLL:DL] Allocating payload size 165
[PHYDLL:DL] MPI_Recv payload from source_rank=13
[PHYDLL:DL] MPI_Recv payload from source_rank=13 DONE
[PHYDLL:DL] receiving metadata from dests[14] = 14
[PHYDLL:DL] MPI_Recv header from source_rank=14
[PHYDLL:DL] MPI_Recv header from source_rank=14 DONE (magic=4d4c434d)
[PHYDLL:DL] Allocating payload size 165
[PHYDLL:DL] MPI_Recv payload from source_rank=14
[PHYDLL:DL] MPI_Recv payload from source_rank=14 DONE
[PHYDLL:DL] receiving metadata from dests[15] = 15
[PHYDLL:DL] MPI_Recv header from source_rank=15
[PHYDLL:DL] MPI_Recv header from source_rank=15 DONE (magic=4d4c434d)
[PHYDLL:DL] Allocating payload size 165
[PHYDLL:DL] MPI_Recv payload from source_rank=15
[PHYDLL:DL] MPI_Recv payload from source_rank=15 DONE
[PHYDLL:DL] receiving metadata from dests[16] = 16
[PHYDLL:DL] MPI_Recv header from source_rank=16
[PHYDLL:DL] MPI_Recv header from source_rank=16 DONE (magic=4d4c434d)
[PHYDLL:DL] Allocating payload size 165
[PHYDLL:DL] MPI_Recv payload from source_rank=16
[PHYDLL:DL] MPI_Recv payload from source_rank=16 DONE
[PHYDLL:DL] receiving metadata from dests[17] = 17
[PHYDLL:DL] MPI_Recv header from source_rank=17
[PHYDLL:DL] MPI_Recv header from source_rank=17 DONE (magic=4d4c434d)
[PHYDLL:DL] Allocating payload size 165
[PHYDLL:DL] MPI_Recv payload from source_rank=17
[PHYDLL:DL] MPI_Recv payload from source_rank=17 DONE
[PHYDLL:DL] receiving metadata from dests[18] = 18
[PHYDLL:DL] MPI_Recv header from source_rank=18
[PHYDLL:DL] MPI_Recv header from source_rank=18 DONE (magic=4d4c434d)
[PHYDLL:DL] Allocating payload size 165
[PHYDLL:DL] MPI_Recv payload from source_rank=18
[PHYDLL:DL] MPI_Recv payload from source_rank=18 DONE
[PHYDLL:DL] receiving metadata from dests[19] = 19
[PHYDLL:DL] MPI_Recv header from source_rank=19
[PHYDLL:DL] MPI_Recv header from source_rank=19 DONE (magic=4d4c434d)
[PHYDLL:DL] Allocating payload size 165
[PHYDLL:DL] MPI_Recv payload from source_rank=19
[PHYDLL:DL] MPI_Recv payload from source_rank=19 DONE
[PHYDLL:DL] Finished receiving metadata from all 20 sources
(PhyDLL:DL) ----> ITE (PHY ITE) = 1 (1)
[PHYDLL:DL] Waiting for frame 0
(PhyDLL:PHY) ----> SEND...>>>... Physical fields ...done
(PhyDLL:DL) ----> RECV...<<<... Physical fields ...done
(PhyDLL:DL) ----> GET... Physical field: (0) 'PHY-IN-000' ...done
(PhyDLL:DL) ----> GET... Physical field: (1) 'PHY-IN-001' ...done
(PhyDLL:DL) ----> GET... Physical field: (2) 'PHY-IN-002' ...done
(PhyDLL:DL) ----> GET... Physical field: (3) 'PHY-IN-003' ...done
(PhyDLL:DL) ----> GET... Physical field: (4) 'PHY-IN-004' ...done
(PhyDLL:DL) ----> GET... Physical field: (5) 'PHY-IN-005' ...done
(PhyDLL:DL) ----> GET... Physical field: (6) 'PHY-IN-006' ...done
(PhyDLL:DL) ----> GET... Physical field: (7) 'PHY-IN-007' ...done
(PhyDLL:DL) ----> GET... Physical field: (8) 'PHY-IN-008' ...done
(PhyDLL:DL) ----> GET... Physical field: (9) 'PHY-IN-009' ...done
(PhyDLL:DL) ----> GET... Physical field: (10) 'PHY-IN-010' ...done
(PhyDLL:DL) ----> GET... Physical field: (11) 'PHY-IN-011' ...done
(PhyDLL:DL) ----> GET... Physical field: (12) 'PHY-IN-012' ...done
(PhyDLL:DL) ----> GET... Physical field: (13) 'PHY-IN-013' ...done
(PhyDLL:DL) ----> GET... Physical field: (14) 'PHY-IN-014' ...done
(PhyDLL:DL) ----> GET... Physical field: (15) 'PHY-IN-015' ...done
(PhyDLL:DL) ----> GET... Physical field: (16) 'PHY-IN-016' ...done
(PhyDLL:DL) ----> GET... Physical field: (17) 'PHY-IN-017' ...done
[PHYDLL:DL] Received frame 0 (has_meta=0, data_size=36000000)
[PHYDLL:DL] Using local DL rank 0 mapped to GPU device index: 0
[PHYDLL:DL] model loaded
[PHYDLL:DL] meta init model_path='/rwthfs/rz/cluster/hpcwork/ro092286/smartsim/batch_memory_benchmark/../mini_app/train_models/model_a/watercnn_cuda.pt' total_input=36000000 total_output=2000000
[PHYDLL:DL] Frame 0 extracting data: total_input_size=36000000, batch=2000000, field/rank=100000, used/rank=18
[PHYDLL:DL] Frame 0 running inference
(PhyDLL:DL) ----> SET... DL field: (0) 'DL-OUT' ...done
(PhyDLL:DL) ----> SEND...>>>... DL fields ...done
[PHYDLL:DL] sent output for frame 0
(PhyDLL:PHY) ----> RECV...<<<... DL fields ...done
(PhyDLL:PHY) ----> GET... DL field: (0) 'DL-OUT' ...done
STEP_TIMING step=1 latency_ms=1610.46 min_ms=1610.21 avg_ms=1610.25 total_samples=2000000 throughput_samples_sec=1241878
(PhyDLL:PHY) ----> SET... Physical field: (0) 'PHY-IN-000' ...done
(PhyDLL:PHY) ----> SET... Physical field: (1) 'PHY-IN-001' ...done
(PhyDLL:PHY) ----> SET... Physical field: (2) 'PHY-IN-002' ...done
(PhyDLL:PHY) ----> SET... Physical field: (3) 'PHY-IN-003' ...done
(PhyDLL:PHY) ----> SET... Physical field: (4) 'PHY-IN-004' ...done
(PhyDLL:PHY) ----> SET... Physical field: (5) 'PHY-IN-005' ...done
(PhyDLL:PHY) ----> SET... Physical field: (6) 'PHY-IN-006' ...done
(PhyDLL:PHY) ----> SET... Physical field: (7) 'PHY-IN-007' ...done
(PhyDLL:PHY) ----> SET... Physical field: (8) 'PHY-IN-008' ...done
(PhyDLL:PHY) ----> SET... Physical field: (9) 'PHY-IN-009' ...done
(PhyDLL:PHY) ----> SET... Physical field: (10) 'PHY-IN-010' ...done
(PhyDLL:PHY) ----> SET... Physical field: (11) 'PHY-IN-011' ...done
(PhyDLL:PHY) ----> SET... Physical field: (12) 'PHY-IN-012' ...done
(PhyDLL:PHY) ----> SET... Physical field: (13) 'PHY-IN-013' ...done
(PhyDLL:PHY) ----> SET... Physical field: (14) 'PHY-IN-014' ...done
(PhyDLL:PHY) ----> SET... Physical field: (15) 'PHY-IN-015' ...done
(PhyDLL:PHY) ----> SET... Physical field: (16) 'PHY-IN-016' ...done
(PhyDLL:PHY) ----> SET... Physical field: (17) 'PHY-IN-017' ...done
[PHYDLL:DL] Waiting for frame 1
(PhyDLL:PHY) ----> ITE (PHY ITE) = 2 (2)
(PhyDLL:DL) ----> ITE (PHY ITE) = 2 (2)
(PhyDLL:PHY) ----> SEND...>>>... Physical fields ...done
(PhyDLL:DL) ----> RECV...<<<... Physical fields ...done
(PhyDLL:DL) ----> GET... Physical field: (0) 'PHY-IN-000' ...done
(PhyDLL:DL) ----> GET... Physical field: (1) 'PHY-IN-001' ...done
(PhyDLL:DL) ----> GET... Physical field: (2) 'PHY-IN-002' ...done
(PhyDLL:DL) ----> GET... Physical field: (3) 'PHY-IN-003' ...done
(PhyDLL:DL) ----> GET... Physical field: (4) 'PHY-IN-004' ...done
(PhyDLL:DL) ----> GET... Physical field: (5) 'PHY-IN-005' ...done
(PhyDLL:DL) ----> GET... Physical field: (6) 'PHY-IN-006' ...done
(PhyDLL:DL) ----> GET... Physical field: (7) 'PHY-IN-007' ...done
(PhyDLL:DL) ----> GET... Physical field: (8) 'PHY-IN-008' ...done
(PhyDLL:DL) ----> GET... Physical field: (9) 'PHY-IN-009' ...done
(PhyDLL:DL) ----> GET... Physical field: (10) 'PHY-IN-010' ...done
(PhyDLL:DL) ----> GET... Physical field: (11) 'PHY-IN-011' ...done
(PhyDLL:DL) ----> GET... Physical field: (12) 'PHY-IN-012' ...done
(PhyDLL:DL) ----> GET... Physical field: (13) 'PHY-IN-013' ...done
(PhyDLL:DL) ----> GET... Physical field: (14) 'PHY-IN-014' ...done
(PhyDLL:DL) ----> GET... Physical field: (15) 'PHY-IN-015' ...done
(PhyDLL:DL) ----> GET... Physical field: (16) 'PHY-IN-016' ...done
(PhyDLL:DL) ----> GET... Physical field: (17) 'PHY-IN-017' ...done
[PHYDLL:DL] Received frame 1 (has_meta=0, data_size=36000000)
[PHYDLL:DL] Frame 1 extracting data: total_input_size=36000000, batch=2000000, field/rank=100000, used/rank=18
[PHYDLL:DL] Frame 1 running inference
(PhyDLL:DL) ----> SET... DL field: (0) 'DL-OUT' ...done
(PhyDLL:DL) ----> SEND...>>>... DL fields ...done
(PhyDLL:PHY) ----> RECV...<<<... DL fields ...done
[PHYDLL:DL] sent output for frame 1
(PhyDLL:PHY) ----> GET... DL field: (0) 'DL-OUT' ...done
STEP_TIMING step=2 latency_ms=536.76 min_ms=536.32 avg_ms=536.54 total_samples=2000000 throughput_samples_sec=3726071
(PhyDLL:PHY) ----> SET... Physical field: (0) 'PHY-IN-000' ...done
(PhyDLL:PHY) ----> SET... Physical field: (1) 'PHY-IN-001' ...done
(PhyDLL:PHY) ----> SET... Physical field: (2) 'PHY-IN-002' ...done
(PhyDLL:PHY) ----> SET... Physical field: (3) 'PHY-IN-003' ...done
(PhyDLL:PHY) ----> SET... Physical field: (4) 'PHY-IN-004' ...done
(PhyDLL:PHY) ----> SET... Physical field: (5) 'PHY-IN-005' ...done
(PhyDLL:PHY) ----> SET... Physical field: (6) 'PHY-IN-006' ...done
(PhyDLL:PHY) ----> SET... Physical field: (7) 'PHY-IN-007' ...done
(PhyDLL:PHY) ----> SET... Physical field: (8) 'PHY-IN-008' ...done
(PhyDLL:PHY) ----> SET... Physical field: (9) 'PHY-IN-009' ...done
(PhyDLL:PHY) ----> SET... Physical field: (10) 'PHY-IN-010' ...done
(PhyDLL:PHY) ----> SET... Physical field: (11) 'PHY-IN-011' ...done
(PhyDLL:PHY) ----> SET... Physical field: (12) 'PHY-IN-012' ...done
(PhyDLL:PHY) ----> SET... Physical field: (13) 'PHY-IN-013' ...done
(PhyDLL:PHY) ----> SET... Physical field: (14) 'PHY-IN-014' ...done
(PhyDLL:PHY) ----> SET... Physical field: (15) 'PHY-IN-015' ...done
(PhyDLL:PHY) ----> SET... Physical field: (16) 'PHY-IN-016' ...done
(PhyDLL:PHY) ----> SET... Physical field: (17) 'PHY-IN-017' ...done
(PhyDLL:PHY) ----> ITE (PHY ITE) = 3 (3)
(PhyDLL:DL) ----> ITE (PHY ITE) = 3 (3)
[PHYDLL:DL] Waiting for frame 2
(PhyDLL:PHY) ----> SEND...>>>... Physical fields ...done
(PhyDLL:DL) ----> RECV...<<<... Physical fields ...done
(PhyDLL:DL) ----> GET... Physical field: (0) 'PHY-IN-000' ...done
(PhyDLL:DL) ----> GET... Physical field: (1) 'PHY-IN-001' ...done
(PhyDLL:DL) ----> GET... Physical field: (2) 'PHY-IN-002' ...done
(PhyDLL:DL) ----> GET... Physical field: (3) 'PHY-IN-003' ...done
(PhyDLL:DL) ----> GET... Physical field: (4) 'PHY-IN-004' ...done
(PhyDLL:DL) ----> GET... Physical field: (5) 'PHY-IN-005' ...done
(PhyDLL:DL) ----> GET... Physical field: (6) 'PHY-IN-006' ...done
(PhyDLL:DL) ----> GET... Physical field: (7) 'PHY-IN-007' ...done
(PhyDLL:DL) ----> GET... Physical field: (8) 'PHY-IN-008' ...done
(PhyDLL:DL) ----> GET... Physical field: (9) 'PHY-IN-009' ...done
(PhyDLL:DL) ----> GET... Physical field: (10) 'PHY-IN-010' ...done
(PhyDLL:DL) ----> GET... Physical field: (11) 'PHY-IN-011' ...done
(PhyDLL:DL) ----> GET... Physical field: (12) 'PHY-IN-012' ...done
(PhyDLL:DL) ----> GET... Physical field: (13) 'PHY-IN-013' ...done
(PhyDLL:DL) ----> GET... Physical field: (14) 'PHY-IN-014' ...done
(PhyDLL:DL) ----> GET... Physical field: (15) 'PHY-IN-015' ...done
(PhyDLL:DL) ----> GET... Physical field: (16) 'PHY-IN-016' ...done
(PhyDLL:DL) ----> GET... Physical field: (17) 'PHY-IN-017' ...done
[PHYDLL:DL] Received frame 2 (has_meta=0, data_size=36000000)
[PHYDLL:DL] Frame 2 extracting data: total_input_size=36000000, batch=2000000, field/rank=100000, used/rank=18
[PHYDLL:DL] Frame 2 running inference
(PhyDLL:DL) ----> SET... DL field: (0) 'DL-OUT' ...done
(PhyDLL:DL) ----> SEND...>>>... DL fields ...done
[PHYDLL:DL] sent output for frame 2
(PhyDLL:PHY) ----> RECV...<<<... DL fields ...done
(PhyDLL:PHY) ----> GET... DL field: (0) 'DL-OUT' ...done
STEP_TIMING step=3 latency_ms=535.16 min_ms=534.73 avg_ms=534.95 total_samples=2000000 throughput_samples_sec=3737169
(PhyDLL:PHY) ----> SET... Physical field: (0) 'PHY-IN-000' ...done
(PhyDLL:PHY) ----> SET... Physical field: (1) 'PHY-IN-001' ...done
(PhyDLL:PHY) ----> SET... Physical field: (2) 'PHY-IN-002' ...done
(PhyDLL:PHY) ----> SET... Physical field: (3) 'PHY-IN-003' ...done
(PhyDLL:PHY) ----> SET... Physical field: (4) 'PHY-IN-004' ...done
(PhyDLL:PHY) ----> SET... Physical field: (5) 'PHY-IN-005' ...done
(PhyDLL:PHY) ----> SET... Physical field: (6) 'PHY-IN-006' ...done
(PhyDLL:PHY) ----> SET... Physical field: (7) 'PHY-IN-007' ...done
(PhyDLL:PHY) ----> SET... Physical field: (8) 'PHY-IN-008' ...done
(PhyDLL:PHY) ----> SET... Physical field: (9) 'PHY-IN-009' ...done
(PhyDLL:PHY) ----> SET... Physical field: (10) 'PHY-IN-010' ...done
(PhyDLL:PHY) ----> SET... Physical field: (11) 'PHY-IN-011' ...done
(PhyDLL:PHY) ----> SET... Physical field: (12) 'PHY-IN-012' ...done
(PhyDLL:PHY) ----> SET... Physical field: (13) 'PHY-IN-013' ...done
(PhyDLL:PHY) ----> SET... Physical field: (14) 'PHY-IN-014' ...done
(PhyDLL:PHY) ----> SET... Physical field: (15) 'PHY-IN-015' ...done
(PhyDLL:PHY) ----> SET... Physical field: (16) 'PHY-IN-016' ...done
(PhyDLL:PHY) ----> SET... Physical field: (17) 'PHY-IN-017' ...done
(PhyDLL:PHY) ----> ITE (PHY ITE) = 4 (4)
(PhyDLL:DL) ----> ITE (PHY ITE) = 4 (4)
[PHYDLL:DL] Waiting for frame 3
(PhyDLL:PHY) ----> SEND...>>>... Physical fields ...done
(PhyDLL:DL) ----> RECV...<<<... Physical fields ...done
(PhyDLL:DL) ----> GET... Physical field: (0) 'PHY-IN-000' ...done
(PhyDLL:DL) ----> GET... Physical field: (1) 'PHY-IN-001' ...done
(PhyDLL:DL) ----> GET... Physical field: (2) 'PHY-IN-002' ...done
(PhyDLL:DL) ----> GET... Physical field: (3) 'PHY-IN-003' ...done
(PhyDLL:DL) ----> GET... Physical field: (4) 'PHY-IN-004' ...done
(PhyDLL:DL) ----> GET... Physical field: (5) 'PHY-IN-005' ...done
(PhyDLL:DL) ----> GET... Physical field: (6) 'PHY-IN-006' ...done
(PhyDLL:DL) ----> GET... Physical field: (7) 'PHY-IN-007' ...done
(PhyDLL:DL) ----> GET... Physical field: (8) 'PHY-IN-008' ...done
(PhyDLL:DL) ----> GET... Physical field: (9) 'PHY-IN-009' ...done
(PhyDLL:DL) ----> GET... Physical field: (10) 'PHY-IN-010' ...done
(PhyDLL:DL) ----> GET... Physical field: (11) 'PHY-IN-011' ...done
(PhyDLL:DL) ----> GET... Physical field: (12) 'PHY-IN-012' ...done
(PhyDLL:DL) ----> GET... Physical field: (13) 'PHY-IN-013' ...done
(PhyDLL:DL) ----> GET... Physical field: (14) 'PHY-IN-014' ...done
(PhyDLL:DL) ----> GET... Physical field: (15) 'PHY-IN-015' ...done
(PhyDLL:DL) ----> GET... Physical field: (16) 'PHY-IN-016' ...done
(PhyDLL:DL) ----> GET... Physical field: (17) 'PHY-IN-017' ...done
[PHYDLL:DL] Received frame 3 (has_meta=0, data_size=36000000)
[PHYDLL:DL] Frame 3 extracting data: total_input_size=36000000, batch=2000000, field/rank=100000, used/rank=18
[PHYDLL:DL] Frame 3 running inference
(PhyDLL:DL) ----> SET... DL field: (0) 'DL-OUT' ...done
(PhyDLL:DL) ----> SEND...>>>... DL fields ...done
[PHYDLL:DL] sent output for frame 3
(PhyDLL:PHY) ----> RECV...<<<... DL fields ...done
(PhyDLL:PHY) ----> GET... DL field: (0) 'DL-OUT' ...done
STEP_TIMING step=4 latency_ms=570.35 min_ms=569.91 avg_ms=570.29 total_samples=2000000 throughput_samples_sec=3506593
(PhyDLL:PHY) ----> SET... Physical field: (0) 'PHY-IN-000' ...done
(PhyDLL:PHY) ----> SET... Physical field: (1) 'PHY-IN-001' ...done
(PhyDLL:PHY) ----> SET... Physical field: (2) 'PHY-IN-002' ...done
(PhyDLL:PHY) ----> SET... Physical field: (3) 'PHY-IN-003' ...done
(PhyDLL:PHY) ----> SET... Physical field: (4) 'PHY-IN-004' ...done
(PhyDLL:PHY) ----> SET... Physical field: (5) 'PHY-IN-005' ...done
(PhyDLL:PHY) ----> SET... Physical field: (6) 'PHY-IN-006' ...done
(PhyDLL:PHY) ----> SET... Physical field: (7) 'PHY-IN-007' ...done
(PhyDLL:PHY) ----> SET... Physical field: (8) 'PHY-IN-008' ...done
(PhyDLL:PHY) ----> SET... Physical field: (9) 'PHY-IN-009' ...done
(PhyDLL:PHY) ----> SET... Physical field: (10) 'PHY-IN-010' ...done
(PhyDLL:PHY) ----> SET... Physical field: (11) 'PHY-IN-011' ...done
(PhyDLL:PHY) ----> SET... Physical field: (12) 'PHY-IN-012' ...done
(PhyDLL:PHY) ----> SET... Physical field: (13) 'PHY-IN-013' ...done
(PhyDLL:PHY) ----> SET... Physical field: (14) 'PHY-IN-014' ...done
(PhyDLL:PHY) ----> SET... Physical field: (15) 'PHY-IN-015' ...done
(PhyDLL:PHY) ----> SET... Physical field: (16) 'PHY-IN-016' ...done
(PhyDLL:PHY) ----> SET... Physical field: (17) 'PHY-IN-017' ...done
(PhyDLL:DL) ----> ITE (PHY ITE) = 5 (5)
[PHYDLL:DL] Waiting for frame 4
(PhyDLL:PHY) ----> ITE (PHY ITE) = 5 (5)
(PhyDLL:PHY) ----> SEND...>>>... Physical fields ...done
(PhyDLL:DL) ----> RECV...<<<... Physical fields ...done
(PhyDLL:DL) ----> GET... Physical field: (0) 'PHY-IN-000' ...done
(PhyDLL:DL) ----> GET... Physical field: (1) 'PHY-IN-001' ...done
(PhyDLL:DL) ----> GET... Physical field: (2) 'PHY-IN-002' ...done
(PhyDLL:DL) ----> GET... Physical field: (3) 'PHY-IN-003' ...done
(PhyDLL:DL) ----> GET... Physical field: (4) 'PHY-IN-004' ...done
(PhyDLL:DL) ----> GET... Physical field: (5) 'PHY-IN-005' ...done
(PhyDLL:DL) ----> GET... Physical field: (6) 'PHY-IN-006' ...done
(PhyDLL:DL) ----> GET... Physical field: (7) 'PHY-IN-007' ...done
(PhyDLL:DL) ----> GET... Physical field: (8) 'PHY-IN-008' ...done
(PhyDLL:DL) ----> GET... Physical field: (9) 'PHY-IN-009' ...done
(PhyDLL:DL) ----> GET... Physical field: (10) 'PHY-IN-010' ...done
(PhyDLL:DL) ----> GET... Physical field: (11) 'PHY-IN-011' ...done
(PhyDLL:DL) ----> GET... Physical field: (12) 'PHY-IN-012' ...done
(PhyDLL:DL) ----> GET... Physical field: (13) 'PHY-IN-013' ...done
(PhyDLL:DL) ----> GET... Physical field: (14) 'PHY-IN-014' ...done
(PhyDLL:DL) ----> GET... Physical field: (15) 'PHY-IN-015' ...done
(PhyDLL:DL) ----> GET... Physical field: (16) 'PHY-IN-016' ...done
(PhyDLL:DL) ----> GET... Physical field: (17) 'PHY-IN-017' ...done
[PHYDLL:DL] Received frame 4 (has_meta=0, data_size=36000000)
[PHYDLL:DL] Frame 4 extracting data: total_input_size=36000000, batch=2000000, field/rank=100000, used/rank=18
[PHYDLL:DL] Frame 4 running inference
(PhyDLL:DL) ----> SET... DL field: (0) 'DL-OUT' ...done
(PhyDLL:PHY) ----> RECV...<<<... DL fields ...done
(PhyDLL:DL) ----> SEND...>>>... DL fields ...done
[PHYDLL:DL] sent output for frame 4
(PhyDLL:PHY) ----> GET... DL field: (0) 'DL-OUT' ...done
STEP_TIMING step=5 latency_ms=547.07 min_ms=546.90 avg_ms=547.06 total_samples=2000000 throughput_samples_sec=3655818
(PhyDLL:PHY) ----> SET... Physical field: (0) 'PHY-IN-000' ...done
(PhyDLL:PHY) ----> SET... Physical field: (1) 'PHY-IN-001' ...done
(PhyDLL:PHY) ----> SET... Physical field: (2) 'PHY-IN-002' ...done
(PhyDLL:PHY) ----> SET... Physical field: (3) 'PHY-IN-003' ...done
(PhyDLL:PHY) ----> SET... Physical field: (4) 'PHY-IN-004' ...done
(PhyDLL:PHY) ----> SET... Physical field: (5) 'PHY-IN-005' ...done
(PhyDLL:PHY) ----> SET... Physical field: (6) 'PHY-IN-006' ...done
(PhyDLL:PHY) ----> SET... Physical field: (7) 'PHY-IN-007' ...done
(PhyDLL:PHY) ----> SET... Physical field: (8) 'PHY-IN-008' ...done
(PhyDLL:PHY) ----> SET... Physical field: (9) 'PHY-IN-009' ...done
(PhyDLL:PHY) ----> SET... Physical field: (10) 'PHY-IN-010' ...done
(PhyDLL:PHY) ----> SET... Physical field: (11) 'PHY-IN-011' ...done
(PhyDLL:PHY) ----> SET... Physical field: (12) 'PHY-IN-012' ...done
(PhyDLL:PHY) ----> SET... Physical field: (13) 'PHY-IN-013' ...done
(PhyDLL:PHY) ----> SET... Physical field: (14) 'PHY-IN-014' ...done
(PhyDLL:PHY) ----> SET... Physical field: (15) 'PHY-IN-015' ...done
(PhyDLL:PHY) ----> SET... Physical field: (16) 'PHY-IN-016' ...done
(PhyDLL:PHY) ----> SET... Physical field: (17) 'PHY-IN-017' ...done
(PhyDLL:DL) ----> ITE (PHY ITE) = 6 (6)
(PhyDLL:PHY) ----> ITE (PHY ITE) = 6 (6)
[PHYDLL:DL] Waiting for frame 5
(PhyDLL:PHY) ----> SEND...>>>... Physical fields ...done
(PhyDLL:DL) ----> RECV...<<<... Physical fields ...done
(PhyDLL:DL) ----> GET... Physical field: (0) 'PHY-IN-000' ...done
(PhyDLL:DL) ----> GET... Physical field: (1) 'PHY-IN-001' ...done
(PhyDLL:DL) ----> GET... Physical field: (2) 'PHY-IN-002' ...done
(PhyDLL:DL) ----> GET... Physical field: (3) 'PHY-IN-003' ...done
(PhyDLL:DL) ----> GET... Physical field: (4) 'PHY-IN-004' ...done
(PhyDLL:DL) ----> GET... Physical field: (5) 'PHY-IN-005' ...done
(PhyDLL:DL) ----> GET... Physical field: (6) 'PHY-IN-006' ...done
(PhyDLL:DL) ----> GET... Physical field: (7) 'PHY-IN-007' ...done
(PhyDLL:DL) ----> GET... Physical field: (8) 'PHY-IN-008' ...done
(PhyDLL:DL) ----> GET... Physical field: (9) 'PHY-IN-009' ...done
(PhyDLL:DL) ----> GET... Physical field: (10) 'PHY-IN-010' ...done
(PhyDLL:DL) ----> GET... Physical field: (11) 'PHY-IN-011' ...done
(PhyDLL:DL) ----> GET... Physical field: (12) 'PHY-IN-012' ...done
(PhyDLL:DL) ----> GET... Physical field: (13) 'PHY-IN-013' ...done
(PhyDLL:DL) ----> GET... Physical field: (14) 'PHY-IN-014' ...done
(PhyDLL:DL) ----> GET... Physical field: (15) 'PHY-IN-015' ...done
(PhyDLL:DL) ----> GET... Physical field: (16) 'PHY-IN-016' ...done
(PhyDLL:DL) ----> GET... Physical field: (17) 'PHY-IN-017' ...done
[PHYDLL:DL] Received frame 5 (has_meta=0, data_size=36000000)
[PHYDLL:DL] Frame 5 extracting data: total_input_size=36000000, batch=2000000, field/rank=100000, used/rank=18
[PHYDLL:DL] Frame 5 running inference
(PhyDLL:DL) ----> SET... DL field: (0) 'DL-OUT' ...done
(PhyDLL:DL) ----> SEND...>>>... DL fields ...done
[PHYDLL:DL] sent output for frame 5
(PhyDLL:PHY) ----> RECV...<<<... DL fields ...done
(PhyDLL:PHY) ----> GET... DL field: (0) 'DL-OUT' ...done
STEP_TIMING step=6 latency_ms=557.69 min_ms=557.36 avg_ms=557.40 total_samples=2000000 throughput_samples_sec=3586236
(PhyDLL:PHY) ----> SET... Physical field: (0) 'PHY-IN-000' ...done
(PhyDLL:PHY) ----> SET... Physical field: (1) 'PHY-IN-001' ...done
(PhyDLL:PHY) ----> SET... Physical field: (2) 'PHY-IN-002' ...done
(PhyDLL:PHY) ----> SET... Physical field: (3) 'PHY-IN-003' ...done
(PhyDLL:PHY) ----> SET... Physical field: (4) 'PHY-IN-004' ...done
(PhyDLL:PHY) ----> SET... Physical field: (5) 'PHY-IN-005' ...done
(PhyDLL:PHY) ----> SET... Physical field: (6) 'PHY-IN-006' ...done
(PhyDLL:PHY) ----> SET... Physical field: (7) 'PHY-IN-007' ...done
(PhyDLL:PHY) ----> SET... Physical field: (8) 'PHY-IN-008' ...done
(PhyDLL:PHY) ----> SET... Physical field: (9) 'PHY-IN-009' ...done
(PhyDLL:PHY) ----> SET... Physical field: (10) 'PHY-IN-010' ...done
(PhyDLL:PHY) ----> SET... Physical field: (11) 'PHY-IN-011' ...done
(PhyDLL:PHY) ----> SET... Physical field: (12) 'PHY-IN-012' ...done
(PhyDLL:PHY) ----> SET... Physical field: (13) 'PHY-IN-013' ...done
(PhyDLL:PHY) ----> SET... Physical field: (14) 'PHY-IN-014' ...done
(PhyDLL:PHY) ----> SET... Physical field: (15) 'PHY-IN-015' ...done
(PhyDLL:PHY) ----> SET... Physical field: (16) 'PHY-IN-016' ...done
(PhyDLL:PHY) ----> SET... Physical field: (17) 'PHY-IN-017' ...done
(PhyDLL:DL) ----> ITE (PHY ITE) = 7 (7)
(PhyDLL:PHY) ----> ITE (PHY ITE) = 7 (7)
[PHYDLL:DL] Waiting for frame 6
(PhyDLL:PHY) ----> SEND...>>>... Physical fields ...done
(PhyDLL:DL) ----> RECV...<<<... Physical fields ...done
(PhyDLL:DL) ----> GET... Physical field: (0) 'PHY-IN-000' ...done
(PhyDLL:DL) ----> GET... Physical field: (1) 'PHY-IN-001' ...done
(PhyDLL:DL) ----> GET... Physical field: (2) 'PHY-IN-002' ...done
(PhyDLL:DL) ----> GET... Physical field: (3) 'PHY-IN-003' ...done
(PhyDLL:DL) ----> GET... Physical field: (4) 'PHY-IN-004' ...done
(PhyDLL:DL) ----> GET... Physical field: (5) 'PHY-IN-005' ...done
(PhyDLL:DL) ----> GET... Physical field: (6) 'PHY-IN-006' ...done
(PhyDLL:DL) ----> GET... Physical field: (7) 'PHY-IN-007' ...done
(PhyDLL:DL) ----> GET... Physical field: (8) 'PHY-IN-008' ...done
(PhyDLL:DL) ----> GET... Physical field: (9) 'PHY-IN-009' ...done
(PhyDLL:DL) ----> GET... Physical field: (10) 'PHY-IN-010' ...done
(PhyDLL:DL) ----> GET... Physical field: (11) 'PHY-IN-011' ...done
(PhyDLL:DL) ----> GET... Physical field: (12) 'PHY-IN-012' ...done
(PhyDLL:DL) ----> GET... Physical field: (13) 'PHY-IN-013' ...done
(PhyDLL:DL) ----> GET... Physical field: (14) 'PHY-IN-014' ...done
(PhyDLL:DL) ----> GET... Physical field: (15) 'PHY-IN-015' ...done
(PhyDLL:DL) ----> GET... Physical field: (16) 'PHY-IN-016' ...done
(PhyDLL:DL) ----> GET... Physical field: (17) 'PHY-IN-017' ...done
[PHYDLL:DL] Received frame 6 (has_meta=0, data_size=36000000)
[PHYDLL:DL] Frame 6 extracting data: total_input_size=36000000, batch=2000000, field/rank=100000, used/rank=18
[PHYDLL:DL] Frame 6 running inference
(PhyDLL:DL) ----> SET... DL field: (0) 'DL-OUT' ...done
(PhyDLL:DL) ----> SEND...>>>... DL fields ...done
[PHYDLL:DL] sent output for frame 6
(PhyDLL:PHY) ----> RECV...<<<... DL fields ...done
(PhyDLL:PHY) ----> GET... DL field: (0) 'DL-OUT' ...done
STEP_TIMING step=7 latency_ms=567.23 min_ms=566.77 avg_ms=567.08 total_samples=2000000 throughput_samples_sec=3525888
(PhyDLL:PHY) ----> SET... Physical field: (0) 'PHY-IN-000' ...done
(PhyDLL:PHY) ----> SET... Physical field: (1) 'PHY-IN-001' ...done
(PhyDLL:PHY) ----> SET... Physical field: (2) 'PHY-IN-002' ...done
(PhyDLL:PHY) ----> SET... Physical field: (3) 'PHY-IN-003' ...done
(PhyDLL:PHY) ----> SET... Physical field: (4) 'PHY-IN-004' ...done
(PhyDLL:PHY) ----> SET... Physical field: (5) 'PHY-IN-005' ...done
(PhyDLL:PHY) ----> SET... Physical field: (6) 'PHY-IN-006' ...done
(PhyDLL:PHY) ----> SET... Physical field: (7) 'PHY-IN-007' ...done
(PhyDLL:PHY) ----> SET... Physical field: (8) 'PHY-IN-008' ...done
(PhyDLL:PHY) ----> SET... Physical field: (9) 'PHY-IN-009' ...done
(PhyDLL:PHY) ----> SET... Physical field: (10) 'PHY-IN-010' ...done
(PhyDLL:PHY) ----> SET... Physical field: (11) 'PHY-IN-011' ...done
(PhyDLL:PHY) ----> SET... Physical field: (12) 'PHY-IN-012' ...done
(PhyDLL:PHY) ----> SET... Physical field: (13) 'PHY-IN-013' ...done
(PhyDLL:PHY) ----> SET... Physical field: (14) 'PHY-IN-014' ...done
(PhyDLL:PHY) ----> SET... Physical field: (15) 'PHY-IN-015' ...done
(PhyDLL:PHY) ----> SET... Physical field: (16) 'PHY-IN-016' ...done
(PhyDLL:PHY) ----> SET... Physical field: (17) 'PHY-IN-017' ...done
(PhyDLL:PHY) ----> ITE (PHY ITE) = 8 (8)
(PhyDLL:DL) ----> ITE (PHY ITE) = 8 (8)
[PHYDLL:DL] Waiting for frame 7
(PhyDLL:PHY) ----> SEND...>>>... Physical fields ...done
(PhyDLL:DL) ----> RECV...<<<... Physical fields ...done
(PhyDLL:DL) ----> GET... Physical field: (0) 'PHY-IN-000' ...done
(PhyDLL:DL) ----> GET... Physical field: (1) 'PHY-IN-001' ...done
(PhyDLL:DL) ----> GET... Physical field: (2) 'PHY-IN-002' ...done
(PhyDLL:DL) ----> GET... Physical field: (3) 'PHY-IN-003' ...done
(PhyDLL:DL) ----> GET... Physical field: (4) 'PHY-IN-004' ...done
(PhyDLL:DL) ----> GET... Physical field: (5) 'PHY-IN-005' ...done
(PhyDLL:DL) ----> GET... Physical field: (6) 'PHY-IN-006' ...done
(PhyDLL:DL) ----> GET... Physical field: (7) 'PHY-IN-007' ...done
(PhyDLL:DL) ----> GET... Physical field: (8) 'PHY-IN-008' ...done
(PhyDLL:DL) ----> GET... Physical field: (9) 'PHY-IN-009' ...done
(PhyDLL:DL) ----> GET... Physical field: (10) 'PHY-IN-010' ...done
(PhyDLL:DL) ----> GET... Physical field: (11) 'PHY-IN-011' ...done
(PhyDLL:DL) ----> GET... Physical field: (12) 'PHY-IN-012' ...done
(PhyDLL:DL) ----> GET... Physical field: (13) 'PHY-IN-013' ...done
(PhyDLL:DL) ----> GET... Physical field: (14) 'PHY-IN-014' ...done
(PhyDLL:DL) ----> GET... Physical field: (15) 'PHY-IN-015' ...done
(PhyDLL:DL) ----> GET... Physical field: (16) 'PHY-IN-016' ...done
(PhyDLL:DL) ----> GET... Physical field: (17) 'PHY-IN-017' ...done
[PHYDLL:DL] Received frame 7 (has_meta=0, data_size=36000000)
[PHYDLL:DL] Frame 7 extracting data: total_input_size=36000000, batch=2000000, field/rank=100000, used/rank=18
[PHYDLL:DL] Frame 7 running inference
(PhyDLL:DL) ----> SET... DL field: (0) 'DL-OUT' ...done
(PhyDLL:PHY) ----> RECV...<<<... DL fields ...done
(PhyDLL:DL) ----> SEND...>>>... DL fields ...done
[PHYDLL:DL] sent output for frame 7
(PhyDLL:PHY) ----> GET... DL field: (0) 'DL-OUT' ...done
STEP_TIMING step=8 latency_ms=562.04 min_ms=561.67 avg_ms=561.85 total_samples=2000000 throughput_samples_sec=3558485
(PhyDLL:PHY) ----> SET... Physical field: (0) 'PHY-IN-000' ...done
(PhyDLL:PHY) ----> SET... Physical field: (1) 'PHY-IN-001' ...done
(PhyDLL:PHY) ----> SET... Physical field: (2) 'PHY-IN-002' ...done
(PhyDLL:PHY) ----> SET... Physical field: (3) 'PHY-IN-003' ...done
(PhyDLL:PHY) ----> SET... Physical field: (4) 'PHY-IN-004' ...done
(PhyDLL:PHY) ----> SET... Physical field: (5) 'PHY-IN-005' ...done
(PhyDLL:PHY) ----> SET... Physical field: (6) 'PHY-IN-006' ...done
(PhyDLL:PHY) ----> SET... Physical field: (7) 'PHY-IN-007' ...done
(PhyDLL:PHY) ----> SET... Physical field: (8) 'PHY-IN-008' ...done
(PhyDLL:PHY) ----> SET... Physical field: (9) 'PHY-IN-009' ...done
(PhyDLL:PHY) ----> SET... Physical field: (10) 'PHY-IN-010' ...done
(PhyDLL:PHY) ----> SET... Physical field: (11) 'PHY-IN-011' ...done
(PhyDLL:PHY) ----> SET... Physical field: (12) 'PHY-IN-012' ...done
(PhyDLL:PHY) ----> SET... Physical field: (13) 'PHY-IN-013' ...done
(PhyDLL:PHY) ----> SET... Physical field: (14) 'PHY-IN-014' ...done
(PhyDLL:PHY) ----> SET... Physical field: (15) 'PHY-IN-015' ...done
(PhyDLL:PHY) ----> SET... Physical field: (16) 'PHY-IN-016' ...done
(PhyDLL:PHY) ----> SET... Physical field: (17) 'PHY-IN-017' ...done
(PhyDLL:DL) ----> ITE (PHY ITE) = 9 (9)
[PHYDLL:DL] Waiting for frame 8
(PhyDLL:PHY) ----> ITE (PHY ITE) = 9 (9)
(PhyDLL:PHY) ----> SEND...>>>... Physical fields ...done
(PhyDLL:DL) ----> RECV...<<<... Physical fields ...done
(PhyDLL:DL) ----> GET... Physical field: (0) 'PHY-IN-000' ...done
(PhyDLL:DL) ----> GET... Physical field: (1) 'PHY-IN-001' ...done
(PhyDLL:DL) ----> GET... Physical field: (2) 'PHY-IN-002' ...done
(PhyDLL:DL) ----> GET... Physical field: (3) 'PHY-IN-003' ...done
(PhyDLL:DL) ----> GET... Physical field: (4) 'PHY-IN-004' ...done
(PhyDLL:DL) ----> GET... Physical field: (5) 'PHY-IN-005' ...done
(PhyDLL:DL) ----> GET... Physical field: (6) 'PHY-IN-006' ...done
(PhyDLL:DL) ----> GET... Physical field: (7) 'PHY-IN-007' ...done
(PhyDLL:DL) ----> GET... Physical field: (8) 'PHY-IN-008' ...done
(PhyDLL:DL) ----> GET... Physical field: (9) 'PHY-IN-009' ...done
(PhyDLL:DL) ----> GET... Physical field: (10) 'PHY-IN-010' ...done
(PhyDLL:DL) ----> GET... Physical field: (11) 'PHY-IN-011' ...done
(PhyDLL:DL) ----> GET... Physical field: (12) 'PHY-IN-012' ...done
(PhyDLL:DL) ----> GET... Physical field: (13) 'PHY-IN-013' ...done
(PhyDLL:DL) ----> GET... Physical field: (14) 'PHY-IN-014' ...done
(PhyDLL:DL) ----> GET... Physical field: (15) 'PHY-IN-015' ...done
(PhyDLL:DL) ----> GET... Physical field: (16) 'PHY-IN-016' ...done
(PhyDLL:DL) ----> GET... Physical field: (17) 'PHY-IN-017' ...done
[PHYDLL:DL] Received frame 8 (has_meta=0, data_size=36000000)
[PHYDLL:DL] Frame 8 extracting data: total_input_size=36000000, batch=2000000, field/rank=100000, used/rank=18
[PHYDLL:DL] Frame 8 running inference
(PhyDLL:DL) ----> SET... DL field: (0) 'DL-OUT' ...done
(PhyDLL:DL) ----> SEND...>>>... DL fields ...done
(PhyDLL:PHY) ----> RECV...<<<... DL fields ...done
[PHYDLL:DL] sent output for frame 8
(PhyDLL:PHY) ----> GET... DL field: (0) 'DL-OUT' ...done
STEP_TIMING step=9 latency_ms=516.03 min_ms=515.86 avg_ms=515.96 total_samples=2000000 throughput_samples_sec=3875725
(PhyDLL:PHY) ----> SET... Physical field: (0) 'PHY-IN-000' ...done
(PhyDLL:PHY) ----> SET... Physical field: (1) 'PHY-IN-001' ...done
(PhyDLL:PHY) ----> SET... Physical field: (2) 'PHY-IN-002' ...done
(PhyDLL:PHY) ----> SET... Physical field: (3) 'PHY-IN-003' ...done
(PhyDLL:PHY) ----> SET... Physical field: (4) 'PHY-IN-004' ...done
(PhyDLL:PHY) ----> SET... Physical field: (5) 'PHY-IN-005' ...done
(PhyDLL:PHY) ----> SET... Physical field: (6) 'PHY-IN-006' ...done
(PhyDLL:PHY) ----> SET... Physical field: (7) 'PHY-IN-007' ...done
(PhyDLL:PHY) ----> SET... Physical field: (8) 'PHY-IN-008' ...done
(PhyDLL:PHY) ----> SET... Physical field: (9) 'PHY-IN-009' ...done
(PhyDLL:PHY) ----> SET... Physical field: (10) 'PHY-IN-010' ...done
(PhyDLL:PHY) ----> SET... Physical field: (11) 'PHY-IN-011' ...done
(PhyDLL:PHY) ----> SET... Physical field: (12) 'PHY-IN-012' ...done
(PhyDLL:PHY) ----> SET... Physical field: (13) 'PHY-IN-013' ...done
(PhyDLL:PHY) ----> SET... Physical field: (14) 'PHY-IN-014' ...done
(PhyDLL:PHY) ----> SET... Physical field: (15) 'PHY-IN-015' ...done
(PhyDLL:PHY) ----> SET... Physical field: (16) 'PHY-IN-016' ...done
(PhyDLL:PHY) ----> SET... Physical field: (17) 'PHY-IN-017' ...done
(PhyDLL:PHY) ----> ITE (PHY ITE) = 10 (10)
(PhyDLL:DL) ----> ITE (PHY ITE) = 10 (10)
[PHYDLL:DL] Waiting for frame 9
(PhyDLL:PHY) ----> SEND...>>>... Physical fields ...done
(PhyDLL:DL) ----> RECV...<<<... Physical fields ...done
(PhyDLL:DL) ----> GET... Physical field: (0) 'PHY-IN-000' ...done
(PhyDLL:DL) ----> GET... Physical field: (1) 'PHY-IN-001' ...done
(PhyDLL:DL) ----> GET... Physical field: (2) 'PHY-IN-002' ...done
(PhyDLL:DL) ----> GET... Physical field: (3) 'PHY-IN-003' ...done
(PhyDLL:DL) ----> GET... Physical field: (4) 'PHY-IN-004' ...done
(PhyDLL:DL) ----> GET... Physical field: (5) 'PHY-IN-005' ...done
(PhyDLL:DL) ----> GET... Physical field: (6) 'PHY-IN-006' ...done
(PhyDLL:DL) ----> GET... Physical field: (7) 'PHY-IN-007' ...done
(PhyDLL:DL) ----> GET... Physical field: (8) 'PHY-IN-008' ...done
(PhyDLL:DL) ----> GET... Physical field: (9) 'PHY-IN-009' ...done
(PhyDLL:DL) ----> GET... Physical field: (10) 'PHY-IN-010' ...done
(PhyDLL:DL) ----> GET... Physical field: (11) 'PHY-IN-011' ...done
(PhyDLL:DL) ----> GET... Physical field: (12) 'PHY-IN-012' ...done
(PhyDLL:DL) ----> GET... Physical field: (13) 'PHY-IN-013' ...done
(PhyDLL:DL) ----> GET... Physical field: (14) 'PHY-IN-014' ...done
(PhyDLL:DL) ----> GET... Physical field: (15) 'PHY-IN-015' ...done
(PhyDLL:DL) ----> GET... Physical field: (16) 'PHY-IN-016' ...done
(PhyDLL:DL) ----> GET... Physical field: (17) 'PHY-IN-017' ...done
[PHYDLL:DL] Received frame 9 (has_meta=0, data_size=36000000)
[PHYDLL:DL] Frame 9 extracting data: total_input_size=36000000, batch=2000000, field/rank=100000, used/rank=18
[PHYDLL:DL] Frame 9 running inference
(PhyDLL:DL) ----> SET... DL field: (0) 'DL-OUT' ...done
[PHYDLL:DL] sent output for frame 9
(PhyDLL:DL) ----> SEND...>>>... DL fields ...done
(PhyDLL:PHY) ----> RECV...<<<... DL fields ...done
(PhyDLL:PHY) ----> GET... DL field: (0) 'DL-OUT' ...done
STEP_TIMING step=10 latency_ms=514.77 min_ms=514.31 avg_ms=514.43 total_samples=2000000 throughput_samples_sec=3885249
(PhyDLL:PHY) ----> SET... Physical field: (0) 'PHY-IN-000' ...done
(PhyDLL:PHY) ----> SET... Physical field: (1) 'PHY-IN-001' ...done
(PhyDLL:PHY) ----> SET... Physical field: (2) 'PHY-IN-002' ...done
(PhyDLL:PHY) ----> SET... Physical field: (3) 'PHY-IN-003' ...done
(PhyDLL:PHY) ----> SET... Physical field: (4) 'PHY-IN-004' ...done
(PhyDLL:PHY) ----> SET... Physical field: (5) 'PHY-IN-005' ...done
(PhyDLL:PHY) ----> SET... Physical field: (6) 'PHY-IN-006' ...done
(PhyDLL:PHY) ----> SET... Physical field: (7) 'PHY-IN-007' ...done
(PhyDLL:PHY) ----> SET... Physical field: (8) 'PHY-IN-008' ...done
(PhyDLL:PHY) ----> SET... Physical field: (9) 'PHY-IN-009' ...done
(PhyDLL:PHY) ----> SET... Physical field: (10) 'PHY-IN-010' ...done
(PhyDLL:PHY) ----> SET... Physical field: (11) 'PHY-IN-011' ...done
(PhyDLL:PHY) ----> SET... Physical field: (12) 'PHY-IN-012' ...done
(PhyDLL:PHY) ----> SET... Physical field: (13) 'PHY-IN-013' ...done
(PhyDLL:PHY) ----> SET... Physical field: (14) 'PHY-IN-014' ...done
(PhyDLL:PHY) ----> SET... Physical field: (15) 'PHY-IN-015' ...done
(PhyDLL:PHY) ----> SET... Physical field: (16) 'PHY-IN-016' ...done
(PhyDLL:PHY) ----> SET... Physical field: (17) 'PHY-IN-017' ...done
(PhyDLL:PHY) ----> ITE (PHY ITE) = 11 (11)
(PhyDLL:DL) ----> ITE (PHY ITE) = 11 (11)
[PHYDLL:DL] Waiting for frame 10
(PhyDLL:PHY) ----> SEND...>>>... Physical fields ...done
(PhyDLL:DL) ----> RECV...<<<... Physical fields ...done
(PhyDLL:DL) ----> GET... Physical field: (0) 'PHY-IN-000' ...done
(PhyDLL:DL) ----> GET... Physical field: (1) 'PHY-IN-001' ...done
(PhyDLL:DL) ----> GET... Physical field: (2) 'PHY-IN-002' ...done
(PhyDLL:DL) ----> GET... Physical field: (3) 'PHY-IN-003' ...done
(PhyDLL:DL) ----> GET... Physical field: (4) 'PHY-IN-004' ...done
(PhyDLL:DL) ----> GET... Physical field: (5) 'PHY-IN-005' ...done
(PhyDLL:DL) ----> GET... Physical field: (6) 'PHY-IN-006' ...done
(PhyDLL:DL) ----> GET... Physical field: (7) 'PHY-IN-007' ...done
(PhyDLL:DL) ----> GET... Physical field: (8) 'PHY-IN-008' ...done
(PhyDLL:DL) ----> GET... Physical field: (9) 'PHY-IN-009' ...done
(PhyDLL:DL) ----> GET... Physical field: (10) 'PHY-IN-010' ...done
(PhyDLL:DL) ----> GET... Physical field: (11) 'PHY-IN-011' ...done
(PhyDLL:DL) ----> GET... Physical field: (12) 'PHY-IN-012' ...done
(PhyDLL:DL) ----> GET... Physical field: (13) 'PHY-IN-013' ...done
(PhyDLL:DL) ----> GET... Physical field: (14) 'PHY-IN-014' ...done
(PhyDLL:DL) ----> GET... Physical field: (15) 'PHY-IN-015' ...done
(PhyDLL:DL) ----> GET... Physical field: (16) 'PHY-IN-016' ...done
(PhyDLL:DL) ----> GET... Physical field: (17) 'PHY-IN-017' ...done
[PHYDLL:DL] Received frame 10 (has_meta=0, data_size=36000000)
[PHYDLL:DL] Frame 10 extracting data: total_input_size=36000000, batch=2000000, field/rank=100000, used/rank=18
[PHYDLL:DL] Frame 10 running inference
(PhyDLL:DL) ----> SET... DL field: (0) 'DL-OUT' ...done
(PhyDLL:DL) ----> SEND...>>>... DL fields ...done
[PHYDLL:DL] sent output for frame 10
(PhyDLL:PHY) ----> RECV...<<<... DL fields ...done
(PhyDLL:PHY) ----> GET... DL field: (0) 'DL-OUT' ...done
STEP_TIMING step=11 latency_ms=516.03 min_ms=515.56 avg_ms=515.79 total_samples=2000000 throughput_samples_sec=3875766
(PhyDLL:PHY) ----> SET... Physical field: (0) 'PHY-IN-000' ...done
(PhyDLL:PHY) ----> SET... Physical field: (1) 'PHY-IN-001' ...done
(PhyDLL:PHY) ----> SET... Physical field: (2) 'PHY-IN-002' ...done
(PhyDLL:PHY) ----> SET... Physical field: (3) 'PHY-IN-003' ...done
(PhyDLL:PHY) ----> SET... Physical field: (4) 'PHY-IN-004' ...done
(PhyDLL:PHY) ----> SET... Physical field: (5) 'PHY-IN-005' ...done
(PhyDLL:PHY) ----> SET... Physical field: (6) 'PHY-IN-006' ...done
(PhyDLL:PHY) ----> SET... Physical field: (7) 'PHY-IN-007' ...done
(PhyDLL:PHY) ----> SET... Physical field: (8) 'PHY-IN-008' ...done
(PhyDLL:PHY) ----> SET... Physical field: (9) 'PHY-IN-009' ...done
(PhyDLL:PHY) ----> SET... Physical field: (10) 'PHY-IN-010' ...done
(PhyDLL:PHY) ----> SET... Physical field: (11) 'PHY-IN-011' ...done
(PhyDLL:PHY) ----> SET... Physical field: (12) 'PHY-IN-012' ...done
(PhyDLL:PHY) ----> SET... Physical field: (13) 'PHY-IN-013' ...done
(PhyDLL:PHY) ----> SET... Physical field: (14) 'PHY-IN-014' ...done
(PhyDLL:PHY) ----> SET... Physical field: (15) 'PHY-IN-015' ...done
(PhyDLL:PHY) ----> SET... Physical field: (16) 'PHY-IN-016' ...done
(PhyDLL:PHY) ----> SET... Physical field: (17) 'PHY-IN-017' ...done
[PHYDLL:DL] Waiting for frame 11
(PhyDLL:PHY) ----> ITE (PHY ITE) = 12 (12)
(PhyDLL:DL) ----> ITE (PHY ITE) = 12 (12)
(PhyDLL:PHY) ----> SEND...>>>... Physical fields ...done
(PhyDLL:DL) ----> RECV...<<<... Physical fields ...done
(PhyDLL:DL) ----> GET... Physical field: (0) 'PHY-IN-000' ...done
(PhyDLL:DL) ----> GET... Physical field: (1) 'PHY-IN-001' ...done
(PhyDLL:DL) ----> GET... Physical field: (2) 'PHY-IN-002' ...done
(PhyDLL:DL) ----> GET... Physical field: (3) 'PHY-IN-003' ...done
(PhyDLL:DL) ----> GET... Physical field: (4) 'PHY-IN-004' ...done
(PhyDLL:DL) ----> GET... Physical field: (5) 'PHY-IN-005' ...done
(PhyDLL:DL) ----> GET... Physical field: (6) 'PHY-IN-006' ...done
(PhyDLL:DL) ----> GET... Physical field: (7) 'PHY-IN-007' ...done
(PhyDLL:DL) ----> GET... Physical field: (8) 'PHY-IN-008' ...done
(PhyDLL:DL) ----> GET... Physical field: (9) 'PHY-IN-009' ...done
(PhyDLL:DL) ----> GET... Physical field: (10) 'PHY-IN-010' ...done
(PhyDLL:DL) ----> GET... Physical field: (11) 'PHY-IN-011' ...done
(PhyDLL:DL) ----> GET... Physical field: (12) 'PHY-IN-012' ...done
(PhyDLL:DL) ----> GET... Physical field: (13) 'PHY-IN-013' ...done
(PhyDLL:DL) ----> GET... Physical field: (14) 'PHY-IN-014' ...done
(PhyDLL:DL) ----> GET... Physical field: (15) 'PHY-IN-015' ...done
(PhyDLL:DL) ----> GET... Physical field: (16) 'PHY-IN-016' ...done
(PhyDLL:DL) ----> GET... Physical field: (17) 'PHY-IN-017' ...done
[PHYDLL:DL] Received frame 11 (has_meta=0, data_size=36000000)
[PHYDLL:DL] Frame 11 extracting data: total_input_size=36000000, batch=2000000, field/rank=100000, used/rank=18
[PHYDLL:DL] Frame 11 running inference
(PhyDLL:DL) ----> SET... DL field: (0) 'DL-OUT' ...done
(PhyDLL:DL) ----> SEND...>>>... DL fields ...done
[PHYDLL:DL] sent output for frame 11
(PhyDLL:PHY) ----> RECV...<<<... DL fields ...done
(PhyDLL:PHY) ----> GET... DL field: (0) 'DL-OUT' ...done
STEP_TIMING step=12 latency_ms=516.34 min_ms=515.98 avg_ms=516.18 total_samples=2000000 throughput_samples_sec=3873443

=================================================================
=== Benchmark Summary (Steady-State Steps 3 to 12) ===
=================================================================
Steady Step Count:   10
Median Latency:      547.07 ms
Mean Latency:        540.27 ms
Min Latency:         514.77 ms
Max Latency:         570.35 ms
Median Throughput:   3655818 samples/sec
=================================================================
[PHYDLL:DL] exited main loop after 12 frames
(PhyDLL:PHY) ----> Finalize... ...done
(PhyDLL:DL) ----> Finalize... ...done
[PHYDLL:DL] waiting for solver teardown
[PHYDLL:DL] client exiting cleanly
=== Finished phydll_cpp (b=500000). Log: /rwthfs/rz/cluster/hpcwork/ro092286/smartsim/batch_memory_benchmark/logs/bench_phydll_cpp_b500000_3053715_phydll_cpp_b500000.log | Telemetry: /rwthfs/rz/cluster/hpcwork/ro092286/smartsim/batch_memory_benchmark/logs/bench_phydll_cpp_b500000_3053715_phydll_cpp_b500000_gpu_telemetry.csv ===

>>> Running Provider: phydll_cpp | Batch Size: 2000000 <<<
=================================================================
=== Running Case: phydll_cpp | Batch: 2000000 | ID: 3053715_phydll_cpp_b2000000 ===
=================================================================
=================================================================
=== CMI Batch & Memory Calibration Benchmark Harness          ===
=================================================================
Provider:           phydll
Config:             /rwthfs/rz/cluster/hpcwork/ro092286/smartsim/batch_memory_benchmark/configs/phydll_uniform.toml
Model Path:         /rwthfs/rz/cluster/hpcwork/ro092286/smartsim/batch_memory_benchmark/../mini_app/train_models/model_a/watercnn_cuda.pt
Solver Ranks:       20 (World size: 21)
Samples per Rank:   100000
Total Work/Step:    2000000 samples
Target Batch Size:  2000000
SmartSim Min Batch: 0 (timeout=0 ms)
Total Steps:        12 (Warmup: 2)
=================================================================

[PHYDLL:PHY] before phydll_init
[PHYDLL:PHY] before phydll_init
[PHYDLL:PHY] before phydll_init
[PHYDLL:PHY] before phydll_init
[PHYDLL:PHY] before phydll_init
[PHYDLL:PHY] before phydll_init
[PHYDLL:PHY] before phydll_init
[PHYDLL:PHY] before phydll_init
[PHYDLL:PHY] before phydll_init
[PHYDLL:PHY] before phydll_init
[PHYDLL:PHY] before phydll_init
[PHYDLL:PHY] before phydll_init
[PHYDLL:PHY] before phydll_init
[PHYDLL:PHY] before phydll_init
[PHYDLL:PHY] before phydll_init
[PHYDLL:PHY] before phydll_init
[PHYDLL:PHY] before phydll_init
[PHYDLL:PHY] before phydll_init
[PHYDLL:PHY] before phydll_init
[PHYDLL:PHY] before phydll_init
[PHYDLL:DL] client started argv0=/rwthfs/rz/cluster/hpcwork/ro092286/smartsim/batch_memory_benchmark/../CPP-ML-Interface/dl_clients/build-miniapp/phydll_dl_client dl_count=1 torch=on
[PHYDLL:DL] torch threads: intra=1, inter=96
[PHYDLL:DL] runtime before phydll_init
[PHYDLL:CORE] kernel_init split instance=physical gl_rank=9 gl_size=21 color=0 comm_rank=9 comm_size=20
[PHYDLL:CORE] phydll_init instance=physical kernel_init complete gl_rank=9 gl_size=21 comm_rank=9 comm_size=20
[PHYDLL:CORE] kernel_init split instance=physical gl_rank=4 gl_size=21 color=0 comm_rank=4 comm_size=20
[PHYDLL:CORE] phydll_init instance=physical kernel_init complete gl_rank=4 gl_size=21 comm_rank=4 comm_size=20
[PHYDLL:CORE] kernel_init split instance=physical gl_rank=11 gl_size=21 color=0 comm_rank=11 comm_size=20
[PHYDLL:CORE] phydll_init instance=physical kernel_init complete gl_rank=11 gl_size=21 comm_rank=11 comm_size=20
[PHYDLL:CORE] kernel_init split instance=physical gl_rank=0 gl_size=21 color=0 comm_rank=0 comm_size=20
[PHYDLL:CORE] phydll_init instance=physical kernel_init complete gl_rank=0 gl_size=21 comm_rank=0 comm_size=20
[PHYDLL:CORE] kernel_init split instance=physical gl_rank=10 gl_size=21 color=0 comm_rank=10 comm_size=20
[PHYDLL:CORE] phydll_init instance=physical kernel_init complete gl_rank=10 gl_size=21 comm_rank=10 comm_size=20
[PHYDLL:CORE] kernel_init split instance=physical gl_rank=16 gl_size=21 color=0 comm_rank=16 comm_size=20
[PHYDLL:CORE] phydll_init instance=physical kernel_init complete gl_rank=16 gl_size=21 comm_rank=16 comm_size=20
[PHYDLL:CORE] kernel_init split instance=physical gl_rank=7 gl_size=21 color=0 comm_rank=7 comm_size=20
[PHYDLL:CORE] phydll_init instance=physical kernel_init complete gl_rank=7 gl_size=21 comm_rank=7 comm_size=20
[PHYDLL:CORE] kernel_init split instance=physical gl_rank=3 gl_size=21 color=0 comm_rank=3 comm_size=20
[PHYDLL:CORE] phydll_init instance=physical kernel_init complete gl_rank=3 gl_size=21 comm_rank=3 comm_size=20
[PHYDLL:CORE] kernel_init split instance=dl gl_rank=20 gl_size=21 color=1 comm_rank=0 comm_size=1
[PHYDLL:CORE] phydll_init instance=dl kernel_init complete gl_rank=20 gl_size=21 comm_rank=0 comm_size=1
[PHYDLL:CORE] kernel_init split instance=physical gl_rank=13 gl_size=21 color=0 comm_rank=13 comm_size=20
[PHYDLL:CORE] phydll_init instance=physical kernel_init complete gl_rank=13 gl_size=21 comm_rank=13 comm_size=20
[PHYDLL:CORE] kernel_init split instance=physical gl_rank=8 gl_size=21 color=0 comm_rank=8 comm_size=20
[PHYDLL:CORE] phydll_init instance=physical kernel_init complete gl_rank=8 gl_size=21 comm_rank=8 comm_size=20
[PHYDLL:CORE] kernel_init split instance=physical gl_rank=5 gl_size=21 color=0 comm_rank=5 comm_size=20
[PHYDLL:CORE] phydll_init instance=physical kernel_init complete gl_rank=5 gl_size=21 comm_rank=5 comm_size=20
[PHYDLL:CORE] kernel_init split instance=physical gl_rank=17 gl_size=21 color=0 comm_rank=17 comm_size=20
[PHYDLL:CORE] phydll_init instance=physical kernel_init complete gl_rank=17 gl_size=21 comm_rank=17 comm_size=20
[PHYDLL:CORE] kernel_init split instance=physical gl_rank=1 gl_size=21 color=0 comm_rank=1 comm_size=20
[PHYDLL:CORE] phydll_init instance=physical kernel_init complete gl_rank=1 gl_size=21 comm_rank=1 comm_size=20
[PHYDLL:CORE] kernel_init split instance=physical gl_rank=15 gl_size=21 color=0 comm_rank=15 comm_size=20
[PHYDLL:CORE] phydll_init instance=physical kernel_init complete gl_rank=15 gl_size=21 comm_rank=15 comm_size=20
[PHYDLL:CORE] kernel_init split instance=physical gl_rank=12 gl_size=21 color=0 comm_rank=12 comm_size=20
[PHYDLL:CORE] phydll_init instance=physical kernel_init complete gl_rank=12 gl_size=21 comm_rank=12 comm_size=20
[PHYDLL:CORE] kernel_init split instance=physical gl_rank=14 gl_size=21 color=0 comm_rank=14 comm_size=20
[PHYDLL:CORE] phydll_init instance=physical kernel_init complete gl_rank=14 gl_size=21 comm_rank=14 comm_size=20
[PHYDLL:CORE] kernel_init split instance=physical gl_rank=2 gl_size=21 color=0 comm_rank=2 comm_size=20
[PHYDLL:CORE] phydll_init instance=physical kernel_init complete gl_rank=2 gl_size=21 comm_rank=2 comm_size=20
[PHYDLL:CORE] kernel_init split instance=physical gl_rank=6 gl_size=21 color=0 comm_rank=6 comm_size=20
[PHYDLL:CORE] phydll_init instance=physical kernel_init complete gl_rank=6 gl_size=21 comm_rank=6 comm_size=20
[PHYDLL:CORE] kernel_init split instance=physical gl_rank=19 gl_size=21 color=0 comm_rank=19 comm_size=20
[PHYDLL:CORE] phydll_init instance=physical kernel_init complete gl_rank=19 gl_size=21 comm_rank=19 comm_size=20
[PHYDLL:CORE] kernel_init split instance=physical gl_rank=18 gl_size=21 color=0 comm_rank=18 comm_size=20
[PHYDLL:CORE] phydll_init instance=physical kernel_init complete gl_rank=18 gl_size=21 comm_rank=18 comm_size=20
*******************************************************************************
************************** <<< Welcome to PhyDLL >>> **************************
*******************************************************************************
*******************************************************************************
************************** <<< Welcome to PhyDLL >>> **************************
*******************************************************************************
[PHYDLL:CORE] phydll_init instance=physical logfile complete
[PHYDLL:CORE] phydll_init instance=physical logfile complete
[PHYDLL:CORE] phydll_init instance=physical logfile complete
[PHYDLL:CORE] phydll_init instance=physical logfile complete
[PHYDLL:CORE] phydll_init instance=physical logfile complete
[PHYDLL:CORE] phydll_init instance=physical logfile complete
[PHYDLL:CORE] phydll_init instance=physical logfile complete
[PHYDLL:CORE] phydll_init instance=physical logfile complete
[PHYDLL:CORE] phydll_init instance=physical logfile complete
[PHYDLL:CORE] phydll_init instance=physical logfile complete
[PHYDLL:CORE] phydll_init instance=physical logfile complete
[PHYDLL:CORE] phydll_init instance=physical logfile complete
[PHYDLL:CORE] phydll_init instance=physical logfile complete
[PHYDLL:CORE] phydll_init instance=physical logfile complete
[PHYDLL:CORE] phydll_init instance=physical logfile complete
[PHYDLL:CORE] phydll_init instance=physical logfile complete
[PHYDLL:CORE] phydll_init instance=physical logfile complete
[PHYDLL:CORE] phydll_init instance=physical logfile complete
[PHYDLL:CORE] phydll_init instance=physical logfile complete
[PHYDLL:CORE] phydll_init instance=physical logfile complete
[PHYDLL:CORE] phydll_init instance=physical mapping complete ndest=1
[PHYDLL:PHY] after phydll_init
[PHYDLL:PHY] uniform_chunks layout: total_input=1800000 total_output=100000 gcd=100000 phy_count=18 dl_count=1
[PHYDLL:CORE] phydll_init instance=physical mapping complete ndest=1
[PHYDLL:PHY] after phydll_init
[PHYDLL:PHY] uniform_chunks layout: total_input=1800000 total_output=100000 gcd=100000 phy_count=18 dl_count=1
[PHYDLL:CORE] phydll_init instance=physical mapping complete ndest=1
[PHYDLL:PHY] after phydll_init[PHYDLL:CORE] phydll_init instance=physical mapping complete ndest=1
[PHYDLL:PHY] after phydll_init

[PHYDLL:CORE] phydll_init instance=physical mapping complete ndest=1
[PHYDLL:PHY] after phydll_init
[PHYDLL:CORE] phydll_init instance=physical mapping complete ndest=1
[PHYDLL:PHY] after phydll_init
[PHYDLL:CORE] phydll_init instance=physical mapping complete ndest=1
[PHYDLL:PHY] after phydll_init
[PHYDLL:PHY] uniform_chunks layout: total_input=1800000 total_output=100000 gcd=100000 phy_count=18 dl_count=1
[PHYDLL:PHY] uniform_chunks layout: total_input=1800000 total_output=100000 gcd=100000 phy_count=18 dl_count=1[PHYDLL:PHY] uniform_chunks layout: total_input=1800000 total_output=100000 gcd=100000 phy_count=18 dl_count=1
[PHYDLL:PHY] uniform_chunks layout: total_input=1800000 total_output=100000 gcd=100000 phy_count=18 dl_count=1
[PHYDLL:CORE] phydll_init instance=physical mapping complete ndest=1
[PHYDLL:PHY] after phydll_init

[PHYDLL:PHY] uniform_chunks layout: total_input=1800000 total_output=100000 gcd=100000 phy_count=18 dl_count=1
[PHYDLL:PHY] uniform_chunks layout: total_input=1800000 total_output=100000 gcd=100000 phy_count=18 dl_count=1[PHYDLL:CORE] phydll_init instance=physical mapping complete ndest=1
[PHYDLL:PHY] after phydll_init
[PHYDLL:PHY] uniform_chunks layout: total_input=[PHYDLL:CORE] phydll_init instance=physical mapping complete ndest=1
[PHYDLL:PHY] after phydll_init
[PHYDLL:CORE] phydll_init instance=physical mapping complete ndest=1
[PHYDLL:PHY] after phydll_init
[PHYDLL:CORE] phydll_init instance=physical mapping complete ndest=1
[PHYDLL:PHY] after phydll_init
[PHYDLL:CORE] phydll_init instance=physical mapping complete ndest=1
[PHYDLL:PHY] after phydll_init
1800000 total_output=100000 gcd=100000 phy_count=18 dl_count=1
[PHYDLL:CORE] phydll_init instance=physical mapping complete ndest=1
[PHYDLL:PHY] after phydll_init
[PHYDLL:CORE] phydll_init instance=physical mapping complete ndest=1
[PHYDLL:PHY] after phydll_init
[PHYDLL:CORE] phydll_init instance=physical mapping complete ndest=1
[PHYDLL:PHY] after phydll_init
[PHYDLL:CORE] phydll_init instance=physical mapping complete ndest=1
[PHYDLL:PHY] after phydll_init

[PHYDLL:CORE] phydll_init instance=physical mapping complete ndest=1
[PHYDLL:PHY] after phydll_init
[PHYDLL:CORE] phydll_init instance=physical mapping complete ndest=1
[PHYDLL:PHY] after phydll_init
[PHYDLL:CORE] phydll_init instance=physical mapping complete ndest=1
[PHYDLL:PHY] after phydll_init
[PHYDLL:PHY] uniform_chunks layout: total_input=1800000 total_output=100000 gcd=100000 phy_count=18[PHYDLL:PHY] uniform_chunks layout: total_input=1800000 total_output=100000 gcd=100000 phy_count=18 dl_count=1
[PHYDLL:PHY] uniform_chunks layout: total_input=1800000 total_output=100000 gcd=100000 phy_count=18 dl_count=1
 dl_count=1
[PHYDLL:PHY] uniform_chunks layout: total_input=1800000 total_output=100000 gcd=100000 phy_count=[PHYDLL:PHY] uniform_chunks layout: total_input=1800000 total_output=100000 gcd=100000 phy_count=18 dl_count=1
18 dl_count=1
[PHYDLL:PHY] uniform_chunks layout: total_input=1800000 total_output=100000 gcd=100000 phy_count=18 dl_count=1[PHYDLL:PHY] uniform_chunks layout: total_input=[PHYDLL:PHY] uniform_chunks layout: total_input=1800000 total_output=100000 gcd=100000 phy_count=18 dl_count=1
[PHYDLL:PHY] uniform_chunks layout: total_input=1800000 total_output=100000 gcd=100000 phy_count=18 dl_count=1
[PHYDLL:PHY] uniform_chunks layout: total_input=1800000 total_output=100000 gcd=100000 phy_count=18 dl_count=1
[PHYDLL:PHY] uniform_chunks layout: total_input=1800000 total_output=100000 gcd=100000 phy_count=18 dl_count=1

1800000 total_output=100000 gcd=100000 phy_count=18 dl_count=1
[PHYDLL:PHY] before phydll_define_phy count=18 field_size=100000
[PHYDLL:PHY] before phydll_define_phy count=18 field_size=100000
[PHYDLL:PHY] before phydll_define_phy count=18 field_size=100000
[PHYDLL:PHY] before phydll_define_phy count=18 field_size=100000
[PHYDLL:PHY] before phydll_define_phy count=18 field_size=100000
[PHYDLL:PHY] before phydll_define_phy count=18 field_size=100000
[PHYDLL:PHY] before phydll_define_phy count=18 field_size=100000
[PHYDLL:PHY] before phydll_define_phy count=18 field_size=100000
[PHYDLL:PHY] before phydll_define_phy count=18 field_size=100000
[PHYDLL:PHY] before phydll_define_phy count=18 field_size=100000
[PHYDLL:PHY] before phydll_define_phy count=18 field_size=100000
[PHYDLL:PHY] before phydll_define_phy count=18 field_size=100000
[PHYDLL:PHY] before phydll_define_phy count=18 field_size=100000
[PHYDLL:PHY] before phydll_define_phy count=18 field_size=100000
[PHYDLL:PHY] before phydll_define_phy count=18 field_size=100000
(PhyDLL) ----> OPTION: Coupling with loop = True
[PHYDLL:PHY] before phydll_define_phy count=18 field_size=100000
[PHYDLL:PHY] before phydll_define_phy count=18 field_size=100000
[PHYDLL:PHY] before phydll_define_phy count=18 field_size=100000
[PHYDLL:PHY] before phydll_define_phy count=18 field_size=100000
[PHYDLL:PHY] before phydll_define_phy count=18 field_size=100000
[PHYDLL:CORE] _kernel_alloc_fields begin gl_rank=6 phy_bcast_root=0 dl_bcast_root=20
[PHYDLL:CORE] _kernel_alloc_fields begin gl_rank=0 phy_bcast_root=0 dl_bcast_root=20
[PHYDLL:CORE] _kernel_alloc_fields begin gl_rank=4 phy_bcast_root=0 dl_bcast_root=20
[PHYDLL:CORE] _kernel_alloc_fields begin gl_rank=3 phy_bcast_root=0 dl_bcast_root=20
[PHYDLL:CORE] _kernel_alloc_fields begin gl_rank=7 phy_bcast_root=0 dl_bcast_root=20
[PHYDLL:CORE] _kernel_alloc_fields begin gl_rank=5 phy_bcast_root=0 dl_bcast_root=20
[PHYDLL:CORE] _kernel_alloc_fields begin gl_rank=12 phy_bcast_root=0 dl_bcast_root=20
[PHYDLL:CORE] _kernel_alloc_fields begin gl_rank=18 phy_bcast_root=0 dl_bcast_root=20
[PHYDLL:CORE] _kernel_alloc_fields begin gl_rank=10 phy_bcast_root=0 dl_bcast_root=20
[PHYDLL:CORE] _kernel_alloc_fields begin gl_rank=1 phy_bcast_root=0 dl_bcast_root=20
[PHYDLL:CORE] _kernel_alloc_fields begin gl_rank=14 phy_bcast_root=0 dl_bcast_root=20
[PHYDLL:CORE] _kernel_alloc_fields begin gl_rank=16 phy_bcast_root=0 dl_bcast_root=20
[PHYDLL:CORE] _kernel_alloc_fields begin gl_rank=13 phy_bcast_root=0 dl_bcast_root=20
[PHYDLL:CORE] _kernel_alloc_fields begin gl_rank=9 phy_bcast_root=0 dl_bcast_root=20
[PHYDLL:CORE] _kernel_alloc_fields begin gl_rank=11 phy_bcast_root=0 dl_bcast_root=20
[PHYDLL:CORE] _kernel_alloc_fields begin gl_rank=19 phy_bcast_root=0 dl_bcast_root=20
[PHYDLL:CORE] _kernel_alloc_fields begin gl_rank=8 phy_bcast_root=0 dl_bcast_root=20
[PHYDLL:CORE] _kernel_alloc_fields begin gl_rank=2 phy_bcast_root=0 dl_bcast_root=20
[PHYDLL:CORE] _kernel_alloc_fields begin gl_rank=15 phy_bcast_root=0 dl_bcast_root=20
[PHYDLL:CORE] _kernel_alloc_fields begin gl_rank=17 phy_bcast_root=0 dl_bcast_root=20
[PHYDLL:CORE] phydll_init instance=dl logfile complete
[PHYDLL:CORE] kernel_ds_mapping DL before allgather gl_rank=20 comm_rank=0 comm_size=1 ndest=20
[PHYDLL:CORE] kernel_ds_mapping DL complete gl_rank=20 ndest=20
[PHYDLL:CORE] phydll_init instance=dl mapping complete ndest=20
[PHYDLL:DL] runtime after phydll_init
[PHYDLL:DL] runtime before phydll_define_dl count=1
[PHYDLL:CORE] kernel_alloc_dl_fields before mesh broadcast gl_rank=20
[PHYDLL:CORE] kernel_alloc_dl_fields after mesh broadcast gl_rank=20
[PHYDLL:CORE] kernel_alloc_dl_fields after field-size exchange gl_rank=20
[PHYDLL:CORE] _kernel_agg_field_sizes ndest=20 gl_rank=20
[PHYDLL:CORE]   sizes_list[0]=100000 -> accum=100000
[PHYDLL:CORE]   sizes_list[1]=100000 -> accum=200000
[PHYDLL:CORE]   sizes_list[2]=100000 -> accum=300000
[PHYDLL:CORE]   sizes_list[3]=100000 -> accum=400000
[PHYDLL:CORE]   sizes_list[4]=100000 -> accum=500000
[PHYDLL:CORE]   sizes_list[5]=100000 -> accum=600000
[PHYDLL:CORE]   sizes_list[6]=100000 -> accum=700000
[PHYDLL:CORE]   sizes_list[7]=100000 -> accum=800000
[PHYDLL:CORE]   sizes_list[8]=100000 -> accum=900000
[PHYDLL:CORE]   sizes_list[9]=100000 -> accum=1000000
[PHYDLL:CORE]   sizes_list[10]=100000 -> accum=1100000
[PHYDLL:CORE]   sizes_list[11]=100000 -> accum=1200000
[PHYDLL:CORE]   sizes_list[12]=100000 -> accum=1300000
[PHYDLL:CORE]   sizes_list[13]=100000 -> accum=1400000
[PHYDLL:CORE]   sizes_list[14]=100000 -> accum=1500000
[PHYDLL:CORE]   sizes_list[15]=100000 -> accum=1600000
[PHYDLL:CORE]   sizes_list[16]=100000 -> accum=1700000
[PHYDLL:CORE]   sizes_list[17]=100000 -> accum=1800000
[PHYDLL:CORE]   sizes_list[18]=100000 -> accum=1900000
[PHYDLL:CORE]   sizes_list[19]=100000 -> accum=2000000
[PHYDLL:CORE] _kernel_alloc_fields begin gl_rank=20 phy_bcast_root=0 dl_bcast_root=20
[PHYDLL:CORE] _kernel_alloc_fields bcasts done gl_rank=4 phy_count=18 dl_count=1 size=100000
[PHYDLL:CORE] _kernel_alloc_fields field_t arrays alloc done gl_rank=4 phy_ptr=0x456c380 dl_ptr=0x46dff10
[PHYDLL:CORE]   allocating phy_field[0] size=100000 bytes=800000
[PHYDLL:CORE] _kernel_alloc_fields bcasts done gl_rank=13 phy_count=18 dl_count=1 size=100000
[PHYDLL:CORE] _kernel_alloc_fields field_t arrays alloc done gl_rank=13 phy_ptr=0x47110d0 dl_ptr=0x4295a20
[PHYDLL:CORE]   allocating phy_field[0] size=100000 bytes=800000
[PHYDLL:CORE] _kernel_alloc_fields bcasts done gl_rank=5 phy_count=18 dl_count=1 size=100000
[PHYDLL:CORE] _kernel_alloc_fields field_t arrays alloc done gl_rank=5 phy_ptr=0x46f5890 dl_ptr=0x437f740
[PHYDLL:CORE]   allocating phy_field[0] size=100000 bytes=800000
[PHYDLL:CORE] _kernel_alloc_fields bcasts done gl_rank=12 phy_count=18 dl_count=1 size=100000
[PHYDLL:CORE] _kernel_alloc_fields field_t arrays alloc done gl_rank=12 phy_ptr=0x437f010 dl_ptr=0x46198e0
[PHYDLL:CORE]   allocating phy_field[0] size=100000 bytes=800000
[PHYDLL:CORE] _kernel_alloc_fields bcasts done gl_rank=8 phy_count=18 dl_count=1 size=100000
[PHYDLL:CORE] _kernel_alloc_fields field_t arrays alloc done gl_rank=8 phy_ptr=0x470eb70 dl_ptr=0x437f8e0
[PHYDLL:CORE]   allocating phy_field[0] size=100000 bytes=800000
[PHYDLL:CORE] _kernel_alloc_fields bcasts done gl_rank=1 phy_count=18 dl_count=1 size=100000
[PHYDLL:CORE] _kernel_alloc_fields field_t arrays alloc done gl_rank=1 phy_ptr=0x437f010 dl_ptr=0x46198c0
[PHYDLL:CORE]   allocating phy_field[0] size=100000 bytes=800000
[PHYDLL:CORE] _kernel_alloc_fields bcasts done gl_rank=14 phy_count=18 dl_count=1 size=100000
[PHYDLL:CORE] _kernel_alloc_fields field_t arrays alloc done gl_rank=14 phy_ptr=0x46f8d60 dl_ptr=0x4380030
[PHYDLL:CORE]   allocating phy_field[0] size=100000 bytes=800000
[PHYDLL:CORE] _kernel_alloc_fields bcasts done gl_rank=16 phy_count=18 dl_count=1 size=100000
[PHYDLL:CORE] _kernel_alloc_fields field_t arrays alloc done gl_rank=16 phy_ptr=0x42956a0 dl_ptr=0x4619010
[PHYDLL:CORE]   allocating phy_field[0] size=100000 bytes=800000
[PHYDLL:CORE] _kernel_alloc_fields bcasts done gl_rank=7 phy_count=18 dl_count=1 size=100000
[PHYDLL:CORE] _kernel_alloc_fields field_t arrays alloc done gl_rank=7 phy_ptr=0x437f960 dl_ptr=0x4295b80
[PHYDLL:CORE]   allocating phy_field[0] size=100000 bytes=800000
[PHYDLL:CORE] _kernel_alloc_fields bcasts done gl_rank=20 phy_count=18 dl_count=1 size=2000000
[PHYDLL:CORE] _kernel_alloc_fields field_t arrays alloc done gl_rank=20 phy_ptr=0x44f1d90 dl_ptr=0x4429ef0
[PHYDLL:CORE]   allocating phy_field[0] size=2000000 bytes=16000000
[PHYDLL:CORE] _kernel_alloc_fields bcasts done gl_rank=18 phy_count=18 dl_count=1 size=100000
[PHYDLL:CORE] _kernel_alloc_fields field_t arrays alloc done gl_rank=18 phy_ptr=0x437f010 dl_ptr=0x46dfcd0
[PHYDLL:CORE]   allocating phy_field[0] size=100000 bytes=800000
[PHYDLL:CORE] _kernel_alloc_fields bcasts done gl_rank=2 phy_count=18 dl_count=1 size=100000
[PHYDLL:CORE] _kernel_alloc_fields field_t arrays alloc done gl_rank=2 phy_ptr=0x456c540 dl_ptr=0x4295bf0
[PHYDLL:CORE]   allocating phy_field[0] size=100000 bytes=800000
[PHYDLL:CORE] _kernel_alloc_fields bcasts done gl_rank=15 phy_count=18 dl_count=1 size=100000
[PHYDLL:CORE] _kernel_alloc_fields field_t arrays alloc done gl_rank=15 phy_ptr=0x40e7170 dl_ptr=0x4619c00
[PHYDLL:CORE]   allocating phy_field[0] size=100000 bytes=800000
[PHYDLL:CORE] _kernel_alloc_fields bcasts done gl_rank=6 phy_count=18 dl_count=1 size=100000
[PHYDLL:CORE] _kernel_alloc_fields field_t arrays alloc done gl_rank=6 phy_ptr=0x437f9a0 dl_ptr=0x4295620
[PHYDLL:CORE]   allocating phy_field[0] size=100000 bytes=800000
[PHYDLL:CORE] _kernel_alloc_fields bcasts done gl_rank=0 phy_count=18 dl_count=1 size=100000
[PHYDLL:CORE] _kernel_alloc_fields field_t arrays alloc done gl_rank=0 phy_ptr=0x43806a0 dl_ptr=0x4296010
[PHYDLL:CORE]   allocating phy_field[0] size=100000 bytes=800000
[PHYDLL:CORE] _kernel_alloc_fields bcasts done gl_rank=9 phy_count=18 dl_count=1 size=100000
[PHYDLL:CORE] _kernel_alloc_fields field_t arrays alloc done gl_rank=9 phy_ptr=0x47a56a0 dl_ptr=0x4619470
[PHYDLL:CORE]   allocating phy_field[0] size=100000 bytes=800000
[PHYDLL:CORE] _kernel_alloc_fields bcasts done gl_rank=17 phy_count=18 dl_count=1 size=100000
[PHYDLL:CORE] _kernel_alloc_fields field_t arrays alloc done gl_rank=17 phy_ptr=0x46b8110 dl_ptr=0x456c7c0
[PHYDLL:CORE]   allocating phy_field[0] size=100000 bytes=800000
[PHYDLL:CORE] _kernel_alloc_fields bcasts done gl_rank=11 phy_count=18 dl_count=1 size=100000
[PHYDLL:CORE] _kernel_alloc_fields field_t arrays alloc done gl_rank=11 phy_ptr=0x466b4c0 dl_ptr=0x4669370
[PHYDLL:CORE]   allocating phy_field[0] size=100000 bytes=800000
[PHYDLL:CORE] _kernel_alloc_fields bcasts done gl_rank=19 phy_count=18 dl_count=1 size=100000
[PHYDLL:CORE] _kernel_alloc_fields field_t arrays alloc done gl_rank=19 phy_ptr=0x4295010 dl_ptr=0x4619d90
[PHYDLL:CORE]   allocating phy_field[0] size=100000 bytes=800000
[PHYDLL:CORE] _kernel_alloc_fields bcasts done gl_rank=10 phy_count=18 dl_count=1 size=100000
[PHYDLL:CORE] _kernel_alloc_fields field_t arrays alloc done gl_rank=10 phy_ptr=0x46df6a0 dl_ptr=0x4532090
[PHYDLL:CORE]   allocating phy_field[0] size=100000 bytes=800000
[PHYDLL:CORE] _kernel_alloc_fields bcasts done gl_rank=3 phy_count=18 dl_count=1 size=100000
[PHYDLL:CORE] _kernel_alloc_fields field_t arrays alloc done gl_rank=3 phy_ptr=0x4753150 dl_ptr=0x4295b70
[PHYDLL:CORE]   allocating phy_field[0] size=100000 bytes=800000
[PHYDLL:CORE]   allocating phy_field[1] size=100000 bytes=800000
[PHYDLL:CORE]   allocating phy_field[1] size=100000 bytes=800000
[PHYDLL:CORE]   allocating phy_field[1] size=100000 bytes=800000
[PHYDLL:CORE]   allocating phy_field[1] size=100000 bytes=800000
[PHYDLL:CORE]   allocating phy_field[1] size=100000 bytes=800000
[PHYDLL:CORE]   allocating phy_field[1] size=100000 bytes=800000
[PHYDLL:CORE]   allocating phy_field[1] size=100000 bytes=800000
[PHYDLL:CORE]   allocating phy_field[1] size=100000 bytes=800000
[PHYDLL:CORE]   allocating phy_field[1] size=100000 bytes=800000
[PHYDLL:CORE]   allocating phy_field[1] size=100000 bytes=800000
[PHYDLL:CORE]   allocating phy_field[1] size=100000 bytes=800000
[PHYDLL:CORE]   allocating phy_field[1] size=100000 bytes=800000
[PHYDLL:CORE]   allocating phy_field[1] size=100000 bytes=800000
[PHYDLL:CORE]   allocating phy_field[1] size=100000 bytes=800000
[PHYDLL:CORE]   allocating phy_field[1] size=100000 bytes=800000
[PHYDLL:CORE]   allocating phy_field[1] size=100000 bytes=800000
[PHYDLL:CORE]   allocating phy_field[1] size=100000 bytes=800000
[PHYDLL:CORE]   allocating phy_field[1] size=100000 bytes=800000
[PHYDLL:CORE]   allocating phy_field[1] size=100000 bytes=800000
[PHYDLL:CORE]   allocating phy_field[1] size=100000 bytes=800000
[PHYDLL:CORE]   allocating phy_field[2] size=100000 bytes=800000
[PHYDLL:CORE]   allocating phy_field[2] size=100000 bytes=800000
[PHYDLL:CORE]   allocating phy_field[2] size=100000 bytes=800000
[PHYDLL:CORE]   allocating phy_field[2] size=100000 bytes=800000
[PHYDLL:CORE]   allocating phy_field[2] size=100000 bytes=800000
[PHYDLL:CORE]   allocating phy_field[2] size=100000 bytes=800000
[PHYDLL:CORE]   allocating phy_field[2] size=100000 bytes=800000
[PHYDLL:CORE]   allocating phy_field[2] size=100000 bytes=800000
[PHYDLL:CORE]   allocating phy_field[2] size=100000 bytes=800000
[PHYDLL:CORE]   allocating phy_field[2] size=100000 bytes=800000
[PHYDLL:CORE]   allocating phy_field[2] size=100000 bytes=800000
[PHYDLL:CORE]   allocating phy_field[2] size=100000 bytes=800000
[PHYDLL:CORE]   allocating phy_field[2] size=100000 bytes=800000
[PHYDLL:CORE]   allocating phy_field[2] size=100000 bytes=800000
[PHYDLL:CORE]   allocating phy_field[2] size=100000 bytes=800000
[PHYDLL:CORE]   allocating phy_field[2] size=100000 bytes=800000
[PHYDLL:CORE]   allocating phy_field[2] size=100000 bytes=800000
[PHYDLL:CORE]   allocating phy_field[2] size=100000 bytes=800000
[PHYDLL:CORE]   allocating phy_field[2] size=100000 bytes=800000
[PHYDLL:CORE]   allocating phy_field[2] size=100000 bytes=800000
[PHYDLL:CORE]   allocating phy_field[3] size=100000 bytes=800000
[PHYDLL:CORE]   allocating phy_field[3] size=100000 bytes=800000
[PHYDLL:CORE]   allocating phy_field[3] size=100000 bytes=800000
[PHYDLL:CORE]   allocating phy_field[3] size=100000 bytes=800000
[PHYDLL:CORE]   allocating phy_field[3] size=100000 bytes=800000
[PHYDLL:CORE]   allocating phy_field[3] size=100000 bytes=800000
[PHYDLL:CORE]   allocating phy_field[3] size=100000 bytes=800000
[PHYDLL:CORE]   allocating phy_field[3] size=100000 bytes=800000
[PHYDLL:CORE]   allocating phy_field[3] size=100000 bytes=800000
[PHYDLL:CORE]   allocating phy_field[3] size=100000 bytes=800000
[PHYDLL:CORE]   allocating phy_field[3] size=100000 bytes=800000
[PHYDLL:CORE]   allocating phy_field[3] size=100000 bytes=800000
[PHYDLL:CORE]   allocating phy_field[3] size=100000 bytes=800000
[PHYDLL:CORE]   allocating phy_field[3] size=100000 bytes=800000
[PHYDLL:CORE]   allocating phy_field[3] size=100000 bytes=800000
[PHYDLL:CORE]   allocating phy_field[3] size=100000 bytes=800000
[PHYDLL:CORE]   allocating phy_field[3] size=100000 bytes=800000
[PHYDLL:CORE]   allocating phy_field[3] size=100000 bytes=800000
[PHYDLL:CORE]   allocating phy_field[3] size=100000 bytes=800000
[PHYDLL:CORE]   allocating phy_field[3] size=100000 bytes=800000
[PHYDLL:CORE]   allocating phy_field[4] size=100000 bytes=800000
[PHYDLL:CORE]   allocating phy_field[4] size=100000 bytes=800000
[PHYDLL:CORE]   allocating phy_field[4] size=100000 bytes=800000
[PHYDLL:CORE]   allocating phy_field[4] size=100000 bytes=800000
[PHYDLL:CORE]   allocating phy_field[4] size=100000 bytes=800000
[PHYDLL:CORE]   allocating phy_field[4] size=100000 bytes=800000
[PHYDLL:CORE]   allocating phy_field[4] size=100000 bytes=800000
[PHYDLL:CORE]   allocating phy_field[4] size=100000 bytes=800000
[PHYDLL:CORE]   allocating phy_field[4] size=100000 bytes=800000
[PHYDLL:CORE]   allocating phy_field[4] size=100000 bytes=800000
[PHYDLL:CORE]   allocating phy_field[4] size=100000 bytes=800000
[PHYDLL:CORE]   allocating phy_field[4] size=100000 bytes=800000
[PHYDLL:CORE]   allocating phy_field[4] size=100000 bytes=800000
[PHYDLL:CORE]   allocating phy_field[4] size=100000 bytes=800000
[PHYDLL:CORE]   allocating phy_field[4] size=100000 bytes=800000
[PHYDLL:CORE]   allocating phy_field[4] size=100000 bytes=800000
[PHYDLL:CORE]   allocating phy_field[4] size=100000 bytes=800000
[PHYDLL:CORE]   allocating phy_field[4] size=100000 bytes=800000
[PHYDLL:CORE]   allocating phy_field[4] size=100000 bytes=800000
[PHYDLL:CORE]   allocating phy_field[4] size=100000 bytes=800000
[PHYDLL:CORE]   allocating phy_field[5] size=100000 bytes=800000
[PHYDLL:CORE]   allocating phy_field[5] size=100000 bytes=800000
[PHYDLL:CORE]   allocating phy_field[5] size=100000 bytes=800000
[PHYDLL:CORE]   allocating phy_field[5] size=100000 bytes=800000
[PHYDLL:CORE]   allocating phy_field[5] size=100000 bytes=800000
[PHYDLL:CORE]   allocating phy_field[5] size=100000 bytes=800000
[PHYDLL:CORE]   allocating phy_field[5] size=100000 bytes=800000
[PHYDLL:CORE]   allocating phy_field[5] size=100000 bytes=800000
[PHYDLL:CORE]   allocating phy_field[5] size=100000 bytes=800000
[PHYDLL:CORE]   allocating phy_field[5] size=100000 bytes=800000
[PHYDLL:CORE]   allocating phy_field[5] size=100000 bytes=800000
[PHYDLL:CORE]   allocating phy_field[5] size=100000 bytes=800000
[PHYDLL:CORE]   allocating phy_field[5] size=100000 bytes=800000
[PHYDLL:CORE]   allocating phy_field[5] size=100000 bytes=800000
[PHYDLL:CORE]   allocating phy_field[5] size=100000 bytes=800000
[PHYDLL:CORE]   allocating phy_field[5] size=100000 bytes=800000
[PHYDLL:CORE]   allocating phy_field[5] size=100000 bytes=800000
[PHYDLL:CORE]   allocating phy_field[5] size=100000 bytes=800000
[PHYDLL:CORE]   allocating phy_field[5] size=100000 bytes=800000
[PHYDLL:CORE]   allocating phy_field[5] size=100000 bytes=800000
[PHYDLL:CORE]   allocating phy_field[6] size=100000 bytes=800000
[PHYDLL:CORE]   allocating phy_field[6] size=100000 bytes=800000
[PHYDLL:CORE]   allocating phy_field[6] size=100000 bytes=800000
[PHYDLL:CORE]   allocating phy_field[6] size=100000 bytes=800000
[PHYDLL:CORE]   allocating phy_field[6] size=100000 bytes=800000
[PHYDLL:CORE]   allocating phy_field[6] size=100000 bytes=800000
[PHYDLL:CORE]   allocating phy_field[6] size=100000 bytes=800000
[PHYDLL:CORE]   allocating phy_field[6] size=100000 bytes=800000
[PHYDLL:CORE]   allocating phy_field[6] size=100000 bytes=800000
[PHYDLL:CORE]   allocating phy_field[6] size=100000 bytes=800000
[PHYDLL:CORE]   allocating phy_field[6] size=100000 bytes=800000
[PHYDLL:CORE]   allocating phy_field[6] size=100000 bytes=800000
[PHYDLL:CORE]   allocating phy_field[6] size=100000 bytes=800000
[PHYDLL:CORE]   allocating phy_field[6] size=100000 bytes=800000
[PHYDLL:CORE]   allocating phy_field[6] size=100000 bytes=800000
[PHYDLL:CORE]   allocating phy_field[6] size=100000 bytes=800000
[PHYDLL:CORE]   allocating phy_field[6] size=100000 bytes=800000
[PHYDLL:CORE]   allocating phy_field[6] size=100000 bytes=800000
[PHYDLL:CORE]   allocating phy_field[6] size=100000 bytes=800000
[PHYDLL:CORE]   allocating phy_field[6] size=100000 bytes=800000
[PHYDLL:CORE]   allocating phy_field[7] size=100000 bytes=800000
[PHYDLL:CORE]   allocating phy_field[7] size=100000 bytes=800000
[PHYDLL:CORE]   allocating phy_field[7] size=100000 bytes=800000
[PHYDLL:CORE]   allocating phy_field[7] size=100000 bytes=800000
[PHYDLL:CORE]   allocating phy_field[7] size=100000 bytes=800000
[PHYDLL:CORE]   allocating phy_field[7] size=100000 bytes=800000
[PHYDLL:CORE]   allocating phy_field[7] size=100000 bytes=800000
[PHYDLL:CORE]   allocating phy_field[7] size=100000 bytes=800000
[PHYDLL:CORE]   allocating phy_field[7] size=100000 bytes=800000
[PHYDLL:CORE]   allocating phy_field[7] size=100000 bytes=800000
[PHYDLL:CORE]   allocating phy_field[7] size=100000 bytes=800000
[PHYDLL:CORE]   allocating phy_field[7] size=100000 bytes=800000
[PHYDLL:CORE]   allocating phy_field[7] size=100000 bytes=800000
[PHYDLL:CORE]   allocating phy_field[7] size=100000 bytes=800000
[PHYDLL:CORE]   allocating phy_field[7] size=100000 bytes=800000
[PHYDLL:CORE]   allocating phy_field[7] size=100000 bytes=800000
[PHYDLL:CORE]   allocating phy_field[7] size=100000 bytes=800000
[PHYDLL:CORE]   allocating phy_field[7] size=100000 bytes=800000
[PHYDLL:CORE]   allocating phy_field[7] size=100000 bytes=800000
[PHYDLL:CORE]   allocating phy_field[7] size=100000 bytes=800000
[PHYDLL:CORE]   allocating phy_field[8] size=100000 bytes=800000
[PHYDLL:CORE]   allocating phy_field[8] size=100000 bytes=800000
[PHYDLL:CORE]   allocating phy_field[8] size=100000 bytes=800000
[PHYDLL:CORE]   allocating phy_field[8] size=100000 bytes=800000
[PHYDLL:CORE]   allocating phy_field[8] size=100000 bytes=800000
[PHYDLL:CORE]   allocating phy_field[8] size=100000 bytes=800000
[PHYDLL:CORE]   allocating phy_field[8] size=100000 bytes=800000
[PHYDLL:CORE]   allocating phy_field[8] size=100000 bytes=800000
[PHYDLL:CORE]   allocating phy_field[8] size=100000 bytes=800000
[PHYDLL:CORE]   allocating phy_field[8] size=100000 bytes=800000
[PHYDLL:CORE]   allocating phy_field[8] size=100000 bytes=800000
[PHYDLL:CORE]   allocating phy_field[8] size=100000 bytes=800000
[PHYDLL:CORE]   allocating phy_field[8] size=100000 bytes=800000
[PHYDLL:CORE]   allocating phy_field[8] size=100000 bytes=800000
[PHYDLL:CORE]   allocating phy_field[8] size=100000 bytes=800000
[PHYDLL:CORE]   allocating phy_field[8] size=100000 bytes=800000
[PHYDLL:CORE]   allocating phy_field[8] size=100000 bytes=800000
[PHYDLL:CORE]   allocating phy_field[8] size=100000 bytes=800000
[PHYDLL:CORE]   allocating phy_field[8] size=100000 bytes=800000
[PHYDLL:CORE]   allocating phy_field[8] size=100000 bytes=800000
[PHYDLL:CORE]   allocating phy_field[9] size=100000 bytes=800000
[PHYDLL:CORE]   allocating phy_field[9] size=100000 bytes=800000
[PHYDLL:CORE]   allocating phy_field[9] size=100000 bytes=800000
[PHYDLL:CORE]   allocating phy_field[9] size=100000 bytes=800000
[PHYDLL:CORE]   allocating phy_field[9] size=100000 bytes=800000
[PHYDLL:CORE]   allocating phy_field[9] size=100000 bytes=800000
[PHYDLL:CORE]   allocating phy_field[9] size=100000 bytes=800000
[PHYDLL:CORE]   allocating phy_field[9] size=100000 bytes=800000
[PHYDLL:CORE]   allocating phy_field[9] size=100000 bytes=800000
[PHYDLL:CORE]   allocating phy_field[9] size=100000 bytes=800000
[PHYDLL:CORE]   allocating phy_field[9] size=100000 bytes=800000
[PHYDLL:CORE]   allocating phy_field[9] size=100000 bytes=800000
[PHYDLL:CORE]   allocating phy_field[9] size=100000 bytes=800000
[PHYDLL:CORE]   allocating phy_field[9] size=100000 bytes=800000
[PHYDLL:CORE]   allocating phy_field[9] size=100000 bytes=800000
[PHYDLL:CORE]   allocating phy_field[9] size=100000 bytes=800000
[PHYDLL:CORE]   allocating phy_field[9] size=100000 bytes=800000
[PHYDLL:CORE]   allocating phy_field[9] size=100000 bytes=800000
[PHYDLL:CORE]   allocating phy_field[9] size=100000 bytes=800000
[PHYDLL:CORE]   allocating phy_field[10] size=100000 bytes=800000
[PHYDLL:CORE]   allocating phy_field[10] size=100000 bytes=800000
[PHYDLL:CORE]   allocating phy_field[10] size=100000 bytes=800000
[PHYDLL:CORE]   allocating phy_field[9] size=100000 bytes=800000
[PHYDLL:CORE]   allocating phy_field[10] size=100000 bytes=800000
[PHYDLL:CORE]   allocating phy_field[10] size=100000 bytes=800000
[PHYDLL:CORE]   allocating phy_field[10] size=100000 bytes=800000
[PHYDLL:CORE]   allocating phy_field[10] size=100000 bytes=800000
[PHYDLL:CORE]   allocating phy_field[10] size=100000 bytes=800000
[PHYDLL:CORE]   allocating phy_field[10] size=100000 bytes=800000
[PHYDLL:CORE]   allocating phy_field[10] size=100000 bytes=800000
[PHYDLL:CORE]   allocating phy_field[10] size=100000 bytes=800000
[PHYDLL:CORE]   allocating phy_field[10] size=100000 bytes=800000
[PHYDLL:CORE]   allocating phy_field[10] size=100000 bytes=800000
[PHYDLL:CORE]   allocating phy_field[10] size=100000 bytes=800000
[PHYDLL:CORE]   allocating phy_field[10] size=100000 bytes=800000
[PHYDLL:CORE]   allocating phy_field[10] size=100000 bytes=800000
[PHYDLL:CORE]   allocating phy_field[10] size=100000 bytes=800000
[PHYDLL:CORE]   allocating phy_field[10] size=100000 bytes=800000
[PHYDLL:CORE]   allocating phy_field[10] size=100000 bytes=800000
[PHYDLL:CORE]   allocating phy_field[1] size=2000000 bytes=16000000
[PHYDLL:CORE]   allocating phy_field[11] size=100000 bytes=800000
[PHYDLL:CORE]   allocating phy_field[11] size=100000 bytes=800000
[PHYDLL:CORE]   allocating phy_field[11] size=100000 bytes=800000
[PHYDLL:CORE]   allocating phy_field[11] size=100000 bytes=800000
[PHYDLL:CORE]   allocating phy_field[11] size=100000 bytes=800000
[PHYDLL:CORE]   allocating phy_field[11] size=100000 bytes=800000
[PHYDLL:CORE]   allocating phy_field[11] size=100000 bytes=800000
[PHYDLL:CORE]   allocating phy_field[10] size=100000 bytes=800000
[PHYDLL:CORE]   allocating phy_field[11] size=100000 bytes=800000
[PHYDLL:CORE]   allocating phy_field[11] size=100000 bytes=800000
[PHYDLL:CORE]   allocating phy_field[11] size=100000 bytes=800000
[PHYDLL:CORE]   allocating phy_field[11] size=100000 bytes=800000
[PHYDLL:CORE]   allocating phy_field[11] size=100000 bytes=800000
[PHYDLL:CORE]   allocating phy_field[11] size=100000 bytes=800000
[PHYDLL:CORE]   allocating phy_field[11] size=100000 bytes=800000
[PHYDLL:CORE]   allocating phy_field[11] size=100000 bytes=800000
[PHYDLL:CORE]   allocating phy_field[11] size=100000 bytes=800000
[PHYDLL:CORE]   allocating phy_field[11] size=100000 bytes=800000
[PHYDLL:CORE]   allocating phy_field[11] size=100000 bytes=800000
[PHYDLL:CORE]   allocating phy_field[11] size=100000 bytes=800000
[PHYDLL:CORE]   allocating phy_field[12] size=100000 bytes=800000
[PHYDLL:CORE]   allocating phy_field[12] size=100000 bytes=800000
[PHYDLL:CORE]   allocating phy_field[12] size=100000 bytes=800000
[PHYDLL:CORE]   allocating phy_field[12] size=100000 bytes=800000
[PHYDLL:CORE]   allocating phy_field[12] size=100000 bytes=800000
[PHYDLL:CORE]   allocating phy_field[12] size=100000 bytes=800000
[PHYDLL:CORE]   allocating phy_field[12] size=100000 bytes=800000
[PHYDLL:CORE]   allocating phy_field[12] size=100000 bytes=800000
[PHYDLL:CORE]   allocating phy_field[12] size=100000 bytes=800000
[PHYDLL:CORE]   allocating phy_field[12] size=100000 bytes=800000
[PHYDLL:CORE]   allocating phy_field[12] size=100000 bytes=800000
[PHYDLL:CORE]   allocating phy_field[11] size=100000 bytes=800000
[PHYDLL:CORE]   allocating phy_field[12] size=100000 bytes=800000
[PHYDLL:CORE]   allocating phy_field[12] size=100000 bytes=800000
[PHYDLL:CORE]   allocating phy_field[12] size=100000 bytes=800000
[PHYDLL:CORE]   allocating phy_field[12] size=100000 bytes=800000
[PHYDLL:CORE]   allocating phy_field[12] size=100000 bytes=800000
[PHYDLL:CORE]   allocating phy_field[12] size=100000 bytes=800000
[PHYDLL:CORE]   allocating phy_field[12] size=100000 bytes=800000
[PHYDLL:CORE]   allocating phy_field[12] size=100000 bytes=800000
[PHYDLL:CORE]   allocating phy_field[13] size=100000 bytes=800000
[PHYDLL:CORE]   allocating phy_field[13] size=100000 bytes=800000
[PHYDLL:CORE]   allocating phy_field[13] size=100000 bytes=800000
[PHYDLL:CORE]   allocating phy_field[13] size=100000 bytes=800000
[PHYDLL:CORE]   allocating phy_field[13] size=100000 bytes=800000
[PHYDLL:CORE]   allocating phy_field[13] size=100000 bytes=800000
[PHYDLL:CORE]   allocating phy_field[13] size=100000 bytes=800000
[PHYDLL:CORE]   allocating phy_field[13] size=100000 bytes=800000
[PHYDLL:CORE]   allocating phy_field[13] size=100000 bytes=800000
[PHYDLL:CORE]   allocating phy_field[13] size=100000 bytes=800000
[PHYDLL:CORE]   allocating phy_field[13] size=100000 bytes=800000
[PHYDLL:CORE]   allocating phy_field[12] size=100000 bytes=800000
[PHYDLL:CORE]   allocating phy_field[13] size=100000 bytes=800000
[PHYDLL:CORE]   allocating phy_field[13] size=100000 bytes=800000
[PHYDLL:CORE]   allocating phy_field[13] size=100000 bytes=800000
[PHYDLL:CORE]   allocating phy_field[13] size=100000 bytes=800000
[PHYDLL:CORE]   allocating phy_field[13] size=100000 bytes=800000
[PHYDLL:CORE]   allocating phy_field[13] size=100000 bytes=800000
[PHYDLL:CORE]   allocating phy_field[13] size=100000 bytes=800000
[PHYDLL:CORE]   allocating phy_field[13] size=100000 bytes=800000
[PHYDLL:CORE]   allocating phy_field[14] size=100000 bytes=800000
[PHYDLL:CORE]   allocating phy_field[14] size=100000 bytes=800000
[PHYDLL:CORE]   allocating phy_field[14] size=100000 bytes=800000
[PHYDLL:CORE]   allocating phy_field[14] size=100000 bytes=800000
[PHYDLL:CORE]   allocating phy_field[14] size=100000 bytes=800000
[PHYDLL:CORE]   allocating phy_field[14] size=100000 bytes=800000
[PHYDLL:CORE]   allocating phy_field[14] size=100000 bytes=800000
[PHYDLL:CORE]   allocating phy_field[14] size=100000 bytes=800000
[PHYDLL:CORE]   allocating phy_field[13] size=100000 bytes=800000
[PHYDLL:CORE]   allocating phy_field[14] size=100000 bytes=800000
[PHYDLL:CORE]   allocating phy_field[14] size=100000 bytes=800000
[PHYDLL:CORE]   allocating phy_field[14] size=100000 bytes=800000
[PHYDLL:CORE]   allocating phy_field[14] size=100000 bytes=800000
[PHYDLL:CORE]   allocating phy_field[14] size=100000 bytes=800000
[PHYDLL:CORE]   allocating phy_field[14] size=100000 bytes=800000
[PHYDLL:CORE]   allocating phy_field[14] size=100000 bytes=800000
[PHYDLL:CORE]   allocating phy_field[14] size=100000 bytes=800000
[PHYDLL:CORE]   allocating phy_field[14] size=100000 bytes=800000
[PHYDLL:CORE]   allocating phy_field[14] size=100000 bytes=800000
[PHYDLL:CORE]   allocating phy_field[14] size=100000 bytes=800000
[PHYDLL:CORE]   allocating phy_field[15] size=100000 bytes=800000
[PHYDLL:CORE]   allocating phy_field[15] size=100000 bytes=800000
[PHYDLL:CORE]   allocating phy_field[15] size=100000 bytes=800000
[PHYDLL:CORE]   allocating phy_field[15] size=100000 bytes=800000
[PHYDLL:CORE]   allocating phy_field[15] size=100000 bytes=800000
[PHYDLL:CORE]   allocating phy_field[14] size=100000 bytes=800000
[PHYDLL:CORE]   allocating phy_field[15] size=100000 bytes=800000
[PHYDLL:CORE]   allocating phy_field[15] size=100000 bytes=800000
[PHYDLL:CORE]   allocating phy_field[15] size=100000 bytes=800000
[PHYDLL:CORE]   allocating phy_field[15] size=100000 bytes=800000
[PHYDLL:CORE]   allocating phy_field[15] size=100000 bytes=800000
[PHYDLL:CORE]   allocating phy_field[15] size=100000 bytes=800000
[PHYDLL:CORE]   allocating phy_field[15] size=100000 bytes=800000
[PHYDLL:CORE]   allocating phy_field[15] size=100000 bytes=800000
[PHYDLL:CORE]   allocating phy_field[15] size=100000 bytes=800000
[PHYDLL:CORE]   allocating phy_field[15] size=100000 bytes=800000
[PHYDLL:CORE]   allocating phy_field[15] size=100000 bytes=800000
[PHYDLL:CORE]   allocating phy_field[15] size=100000 bytes=800000
[PHYDLL:CORE]   allocating phy_field[15] size=100000 bytes=800000
[PHYDLL:CORE]   allocating phy_field[15] size=100000 bytes=800000
[PHYDLL:CORE]   allocating phy_field[16] size=100000 bytes=800000
[PHYDLL:CORE]   allocating phy_field[16] size=100000 bytes=800000
[PHYDLL:CORE]   allocating phy_field[16] size=100000 bytes=800000
[PHYDLL:CORE]   allocating phy_field[16] size=100000 bytes=800000
[PHYDLL:CORE]   allocating phy_field[16] size=100000 bytes=800000
[PHYDLL:CORE]   allocating phy_field[16] size=100000 bytes=800000
[PHYDLL:CORE]   allocating phy_field[15] size=100000 bytes=800000
[PHYDLL:CORE]   allocating phy_field[16] size=100000 bytes=800000
[PHYDLL:CORE]   allocating phy_field[16] size=100000 bytes=800000
[PHYDLL:CORE]   allocating phy_field[16] size=100000 bytes=800000
[PHYDLL:CORE]   allocating phy_field[16] size=100000 bytes=800000
[PHYDLL:CORE]   allocating phy_field[16] size=100000 bytes=800000
[PHYDLL:CORE]   allocating phy_field[16] size=100000 bytes=800000
[PHYDLL:CORE]   allocating phy_field[16] size=100000 bytes=800000
[PHYDLL:CORE]   allocating phy_field[16] size=100000 bytes=800000
[PHYDLL:CORE]   allocating phy_field[16] size=100000 bytes=800000
[PHYDLL:CORE]   allocating phy_field[16] size=100000 bytes=800000
[PHYDLL:CORE]   allocating phy_field[16] size=100000 bytes=800000
[PHYDLL:CORE]   allocating phy_field[16] size=100000 bytes=800000
[PHYDLL:CORE]   allocating phy_field[16] size=100000 bytes=800000
[PHYDLL:CORE]   allocating phy_field[17] size=100000 bytes=800000
[PHYDLL:CORE]   allocating phy_field[17] size=100000 bytes=800000
[PHYDLL:CORE]   allocating phy_field[17] size=100000 bytes=800000
[PHYDLL:CORE]   allocating phy_field[17] size=100000 bytes=800000
[PHYDLL:CORE]   allocating phy_field[17] size=100000 bytes=800000
[PHYDLL:CORE]   allocating phy_field[16] size=100000 bytes=800000
[PHYDLL:CORE]   allocating phy_field[17] size=100000 bytes=800000
[PHYDLL:CORE]   allocating phy_field[17] size=100000 bytes=800000
[PHYDLL:CORE]   allocating phy_field[17] size=100000 bytes=800000
[PHYDLL:CORE]   allocating phy_field[17] size=100000 bytes=800000
[PHYDLL:CORE]   allocating phy_field[17] size=100000 bytes=800000
[PHYDLL:CORE]   allocating phy_field[17] size=100000 bytes=800000
[PHYDLL:CORE]   allocating phy_field[17] size=100000 bytes=800000
[PHYDLL:CORE]   allocating phy_field[17] size=100000 bytes=800000
[PHYDLL:CORE]   allocating phy_field[17] size=100000 bytes=800000
[PHYDLL:CORE]   allocating phy_field[17] size=100000 bytes=800000
[PHYDLL:CORE]   allocating phy_field[17] size=100000 bytes=800000
[PHYDLL:CORE]   allocating phy_field[17] size=100000 bytes=800000
[PHYDLL:CORE]   allocating phy_field[17] size=100000 bytes=800000
[PHYDLL:CORE]   allocating phy_field[17] size=100000 bytes=800000
[PHYDLL:CORE]   allocating dl_field[0] size=100000 bytes=800000
[PHYDLL:CORE]   allocating dl_field[0] size=100000 bytes=800000
[PHYDLL:CORE]   allocating dl_field[0] size=100000 bytes=800000
[PHYDLL:CORE]   allocating dl_field[0] size=100000 bytes=800000
[PHYDLL:CORE]   allocating dl_field[0] size=100000 bytes=800000
[PHYDLL:CORE]   allocating dl_field[0] size=100000 bytes=800000
[PHYDLL:CORE]   allocating dl_field[0] size=100000 bytes=800000
[PHYDLL:CORE]   allocating phy_field[17] size=100000 bytes=800000
[PHYDLL:CORE]   allocating dl_field[0] size=100000 bytes=800000
[PHYDLL:CORE]   allocating dl_field[0] size=100000 bytes=800000
[PHYDLL:CORE]   allocating dl_field[0] size=100000 bytes=800000
[PHYDLL:CORE]   allocating dl_field[0] size=100000 bytes=800000
[PHYDLL:CORE]   allocating dl_field[0] size=100000 bytes=800000
[PHYDLL:CORE]   allocating dl_field[0] size=100000 bytes=800000
[PHYDLL:CORE]   allocating dl_field[0] size=100000 bytes=800000
[PHYDLL:CORE]   allocating dl_field[0] size=100000 bytes=800000
[PHYDLL:CORE]   allocating dl_field[0] size=100000 bytes=800000
[PHYDLL:CORE]   allocating dl_field[0] size=100000 bytes=800000
[PHYDLL:CORE]   allocating dl_field[0] size=100000 bytes=800000
[PHYDLL:CORE]   allocating dl_field[0] size=100000 bytes=800000
[PHYDLL:CORE] _kernel_alloc_fields complete gl_rank=14
[PHYDLL:CORE] _kernel_alloc_fields complete gl_rank=12
[PHYDLL:PHY] after phydll_define_phy
[PHYDLL:CORE] _kernel_alloc_fields complete gl_rank=6
[PHYDLL:PHY] after phydll_define_phy
[PHYDLL:CORE] _kernel_alloc_fields complete gl_rank=2
[PHYDLL:PHY] after phydll_define_phy
[PHYDLL:PHY] after phydll_define_phy
[PHYDLL:CORE] _kernel_alloc_fields complete gl_rank=0
[PHYDLL:PHY] after phydll_define_phy[PHYDLL:CORE] _kernel_alloc_fields complete gl_rank=19
[PHYDLL:PHY] after phydll_define_phy

[PHYDLL:PHY] Rank 0 starting metadata handshake. Synchronizing with DL side...
[PHYDLL:PHY] Handshake synchronization complete.
[PHYDLL:CORE] _kernel_alloc_fields complete gl_rank=16
[PHYDLL:PHY] after phydll_define_phy
[PHYDLL:CORE] _kernel_alloc_fields complete gl_rank=10
[PHYDLL:CORE]   allocating dl_field[0] size=100000 bytes=800000
[PHYDLL:PHY] after phydll_define_phy[PHYDLL:CORE] _kernel_alloc_fields complete gl_rank=8
[PHYDLL:PHY] after phydll_define_phy

[PHYDLL:CORE] _kernel_alloc_fields complete gl_rank=3
[PHYDLL:PHY] after phydll_define_phy
[PHYDLL:CORE] _kernel_alloc_fields complete gl_rank=18
[PHYDLL:PHY] after phydll_define_phy
[PHYDLL:CORE] _kernel_alloc_fields complete gl_rank=7
[PHYDLL:PHY] after phydll_define_phy
[PHYDLL:CORE] _kernel_alloc_fields complete gl_rank=9
[PHYDLL:PHY] after phydll_define_phy
[PHYDLL:CORE] _kernel_alloc_fields complete gl_rank=11
[PHYDLL:PHY] after phydll_define_phy
[PHYDLL:CORE] _kernel_alloc_fields complete gl_rank=5
[PHYDLL:PHY] after phydll_define_phy
[PHYDLL:CORE] _kernel_alloc_fields complete gl_rank=4
[PHYDLL:PHY] after phydll_define_phy
[PHYDLL:CORE] _kernel_alloc_fields complete gl_rank=13
[PHYDLL:PHY] after phydll_define_phy[PHYDLL:CORE] _kernel_alloc_fields complete gl_rank=1
[PHYDLL:PHY] after phydll_define_phy
[PHYDLL:CORE] _kernel_alloc_fields complete gl_rank=17

[PHYDLL:PHY] after phydll_define_phy
[PHYDLL:CORE] _kernel_alloc_fields complete gl_rank=15
[PHYDLL:PHY] after phydll_define_phy
[PHYDLL:CORE]   allocating phy_field[2] size=2000000 bytes=16000000
CMI initialized successfully. Starting benchmark steps...

[PHYDLL:CORE]   allocating phy_field[3] size=2000000 bytes=16000000
[PHYDLL:CORE]   allocating phy_field[4] size=2000000 bytes=16000000
[PHYDLL:CORE]   allocating phy_field[5] size=2000000 bytes=16000000
[PHYDLL:CORE]   allocating phy_field[6] size=2000000 bytes=16000000
[PHYDLL:CORE]   allocating phy_field[7] size=2000000 bytes=16000000
[PHYDLL:CORE]   allocating phy_field[8] size=2000000 bytes=16000000
[PHYDLL:CORE]   allocating phy_field[9] size=2000000 bytes=16000000
[PHYDLL:CORE]   allocating phy_field[10] size=2000000 bytes=16000000
[PHYDLL:CORE]   allocating phy_field[11] size=2000000 bytes=16000000
[PHYDLL:CORE]   allocating phy_field[12] size=2000000 bytes=16000000
[PHYDLL:CORE]   allocating phy_field[13] size=2000000 bytes=16000000
[PHYDLL:CORE]   allocating phy_field[14] size=2000000 bytes=16000000
[PHYDLL:CORE]   allocating phy_field[15] size=2000000 bytes=16000000
[PHYDLL:CORE]   allocating phy_field[16] size=2000000 bytes=16000000
[PHYDLL:CORE]   allocating phy_field[17] size=2000000 bytes=16000000
[PHYDLL:CORE]   allocating dl_field[0] size=2000000 bytes=16000000
[PHYDLL:CORE] _kernel_alloc_fields complete gl_rank=20
[PHYDLL:DL] runtime after phydll_define_dl
[PHYDLL:DL] getting ndest
[PHYDLL:DL] ndest=20, dests=0x453c190
[PHYDLL:DL] receiving metadata from dests[0] = 0
[PHYDLL:DL] MPI_Recv header from source_rank=0
[PHYDLL:DL] MPI_Recv header from source_rank=0 DONE (magic=4d4c434d)
[PHYDLL:DL] Allocating payload size 165
[PHYDLL:DL] MPI_Recv payload from source_rank=0
[PHYDLL:DL] MPI_Recv payload from source_rank=0 DONE
[PHYDLL:DL] receiving metadata from dests[1] = 1
[PHYDLL:DL] MPI_Recv header from source_rank=1
[PHYDLL:DL] MPI_Recv header from source_rank=1 DONE (magic=4d4c434d)
[PHYDLL:DL] Allocating payload size 165
[PHYDLL:DL] MPI_Recv payload from source_rank=1
[PHYDLL:DL] MPI_Recv payload from source_rank=1 DONE
[PHYDLL:DL] receiving metadata from dests[2] = 2
[PHYDLL:DL] MPI_Recv header from source_rank=2
[PHYDLL:DL] MPI_Recv header from source_rank=2 DONE (magic=4d4c434d)
[PHYDLL:DL] Allocating payload size 165
[PHYDLL:DL] MPI_Recv payload from source_rank=2
[PHYDLL:DL] MPI_Recv payload from source_rank=2 DONE
[PHYDLL:DL] receiving metadata from dests[3] = 3
[PHYDLL:DL] MPI_Recv header from source_rank=3
[PHYDLL:DL] MPI_Recv header from source_rank=3 DONE (magic=4d4c434d)
[PHYDLL:DL] Allocating payload size 165
[PHYDLL:DL] MPI_Recv payload from source_rank=3
[PHYDLL:DL] MPI_Recv payload from source_rank=3 DONE
[PHYDLL:DL] receiving metadata from dests[4] = 4
[PHYDLL:DL] MPI_Recv header from source_rank=4
[PHYDLL:DL] MPI_Recv header from source_rank=4 DONE (magic=4d4c434d)
[PHYDLL:DL] Allocating payload size 165
[PHYDLL:DL] MPI_Recv payload from source_rank=4
[PHYDLL:DL] MPI_Recv payload from source_rank=4 DONE
[PHYDLL:DL] receiving metadata from dests[5] = 5
[PHYDLL:DL] MPI_Recv header from source_rank=5
[PHYDLL:DL] MPI_Recv header from source_rank=5 DONE (magic=4d4c434d)
[PHYDLL:DL] Allocating payload size 165
[PHYDLL:DL] MPI_Recv payload from source_rank=5
[PHYDLL:DL] MPI_Recv payload from source_rank=5 DONE
[PHYDLL:DL] receiving metadata from dests[6] = 6
[PHYDLL:DL] MPI_Recv header from source_rank=6
[PHYDLL:DL] MPI_Recv header from source_rank=6 DONE (magic=4d4c434d)
[PHYDLL:DL] Allocating payload size 165
[PHYDLL:DL] MPI_Recv payload from source_rank=6
[PHYDLL:DL] MPI_Recv payload from source_rank=6 DONE
[PHYDLL:DL] receiving metadata from dests[7] = 7
[PHYDLL:DL] MPI_Recv header from source_rank=7
[PHYDLL:DL] MPI_Recv header from source_rank=7 DONE (magic=4d4c434d)
[PHYDLL:DL] Allocating payload size 165
[PHYDLL:DL] MPI_Recv payload from source_rank=7
[PHYDLL:DL] MPI_Recv payload from source_rank=7 DONE
[PHYDLL:DL] receiving metadata from dests[8] = 8
[PHYDLL:DL] MPI_Recv header from source_rank=8
[PHYDLL:DL] MPI_Recv header from source_rank=8 DONE (magic=4d4c434d)
[PHYDLL:DL] Allocating payload size 165
[PHYDLL:DL] MPI_Recv payload from source_rank=8
[PHYDLL:DL] MPI_Recv payload from source_rank=8 DONE
[PHYDLL:DL] receiving metadata from dests[9] = 9
[PHYDLL:DL] MPI_Recv header from source_rank=9
[PHYDLL:DL] MPI_Recv header from source_rank=9 DONE (magic=4d4c434d)
[PHYDLL:DL] Allocating payload size 165
[PHYDLL:DL] MPI_Recv payload from source_rank=9
[PHYDLL:DL] MPI_Recv payload from source_rank=9 DONE
[PHYDLL:DL] receiving metadata from dests[10] = 10
[PHYDLL:DL] MPI_Recv header from source_rank=10
[PHYDLL:DL] MPI_Recv header from source_rank=10 DONE (magic=4d4c434d)
[PHYDLL:DL] Allocating payload size 165
[PHYDLL:DL] MPI_Recv payload from source_rank=10
[PHYDLL:DL] MPI_Recv payload from source_rank=10 DONE
[PHYDLL:DL] receiving metadata from dests[11] = 11
[PHYDLL:DL] MPI_Recv header from source_rank=11
[PHYDLL:DL] MPI_Recv header from source_rank=11 DONE (magic=4d4c434d)
[PHYDLL:DL] Allocating payload size 165
[PHYDLL:DL] MPI_Recv payload from source_rank=11
[PHYDLL:DL] MPI_Recv payload from source_rank=11 DONE
[PHYDLL:DL] receiving metadata from dests[12] = 12
[PHYDLL:DL] MPI_Recv header from source_rank=12
[PHYDLL:DL] MPI_Recv header from source_rank=12 DONE (magic=4d4c434d)
[PHYDLL:DL] Allocating payload size 165
[PHYDLL:DL] MPI_Recv payload from source_rank=12
[PHYDLL:DL] MPI_Recv payload from source_rank=12 DONE
[PHYDLL:DL] receiving metadata from dests[13] = 13
[PHYDLL:DL] MPI_Recv header from source_rank=13
[PHYDLL:DL] MPI_Recv header from source_rank=13 DONE (magic=4d4c434d)
[PHYDLL:DL] Allocating payload size 165
[PHYDLL:DL] MPI_Recv payload from source_rank=13
[PHYDLL:DL] MPI_Recv payload from source_rank=13 DONE
[PHYDLL:DL] receiving metadata from dests[14] = 14
[PHYDLL:DL] MPI_Recv header from source_rank=14
[PHYDLL:DL] MPI_Recv header from source_rank=14 DONE (magic=4d4c434d)
[PHYDLL:DL] Allocating payload size 165
[PHYDLL:DL] MPI_Recv payload from source_rank=14
[PHYDLL:DL] MPI_Recv payload from source_rank=14 DONE
[PHYDLL:DL] receiving metadata from dests[15] = 15
[PHYDLL:DL] MPI_Recv header from source_rank=15
[PHYDLL:DL] MPI_Recv header from source_rank=15 DONE (magic=4d4c434d)
[PHYDLL:DL] Allocating payload size 165
[PHYDLL:DL] MPI_Recv payload from source_rank=15
[PHYDLL:DL] MPI_Recv payload from source_rank=15 DONE
[PHYDLL:DL] receiving metadata from dests[16] = 16
[PHYDLL:DL] MPI_Recv header from source_rank=16
[PHYDLL:DL] MPI_Recv header from source_rank=16 DONE (magic=4d4c434d)
[PHYDLL:DL] Allocating payload size 165
[PHYDLL:DL] MPI_Recv payload from source_rank=16
[PHYDLL:DL] MPI_Recv payload from source_rank=16 DONE
[PHYDLL:DL] receiving metadata from dests[17] = 17
[PHYDLL:DL] MPI_Recv header from source_rank=17
[PHYDLL:DL] MPI_Recv header from source_rank=17 DONE (magic=4d4c434d)
[PHYDLL:DL] Allocating payload size 165
[PHYDLL:DL] MPI_Recv payload from source_rank=17
[PHYDLL:DL] MPI_Recv payload from source_rank=17 DONE
[PHYDLL:DL] receiving metadata from dests[18] = 18
[PHYDLL:DL] MPI_Recv header from source_rank=18
[PHYDLL:DL] MPI_Recv header from source_rank=18 DONE (magic=4d4c434d)
[PHYDLL:DL] Allocating payload size 165
[PHYDLL:DL] MPI_Recv payload from source_rank=18
[PHYDLL:DL] MPI_Recv payload from source_rank=18 DONE
[PHYDLL:DL] receiving metadata from dests[19] = 19
[PHYDLL:DL] MPI_Recv header from source_rank=19
[PHYDLL:DL] MPI_Recv header from source_rank=19 DONE (magic=4d4c434d)
[PHYDLL:DL] Allocating payload size 165
[PHYDLL:DL] MPI_Recv payload from source_rank=19
[PHYDLL:DL] MPI_Recv payload from source_rank=19 DONE
[PHYDLL:DL] Finished receiving metadata from all 20 sources
(PhyDLL:PHY) ----> SET... Physical field: (0) 'PHY-IN-000' ...done
(PhyDLL:PHY) ----> SET... Physical field: (1) 'PHY-IN-001' ...done
(PhyDLL:PHY) ----> SET... Physical field: (2) 'PHY-IN-002' ...done
(PhyDLL:PHY) ----> SET... Physical field: (3) 'PHY-IN-003' ...done
(PhyDLL:PHY) ----> SET... Physical field: (4) 'PHY-IN-004' ...done
(PhyDLL:PHY) ----> SET... Physical field: (5) 'PHY-IN-005' ...done
(PhyDLL:PHY) ----> SET... Physical field: (6) 'PHY-IN-006' ...done
(PhyDLL:PHY) ----> SET... Physical field: (7) 'PHY-IN-007' ...done
(PhyDLL:PHY) ----> SET... Physical field: (8) 'PHY-IN-008' ...done
(PhyDLL:PHY) ----> SET... Physical field: (9) 'PHY-IN-009' ...done
(PhyDLL:PHY) ----> SET... Physical field: (10) 'PHY-IN-010' ...done
(PhyDLL:PHY) ----> SET... Physical field: (11) 'PHY-IN-011' ...done
(PhyDLL:PHY) ----> SET... Physical field: (12) 'PHY-IN-012' ...done
(PhyDLL:PHY) ----> SET... Physical field: (13) 'PHY-IN-013' ...done
(PhyDLL:PHY) ----> SET... Physical field: (14) 'PHY-IN-014' ...done
(PhyDLL:PHY) ----> SET... Physical field: (15) 'PHY-IN-015' ...done
(PhyDLL:PHY) ----> SET... Physical field: (16) 'PHY-IN-016' ...done
(PhyDLL:PHY) ----> SET... Physical field: (17) 'PHY-IN-017' ...done
(PhyDLL:DL) ----> ITE (PHY ITE) = 1 (1)
(PhyDLL:PHY) ----> ITE (PHY ITE) = 1 (1)
[PHYDLL:DL] Waiting for frame 0
(PhyDLL:PHY) ----> SEND...>>>... Physical fields ...done
(PhyDLL:DL) ----> RECV...<<<... Physical fields ...done
(PhyDLL:DL) ----> GET... Physical field: (0) 'PHY-IN-000' ...done
(PhyDLL:DL) ----> GET... Physical field: (1) 'PHY-IN-001' ...done
(PhyDLL:DL) ----> GET... Physical field: (2) 'PHY-IN-002' ...done
(PhyDLL:DL) ----> GET... Physical field: (3) 'PHY-IN-003' ...done
(PhyDLL:DL) ----> GET... Physical field: (4) 'PHY-IN-004' ...done
(PhyDLL:DL) ----> GET... Physical field: (5) 'PHY-IN-005' ...done
(PhyDLL:DL) ----> GET... Physical field: (6) 'PHY-IN-006' ...done
(PhyDLL:DL) ----> GET... Physical field: (7) 'PHY-IN-007' ...done
(PhyDLL:DL) ----> GET... Physical field: (8) 'PHY-IN-008' ...done
(PhyDLL:DL) ----> GET... Physical field: (9) 'PHY-IN-009' ...done
(PhyDLL:DL) ----> GET... Physical field: (10) 'PHY-IN-010' ...done
(PhyDLL:DL) ----> GET... Physical field: (11) 'PHY-IN-011' ...done
(PhyDLL:DL) ----> GET... Physical field: (12) 'PHY-IN-012' ...done
(PhyDLL:DL) ----> GET... Physical field: (13) 'PHY-IN-013' ...done
(PhyDLL:DL) ----> GET... Physical field: (14) 'PHY-IN-014' ...done
(PhyDLL:DL) ----> GET... Physical field: (15) 'PHY-IN-015' ...done
(PhyDLL:DL) ----> GET... Physical field: (16) 'PHY-IN-016' ...done
(PhyDLL:DL) ----> GET... Physical field: (17) 'PHY-IN-017' ...done
[PHYDLL:DL] Received frame 0 (has_meta=0, data_size=36000000)
[PHYDLL:DL] Using local DL rank 0 mapped to GPU device index: 0
[PHYDLL:DL] model loaded
[PHYDLL:DL] meta init model_path='/rwthfs/rz/cluster/hpcwork/ro092286/smartsim/batch_memory_benchmark/../mini_app/train_models/model_a/watercnn_cuda.pt' total_input=36000000 total_output=2000000
[PHYDLL:DL] Frame 0 extracting data: total_input_size=36000000, batch=2000000, field/rank=100000, used/rank=18
[PHYDLL:DL] Frame 0 running inference
(PhyDLL:DL) ----> SET... DL field: (0) 'DL-OUT' ...done
(PhyDLL:DL) ----> SEND...>>>... DL fields ...done
[PHYDLL:DL] sent output for frame 0
(PhyDLL:PHY) ----> RECV...<<<... DL fields ...done
(PhyDLL:PHY) ----> GET... DL field: (0) 'DL-OUT' ...done
STEP_TIMING step=1 latency_ms=1498.93 min_ms=1498.65 avg_ms=1498.71 total_samples=2000000 throughput_samples_sec=1334289
(PhyDLL:PHY) ----> SET... Physical field: (0) 'PHY-IN-000' ...done
(PhyDLL:PHY) ----> SET... Physical field: (1) 'PHY-IN-001' ...done
(PhyDLL:PHY) ----> SET... Physical field: (2) 'PHY-IN-002' ...done
(PhyDLL:PHY) ----> SET... Physical field: (3) 'PHY-IN-003' ...done
(PhyDLL:PHY) ----> SET... Physical field: (4) 'PHY-IN-004' ...done
(PhyDLL:PHY) ----> SET... Physical field: (5) 'PHY-IN-005' ...done
(PhyDLL:PHY) ----> SET... Physical field: (6) 'PHY-IN-006' ...done
(PhyDLL:PHY) ----> SET... Physical field: (7) 'PHY-IN-007' ...done
(PhyDLL:PHY) ----> SET... Physical field: (8) 'PHY-IN-008' ...done
(PhyDLL:PHY) ----> SET... Physical field: (9) 'PHY-IN-009' ...done
(PhyDLL:PHY) ----> SET... Physical field: (10) 'PHY-IN-010' ...done
(PhyDLL:PHY) ----> SET... Physical field: (11) 'PHY-IN-011' ...done
(PhyDLL:PHY) ----> SET... Physical field: (12) 'PHY-IN-012' ...done
(PhyDLL:PHY) ----> SET... Physical field: (13) 'PHY-IN-013' ...done
(PhyDLL:PHY) ----> SET... Physical field: (14) 'PHY-IN-014' ...done
(PhyDLL:PHY) ----> SET... Physical field: (15) 'PHY-IN-015' ...done
(PhyDLL:PHY) ----> SET... Physical field: (16) 'PHY-IN-016' ...done
(PhyDLL:PHY) ----> SET... Physical field: (17) 'PHY-IN-017' ...done
[PHYDLL:DL] Waiting for frame 1
(PhyDLL:PHY) ----> ITE (PHY ITE) = 2 (2)
(PhyDLL:DL) ----> ITE (PHY ITE) = 2 (2)
(PhyDLL:PHY) ----> SEND...>>>... Physical fields ...done
(PhyDLL:DL) ----> RECV...<<<... Physical fields ...done
(PhyDLL:DL) ----> GET... Physical field: (0) 'PHY-IN-000' ...done
(PhyDLL:DL) ----> GET... Physical field: (1) 'PHY-IN-001' ...done
(PhyDLL:DL) ----> GET... Physical field: (2) 'PHY-IN-002' ...done
(PhyDLL:DL) ----> GET... Physical field: (3) 'PHY-IN-003' ...done
(PhyDLL:DL) ----> GET... Physical field: (4) 'PHY-IN-004' ...done
(PhyDLL:DL) ----> GET... Physical field: (5) 'PHY-IN-005' ...done
(PhyDLL:DL) ----> GET... Physical field: (6) 'PHY-IN-006' ...done
(PhyDLL:DL) ----> GET... Physical field: (7) 'PHY-IN-007' ...done
(PhyDLL:DL) ----> GET... Physical field: (8) 'PHY-IN-008' ...done
(PhyDLL:DL) ----> GET... Physical field: (9) 'PHY-IN-009' ...done
(PhyDLL:DL) ----> GET... Physical field: (10) 'PHY-IN-010' ...done
(PhyDLL:DL) ----> GET... Physical field: (11) 'PHY-IN-011' ...done
(PhyDLL:DL) ----> GET... Physical field: (12) 'PHY-IN-012' ...done
(PhyDLL:DL) ----> GET... Physical field: (13) 'PHY-IN-013' ...done
(PhyDLL:DL) ----> GET... Physical field: (14) 'PHY-IN-014' ...done
(PhyDLL:DL) ----> GET... Physical field: (15) 'PHY-IN-015' ...done
(PhyDLL:DL) ----> GET... Physical field: (16) 'PHY-IN-016' ...done
(PhyDLL:DL) ----> GET... Physical field: (17) 'PHY-IN-017' ...done
[PHYDLL:DL] Received frame 1 (has_meta=0, data_size=36000000)
[PHYDLL:DL] Frame 1 extracting data: total_input_size=36000000, batch=2000000, field/rank=100000, used/rank=18
[PHYDLL:DL] Frame 1 running inference
(PhyDLL:DL) ----> SET... DL field: (0) 'DL-OUT' ...done
(PhyDLL:DL) ----> SEND...>>>... DL fields ...done
(PhyDLL:PHY) ----> RECV...<<<... DL fields ...done
[PHYDLL:DL] sent output for frame 1
(PhyDLL:PHY) ----> GET... DL field: (0) 'DL-OUT' ...done
STEP_TIMING step=2 latency_ms=534.28 min_ms=533.95 avg_ms=533.98 total_samples=2000000 throughput_samples_sec=3743363
(PhyDLL:PHY) ----> SET... Physical field: (0) 'PHY-IN-000' ...done
(PhyDLL:PHY) ----> SET... Physical field: (1) 'PHY-IN-001' ...done
(PhyDLL:PHY) ----> SET... Physical field: (2) 'PHY-IN-002' ...done
(PhyDLL:PHY) ----> SET... Physical field: (3) 'PHY-IN-003' ...done
(PhyDLL:PHY) ----> SET... Physical field: (4) 'PHY-IN-004' ...done
(PhyDLL:PHY) ----> SET... Physical field: (5) 'PHY-IN-005' ...done
(PhyDLL:PHY) ----> SET... Physical field: (6) 'PHY-IN-006' ...done
(PhyDLL:PHY) ----> SET... Physical field: (7) 'PHY-IN-007' ...done
(PhyDLL:PHY) ----> SET... Physical field: (8) 'PHY-IN-008' ...done
(PhyDLL:PHY) ----> SET... Physical field: (9) 'PHY-IN-009' ...done
(PhyDLL:PHY) ----> SET... Physical field: (10) 'PHY-IN-010' ...done
(PhyDLL:PHY) ----> SET... Physical field: (11) 'PHY-IN-011' ...done
(PhyDLL:PHY) ----> SET... Physical field: (12) 'PHY-IN-012' ...done
(PhyDLL:PHY) ----> SET... Physical field: (13) 'PHY-IN-013' ...done
(PhyDLL:PHY) ----> SET... Physical field: (14) 'PHY-IN-014' ...done
(PhyDLL:PHY) ----> SET... Physical field: (15) 'PHY-IN-015' ...done
(PhyDLL:PHY) ----> SET... Physical field: (16) 'PHY-IN-016' ...done
(PhyDLL:PHY) ----> SET... Physical field: (17) 'PHY-IN-017' ...done
(PhyDLL:DL) ----> ITE (PHY ITE) = 3 (3)
(PhyDLL:PHY) ----> ITE (PHY ITE) = 3 (3)
[PHYDLL:DL] Waiting for frame 2
(PhyDLL:PHY) ----> SEND...>>>... Physical fields ...done
(PhyDLL:DL) ----> RECV...<<<... Physical fields ...done
(PhyDLL:DL) ----> GET... Physical field: (0) 'PHY-IN-000' ...done
(PhyDLL:DL) ----> GET... Physical field: (1) 'PHY-IN-001' ...done
(PhyDLL:DL) ----> GET... Physical field: (2) 'PHY-IN-002' ...done
(PhyDLL:DL) ----> GET... Physical field: (3) 'PHY-IN-003' ...done
(PhyDLL:DL) ----> GET... Physical field: (4) 'PHY-IN-004' ...done
(PhyDLL:DL) ----> GET... Physical field: (5) 'PHY-IN-005' ...done
(PhyDLL:DL) ----> GET... Physical field: (6) 'PHY-IN-006' ...done
(PhyDLL:DL) ----> GET... Physical field: (7) 'PHY-IN-007' ...done
(PhyDLL:DL) ----> GET... Physical field: (8) 'PHY-IN-008' ...done
(PhyDLL:DL) ----> GET... Physical field: (9) 'PHY-IN-009' ...done
(PhyDLL:DL) ----> GET... Physical field: (10) 'PHY-IN-010' ...done
(PhyDLL:DL) ----> GET... Physical field: (11) 'PHY-IN-011' ...done
(PhyDLL:DL) ----> GET... Physical field: (12) 'PHY-IN-012' ...done
(PhyDLL:DL) ----> GET... Physical field: (13) 'PHY-IN-013' ...done
(PhyDLL:DL) ----> GET... Physical field: (14) 'PHY-IN-014' ...done
(PhyDLL:DL) ----> GET... Physical field: (15) 'PHY-IN-015' ...done
(PhyDLL:DL) ----> GET... Physical field: (16) 'PHY-IN-016' ...done
(PhyDLL:DL) ----> GET... Physical field: (17) 'PHY-IN-017' ...done
[PHYDLL:DL] Received frame 2 (has_meta=0, data_size=36000000)
[PHYDLL:DL] Frame 2 extracting data: total_input_size=36000000, batch=2000000, field/rank=100000, used/rank=18
[PHYDLL:DL] Frame 2 running inference
(PhyDLL:DL) ----> SET... DL field: (0) 'DL-OUT' ...done
(PhyDLL:DL) ----> SEND...>>>... DL fields ...done
[PHYDLL:DL] sent output for frame 2
(PhyDLL:PHY) ----> RECV...<<<... DL fields ...done
(PhyDLL:PHY) ----> GET... DL field: (0) 'DL-OUT' ...done
STEP_TIMING step=3 latency_ms=520.25 min_ms=519.87 avg_ms=520.21 total_samples=2000000 throughput_samples_sec=3844293
(PhyDLL:PHY) ----> SET... Physical field: (0) 'PHY-IN-000' ...done
(PhyDLL:PHY) ----> SET... Physical field: (1) 'PHY-IN-001' ...done
(PhyDLL:PHY) ----> SET... Physical field: (2) 'PHY-IN-002' ...done
(PhyDLL:PHY) ----> SET... Physical field: (3) 'PHY-IN-003' ...done
(PhyDLL:PHY) ----> SET... Physical field: (4) 'PHY-IN-004' ...done
(PhyDLL:PHY) ----> SET... Physical field: (5) 'PHY-IN-005' ...done
(PhyDLL:PHY) ----> SET... Physical field: (6) 'PHY-IN-006' ...done
(PhyDLL:PHY) ----> SET... Physical field: (7) 'PHY-IN-007' ...done
(PhyDLL:PHY) ----> SET... Physical field: (8) 'PHY-IN-008' ...done
(PhyDLL:PHY) ----> SET... Physical field: (9) 'PHY-IN-009' ...done
(PhyDLL:PHY) ----> SET... Physical field: (10) 'PHY-IN-010' ...done
(PhyDLL:PHY) ----> SET... Physical field: (11) 'PHY-IN-011' ...done
(PhyDLL:PHY) ----> SET... Physical field: (12) 'PHY-IN-012' ...done
(PhyDLL:PHY) ----> SET... Physical field: (13) 'PHY-IN-013' ...done
(PhyDLL:PHY) ----> SET... Physical field: (14) 'PHY-IN-014' ...done
(PhyDLL:PHY) ----> SET... Physical field: (15) 'PHY-IN-015' ...done
(PhyDLL:PHY) ----> SET... Physical field: (16) 'PHY-IN-016' ...done
(PhyDLL:PHY) ----> SET... Physical field: (17) 'PHY-IN-017' ...done
(PhyDLL:DL) ----> ITE (PHY ITE) = 4 (4)
(PhyDLL:PHY) ----> ITE (PHY ITE) = 4 (4)
[PHYDLL:DL] Waiting for frame 3
(PhyDLL:PHY) ----> SEND...>>>... Physical fields ...done
(PhyDLL:DL) ----> RECV...<<<... Physical fields ...done
(PhyDLL:DL) ----> GET... Physical field: (0) 'PHY-IN-000' ...done
(PhyDLL:DL) ----> GET... Physical field: (1) 'PHY-IN-001' ...done
(PhyDLL:DL) ----> GET... Physical field: (2) 'PHY-IN-002' ...done
(PhyDLL:DL) ----> GET... Physical field: (3) 'PHY-IN-003' ...done
(PhyDLL:DL) ----> GET... Physical field: (4) 'PHY-IN-004' ...done
(PhyDLL:DL) ----> GET... Physical field: (5) 'PHY-IN-005' ...done
(PhyDLL:DL) ----> GET... Physical field: (6) 'PHY-IN-006' ...done
(PhyDLL:DL) ----> GET... Physical field: (7) 'PHY-IN-007' ...done
(PhyDLL:DL) ----> GET... Physical field: (8) 'PHY-IN-008' ...done
(PhyDLL:DL) ----> GET... Physical field: (9) 'PHY-IN-009' ...done
(PhyDLL:DL) ----> GET... Physical field: (10) 'PHY-IN-010' ...done
(PhyDLL:DL) ----> GET... Physical field: (11) 'PHY-IN-011' ...done
(PhyDLL:DL) ----> GET... Physical field: (12) 'PHY-IN-012' ...done
(PhyDLL:DL) ----> GET... Physical field: (13) 'PHY-IN-013' ...done
(PhyDLL:DL) ----> GET... Physical field: (14) 'PHY-IN-014' ...done
(PhyDLL:DL) ----> GET... Physical field: (15) 'PHY-IN-015' ...done
(PhyDLL:DL) ----> GET... Physical field: (16) 'PHY-IN-016' ...done
(PhyDLL:DL) ----> GET... Physical field: (17) 'PHY-IN-017' ...done
[PHYDLL:DL] Received frame 3 (has_meta=0, data_size=36000000)
[PHYDLL:DL] Frame 3 extracting data: total_input_size=36000000, batch=2000000, field/rank=100000, used/rank=18
[PHYDLL:DL] Frame 3 running inference
(PhyDLL:DL) ----> SET... DL field: (0) 'DL-OUT' ...done
(PhyDLL:DL) ----> SEND...>>>... DL fields ...done
[PHYDLL:DL] sent output for frame 3
(PhyDLL:PHY) ----> RECV...<<<... DL fields ...done
(PhyDLL:PHY) ----> GET... DL field: (0) 'DL-OUT' ...done
STEP_TIMING step=4 latency_ms=514.61 min_ms=514.24 avg_ms=514.46 total_samples=2000000 throughput_samples_sec=3886418
(PhyDLL:PHY) ----> SET... Physical field: (0) 'PHY-IN-000' ...done
(PhyDLL:PHY) ----> SET... Physical field: (1) 'PHY-IN-001' ...done
(PhyDLL:PHY) ----> SET... Physical field: (2) 'PHY-IN-002' ...done
(PhyDLL:PHY) ----> SET... Physical field: (3) 'PHY-IN-003' ...done
(PhyDLL:PHY) ----> SET... Physical field: (4) 'PHY-IN-004' ...done
(PhyDLL:PHY) ----> SET... Physical field: (5) 'PHY-IN-005' ...done
(PhyDLL:PHY) ----> SET... Physical field: (6) 'PHY-IN-006' ...done
(PhyDLL:PHY) ----> SET... Physical field: (7) 'PHY-IN-007' ...done
(PhyDLL:PHY) ----> SET... Physical field: (8) 'PHY-IN-008' ...done
(PhyDLL:PHY) ----> SET... Physical field: (9) 'PHY-IN-009' ...done
(PhyDLL:PHY) ----> SET... Physical field: (10) 'PHY-IN-010' ...done
(PhyDLL:PHY) ----> SET... Physical field: (11) 'PHY-IN-011' ...done
(PhyDLL:PHY) ----> SET... Physical field: (12) 'PHY-IN-012' ...done
(PhyDLL:PHY) ----> SET... Physical field: (13) 'PHY-IN-013' ...done
(PhyDLL:PHY) ----> SET... Physical field: (14) 'PHY-IN-014' ...done
(PhyDLL:PHY) ----> SET... Physical field: (15) 'PHY-IN-015' ...done
(PhyDLL:PHY) ----> SET... Physical field: (16) 'PHY-IN-016' ...done
(PhyDLL:PHY) ----> SET... Physical field: (17) 'PHY-IN-017' ...done
(PhyDLL:DL) ----> ITE (PHY ITE) = 5 (5)
(PhyDLL:PHY) ----> ITE (PHY ITE) = 5 (5)
[PHYDLL:DL] Waiting for frame 4
(PhyDLL:PHY) ----> SEND...>>>... Physical fields ...done
(PhyDLL:DL) ----> RECV...<<<... Physical fields ...done
(PhyDLL:DL) ----> GET... Physical field: (0) 'PHY-IN-000' ...done
(PhyDLL:DL) ----> GET... Physical field: (1) 'PHY-IN-001' ...done
(PhyDLL:DL) ----> GET... Physical field: (2) 'PHY-IN-002' ...done
(PhyDLL:DL) ----> GET... Physical field: (3) 'PHY-IN-003' ...done
(PhyDLL:DL) ----> GET... Physical field: (4) 'PHY-IN-004' ...done
(PhyDLL:DL) ----> GET... Physical field: (5) 'PHY-IN-005' ...done
(PhyDLL:DL) ----> GET... Physical field: (6) 'PHY-IN-006' ...done
(PhyDLL:DL) ----> GET... Physical field: (7) 'PHY-IN-007' ...done
(PhyDLL:DL) ----> GET... Physical field: (8) 'PHY-IN-008' ...done
(PhyDLL:DL) ----> GET... Physical field: (9) 'PHY-IN-009' ...done
(PhyDLL:DL) ----> GET... Physical field: (10) 'PHY-IN-010' ...done
(PhyDLL:DL) ----> GET... Physical field: (11) 'PHY-IN-011' ...done
(PhyDLL:DL) ----> GET... Physical field: (12) 'PHY-IN-012' ...done
(PhyDLL:DL) ----> GET... Physical field: (13) 'PHY-IN-013' ...done
(PhyDLL:DL) ----> GET... Physical field: (14) 'PHY-IN-014' ...done
(PhyDLL:DL) ----> GET... Physical field: (15) 'PHY-IN-015' ...done
(PhyDLL:DL) ----> GET... Physical field: (16) 'PHY-IN-016' ...done
(PhyDLL:DL) ----> GET... Physical field: (17) 'PHY-IN-017' ...done
[PHYDLL:DL] Received frame 4 (has_meta=0, data_size=36000000)
[PHYDLL:DL] Frame 4 extracting data: total_input_size=36000000, batch=2000000, field/rank=100000, used/rank=18
[PHYDLL:DL] Frame 4 running inference
(PhyDLL:DL) ----> SET... DL field: (0) 'DL-OUT' ...done
(PhyDLL:DL) ----> SEND...>>>... DL fields ...done
[PHYDLL:DL] sent output for frame 4
(PhyDLL:PHY) ----> RECV...<<<... DL fields ...done
(PhyDLL:PHY) ----> GET... DL field: (0) 'DL-OUT' ...done
STEP_TIMING step=5 latency_ms=516.72 min_ms=516.36 avg_ms=516.49 total_samples=2000000 throughput_samples_sec=3870583
(PhyDLL:PHY) ----> SET... Physical field: (0) 'PHY-IN-000' ...done
(PhyDLL:PHY) ----> SET... Physical field: (1) 'PHY-IN-001' ...done
(PhyDLL:PHY) ----> SET... Physical field: (2) 'PHY-IN-002' ...done
(PhyDLL:PHY) ----> SET... Physical field: (3) 'PHY-IN-003' ...done
(PhyDLL:PHY) ----> SET... Physical field: (4) 'PHY-IN-004' ...done
(PhyDLL:PHY) ----> SET... Physical field: (5) 'PHY-IN-005' ...done
(PhyDLL:PHY) ----> SET... Physical field: (6) 'PHY-IN-006' ...done
(PhyDLL:PHY) ----> SET... Physical field: (7) 'PHY-IN-007' ...done
(PhyDLL:PHY) ----> SET... Physical field: (8) 'PHY-IN-008' ...done
(PhyDLL:PHY) ----> SET... Physical field: (9) 'PHY-IN-009' ...done
(PhyDLL:PHY) ----> SET... Physical field: (10) 'PHY-IN-010' ...done
(PhyDLL:PHY) ----> SET... Physical field: (11) 'PHY-IN-011' ...done
(PhyDLL:PHY) ----> SET... Physical field: (12) 'PHY-IN-012' ...done
(PhyDLL:PHY) ----> SET... Physical field: (13) 'PHY-IN-013' ...done
(PhyDLL:PHY) ----> SET... Physical field: (14) 'PHY-IN-014' ...done
(PhyDLL:PHY) ----> SET... Physical field: (15) 'PHY-IN-015' ...done
(PhyDLL:PHY) ----> SET... Physical field: (16) 'PHY-IN-016' ...done
(PhyDLL:PHY) ----> SET... Physical field: (17) 'PHY-IN-017' ...done
(PhyDLL:DL) ----> ITE (PHY ITE) = 6 (6)
(PhyDLL:PHY) ----> ITE (PHY ITE) = 6 (6)
[PHYDLL:DL] Waiting for frame 5
(PhyDLL:PHY) ----> SEND...>>>... Physical fields ...done
(PhyDLL:DL) ----> RECV...<<<... Physical fields ...done
(PhyDLL:DL) ----> GET... Physical field: (0) 'PHY-IN-000' ...done
(PhyDLL:DL) ----> GET... Physical field: (1) 'PHY-IN-001' ...done
(PhyDLL:DL) ----> GET... Physical field: (2) 'PHY-IN-002' ...done
(PhyDLL:DL) ----> GET... Physical field: (3) 'PHY-IN-003' ...done
(PhyDLL:DL) ----> GET... Physical field: (4) 'PHY-IN-004' ...done
(PhyDLL:DL) ----> GET... Physical field: (5) 'PHY-IN-005' ...done
(PhyDLL:DL) ----> GET... Physical field: (6) 'PHY-IN-006' ...done
(PhyDLL:DL) ----> GET... Physical field: (7) 'PHY-IN-007' ...done
(PhyDLL:DL) ----> GET... Physical field: (8) 'PHY-IN-008' ...done
(PhyDLL:DL) ----> GET... Physical field: (9) 'PHY-IN-009' ...done
(PhyDLL:DL) ----> GET... Physical field: (10) 'PHY-IN-010' ...done
(PhyDLL:DL) ----> GET... Physical field: (11) 'PHY-IN-011' ...done
(PhyDLL:DL) ----> GET... Physical field: (12) 'PHY-IN-012' ...done
(PhyDLL:DL) ----> GET... Physical field: (13) 'PHY-IN-013' ...done
(PhyDLL:DL) ----> GET... Physical field: (14) 'PHY-IN-014' ...done
(PhyDLL:DL) ----> GET... Physical field: (15) 'PHY-IN-015' ...done
(PhyDLL:DL) ----> GET... Physical field: (16) 'PHY-IN-016' ...done
(PhyDLL:DL) ----> GET... Physical field: (17) 'PHY-IN-017' ...done
[PHYDLL:DL] Received frame 5 (has_meta=0, data_size=36000000)
[PHYDLL:DL] Frame 5 extracting data: total_input_size=36000000, batch=2000000, field/rank=100000, used/rank=18
[PHYDLL:DL] Frame 5 running inference
(PhyDLL:DL) ----> SET... DL field: (0) 'DL-OUT' ...done
(PhyDLL:DL) ----> SEND...>>>... DL fields ...done
[PHYDLL:DL] sent output for frame 5
(PhyDLL:PHY) ----> RECV...<<<... DL fields ...done
(PhyDLL:PHY) ----> GET... DL field: (0) 'DL-OUT' ...done
STEP_TIMING step=6 latency_ms=513.33 min_ms=512.99 avg_ms=513.03 total_samples=2000000 throughput_samples_sec=3896134
(PhyDLL:PHY) ----> SET... Physical field: (0) 'PHY-IN-000' ...done
(PhyDLL:PHY) ----> SET... Physical field: (1) 'PHY-IN-001' ...done
(PhyDLL:PHY) ----> SET... Physical field: (2) 'PHY-IN-002' ...done
(PhyDLL:PHY) ----> SET... Physical field: (3) 'PHY-IN-003' ...done
(PhyDLL:PHY) ----> SET... Physical field: (4) 'PHY-IN-004' ...done
(PhyDLL:PHY) ----> SET... Physical field: (5) 'PHY-IN-005' ...done
(PhyDLL:PHY) ----> SET... Physical field: (6) 'PHY-IN-006' ...done
(PhyDLL:PHY) ----> SET... Physical field: (7) 'PHY-IN-007' ...done
(PhyDLL:PHY) ----> SET... Physical field: (8) 'PHY-IN-008' ...done
(PhyDLL:PHY) ----> SET... Physical field: (9) 'PHY-IN-009' ...done
(PhyDLL:PHY) ----> SET... Physical field: (10) 'PHY-IN-010' ...done
(PhyDLL:PHY) ----> SET... Physical field: (11) 'PHY-IN-011' ...done
(PhyDLL:PHY) ----> SET... Physical field: (12) 'PHY-IN-012' ...done
(PhyDLL:PHY) ----> SET... Physical field: (13) 'PHY-IN-013' ...done
(PhyDLL:PHY) ----> SET... Physical field: (14) 'PHY-IN-014' ...done
(PhyDLL:PHY) ----> SET... Physical field: (15) 'PHY-IN-015' ...done
(PhyDLL:PHY) ----> SET... Physical field: (16) 'PHY-IN-016' ...done
(PhyDLL:PHY) ----> SET... Physical field: (17) 'PHY-IN-017' ...done
(PhyDLL:PHY) ----> ITE (PHY ITE) = 7 (7)
(PhyDLL:DL) ----> ITE (PHY ITE) = 7 (7)
[PHYDLL:DL] Waiting for frame 6
(PhyDLL:PHY) ----> SEND...>>>... Physical fields ...done
(PhyDLL:DL) ----> RECV...<<<... Physical fields ...done
(PhyDLL:DL) ----> GET... Physical field: (0) 'PHY-IN-000' ...done
(PhyDLL:DL) ----> GET... Physical field: (1) 'PHY-IN-001' ...done
(PhyDLL:DL) ----> GET... Physical field: (2) 'PHY-IN-002' ...done
(PhyDLL:DL) ----> GET... Physical field: (3) 'PHY-IN-003' ...done
(PhyDLL:DL) ----> GET... Physical field: (4) 'PHY-IN-004' ...done
(PhyDLL:DL) ----> GET... Physical field: (5) 'PHY-IN-005' ...done
(PhyDLL:DL) ----> GET... Physical field: (6) 'PHY-IN-006' ...done
(PhyDLL:DL) ----> GET... Physical field: (7) 'PHY-IN-007' ...done
(PhyDLL:DL) ----> GET... Physical field: (8) 'PHY-IN-008' ...done
(PhyDLL:DL) ----> GET... Physical field: (9) 'PHY-IN-009' ...done
(PhyDLL:DL) ----> GET... Physical field: (10) 'PHY-IN-010' ...done
(PhyDLL:DL) ----> GET... Physical field: (11) 'PHY-IN-011' ...done
(PhyDLL:DL) ----> GET... Physical field: (12) 'PHY-IN-012' ...done
(PhyDLL:DL) ----> GET... Physical field: (13) 'PHY-IN-013' ...done
(PhyDLL:DL) ----> GET... Physical field: (14) 'PHY-IN-014' ...done
(PhyDLL:DL) ----> GET... Physical field: (15) 'PHY-IN-015' ...done
(PhyDLL:DL) ----> GET... Physical field: (16) 'PHY-IN-016' ...done
(PhyDLL:DL) ----> GET... Physical field: (17) 'PHY-IN-017' ...done
[PHYDLL:DL] Received frame 6 (has_meta=0, data_size=36000000)
[PHYDLL:DL] Frame 6 extracting data: total_input_size=36000000, batch=2000000, field/rank=100000, used/rank=18
[PHYDLL:DL] Frame 6 running inference
(PhyDLL:DL) ----> SET... DL field: (0) 'DL-OUT' ...done
(PhyDLL:DL) ----> SEND...>>>... DL fields ...done
[PHYDLL:DL] sent output for frame 6
(PhyDLL:PHY) ----> RECV...<<<... DL fields ...done
(PhyDLL:PHY) ----> GET... DL field: (0) 'DL-OUT' ...done
STEP_TIMING step=7 latency_ms=513.77 min_ms=513.45 avg_ms=513.51 total_samples=2000000 throughput_samples_sec=3892763
(PhyDLL:PHY) ----> SET... Physical field: (0) 'PHY-IN-000' ...done
(PhyDLL:PHY) ----> SET... Physical field: (1) 'PHY-IN-001' ...done
(PhyDLL:PHY) ----> SET... Physical field: (2) 'PHY-IN-002' ...done
(PhyDLL:PHY) ----> SET... Physical field: (3) 'PHY-IN-003' ...done
(PhyDLL:PHY) ----> SET... Physical field: (4) 'PHY-IN-004' ...done
(PhyDLL:PHY) ----> SET... Physical field: (5) 'PHY-IN-005' ...done
(PhyDLL:PHY) ----> SET... Physical field: (6) 'PHY-IN-006' ...done
(PhyDLL:PHY) ----> SET... Physical field: (7) 'PHY-IN-007' ...done
(PhyDLL:PHY) ----> SET... Physical field: (8) 'PHY-IN-008' ...done
(PhyDLL:PHY) ----> SET... Physical field: (9) 'PHY-IN-009' ...done
(PhyDLL:PHY) ----> SET... Physical field: (10) 'PHY-IN-010' ...done
(PhyDLL:PHY) ----> SET... Physical field: (11) 'PHY-IN-011' ...done
(PhyDLL:PHY) ----> SET... Physical field: (12) 'PHY-IN-012' ...done
(PhyDLL:PHY) ----> SET... Physical field: (13) 'PHY-IN-013' ...done
(PhyDLL:PHY) ----> SET... Physical field: (14) 'PHY-IN-014' ...done
(PhyDLL:PHY) ----> SET... Physical field: (15) 'PHY-IN-015' ...done
(PhyDLL:PHY) ----> SET... Physical field: (16) 'PHY-IN-016' ...done
(PhyDLL:PHY) ----> SET... Physical field: (17) 'PHY-IN-017' ...done
(PhyDLL:DL) ----> ITE (PHY ITE) = 8 (8)
(PhyDLL:PHY) ----> ITE (PHY ITE) = 8 (8)
[PHYDLL:DL] Waiting for frame 7
(PhyDLL:PHY) ----> SEND...>>>... Physical fields ...done
(PhyDLL:DL) ----> RECV...<<<... Physical fields ...done
(PhyDLL:DL) ----> GET... Physical field: (0) 'PHY-IN-000' ...done
(PhyDLL:DL) ----> GET... Physical field: (1) 'PHY-IN-001' ...done
(PhyDLL:DL) ----> GET... Physical field: (2) 'PHY-IN-002' ...done
(PhyDLL:DL) ----> GET... Physical field: (3) 'PHY-IN-003' ...done
(PhyDLL:DL) ----> GET... Physical field: (4) 'PHY-IN-004' ...done
(PhyDLL:DL) ----> GET... Physical field: (5) 'PHY-IN-005' ...done
(PhyDLL:DL) ----> GET... Physical field: (6) 'PHY-IN-006' ...done
(PhyDLL:DL) ----> GET... Physical field: (7) 'PHY-IN-007' ...done
(PhyDLL:DL) ----> GET... Physical field: (8) 'PHY-IN-008' ...done
(PhyDLL:DL) ----> GET... Physical field: (9) 'PHY-IN-009' ...done
(PhyDLL:DL) ----> GET... Physical field: (10) 'PHY-IN-010' ...done
(PhyDLL:DL) ----> GET... Physical field: (11) 'PHY-IN-011' ...done
(PhyDLL:DL) ----> GET... Physical field: (12) 'PHY-IN-012' ...done
(PhyDLL:DL) ----> GET... Physical field: (13) 'PHY-IN-013' ...done
(PhyDLL:DL) ----> GET... Physical field: (14) 'PHY-IN-014' ...done
(PhyDLL:DL) ----> GET... Physical field: (15) 'PHY-IN-015' ...done
(PhyDLL:DL) ----> GET... Physical field: (16) 'PHY-IN-016' ...done
(PhyDLL:DL) ----> GET... Physical field: (17) 'PHY-IN-017' ...done
[PHYDLL:DL] Received frame 7 (has_meta=0, data_size=36000000)
[PHYDLL:DL] Frame 7 extracting data: total_input_size=36000000, batch=2000000, field/rank=100000, used/rank=18
[PHYDLL:DL] Frame 7 running inference
(PhyDLL:DL) ----> SET... DL field: (0) 'DL-OUT' ...done
(PhyDLL:DL) ----> SEND...>>>... DL fields ...done
[PHYDLL:DL] sent output for frame 7
(PhyDLL:PHY) ----> RECV...<<<... DL fields ...done
(PhyDLL:PHY) ----> GET... DL field: (0) 'DL-OUT' ...done
STEP_TIMING step=8 latency_ms=516.97 min_ms=516.55 avg_ms=516.87 total_samples=2000000 throughput_samples_sec=3868677
(PhyDLL:PHY) ----> SET... Physical field: (0) 'PHY-IN-000' ...done
(PhyDLL:PHY) ----> SET... Physical field: (1) 'PHY-IN-001' ...done
(PhyDLL:PHY) ----> SET... Physical field: (2) 'PHY-IN-002' ...done
(PhyDLL:PHY) ----> SET... Physical field: (3) 'PHY-IN-003' ...done
(PhyDLL:PHY) ----> SET... Physical field: (4) 'PHY-IN-004' ...done
(PhyDLL:PHY) ----> SET... Physical field: (5) 'PHY-IN-005' ...done
(PhyDLL:PHY) ----> SET... Physical field: (6) 'PHY-IN-006' ...done
(PhyDLL:PHY) ----> SET... Physical field: (7) 'PHY-IN-007' ...done
(PhyDLL:PHY) ----> SET... Physical field: (8) 'PHY-IN-008' ...done
(PhyDLL:PHY) ----> SET... Physical field: (9) 'PHY-IN-009' ...done
(PhyDLL:PHY) ----> SET... Physical field: (10) 'PHY-IN-010' ...done
(PhyDLL:PHY) ----> SET... Physical field: (11) 'PHY-IN-011' ...done
(PhyDLL:PHY) ----> SET... Physical field: (12) 'PHY-IN-012' ...done
(PhyDLL:PHY) ----> SET... Physical field: (13) 'PHY-IN-013' ...done
(PhyDLL:PHY) ----> SET... Physical field: (14) 'PHY-IN-014' ...done
(PhyDLL:PHY) ----> SET... Physical field: (15) 'PHY-IN-015' ...done
(PhyDLL:PHY) ----> SET... Physical field: (16) 'PHY-IN-016' ...done
(PhyDLL:PHY) ----> SET... Physical field: (17) 'PHY-IN-017' ...done
(PhyDLL:DL) ----> ITE (PHY ITE) = 9 (9)
(PhyDLL:PHY) ----> ITE (PHY ITE) = 9 (9)
[PHYDLL:DL] Waiting for frame 8
(PhyDLL:PHY) ----> SEND...>>>... Physical fields ...done
(PhyDLL:DL) ----> RECV...<<<... Physical fields ...done
(PhyDLL:DL) ----> GET... Physical field: (0) 'PHY-IN-000' ...done
(PhyDLL:DL) ----> GET... Physical field: (1) 'PHY-IN-001' ...done
(PhyDLL:DL) ----> GET... Physical field: (2) 'PHY-IN-002' ...done
(PhyDLL:DL) ----> GET... Physical field: (3) 'PHY-IN-003' ...done
(PhyDLL:DL) ----> GET... Physical field: (4) 'PHY-IN-004' ...done
(PhyDLL:DL) ----> GET... Physical field: (5) 'PHY-IN-005' ...done
(PhyDLL:DL) ----> GET... Physical field: (6) 'PHY-IN-006' ...done
(PhyDLL:DL) ----> GET... Physical field: (7) 'PHY-IN-007' ...done
(PhyDLL:DL) ----> GET... Physical field: (8) 'PHY-IN-008' ...done
(PhyDLL:DL) ----> GET... Physical field: (9) 'PHY-IN-009' ...done
(PhyDLL:DL) ----> GET... Physical field: (10) 'PHY-IN-010' ...done
(PhyDLL:DL) ----> GET... Physical field: (11) 'PHY-IN-011' ...done
(PhyDLL:DL) ----> GET... Physical field: (12) 'PHY-IN-012' ...done
(PhyDLL:DL) ----> GET... Physical field: (13) 'PHY-IN-013' ...done
(PhyDLL:DL) ----> GET... Physical field: (14) 'PHY-IN-014' ...done
(PhyDLL:DL) ----> GET... Physical field: (15) 'PHY-IN-015' ...done
(PhyDLL:DL) ----> GET... Physical field: (16) 'PHY-IN-016' ...done
(PhyDLL:DL) ----> GET... Physical field: (17) 'PHY-IN-017' ...done
[PHYDLL:DL] Received frame 8 (has_meta=0, data_size=36000000)
[PHYDLL:DL] Frame 8 extracting data: total_input_size=36000000, batch=2000000, field/rank=100000, used/rank=18
[PHYDLL:DL] Frame 8 running inference
(PhyDLL:DL) ----> SET... DL field: (0) 'DL-OUT' ...done
(PhyDLL:PHY) ----> RECV...<<<... DL fields ...done
(PhyDLL:DL) ----> SEND...>>>... DL fields ...done
[PHYDLL:DL] sent output for frame 8
(PhyDLL:PHY) ----> GET... DL field: (0) 'DL-OUT' ...done
STEP_TIMING step=9 latency_ms=510.73 min_ms=510.67 avg_ms=510.69 total_samples=2000000 throughput_samples_sec=3916001
(PhyDLL:PHY) ----> SET... Physical field: (0) 'PHY-IN-000' ...done
(PhyDLL:PHY) ----> SET... Physical field: (1) 'PHY-IN-001' ...done
(PhyDLL:PHY) ----> SET... Physical field: (2) 'PHY-IN-002' ...done
(PhyDLL:PHY) ----> SET... Physical field: (3) 'PHY-IN-003' ...done
(PhyDLL:PHY) ----> SET... Physical field: (4) 'PHY-IN-004' ...done
(PhyDLL:PHY) ----> SET... Physical field: (5) 'PHY-IN-005' ...done
(PhyDLL:PHY) ----> SET... Physical field: (6) 'PHY-IN-006' ...done
(PhyDLL:PHY) ----> SET... Physical field: (7) 'PHY-IN-007' ...done
(PhyDLL:PHY) ----> SET... Physical field: (8) 'PHY-IN-008' ...done
(PhyDLL:PHY) ----> SET... Physical field: (9) 'PHY-IN-009' ...done
(PhyDLL:PHY) ----> SET... Physical field: (10) 'PHY-IN-010' ...done
(PhyDLL:PHY) ----> SET... Physical field: (11) 'PHY-IN-011' ...done
(PhyDLL:PHY) ----> SET... Physical field: (12) 'PHY-IN-012' ...done
(PhyDLL:PHY) ----> SET... Physical field: (13) 'PHY-IN-013' ...done
(PhyDLL:PHY) ----> SET... Physical field: (14) 'PHY-IN-014' ...done
(PhyDLL:PHY) ----> SET... Physical field: (15) 'PHY-IN-015' ...done
(PhyDLL:PHY) ----> SET... Physical field: (16) 'PHY-IN-016' ...done
(PhyDLL:PHY) ----> SET... Physical field: (17) 'PHY-IN-017' ...done
(PhyDLL:DL) ----> ITE (PHY ITE) = 10 (10)
(PhyDLL:PHY) ----> ITE (PHY ITE) = 10 (10)
[PHYDLL:DL] Waiting for frame 9
(PhyDLL:PHY) ----> SEND...>>>... Physical fields ...done
(PhyDLL:DL) ----> RECV...<<<... Physical fields ...done
(PhyDLL:DL) ----> GET... Physical field: (0) 'PHY-IN-000' ...done
(PhyDLL:DL) ----> GET... Physical field: (1) 'PHY-IN-001' ...done
(PhyDLL:DL) ----> GET... Physical field: (2) 'PHY-IN-002' ...done
(PhyDLL:DL) ----> GET... Physical field: (3) 'PHY-IN-003' ...done
(PhyDLL:DL) ----> GET... Physical field: (4) 'PHY-IN-004' ...done
(PhyDLL:DL) ----> GET... Physical field: (5) 'PHY-IN-005' ...done
(PhyDLL:DL) ----> GET... Physical field: (6) 'PHY-IN-006' ...done
(PhyDLL:DL) ----> GET... Physical field: (7) 'PHY-IN-007' ...done
(PhyDLL:DL) ----> GET... Physical field: (8) 'PHY-IN-008' ...done
(PhyDLL:DL) ----> GET... Physical field: (9) 'PHY-IN-009' ...done
(PhyDLL:DL) ----> GET... Physical field: (10) 'PHY-IN-010' ...done
(PhyDLL:DL) ----> GET... Physical field: (11) 'PHY-IN-011' ...done
(PhyDLL:DL) ----> GET... Physical field: (12) 'PHY-IN-012' ...done
(PhyDLL:DL) ----> GET... Physical field: (13) 'PHY-IN-013' ...done
(PhyDLL:DL) ----> GET... Physical field: (14) 'PHY-IN-014' ...done
(PhyDLL:DL) ----> GET... Physical field: (15) 'PHY-IN-015' ...done
(PhyDLL:DL) ----> GET... Physical field: (16) 'PHY-IN-016' ...done
(PhyDLL:DL) ----> GET... Physical field: (17) 'PHY-IN-017' ...done
[PHYDLL:DL] Received frame 9 (has_meta=0, data_size=36000000)
[PHYDLL:DL] Frame 9 extracting data: total_input_size=36000000, batch=2000000, field/rank=100000, used/rank=18
[PHYDLL:DL] Frame 9 running inference
(PhyDLL:DL) ----> SET... DL field: (0) 'DL-OUT' ...done
(PhyDLL:DL) ----> SEND...>>>... DL fields ...done
[PHYDLL:DL] sent output for frame 9
(PhyDLL:PHY) ----> RECV...<<<... DL fields ...done
(PhyDLL:PHY) ----> GET... DL field: (0) 'DL-OUT' ...done
STEP_TIMING step=10 latency_ms=513.06 min_ms=512.73 avg_ms=512.76 total_samples=2000000 throughput_samples_sec=3898211
(PhyDLL:PHY) ----> SET... Physical field: (0) 'PHY-IN-000' ...done
(PhyDLL:PHY) ----> SET... Physical field: (1) 'PHY-IN-001' ...done
(PhyDLL:PHY) ----> SET... Physical field: (2) 'PHY-IN-002' ...done
(PhyDLL:PHY) ----> SET... Physical field: (3) 'PHY-IN-003' ...done
(PhyDLL:PHY) ----> SET... Physical field: (4) 'PHY-IN-004' ...done
(PhyDLL:PHY) ----> SET... Physical field: (5) 'PHY-IN-005' ...done
(PhyDLL:PHY) ----> SET... Physical field: (6) 'PHY-IN-006' ...done
(PhyDLL:PHY) ----> SET... Physical field: (7) 'PHY-IN-007' ...done
(PhyDLL:PHY) ----> SET... Physical field: (8) 'PHY-IN-008' ...done
(PhyDLL:PHY) ----> SET... Physical field: (9) 'PHY-IN-009' ...done
(PhyDLL:PHY) ----> SET... Physical field: (10) 'PHY-IN-010' ...done
(PhyDLL:PHY) ----> SET... Physical field: (11) 'PHY-IN-011' ...done
(PhyDLL:PHY) ----> SET... Physical field: (12) 'PHY-IN-012' ...done
(PhyDLL:PHY) ----> SET... Physical field: (13) 'PHY-IN-013' ...done
(PhyDLL:PHY) ----> SET... Physical field: (14) 'PHY-IN-014' ...done
(PhyDLL:PHY) ----> SET... Physical field: (15) 'PHY-IN-015' ...done
(PhyDLL:PHY) ----> SET... Physical field: (16) 'PHY-IN-016' ...done
(PhyDLL:PHY) ----> SET... Physical field: (17) 'PHY-IN-017' ...done
(PhyDLL:DL) ----> ITE (PHY ITE) = 11 (11)
(PhyDLL:PHY) ----> ITE (PHY ITE) = 11 (11)
[PHYDLL:DL] Waiting for frame 10
(PhyDLL:PHY) ----> SEND...>>>... Physical fields ...done
(PhyDLL:DL) ----> RECV...<<<... Physical fields ...done
(PhyDLL:DL) ----> GET... Physical field: (0) 'PHY-IN-000' ...done
(PhyDLL:DL) ----> GET... Physical field: (1) 'PHY-IN-001' ...done
(PhyDLL:DL) ----> GET... Physical field: (2) 'PHY-IN-002' ...done
(PhyDLL:DL) ----> GET... Physical field: (3) 'PHY-IN-003' ...done
(PhyDLL:DL) ----> GET... Physical field: (4) 'PHY-IN-004' ...done
(PhyDLL:DL) ----> GET... Physical field: (5) 'PHY-IN-005' ...done
(PhyDLL:DL) ----> GET... Physical field: (6) 'PHY-IN-006' ...done
(PhyDLL:DL) ----> GET... Physical field: (7) 'PHY-IN-007' ...done
(PhyDLL:DL) ----> GET... Physical field: (8) 'PHY-IN-008' ...done
(PhyDLL:DL) ----> GET... Physical field: (9) 'PHY-IN-009' ...done
(PhyDLL:DL) ----> GET... Physical field: (10) 'PHY-IN-010' ...done
(PhyDLL:DL) ----> GET... Physical field: (11) 'PHY-IN-011' ...done
(PhyDLL:DL) ----> GET... Physical field: (12) 'PHY-IN-012' ...done
(PhyDLL:DL) ----> GET... Physical field: (13) 'PHY-IN-013' ...done
(PhyDLL:DL) ----> GET... Physical field: (14) 'PHY-IN-014' ...done
(PhyDLL:DL) ----> GET... Physical field: (15) 'PHY-IN-015' ...done
(PhyDLL:DL) ----> GET... Physical field: (16) 'PHY-IN-016' ...done
(PhyDLL:DL) ----> GET... Physical field: (17) 'PHY-IN-017' ...done
[PHYDLL:DL] Received frame 10 (has_meta=0, data_size=36000000)
[PHYDLL:DL] Frame 10 extracting data: total_input_size=36000000, batch=2000000, field/rank=100000, used/rank=18
[PHYDLL:DL] Frame 10 running inference
(PhyDLL:DL) ----> SET... DL field: (0) 'DL-OUT' ...done
(PhyDLL:DL) ----> SEND...>>>... DL fields ...done
[PHYDLL:DL] sent output for frame 10
(PhyDLL:PHY) ----> RECV...<<<... DL fields ...done
(PhyDLL:PHY) ----> GET... DL field: (0) 'DL-OUT' ...done
STEP_TIMING step=11 latency_ms=512.34 min_ms=512.01 avg_ms=512.04 total_samples=2000000 throughput_samples_sec=3903666
(PhyDLL:PHY) ----> SET... Physical field: (0) 'PHY-IN-000' ...done
(PhyDLL:PHY) ----> SET... Physical field: (1) 'PHY-IN-001' ...done
(PhyDLL:PHY) ----> SET... Physical field: (2) 'PHY-IN-002' ...done
(PhyDLL:PHY) ----> SET... Physical field: (3) 'PHY-IN-003' ...done
(PhyDLL:PHY) ----> SET... Physical field: (4) 'PHY-IN-004' ...done
(PhyDLL:PHY) ----> SET... Physical field: (5) 'PHY-IN-005' ...done
(PhyDLL:PHY) ----> SET... Physical field: (6) 'PHY-IN-006' ...done
(PhyDLL:PHY) ----> SET... Physical field: (7) 'PHY-IN-007' ...done
(PhyDLL:PHY) ----> SET... Physical field: (8) 'PHY-IN-008' ...done
(PhyDLL:PHY) ----> SET... Physical field: (9) 'PHY-IN-009' ...done
(PhyDLL:PHY) ----> SET... Physical field: (10) 'PHY-IN-010' ...done
(PhyDLL:PHY) ----> SET... Physical field: (11) 'PHY-IN-011' ...done
(PhyDLL:PHY) ----> SET... Physical field: (12) 'PHY-IN-012' ...done
(PhyDLL:PHY) ----> SET... Physical field: (13) 'PHY-IN-013' ...done
(PhyDLL:PHY) ----> SET... Physical field: (14) 'PHY-IN-014' ...done
(PhyDLL:PHY) ----> SET... Physical field: (15) 'PHY-IN-015' ...done
(PhyDLL:PHY) ----> SET... Physical field: (16) 'PHY-IN-016' ...done
(PhyDLL:PHY) ----> SET... Physical field: (17) 'PHY-IN-017' ...done
(PhyDLL:DL) ----> ITE (PHY ITE) = 12 (12)
(PhyDLL:PHY) ----> ITE (PHY ITE) = 12 (12)
[PHYDLL:DL] Waiting for frame 11
(PhyDLL:PHY) ----> SEND...>>>... Physical fields ...done
(PhyDLL:DL) ----> RECV...<<<... Physical fields ...done
(PhyDLL:DL) ----> GET... Physical field: (0) 'PHY-IN-000' ...done
(PhyDLL:DL) ----> GET... Physical field: (1) 'PHY-IN-001' ...done
(PhyDLL:DL) ----> GET... Physical field: (2) 'PHY-IN-002' ...done
(PhyDLL:DL) ----> GET... Physical field: (3) 'PHY-IN-003' ...done
(PhyDLL:DL) ----> GET... Physical field: (4) 'PHY-IN-004' ...done
(PhyDLL:DL) ----> GET... Physical field: (5) 'PHY-IN-005' ...done
(PhyDLL:DL) ----> GET... Physical field: (6) 'PHY-IN-006' ...done
(PhyDLL:DL) ----> GET... Physical field: (7) 'PHY-IN-007' ...done
(PhyDLL:DL) ----> GET... Physical field: (8) 'PHY-IN-008' ...done
(PhyDLL:DL) ----> GET... Physical field: (9) 'PHY-IN-009' ...done
(PhyDLL:DL) ----> GET... Physical field: (10) 'PHY-IN-010' ...done
(PhyDLL:DL) ----> GET... Physical field: (11) 'PHY-IN-011' ...done
(PhyDLL:DL) ----> GET... Physical field: (12) 'PHY-IN-012' ...done
(PhyDLL:DL) ----> GET... Physical field: (13) 'PHY-IN-013' ...done
(PhyDLL:DL) ----> GET... Physical field: (14) 'PHY-IN-014' ...done
(PhyDLL:DL) ----> GET... Physical field: (15) 'PHY-IN-015' ...done
(PhyDLL:DL) ----> GET... Physical field: (16) 'PHY-IN-016' ...done
(PhyDLL:DL) ----> GET... Physical field: (17) 'PHY-IN-017' ...done
[PHYDLL:DL] Received frame 11 (has_meta=0, data_size=36000000)
[PHYDLL:DL] Frame 11 extracting data: total_input_size=36000000, batch=2000000, field/rank=100000, used/rank=18
[PHYDLL:DL] Frame 11 running inference
(PhyDLL:DL) ----> SET... DL field: (0) 'DL-OUT' ...done
(PhyDLL:DL) ----> SEND...>>>... DL fields ...done
[PHYDLL:DL] sent output for frame 11
(PhyDLL:PHY) ----> RECV...<<<... DL fields ...done
(PhyDLL:PHY) ----> GET... DL field: (0) 'DL-OUT' ...done
STEP_TIMING step=12 latency_ms=510.03 min_ms=509.69 avg_ms=509.93 total_samples=2000000 throughput_samples_sec=3921358

=================================================================
=== Benchmark Summary (Steady-State Steps 3 to 12) ===
=================================================================
Steady Step Count:   10
Median Latency:      513.77 ms
Mean Latency:        514.18 ms
Min Latency:         510.03 ms
Max Latency:         520.25 ms
Median Throughput:   3892763 samples/sec
=================================================================
[PHYDLL:DL] exited main loop after 12 frames
(PhyDLL:PHY) ----> Finalize... ...done
(PhyDLL:DL) ----> Finalize... ...done
[PHYDLL:DL] waiting for solver teardown
[PHYDLL:DL] client exiting cleanly
=== Finished phydll_cpp (b=2000000). Log: /rwthfs/rz/cluster/hpcwork/ro092286/smartsim/batch_memory_benchmark/logs/bench_phydll_cpp_b2000000_3053715_phydll_cpp_b2000000.log | Telemetry: /rwthfs/rz/cluster/hpcwork/ro092286/smartsim/batch_memory_benchmark/logs/bench_phydll_cpp_b2000000_3053715_phydll_cpp_b2000000_gpu_telemetry.csv ===

>>> Running Provider: phydll_py | Batch Size: 100000 <<<
=================================================================
=== Running Case: phydll_py | Batch: 100000 | ID: 3053715_phydll_py_b100000 ===
=================================================================
[DL] Starting Python DL Client...
[DL] Importing mpi4py...
[DL] mpi4py imported successfully. MPI world size = 21 rank = 20
[DL] Importing torch...
[DL] torch imported successfully.
[DL] ENABLE_SCOREP_USER not set to 1.
[DL] Entering world_comm.Split(color=MPI.UNDEFINED)
[DL] Returned from world_comm.Split
[DL] constructing PhyDLL...
[DL] calling dll.init(...)
=================================================================
=== CMI Batch & Memory Calibration Benchmark Harness          ===
=================================================================
Provider:           phydll
Config:             /rwthfs/rz/cluster/hpcwork/ro092286/smartsim/batch_memory_benchmark/configs/phydll_uniform.toml
Model Path:         /rwthfs/rz/cluster/hpcwork/ro092286/smartsim/batch_memory_benchmark/../mini_app/train_models/model_a/watercnn_cuda.pt
Solver Ranks:       20 (World size: 21)
Samples per Rank:   100000
Total Work/Step:    2000000 samples
Target Batch Size:  100000
SmartSim Min Batch: 0 (timeout=0 ms)
Total Steps:        12 (Warmup: 2)
=================================================================

[PHYDLL:PHY] before phydll_init
[PHYDLL:PHY] before phydll_init
[PHYDLL:PHY] before phydll_init
[PHYDLL:PHY] before phydll_init
[PHYDLL:PHY] before phydll_init
[PHYDLL:PHY] before phydll_init
[PHYDLL:PHY] before phydll_init
[PHYDLL:PHY] before phydll_init
[PHYDLL:PHY] before phydll_init
[PHYDLL:PHY] before phydll_init
[PHYDLL:PHY] before phydll_init[PHYDLL:PHY] before phydll_init
[PHYDLL:PHY] before phydll_init
[PHYDLL:PHY] before phydll_init[PHYDLL:PHY] before phydll_init
[PHYDLL:PHY] before phydll_init[PHYDLL:PHY] before phydll_init


[PHYDLL:PHY] before phydll_init[PHYDLL:PHY] before phydll_init
[PHYDLL:PHY] before phydll_init


[PHYDLL:CORE] kernel_init split instance=physical gl_rank=3 gl_size=21 color=0 comm_rank=3 comm_size=20
[PHYDLL:CORE] phydll_init instance=physical kernel_init complete gl_rank=3 gl_size=21 comm_rank=3 comm_size=20
[PHYDLL:CORE] kernel_init split instance=physical gl_rank=8 gl_size=21 color=0 comm_rank=8 comm_size=20
[PHYDLL:CORE] phydll_init instance=physical kernel_init complete gl_rank=8 gl_size=21 comm_rank=8 comm_size=20
[PHYDLL:CORE] kernel_init split instance=physical gl_rank=9 gl_size=21 color=0 comm_rank=9 comm_size=20
[PHYDLL:CORE] kernel_init split instance=physical gl_rank=19 gl_size=21 color=0 comm_rank=19 comm_size=20
[PHYDLL:CORE] phydll_init instance=physical kernel_init complete gl_rank=19 gl_size=21 comm_rank=19 comm_size=20
[PHYDLL:CORE] kernel_init split instance=physical gl_rank=17 gl_size=21 color=0 comm_rank=17 comm_size=20
[PHYDLL:CORE] phydll_init instance=physical kernel_init complete gl_rank=17 gl_size=21 comm_rank=17 comm_size=20
[PHYDLL:CORE] kernel_init split instance=physical gl_rank=1 gl_size=21 color=0 comm_rank=1 comm_size=20
[PHYDLL:CORE] phydll_init instance=physical kernel_init complete gl_rank=1 gl_size=21 comm_rank=1 comm_size=20
[PHYDLL:CORE] kernel_init split instance=physical gl_rank=16 gl_size=21 color=0 comm_rank=16 comm_size=20
[PHYDLL:CORE] phydll_init instance=physical kernel_init complete gl_rank=16 gl_size=21 comm_rank=16 comm_size=20
[PHYDLL:CORE] kernel_init split instance=physical gl_rank=5 gl_size=21 color=0 comm_rank=5 comm_size=20
[PHYDLL:CORE] phydll_init instance=physical kernel_init complete gl_rank=5 gl_size=21 comm_rank=5 comm_size=20
[PHYDLL:CORE] kernel_init split instance=physical gl_rank=0 gl_size=21 color=0 comm_rank=0 comm_size=20
[PHYDLL:CORE] phydll_init instance=physical kernel_init complete gl_rank=0 gl_size=21 comm_rank=0 comm_size=20
[PHYDLL:CORE] kernel_init split instance=physical gl_rank=15 gl_size=21 color=0 comm_rank=15 comm_size=20
[PHYDLL:CORE] phydll_init instance=physical kernel_init complete gl_rank=15 gl_size=21 comm_rank=15 comm_size=20
[PHYDLL:CORE] kernel_init split instance=physical gl_rank=14 gl_size=21 color=0 comm_rank=14 comm_size=20
[PHYDLL:CORE] phydll_init instance=physical kernel_init complete gl_rank=14 gl_size=21 comm_rank=14 comm_size=20
[PHYDLL:CORE] kernel_init split instance=physical gl_rank=4 gl_size=21 color=0 comm_rank=4 comm_size=20
[PHYDLL:CORE] phydll_init instance=physical kernel_init complete gl_rank=4 gl_size=21 comm_rank=4 comm_size=20
[PHYDLL:CORE] kernel_init split instance=physical gl_rank=10 gl_size=21 color=0 comm_rank=10 comm_size=20
[PHYDLL:CORE] phydll_init instance=physical kernel_init complete gl_rank=10 gl_size=21 comm_rank=10 comm_size=20
[PHYDLL:CORE] kernel_init split instance=physical gl_rank=11 gl_size=21 color=0 comm_rank=11 comm_size=20
[PHYDLL:CORE] phydll_init instance=physical kernel_init complete gl_rank=11 gl_size=21 comm_rank=11 comm_size=20
[PHYDLL:CORE] kernel_init split instance=physical gl_rank=6 gl_size=21 color=0 comm_rank=6 comm_size=20
[PHYDLL:CORE] phydll_init instance=physical kernel_init complete gl_rank=6 gl_size=21 comm_rank=6 comm_size=20
[PHYDLL:CORE] kernel_init split instance=dl gl_rank=20 gl_size=21 color=1 comm_rank=0 comm_size=1
[PHYDLL:CORE] phydll_init instance=dl kernel_init complete gl_rank=20 gl_size=21 comm_rank=0 comm_size=1
[PHYDLL:CORE] kernel_init split instance=physical gl_rank=13 gl_size=21 color=0 comm_rank=13 comm_size=20
[PHYDLL:CORE] phydll_init instance=physical kernel_init complete gl_rank=13 gl_size=21 comm_rank=13 comm_size=20
[PHYDLL:CORE] kernel_init split instance=physical gl_rank=12 gl_size=21 color=0 comm_rank=12 comm_size=20
[PHYDLL:CORE] phydll_init instance=physical kernel_init complete gl_rank=12 gl_size=21 comm_rank=12 comm_size=20
[PHYDLL:CORE] kernel_init split instance=physical gl_rank=2 gl_size=21 color=0 comm_rank=2 comm_size=20
[PHYDLL:CORE] phydll_init instance=physical kernel_init complete gl_rank=2 gl_size=21 comm_rank=2 comm_size=20
[PHYDLL:CORE] kernel_init split instance=physical gl_rank=7 gl_size=21 color=0 comm_rank=7 comm_size=20
[PHYDLL:CORE] phydll_init instance=physical kernel_init complete gl_rank=7 gl_size=21 comm_rank=7 comm_size=20
[PHYDLL:CORE] kernel_init split instance=physical gl_rank=18 gl_size=21 color=0 comm_rank=18 comm_size=20
[PHYDLL:CORE] phydll_init instance=physical kernel_init complete gl_rank=18 gl_size=21 comm_rank=18 comm_size=20
[PHYDLL:CORE] phydll_init instance=physical kernel_init complete gl_rank=9 gl_size=21 comm_rank=9 comm_size=20
*******************************************************************************
************************** <<< Welcome to PhyDLL >>> **************************
*******************************************************************************
*******************************************************************************
************************** <<< Welcome to PhyDLL >>> **************************
*******************************************************************************
[PHYDLL:CORE] phydll_init instance=physical logfile complete
[PHYDLL:CORE] phydll_init instance=physical logfile complete
[PHYDLL:CORE] phydll_init instance=physical logfile complete
[PHYDLL:CORE] phydll_init instance=physical logfile complete
[PHYDLL:CORE] phydll_init instance=physical logfile complete
[PHYDLL:CORE] phydll_init instance=physical logfile complete
[PHYDLL:CORE] phydll_init instance=physical logfile complete
[PHYDLL:CORE] phydll_init instance=physical mapping complete ndest=1
[PHYDLL:PHY] after phydll_init
[PHYDLL:PHY] uniform_chunks layout: total_input=1800000 total_output=[PHYDLL:CORE] phydll_init instance=physical logfile complete
[PHYDLL:CORE] phydll_init instance=physical logfile complete
[PHYDLL:CORE] phydll_init instance=physical mapping complete ndest=1
[PHYDLL:PHY] after phydll_init
[PHYDLL:CORE] phydll_init instance=physical logfile complete
[PHYDLL:CORE] phydll_init instance=physical logfile complete
[PHYDLL:CORE] phydll_init instance=physical logfile complete
[PHYDLL:CORE] phydll_init instance=physical logfile complete
[PHYDLL:CORE] phydll_init instance=physical logfile complete
[PHYDLL:CORE] phydll_init instance=physical mapping complete ndest=1
[PHYDLL:PHY] after phydll_init
[PHYDLL:PHY] uniform_chunks layout: total_input=1800000 total_output=100000 gcd=100000 phy_count=18 dl_count=1
[PHYDLL:CORE] phydll_init instance=physical logfile complete
[PHYDLL:CORE] phydll_init instance=physical mapping complete ndest=1
[PHYDLL:PHY] after phydll_init
[PHYDLL:PHY] uniform_chunks layout: total_input=1800000 total_output=100000 gcd=100000 phy_count=18 dl_count=1
[PHYDLL:CORE] phydll_init instance=physical logfile complete
[PHYDLL:CORE] phydll_init instance=physical logfile complete
[PHYDLL:CORE] phydll_init instance=physical mapping complete ndest=1
[PHYDLL:PHY] after phydll_init
[PHYDLL:CORE] phydll_init instance=physical logfile complete
[PHYDLL:CORE] phydll_init instance=physical mapping complete ndest=1
[PHYDLL:PHY] after phydll_init
[PHYDLL:CORE] phydll_init instance=physical logfile complete
[PHYDLL:CORE] phydll_init instance=physical logfile complete
[PHYDLL:PHY] uniform_chunks layout: total_input=1800000 total_output=100000 gcd=100000 phy_count=18 dl_count=1
[PHYDLL:PHY] uniform_chunks layout: total_input=1800000 total_output=100000 gcd=100000 phy_count=18 dl_count=1
100000 gcd=100000 phy_count=18 dl_count=1
[PHYDLL:PHY] uniform_chunks layout: total_input=1800000 total_output=100000 gcd=100000 phy_count=18 dl_count=1
[PHYDLL:CORE] phydll_init instance=physical mapping complete ndest=1
[PHYDLL:PHY] after phydll_init
[PHYDLL:PHY] uniform_chunks layout: total_input=1800000 total_output=100000 gcd=100000 phy_count=18 dl_count=1
[PHYDLL:CORE] phydll_init instance=physical mapping complete ndest=1
[PHYDLL:PHY] after phydll_init
[PHYDLL:PHY] uniform_chunks layout: total_input=1800000 total_output=100000 gcd=100000 phy_count=18 dl_count=1[PHYDLL:CORE] phydll_init instance=physical mapping complete ndest=1
[PHYDLL:PHY] after phydll_init
[PHYDLL:PHY] uniform_chunks layout: total_input=1800000 total_output=100000 gcd=100000 phy_count=18 dl_count=1

[PHYDLL:CORE] phydll_init instance=physical mapping complete ndest=1
[PHYDLL:PHY] after phydll_init
[PHYDLL:CORE] phydll_init instance=physical mapping complete ndest=1
[PHYDLL:PHY] after phydll_init
[PHYDLL:CORE] phydll_init instance=physical mapping complete ndest=1
[PHYDLL:PHY] after phydll_init
[PHYDLL:PHY] uniform_chunks layout: total_input=1800000 total_output=100000 gcd=100000 phy_count=18 dl_count=1
[PHYDLL:CORE] phydll_init instance=physical mapping complete ndest=1
[PHYDLL:PHY] after phydll_init
[PHYDLL:CORE] phydll_init instance=physical mapping complete ndest=1
[PHYDLL:PHY] after phydll_init
[PHYDLL:CORE] phydll_init instance=physical mapping complete ndest=1
[PHYDLL:PHY] after phydll_init
[PHYDLL:CORE] phydll_init instance=physical mapping complete ndest=1
[PHYDLL:PHY] after phydll_init
[PHYDLL:CORE] phydll_init instance=physical mapping complete ndest=1
[PHYDLL:PHY] after phydll_init
[PHYDLL:CORE] phydll_init instance=physical mapping complete ndest=1
[PHYDLL:PHY] after phydll_init
[PHYDLL:CORE] phydll_init instance=physical mapping complete ndest=1
[PHYDLL:PHY] after phydll_init
[PHYDLL:PHY] uniform_chunks layout: total_input=1800000 total_output=100000 gcd=100000 phy_count=18 dl_count=1
[PHYDLL:PHY] uniform_chunks layout: total_input=1800000 total_output=100000 gcd=100000 phy_count=18 dl_count=1
[PHYDLL:PHY] uniform_chunks layout: total_input=1800000 total_output=100000 gcd=100000 phy_count=18 dl_count=1
[PHYDLL:PHY] uniform_chunks layout: total_input=1800000 total_output=100000 gcd=100000 phy_count=18 dl_count=1
[PHYDLL:PHY] uniform_chunks layout: total_input=1800000 total_output=100000 gcd=100000 phy_count=18 dl_count=1
[PHYDLL:PHY] uniform_chunks layout: total_input=1800000 total_output=100000 gcd=100000 phy_count=18 dl_count=1
[PHYDLL:PHY] uniform_chunks layout: total_input=1800000 total_output=100000 gcd=100000 phy_count=18 dl_count=1
[PHYDLL:PHY] uniform_chunks layout: total_input=1800000 total_output=100000 gcd=100000 phy_count=18 dl_count=1
[PHYDLL:PHY] uniform_chunks layout: total_input=1800000 total_output=100000 gcd=100000 phy_count=18 dl_count=1
[PHYDLL:CORE] phydll_init instance=physical mapping complete ndest=1
[PHYDLL:PHY] after phydll_init
[PHYDLL:PHY] uniform_chunks layout: total_input=1800000 total_output=100000 gcd=100000 phy_count=18 dl_count=1
(PhyDLL) ----> OPTION: Coupling with loop = True
[PHYDLL:PHY] before phydll_define_phy count=[PHYDLL:PHY] before phydll_define_phy count=18 field_size=100000
[PHYDLL:PHY] before phydll_define_phy count=18 field_size=100000
[PHYDLL:PHY] before phydll_define_phy count=18 field_size=100000
[PHYDLL:PHY] before phydll_define_phy count=18 field_size=100000
[PHYDLL:PHY] before phydll_define_phy count=18 field_size=100000
[PHYDLL:PHY] before phydll_define_phy count=18 field_size=100000
[PHYDLL:PHY] before phydll_define_phy count=18 field_size=100000
[PHYDLL:PHY] before phydll_define_phy count=18 field_size=100000
[PHYDLL:PHY] before phydll_define_phy count=18 field_size=100000
[PHYDLL:CORE] _kernel_alloc_fields begin gl_rank=0 phy_bcast_root=0 dl_bcast_root=20
[PHYDLL:PHY] before phydll_define_phy count=18 field_size=100000
[PHYDLL:PHY] before phydll_define_phy count=18 field_size=100000
[PHYDLL:PHY] before phydll_define_phy count=18 field_size=100000
[PHYDLL:PHY] before phydll_define_phy count=18 field_size=100000
[PHYDLL:PHY] before phydll_define_phy count=18 field_size=100000
[PHYDLL:PHY] before phydll_define_phy count=18 field_size=100000
[PHYDLL:PHY] before phydll_define_phy count=18 field_size=100000
[PHYDLL:PHY] before phydll_define_phy count=18 field_size=100000
[PHYDLL:PHY] before phydll_define_phy count=18 field_size=100000
[PHYDLL:PHY] before phydll_define_phy count=18 field_size=100000
[PHYDLL:CORE] _kernel_alloc_fields begin gl_rank=17 phy_bcast_root=0 dl_bcast_root=20
[PHYDLL:CORE] _kernel_alloc_fields begin gl_rank=16 phy_bcast_root=0 dl_bcast_root=20
[PHYDLL:CORE] _kernel_alloc_fields begin gl_rank=18 phy_bcast_root=0 dl_bcast_root=20
[PHYDLL:CORE] _kernel_alloc_fields begin gl_rank=19 phy_bcast_root=0 dl_bcast_root=20
[PHYDLL:CORE] _kernel_alloc_fields begin gl_rank=2 phy_bcast_root=0 dl_bcast_root=20
[PHYDLL:CORE] _kernel_alloc_fields begin gl_rank=12 phy_bcast_root=0 dl_bcast_root=20
[PHYDLL:CORE] _kernel_alloc_fields begin gl_rank=14 phy_bcast_root=0 dl_bcast_root=20
[PHYDLL:CORE] _kernel_alloc_fields begin gl_rank=4 phy_bcast_root=0 dl_bcast_root=20
[PHYDLL:CORE] _kernel_alloc_fields begin gl_rank=15 phy_bcast_root=0 dl_bcast_root=20
18 field_size=100000
[PHYDLL:CORE] _kernel_alloc_fields begin gl_rank=8 phy_bcast_root=0 dl_bcast_root=20
[PHYDLL:CORE] _kernel_alloc_fields begin gl_rank=3 phy_bcast_root=0 dl_bcast_root=20
[PHYDLL:CORE] _kernel_alloc_fields begin gl_rank=13 phy_bcast_root=0 dl_bcast_root=20
[PHYDLL:CORE] _kernel_alloc_fields begin gl_rank=10 phy_bcast_root=0 dl_bcast_root=20
[PHYDLL:CORE] _kernel_alloc_fields begin gl_rank=1 phy_bcast_root=0 dl_bcast_root=20
[PHYDLL:CORE] _kernel_alloc_fields begin gl_rank=11 phy_bcast_root=0 dl_bcast_root=20
[PHYDLL:CORE] _kernel_alloc_fields begin gl_rank=9 phy_bcast_root=0 dl_bcast_root=20
[PHYDLL:CORE] _kernel_alloc_fields begin gl_rank=7 phy_bcast_root=0 dl_bcast_root=20
[PHYDLL:CORE] _kernel_alloc_fields begin gl_rank=6 phy_bcast_root=0 dl_bcast_root=20
[PHYDLL:CORE] _kernel_alloc_fields begin gl_rank=5 phy_bcast_root=0 dl_bcast_root=20
[PHYDLL:CORE] phydll_init instance=dl logfile complete
[PHYDLL:CORE] kernel_ds_mapping DL before allgather gl_rank=20 comm_rank=0 comm_size=1 ndest=20
[PHYDLL:CORE] kernel_ds_mapping DL complete gl_rank=20 ndest=20
[PHYDLL:CORE] phydll_init instance=dl mapping complete ndest=20
[DL] Calling dll.define_dl...
[DL] torch threads: intra=1, inter=96
[PHYDLL:CORE] kernel_alloc_dl_fields before mesh broadcast gl_rank=20
[PHYDLL:CORE] kernel_alloc_dl_fields after mesh broadcast gl_rank=20
[PHYDLL:CORE] kernel_alloc_dl_fields after field-size exchange gl_rank=20
[PHYDLL:CORE] _kernel_agg_field_sizes ndest=20 gl_rank=20
[PHYDLL:CORE]   sizes_list[0]=100000 -> accum=100000
[PHYDLL:CORE]   sizes_list[1]=100000 -> accum=200000
[PHYDLL:CORE]   sizes_list[2]=100000 -> accum=300000
[PHYDLL:CORE]   sizes_list[3]=100000 -> accum=400000
[PHYDLL:CORE]   sizes_list[4]=100000 -> accum=500000
[PHYDLL:CORE]   sizes_list[5]=100000 -> accum=600000
[PHYDLL:CORE]   sizes_list[6]=100000 -> accum=700000
[PHYDLL:CORE]   sizes_list[7]=100000 -> accum=800000
[PHYDLL:CORE]   sizes_list[8]=100000 -> accum=900000
[PHYDLL:CORE]   sizes_list[9]=100000 -> accum=1000000
[PHYDLL:CORE]   sizes_list[10]=100000 -> accum=1100000
[PHYDLL:CORE]   sizes_list[11]=100000 -> accum=1200000
[PHYDLL:CORE]   sizes_list[12]=100000 -> accum=1300000
[PHYDLL:CORE]   sizes_list[13]=100000 -> accum=1400000
[PHYDLL:CORE]   sizes_list[14]=100000 -> accum=1500000
[PHYDLL:CORE]   sizes_list[15]=100000 -> accum=1600000
[PHYDLL:CORE]   sizes_list[16]=100000 -> accum=1700000
[PHYDLL:CORE]   sizes_list[17]=100000 -> accum=1800000
[PHYDLL:CORE]   sizes_list[18]=100000 -> accum=1900000
[PHYDLL:CORE]   sizes_list[19]=100000 -> accum=2000000
[PHYDLL:CORE] _kernel_alloc_fields begin gl_rank=20 phy_bcast_root=0 dl_bcast_root=20
[PHYDLL:CORE] _kernel_alloc_fields bcasts done gl_rank=13 phy_count=18 dl_count=1 size=100000
[PHYDLL:CORE] _kernel_alloc_fields field_t arrays alloc done gl_rank=13 phy_ptr=0x456c0a0 dl_ptr=0x4295650
[PHYDLL:CORE]   allocating phy_field[0] size=100000 bytes=800000
[PHYDLL:CORE] _kernel_alloc_fields bcasts done gl_rank=20 phy_count=18 dl_count=1 size=2000000
[PHYDLL:CORE] _kernel_alloc_fields field_t arrays alloc done gl_rank=20 phy_ptr=0x563c13ba4ea0 dl_ptr=0x563c13a38d80
[PHYDLL:CORE]   allocating phy_field[0] size=2000000 bytes=16000000
[PHYDLL:CORE] _kernel_alloc_fields bcasts done gl_rank=9 phy_count=18 dl_count=1 size=100000
[PHYDLL:CORE] _kernel_alloc_fields field_t arrays alloc done gl_rank=9 phy_ptr=0x456c0f0 dl_ptr=0x4295540
[PHYDLL:CORE]   allocating phy_field[0] size=100000 bytes=800000
[PHYDLL:CORE] _kernel_alloc_fields bcasts done gl_rank=7 phy_count=18 dl_count=1 size=100000
[PHYDLL:CORE] _kernel_alloc_fields field_t arrays alloc done gl_rank=7 phy_ptr=0x40e7050 dl_ptr=0x46196b0
[PHYDLL:CORE]   allocating phy_field[0] size=100000 bytes=800000
[PHYDLL:CORE] _kernel_alloc_fields bcasts done gl_rank=6 phy_count=18 dl_count=1 size=100000
[PHYDLL:CORE] _kernel_alloc_fields field_t arrays alloc done gl_rank=6 phy_ptr=0x456d020 dl_ptr=0x461af40
[PHYDLL:CORE]   allocating phy_field[0] size=100000 bytes=800000
[PHYDLL:CORE] _kernel_alloc_fields bcasts done gl_rank=17 phy_count=18 dl_count=1 size=100000
[PHYDLL:CORE] _kernel_alloc_fields field_t arrays alloc done gl_rank=17 phy_ptr=0x4619010 dl_ptr=0x4417800
[PHYDLL:CORE]   allocating phy_field[0] size=100000 bytes=800000
[PHYDLL:CORE] _kernel_alloc_fields bcasts done gl_rank=8 phy_count=18 dl_count=1 size=100000
[PHYDLL:CORE] _kernel_alloc_fields field_t arrays alloc done gl_rank=8 phy_ptr=0x4732110 dl_ptr=0x46dfa50
[PHYDLL:CORE]   allocating phy_field[0] size=100000 bytes=800000
[PHYDLL:CORE] _kernel_alloc_fields bcasts done gl_rank=3 phy_count=18 dl_count=1 size=100000
[PHYDLL:CORE] _kernel_alloc_fields field_t arrays alloc done gl_rank=3 phy_ptr=0x4295050 dl_ptr=0x447d7a0
[PHYDLL:CORE]   allocating phy_field[0] size=100000 bytes=800000
[PHYDLL:CORE] _kernel_alloc_fields bcasts done gl_rank=18 phy_count=18 dl_count=1 size=100000
[PHYDLL:CORE] _kernel_alloc_fields field_t arrays alloc done gl_rank=18 phy_ptr=0x46df010 dl_ptr=0x447dd60
[PHYDLL:CORE]   allocating phy_field[0] size=100000 bytes=800000
[PHYDLL:CORE] _kernel_alloc_fields bcasts done gl_rank=19 phy_count=18 dl_count=1 size=100000
[PHYDLL:CORE] _kernel_alloc_fields field_t arrays alloc done gl_rank=19 phy_ptr=0x46d0010 dl_ptr=0x456ba40
[PHYDLL:CORE]   allocating phy_field[0] size=100000 bytes=800000
[PHYDLL:CORE] _kernel_alloc_fields bcasts done gl_rank=16 phy_count=18 dl_count=1 size=100000
[PHYDLL:CORE] _kernel_alloc_fields field_t arrays alloc done gl_rank=16 phy_ptr=0x456c420 dl_ptr=0x42952e0
[PHYDLL:CORE]   allocating phy_field[0] size=100000 bytes=800000
[PHYDLL:CORE] _kernel_alloc_fields bcasts done gl_rank=2 phy_count=18 dl_count=1 size=100000
[PHYDLL:CORE] _kernel_alloc_fields field_t arrays alloc done gl_rank=2 phy_ptr=0x437f010 dl_ptr=0x46df720
[PHYDLL:CORE]   allocating phy_field[0] size=100000 bytes=800000
[PHYDLL:CORE] _kernel_alloc_fields bcasts done gl_rank=12 phy_count=18 dl_count=1 size=100000
[PHYDLL:CORE] _kernel_alloc_fields field_t arrays alloc done gl_rank=12 phy_ptr=0x4711820 dl_ptr=0x4295560
[PHYDLL:CORE]   allocating phy_field[0] size=100000 bytes=800000
[PHYDLL:CORE] _kernel_alloc_fields bcasts done gl_rank=14 phy_count=18 dl_count=1 size=100000
[PHYDLL:CORE] _kernel_alloc_fields field_t arrays alloc done gl_rank=14 phy_ptr=0x4732110 dl_ptr=0x46dfc20
[PHYDLL:CORE]   allocating phy_field[0] size=100000 bytes=800000
[PHYDLL:CORE] _kernel_alloc_fields bcasts done gl_rank=10 phy_count=18 dl_count=1 size=100000
[PHYDLL:CORE] _kernel_alloc_fields field_t arrays alloc done gl_rank=10 phy_ptr=0x47110d0 dl_ptr=0x4295dc0
[PHYDLL:CORE]   allocating phy_field[0] size=100000 bytes=800000
[PHYDLL:CORE] _kernel_alloc_fields bcasts done gl_rank=1 phy_count=18 dl_count=1 size=100000
[PHYDLL:CORE] _kernel_alloc_fields field_t arrays alloc done gl_rank=1 phy_ptr=0x47a5940 dl_ptr=0x447de80
[PHYDLL:CORE]   allocating phy_field[0] size=100000 bytes=800000
[PHYDLL:CORE] _kernel_alloc_fields bcasts done gl_rank=4 phy_count=18 dl_count=1 size=100000
[PHYDLL:CORE] _kernel_alloc_fields field_t arrays alloc done gl_rank=4 phy_ptr=0x456b7b0 dl_ptr=0x46df2f0
[PHYDLL:CORE]   allocating phy_field[0] size=100000 bytes=800000
[PHYDLL:CORE] _kernel_alloc_fields bcasts done gl_rank=11 phy_count=18 dl_count=1 size=100000
[PHYDLL:CORE] _kernel_alloc_fields field_t arrays alloc done gl_rank=11 phy_ptr=0x4711760 dl_ptr=0x42952f0
[PHYDLL:CORE]   allocating phy_field[0] size=100000 bytes=800000
[PHYDLL:CORE] _kernel_alloc_fields bcasts done gl_rank=5 phy_count=18 dl_count=1 size=100000
[PHYDLL:CORE] _kernel_alloc_fields field_t arrays alloc done gl_rank=5 phy_ptr=0x456b8d0 dl_ptr=0x4619aa0
[PHYDLL:CORE]   allocating phy_field[0] size=100000 bytes=800000
[PHYDLL:CORE] _kernel_alloc_fields bcasts done gl_rank=15 phy_count=18 dl_count=1 size=100000
[PHYDLL:CORE] _kernel_alloc_fields field_t arrays alloc done gl_rank=15 phy_ptr=0x437f900 dl_ptr=0x4295670
[PHYDLL:CORE]   allocating phy_field[0] size=100000 bytes=800000
[PHYDLL:CORE] _kernel_alloc_fields bcasts done gl_rank=0 phy_count=18 dl_count=1 size=100000
[PHYDLL:CORE] _kernel_alloc_fields field_t arrays alloc done gl_rank=0 phy_ptr=0x4713b60 dl_ptr=0x4381b00
[PHYDLL:CORE]   allocating phy_field[0] size=100000 bytes=800000
[PHYDLL:CORE]   allocating phy_field[1] size=100000 bytes=800000
[PHYDLL:CORE]   allocating phy_field[1] size=100000 bytes=800000
[PHYDLL:CORE]   allocating phy_field[1] size=100000 bytes=800000
[PHYDLL:CORE]   allocating phy_field[1] size=100000 bytes=800000
[PHYDLL:CORE]   allocating phy_field[1] size=100000 bytes=800000
[PHYDLL:CORE]   allocating phy_field[1] size=100000 bytes=800000
[PHYDLL:CORE]   allocating phy_field[1] size=100000 bytes=800000
[PHYDLL:CORE]   allocating phy_field[1] size=100000 bytes=800000
[PHYDLL:CORE]   allocating phy_field[1] size=100000 bytes=800000
[PHYDLL:CORE]   allocating phy_field[1] size=100000 bytes=800000
[PHYDLL:CORE]   allocating phy_field[1] size=100000 bytes=800000
[PHYDLL:CORE]   allocating phy_field[1] size=100000 bytes=800000
[PHYDLL:CORE]   allocating phy_field[1] size=100000 bytes=800000
[PHYDLL:CORE]   allocating phy_field[1] size=100000 bytes=800000
[PHYDLL:CORE]   allocating phy_field[1] size=100000 bytes=800000
[PHYDLL:CORE]   allocating phy_field[1] size=100000 bytes=800000
[PHYDLL:CORE]   allocating phy_field[1] size=100000 bytes=800000
[PHYDLL:CORE]   allocating phy_field[1] size=100000 bytes=800000
[PHYDLL:CORE]   allocating phy_field[1] size=100000 bytes=800000
[PHYDLL:CORE]   allocating phy_field[1] size=100000 bytes=800000
[PHYDLL:CORE]   allocating phy_field[2] size=100000 bytes=800000
[PHYDLL:CORE]   allocating phy_field[2] size=100000 bytes=800000
[PHYDLL:CORE]   allocating phy_field[2] size=100000 bytes=800000
[PHYDLL:CORE]   allocating phy_field[2] size=100000 bytes=800000
[PHYDLL:CORE]   allocating phy_field[2] size=100000 bytes=800000
[PHYDLL:CORE]   allocating phy_field[2] size=100000 bytes=800000
[PHYDLL:CORE]   allocating phy_field[2] size=100000 bytes=800000
[PHYDLL:CORE]   allocating phy_field[2] size=100000 bytes=800000
[PHYDLL:CORE]   allocating phy_field[2] size=100000 bytes=800000
[PHYDLL:CORE]   allocating phy_field[2] size=100000 bytes=800000
[PHYDLL:CORE]   allocating phy_field[2] size=100000 bytes=800000
[PHYDLL:CORE]   allocating phy_field[2] size=100000 bytes=800000
[PHYDLL:CORE]   allocating phy_field[2] size=100000 bytes=800000
[PHYDLL:CORE]   allocating phy_field[2] size=100000 bytes=800000
[PHYDLL:CORE]   allocating phy_field[2] size=100000 bytes=800000
[PHYDLL:CORE]   allocating phy_field[2] size=100000 bytes=800000
[PHYDLL:CORE]   allocating phy_field[2] size=100000 bytes=800000
[PHYDLL:CORE]   allocating phy_field[2] size=100000 bytes=800000
[PHYDLL:CORE]   allocating phy_field[2] size=100000 bytes=800000
[PHYDLL:CORE]   allocating phy_field[2] size=100000 bytes=800000
[PHYDLL:CORE]   allocating phy_field[3] size=100000 bytes=800000
[PHYDLL:CORE]   allocating phy_field[3] size=100000 bytes=800000
[PHYDLL:CORE]   allocating phy_field[3] size=100000 bytes=800000
[PHYDLL:CORE]   allocating phy_field[3] size=100000 bytes=800000
[PHYDLL:CORE]   allocating phy_field[3] size=100000 bytes=800000
[PHYDLL:CORE]   allocating phy_field[3] size=100000 bytes=800000
[PHYDLL:CORE]   allocating phy_field[3] size=100000 bytes=800000
[PHYDLL:CORE]   allocating phy_field[3] size=100000 bytes=800000
[PHYDLL:CORE]   allocating phy_field[3] size=100000 bytes=800000
[PHYDLL:CORE]   allocating phy_field[3] size=100000 bytes=800000
[PHYDLL:CORE]   allocating phy_field[3] size=100000 bytes=800000
[PHYDLL:CORE]   allocating phy_field[3] size=100000 bytes=800000
[PHYDLL:CORE]   allocating phy_field[3] size=100000 bytes=800000
[PHYDLL:CORE]   allocating phy_field[3] size=100000 bytes=800000
[PHYDLL:CORE]   allocating phy_field[3] size=100000 bytes=800000
[PHYDLL:CORE]   allocating phy_field[3] size=100000 bytes=800000
[PHYDLL:CORE]   allocating phy_field[3] size=100000 bytes=800000
[PHYDLL:CORE]   allocating phy_field[3] size=100000 bytes=800000
[PHYDLL:CORE]   allocating phy_field[3] size=100000 bytes=800000
[PHYDLL:CORE]   allocating phy_field[3] size=100000 bytes=800000
[PHYDLL:CORE]   allocating phy_field[4] size=100000 bytes=800000
[PHYDLL:CORE]   allocating phy_field[4] size=100000 bytes=800000
[PHYDLL:CORE]   allocating phy_field[4] size=100000 bytes=800000
[PHYDLL:CORE]   allocating phy_field[4] size=100000 bytes=800000
[PHYDLL:CORE]   allocating phy_field[4] size=100000 bytes=800000
[PHYDLL:CORE]   allocating phy_field[4] size=100000 bytes=800000
[PHYDLL:CORE]   allocating phy_field[4] size=100000 bytes=800000
[PHYDLL:CORE]   allocating phy_field[4] size=100000 bytes=800000
[PHYDLL:CORE]   allocating phy_field[4] size=100000 bytes=800000
[PHYDLL:CORE]   allocating phy_field[4] size=100000 bytes=800000
[PHYDLL:CORE]   allocating phy_field[4] size=100000 bytes=800000
[PHYDLL:CORE]   allocating phy_field[4] size=100000 bytes=800000
[PHYDLL:CORE]   allocating phy_field[4] size=100000 bytes=800000
[PHYDLL:CORE]   allocating phy_field[4] size=100000 bytes=800000
[PHYDLL:CORE]   allocating phy_field[4] size=100000 bytes=800000
[PHYDLL:CORE]   allocating phy_field[4] size=100000 bytes=800000
[PHYDLL:CORE]   allocating phy_field[4] size=100000 bytes=800000
[PHYDLL:CORE]   allocating phy_field[4] size=100000 bytes=800000
[PHYDLL:CORE]   allocating phy_field[4] size=100000 bytes=800000
[PHYDLL:CORE]   allocating phy_field[4] size=100000 bytes=800000
[PHYDLL:CORE]   allocating phy_field[5] size=100000 bytes=800000
[PHYDLL:CORE]   allocating phy_field[5] size=100000 bytes=800000
[PHYDLL:CORE]   allocating phy_field[5] size=100000 bytes=800000
[PHYDLL:CORE]   allocating phy_field[5] size=100000 bytes=800000
[PHYDLL:CORE]   allocating phy_field[5] size=100000 bytes=800000
[PHYDLL:CORE]   allocating phy_field[5] size=100000 bytes=800000
[PHYDLL:CORE]   allocating phy_field[5] size=100000 bytes=800000
[PHYDLL:CORE]   allocating phy_field[5] size=100000 bytes=800000
[PHYDLL:CORE]   allocating phy_field[5] size=100000 bytes=800000
[PHYDLL:CORE]   allocating phy_field[5] size=100000 bytes=800000
[PHYDLL:CORE]   allocating phy_field[5] size=100000 bytes=800000
[PHYDLL:CORE]   allocating phy_field[5] size=100000 bytes=800000
[PHYDLL:CORE]   allocating phy_field[5] size=100000 bytes=800000
[PHYDLL:CORE]   allocating phy_field[5] size=100000 bytes=800000
[PHYDLL:CORE]   allocating phy_field[5] size=100000 bytes=800000
[PHYDLL:CORE]   allocating phy_field[5] size=100000 bytes=800000
[PHYDLL:CORE]   allocating phy_field[5] size=100000 bytes=800000
[PHYDLL:CORE]   allocating phy_field[5] size=100000 bytes=800000
[PHYDLL:CORE]   allocating phy_field[5] size=100000 bytes=800000
[PHYDLL:CORE]   allocating phy_field[5] size=100000 bytes=800000
[PHYDLL:CORE]   allocating phy_field[6] size=100000 bytes=800000
[PHYDLL:CORE]   allocating phy_field[6] size=100000 bytes=800000
[PHYDLL:CORE]   allocating phy_field[6] size=100000 bytes=800000
[PHYDLL:CORE]   allocating phy_field[6] size=100000 bytes=800000
[PHYDLL:CORE]   allocating phy_field[6] size=100000 bytes=800000
[PHYDLL:CORE]   allocating phy_field[6] size=100000 bytes=800000
[PHYDLL:CORE]   allocating phy_field[6] size=100000 bytes=800000
[PHYDLL:CORE]   allocating phy_field[6] size=100000 bytes=800000
[PHYDLL:CORE]   allocating phy_field[6] size=100000 bytes=800000
[PHYDLL:CORE]   allocating phy_field[6] size=100000 bytes=800000
[PHYDLL:CORE]   allocating phy_field[6] size=100000 bytes=800000
[PHYDLL:CORE]   allocating phy_field[6] size=100000 bytes=800000
[PHYDLL:CORE]   allocating phy_field[6] size=100000 bytes=800000
[PHYDLL:CORE]   allocating phy_field[6] size=100000 bytes=800000
[PHYDLL:CORE]   allocating phy_field[6] size=100000 bytes=800000
[PHYDLL:CORE]   allocating phy_field[6] size=100000 bytes=800000
[PHYDLL:CORE]   allocating phy_field[6] size=100000 bytes=800000
[PHYDLL:CORE]   allocating phy_field[6] size=100000 bytes=800000
[PHYDLL:CORE]   allocating phy_field[6] size=100000 bytes=800000
[PHYDLL:CORE]   allocating phy_field[6] size=100000 bytes=800000
[PHYDLL:CORE]   allocating phy_field[7] size=100000 bytes=800000
[PHYDLL:CORE]   allocating phy_field[7] size=100000 bytes=800000
[PHYDLL:CORE]   allocating phy_field[7] size=100000 bytes=800000
[PHYDLL:CORE]   allocating phy_field[7] size=100000 bytes=800000
[PHYDLL:CORE]   allocating phy_field[7] size=100000 bytes=800000
[PHYDLL:CORE]   allocating phy_field[7] size=100000 bytes=800000
[PHYDLL:CORE]   allocating phy_field[7] size=100000 bytes=800000
[PHYDLL:CORE]   allocating phy_field[7] size=100000 bytes=800000
[PHYDLL:CORE]   allocating phy_field[7] size=100000 bytes=800000
[PHYDLL:CORE]   allocating phy_field[7] size=100000 bytes=800000
[PHYDLL:CORE]   allocating phy_field[7] size=100000 bytes=800000
[PHYDLL:CORE]   allocating phy_field[7] size=100000 bytes=800000
[PHYDLL:CORE]   allocating phy_field[7] size=100000 bytes=800000
[PHYDLL:CORE]   allocating phy_field[7] size=100000 bytes=800000
[PHYDLL:CORE]   allocating phy_field[7] size=100000 bytes=800000
[PHYDLL:CORE]   allocating phy_field[7] size=100000 bytes=800000
[PHYDLL:CORE]   allocating phy_field[7] size=100000 bytes=800000
[PHYDLL:CORE]   allocating phy_field[7] size=100000 bytes=800000
[PHYDLL:CORE]   allocating phy_field[7] size=100000 bytes=800000
[PHYDLL:CORE]   allocating phy_field[7] size=100000 bytes=800000
[PHYDLL:CORE]   allocating phy_field[8] size=100000 bytes=800000
[PHYDLL:CORE]   allocating phy_field[8] size=100000 bytes=800000
[PHYDLL:CORE]   allocating phy_field[8] size=100000 bytes=800000
[PHYDLL:CORE]   allocating phy_field[8] size=100000 bytes=800000
[PHYDLL:CORE]   allocating phy_field[8] size=100000 bytes=800000
[PHYDLL:CORE]   allocating phy_field[8] size=100000 bytes=800000
[PHYDLL:CORE]   allocating phy_field[8] size=100000 bytes=800000
[PHYDLL:CORE]   allocating phy_field[8] size=100000 bytes=800000
[PHYDLL:CORE]   allocating phy_field[8] size=100000 bytes=800000
[PHYDLL:CORE]   allocating phy_field[8] size=100000 bytes=800000
[PHYDLL:CORE]   allocating phy_field[8] size=100000 bytes=800000
[PHYDLL:CORE]   allocating phy_field[8] size=100000 bytes=800000
[PHYDLL:CORE]   allocating phy_field[8] size=100000 bytes=800000
[PHYDLL:CORE]   allocating phy_field[8] size=100000 bytes=800000
[PHYDLL:CORE]   allocating phy_field[8] size=100000 bytes=800000
[PHYDLL:CORE]   allocating phy_field[8] size=100000 bytes=800000
[PHYDLL:CORE]   allocating phy_field[8] size=100000 bytes=800000
[PHYDLL:CORE]   allocating phy_field[8] size=100000 bytes=800000
[PHYDLL:CORE]   allocating phy_field[8] size=100000 bytes=800000
[PHYDLL:CORE]   allocating phy_field[8] size=100000 bytes=800000
[PHYDLL:CORE]   allocating phy_field[9] size=100000 bytes=800000
[PHYDLL:CORE]   allocating phy_field[9] size=100000 bytes=800000
[PHYDLL:CORE]   allocating phy_field[9] size=100000 bytes=800000
[PHYDLL:CORE]   allocating phy_field[9] size=100000 bytes=800000
[PHYDLL:CORE]   allocating phy_field[9] size=100000 bytes=800000
[PHYDLL:CORE]   allocating phy_field[9] size=100000 bytes=800000
[PHYDLL:CORE]   allocating phy_field[9] size=100000 bytes=800000
[PHYDLL:CORE]   allocating phy_field[9] size=100000 bytes=800000
[PHYDLL:CORE]   allocating phy_field[9] size=100000 bytes=800000
[PHYDLL:CORE]   allocating phy_field[9] size=100000 bytes=800000
[PHYDLL:CORE]   allocating phy_field[9] size=100000 bytes=800000
[PHYDLL:CORE]   allocating phy_field[9] size=100000 bytes=800000
[PHYDLL:CORE]   allocating phy_field[9] size=100000 bytes=800000
[PHYDLL:CORE]   allocating phy_field[9] size=100000 bytes=800000
[PHYDLL:CORE]   allocating phy_field[9] size=100000 bytes=800000
[PHYDLL:CORE]   allocating phy_field[9] size=100000 bytes=800000
[PHYDLL:CORE]   allocating phy_field[9] size=100000 bytes=800000
[PHYDLL:CORE]   allocating phy_field[9] size=100000 bytes=800000
[PHYDLL:CORE]   allocating phy_field[9] size=100000 bytes=800000
[PHYDLL:CORE]   allocating phy_field[9] size=100000 bytes=800000
[PHYDLL:CORE]   allocating phy_field[10] size=100000 bytes=800000
[PHYDLL:CORE]   allocating phy_field[10] size=100000 bytes=800000
[PHYDLL:CORE]   allocating phy_field[10] size=100000 bytes=800000
[PHYDLL:CORE]   allocating phy_field[10] size=100000 bytes=800000
[PHYDLL:CORE]   allocating phy_field[10] size=100000 bytes=800000
[PHYDLL:CORE]   allocating phy_field[10] size=100000 bytes=800000
[PHYDLL:CORE]   allocating phy_field[10] size=100000 bytes=800000
[PHYDLL:CORE]   allocating phy_field[10] size=100000 bytes=800000
[PHYDLL:CORE]   allocating phy_field[10] size=100000 bytes=800000
[PHYDLL:CORE]   allocating phy_field[10] size=100000 bytes=800000
[PHYDLL:CORE]   allocating phy_field[10] size=100000 bytes=800000
[PHYDLL:CORE]   allocating phy_field[10] size=100000 bytes=800000
[PHYDLL:CORE]   allocating phy_field[10] size=100000 bytes=800000
[PHYDLL:CORE]   allocating phy_field[10] size=100000 bytes=800000
[PHYDLL:CORE]   allocating phy_field[10] size=100000 bytes=800000
[PHYDLL:CORE]   allocating phy_field[10] size=100000 bytes=800000
[PHYDLL:CORE]   allocating phy_field[10] size=100000 bytes=800000
[PHYDLL:CORE]   allocating phy_field[10] size=100000 bytes=800000
[PHYDLL:CORE]   allocating phy_field[10] size=100000 bytes=800000
[PHYDLL:CORE]   allocating phy_field[10] size=100000 bytes=800000
[PHYDLL:CORE]   allocating phy_field[11] size=100000 bytes=800000
[PHYDLL:CORE]   allocating phy_field[1] size=2000000 bytes=16000000
[PHYDLL:CORE]   allocating phy_field[11] size=100000 bytes=800000
[PHYDLL:CORE]   allocating phy_field[11] size=100000 bytes=800000
[PHYDLL:CORE]   allocating phy_field[11] size=100000 bytes=800000
[PHYDLL:CORE]   allocating phy_field[11] size=100000 bytes=800000
[PHYDLL:CORE]   allocating phy_field[11] size=100000 bytes=800000
[PHYDLL:CORE]   allocating phy_field[11] size=100000 bytes=800000
[PHYDLL:CORE]   allocating phy_field[11] size=100000 bytes=800000
[PHYDLL:CORE]   allocating phy_field[11] size=100000 bytes=800000
[PHYDLL:CORE]   allocating phy_field[11] size=100000 bytes=800000
[PHYDLL:CORE]   allocating phy_field[11] size=100000 bytes=800000
[PHYDLL:CORE]   allocating phy_field[11] size=100000 bytes=800000
[PHYDLL:CORE]   allocating phy_field[11] size=100000 bytes=800000
[PHYDLL:CORE]   allocating phy_field[11] size=100000 bytes=800000
[PHYDLL:CORE]   allocating phy_field[11] size=100000 bytes=800000
[PHYDLL:CORE]   allocating phy_field[11] size=100000 bytes=800000
[PHYDLL:CORE]   allocating phy_field[11] size=100000 bytes=800000
[PHYDLL:CORE]   allocating phy_field[11] size=100000 bytes=800000
[PHYDLL:CORE]   allocating phy_field[11] size=100000 bytes=800000
[PHYDLL:CORE]   allocating phy_field[11] size=100000 bytes=800000
[PHYDLL:CORE]   allocating phy_field[12] size=100000 bytes=800000
[PHYDLL:CORE]   allocating phy_field[12] size=100000 bytes=800000
[PHYDLL:CORE]   allocating phy_field[12] size=100000 bytes=800000
[PHYDLL:CORE]   allocating phy_field[12] size=100000 bytes=800000
[PHYDLL:CORE]   allocating phy_field[12] size=100000 bytes=800000
[PHYDLL:CORE]   allocating phy_field[12] size=100000 bytes=800000
[PHYDLL:CORE]   allocating phy_field[12] size=100000 bytes=800000
[PHYDLL:CORE]   allocating phy_field[12] size=100000 bytes=800000
[PHYDLL:CORE]   allocating phy_field[12] size=100000 bytes=800000
[PHYDLL:CORE]   allocating phy_field[12] size=100000 bytes=800000
[PHYDLL:CORE]   allocating phy_field[12] size=100000 bytes=800000
[PHYDLL:CORE]   allocating phy_field[12] size=100000 bytes=800000
[PHYDLL:CORE]   allocating phy_field[12] size=100000 bytes=800000
[PHYDLL:CORE]   allocating phy_field[12] size=100000 bytes=800000
[PHYDLL:CORE]   allocating phy_field[12] size=100000 bytes=800000
[PHYDLL:CORE]   allocating phy_field[12] size=100000 bytes=800000
[PHYDLL:CORE]   allocating phy_field[12] size=100000 bytes=800000
[PHYDLL:CORE]   allocating phy_field[12] size=100000 bytes=800000
[PHYDLL:CORE]   allocating phy_field[12] size=100000 bytes=800000
[PHYDLL:CORE]   allocating phy_field[12] size=100000 bytes=800000
[PHYDLL:CORE]   allocating phy_field[13] size=100000 bytes=800000
[PHYDLL:CORE]   allocating phy_field[13] size=100000 bytes=800000
[PHYDLL:CORE]   allocating phy_field[13] size=100000 bytes=800000
[PHYDLL:CORE]   allocating phy_field[13] size=100000 bytes=800000
[PHYDLL:CORE]   allocating phy_field[13] size=100000 bytes=800000
[PHYDLL:CORE]   allocating phy_field[13] size=100000 bytes=800000
[PHYDLL:CORE]   allocating phy_field[13] size=100000 bytes=800000
[PHYDLL:CORE]   allocating phy_field[13] size=100000 bytes=800000
[PHYDLL:CORE]   allocating phy_field[13] size=100000 bytes=800000
[PHYDLL:CORE]   allocating phy_field[13] size=100000 bytes=800000
[PHYDLL:CORE]   allocating phy_field[13] size=100000 bytes=800000
[PHYDLL:CORE]   allocating phy_field[13] size=100000 bytes=800000
[PHYDLL:CORE]   allocating phy_field[13] size=100000 bytes=800000
[PHYDLL:CORE]   allocating phy_field[13] size=100000 bytes=800000
[PHYDLL:CORE]   allocating phy_field[13] size=100000 bytes=800000
[PHYDLL:CORE]   allocating phy_field[13] size=100000 bytes=800000
[PHYDLL:CORE]   allocating phy_field[13] size=100000 bytes=800000
[PHYDLL:CORE]   allocating phy_field[13] size=100000 bytes=800000
[PHYDLL:CORE]   allocating phy_field[13] size=100000 bytes=800000
[PHYDLL:CORE]   allocating phy_field[13] size=100000 bytes=800000
[PHYDLL:CORE]   allocating phy_field[14] size=100000 bytes=800000
[PHYDLL:CORE]   allocating phy_field[14] size=100000 bytes=800000
[PHYDLL:CORE]   allocating phy_field[14] size=100000 bytes=800000
[PHYDLL:CORE]   allocating phy_field[14] size=100000 bytes=800000
[PHYDLL:CORE]   allocating phy_field[14] size=100000 bytes=800000
[PHYDLL:CORE]   allocating phy_field[14] size=100000 bytes=800000
[PHYDLL:CORE]   allocating phy_field[14] size=100000 bytes=800000
[PHYDLL:CORE]   allocating phy_field[14] size=100000 bytes=800000
[PHYDLL:CORE]   allocating phy_field[14] size=100000 bytes=800000
[PHYDLL:CORE]   allocating phy_field[14] size=100000 bytes=800000
[PHYDLL:CORE]   allocating phy_field[14] size=100000 bytes=800000
[PHYDLL:CORE]   allocating phy_field[14] size=100000 bytes=800000
[PHYDLL:CORE]   allocating phy_field[14] size=100000 bytes=800000
[PHYDLL:CORE]   allocating phy_field[14] size=100000 bytes=800000
[PHYDLL:CORE]   allocating phy_field[14] size=100000 bytes=800000
[PHYDLL:CORE]   allocating phy_field[14] size=100000 bytes=800000
[PHYDLL:CORE]   allocating phy_field[14] size=100000 bytes=800000
[PHYDLL:CORE]   allocating phy_field[14] size=100000 bytes=800000
[PHYDLL:CORE]   allocating phy_field[14] size=100000 bytes=800000
[PHYDLL:CORE]   allocating phy_field[15] size=100000 bytes=800000
[PHYDLL:CORE]   allocating phy_field[15] size=100000 bytes=800000
[PHYDLL:CORE]   allocating phy_field[15] size=100000 bytes=800000
[PHYDLL:CORE]   allocating phy_field[14] size=100000 bytes=800000
[PHYDLL:CORE]   allocating phy_field[15] size=100000 bytes=800000
[PHYDLL:CORE]   allocating phy_field[15] size=100000 bytes=800000
[PHYDLL:CORE]   allocating phy_field[15] size=100000 bytes=800000
[PHYDLL:CORE]   allocating phy_field[15] size=100000 bytes=800000
[PHYDLL:CORE]   allocating phy_field[15] size=100000 bytes=800000
[PHYDLL:CORE]   allocating phy_field[15] size=100000 bytes=800000
[PHYDLL:CORE]   allocating phy_field[15] size=100000 bytes=800000
[PHYDLL:CORE]   allocating phy_field[15] size=100000 bytes=800000
[PHYDLL:CORE]   allocating phy_field[15] size=100000 bytes=800000
[PHYDLL:CORE]   allocating phy_field[15] size=100000 bytes=800000
[PHYDLL:CORE]   allocating phy_field[15] size=100000 bytes=800000
[PHYDLL:CORE]   allocating phy_field[15] size=100000 bytes=800000
[PHYDLL:CORE]   allocating phy_field[15] size=100000 bytes=800000
[PHYDLL:CORE]   allocating phy_field[15] size=100000 bytes=800000
[PHYDLL:CORE]   allocating phy_field[15] size=100000 bytes=800000
[PHYDLL:CORE]   allocating phy_field[15] size=100000 bytes=800000
[PHYDLL:CORE]   allocating phy_field[16] size=100000 bytes=800000
[PHYDLL:CORE]   allocating phy_field[16] size=100000 bytes=800000
[PHYDLL:CORE]   allocating phy_field[15] size=100000 bytes=800000
[PHYDLL:CORE]   allocating phy_field[16] size=100000 bytes=800000
[PHYDLL:CORE]   allocating phy_field[16] size=100000 bytes=800000
[PHYDLL:CORE]   allocating phy_field[16] size=100000 bytes=800000
[PHYDLL:CORE]   allocating phy_field[16] size=100000 bytes=800000
[PHYDLL:CORE]   allocating phy_field[16] size=100000 bytes=800000
[PHYDLL:CORE]   allocating phy_field[16] size=100000 bytes=800000
[PHYDLL:CORE]   allocating phy_field[16] size=100000 bytes=800000
[PHYDLL:CORE]   allocating phy_field[16] size=100000 bytes=800000
[PHYDLL:CORE]   allocating phy_field[16] size=100000 bytes=800000
[PHYDLL:CORE]   allocating phy_field[16] size=100000 bytes=800000
[PHYDLL:CORE]   allocating phy_field[16] size=100000 bytes=800000
[PHYDLL:CORE]   allocating phy_field[16] size=100000 bytes=800000
[PHYDLL:CORE]   allocating phy_field[16] size=100000 bytes=800000
[PHYDLL:CORE]   allocating phy_field[16] size=100000 bytes=800000
[PHYDLL:CORE]   allocating phy_field[16] size=100000 bytes=800000
[PHYDLL:CORE]   allocating phy_field[16] size=100000 bytes=800000
[PHYDLL:CORE]   allocating phy_field[17] size=100000 bytes=800000
[PHYDLL:CORE]   allocating phy_field[17] size=100000 bytes=800000
[PHYDLL:CORE]   allocating phy_field[16] size=100000 bytes=800000
[PHYDLL:CORE]   allocating phy_field[17] size=100000 bytes=800000
[PHYDLL:CORE]   allocating phy_field[16] size=100000 bytes=800000
[PHYDLL:CORE]   allocating phy_field[17] size=100000 bytes=800000
[PHYDLL:CORE]   allocating phy_field[17] size=100000 bytes=800000
[PHYDLL:CORE]   allocating phy_field[17] size=100000 bytes=800000
[PHYDLL:CORE]   allocating phy_field[17] size=100000 bytes=800000
[PHYDLL:CORE]   allocating phy_field[17] size=100000 bytes=800000
[PHYDLL:CORE]   allocating phy_field[17] size=100000 bytes=800000
[PHYDLL:CORE]   allocating phy_field[17] size=100000 bytes=800000
[PHYDLL:CORE]   allocating phy_field[17] size=100000 bytes=800000
[PHYDLL:CORE]   allocating phy_field[17] size=100000 bytes=800000
[PHYDLL:CORE]   allocating phy_field[17] size=100000 bytes=800000
[PHYDLL:CORE]   allocating phy_field[17] size=100000 bytes=800000
[PHYDLL:CORE]   allocating phy_field[17] size=100000 bytes=800000
[PHYDLL:CORE]   allocating phy_field[17] size=100000 bytes=800000
[PHYDLL:CORE]   allocating phy_field[17] size=100000 bytes=800000
[PHYDLL:CORE]   allocating phy_field[17] size=100000 bytes=800000
[PHYDLL:CORE]   allocating dl_field[0] size=100000 bytes=800000
[PHYDLL:CORE]   allocating dl_field[0] size=100000 bytes=800000
[PHYDLL:CORE]   allocating dl_field[0] size=100000 bytes=800000
[PHYDLL:CORE]   allocating phy_field[17] size=100000 bytes=800000
[PHYDLL:CORE]   allocating dl_field[0] size=100000 bytes=800000
[PHYDLL:CORE]   allocating dl_field[0] size=100000 bytes=800000
[PHYDLL:CORE]   allocating dl_field[0] size=100000 bytes=800000
[PHYDLL:CORE]   allocating dl_field[0] size=100000 bytes=800000
[PHYDLL:CORE]   allocating dl_field[0] size=100000 bytes=800000
[PHYDLL:CORE]   allocating phy_field[17] size=100000 bytes=800000
[PHYDLL:CORE]   allocating dl_field[0] size=100000 bytes=800000
[PHYDLL:CORE]   allocating dl_field[0] size=100000 bytes=800000
[PHYDLL:CORE]   allocating dl_field[0] size=100000 bytes=800000
[PHYDLL:CORE]   allocating dl_field[0] size=100000 bytes=800000
[PHYDLL:CORE]   allocating dl_field[0] size=100000 bytes=800000
[PHYDLL:CORE]   allocating dl_field[0] size=100000 bytes=800000
[PHYDLL:CORE]   allocating dl_field[0] size=100000 bytes=800000
[PHYDLL:CORE]   allocating dl_field[0] size=100000 bytes=800000
[PHYDLL:CORE]   allocating dl_field[0] size=100000 bytes=800000
[PHYDLL:CORE]   allocating dl_field[0] size=100000 bytes=800000
[PHYDLL:CORE] _kernel_alloc_fields complete gl_rank=10
[PHYDLL:PHY] after phydll_define_phy
[PHYDLL:CORE] _kernel_alloc_fields complete gl_rank=19
[PHYDLL:PHY] after phydll_define_phy
[PHYDLL:CORE] _kernel_alloc_fields complete gl_rank=3
[PHYDLL:PHY] after phydll_define_phy
[PHYDLL:CORE] _kernel_alloc_fields complete gl_rank=4
[PHYDLL:PHY] after phydll_define_phy
[PHYDLL:CORE] _kernel_alloc_fields complete gl_rank=7
[PHYDLL:PHY] after phydll_define_phy
[PHYDLL:CORE] _kernel_alloc_fields complete gl_rank=5
[PHYDLL:PHY] after phydll_define_phy
[PHYDLL:CORE]   allocating dl_field[0] size=100000 bytes=800000
[PHYDLL:CORE]   allocating dl_field[0] size=100000 bytes=800000
[PHYDLL:CORE] _kernel_alloc_fields complete gl_rank=12
[PHYDLL:PHY] after phydll_define_phy
[PHYDLL:CORE] _kernel_alloc_fields complete gl_rank=2
[PHYDLL:PHY] after phydll_define_phy
[PHYDLL:CORE] _kernel_alloc_fields complete gl_rank=1
[PHYDLL:PHY] after phydll_define_phy
[PHYDLL:CORE] _kernel_alloc_fields complete gl_rank=17
[PHYDLL:PHY] after phydll_define_phy
[PHYDLL:CORE] _kernel_alloc_fields complete gl_rank=9
[PHYDLL:CORE] _kernel_alloc_fields complete gl_rank=11
[PHYDLL:PHY] after phydll_define_phy
[PHYDLL:CORE] _kernel_alloc_fields complete gl_rank=18
[PHYDLL:PHY] after phydll_define_phy
[PHYDLL:PHY] after phydll_define_phy
[PHYDLL:CORE] _kernel_alloc_fields complete gl_rank=8
[PHYDLL:PHY] after phydll_define_phy[PHYDLL:CORE] _kernel_alloc_fields complete gl_rank=0
[PHYDLL:CORE] _kernel_alloc_fields complete gl_rank=15
[PHYDLL:PHY] after phydll_define_phy
[PHYDLL:PHY] after phydll_define_phy
[PHYDLL:PHY] Rank 0 starting metadata handshake. Synchronizing with DL side...

[PHYDLL:CORE] _kernel_alloc_fields complete gl_rank=6
[PHYDLL:PHY] after phydll_define_phy
[PHYDLL:PHY] Handshake synchronization complete.
[PHYDLL:CORE] _kernel_alloc_fields complete gl_rank=16
[PHYDLL:PHY] after phydll_define_phy
[PHYDLL:CORE] _kernel_alloc_fields complete gl_rank=14
[PHYDLL:PHY] after phydll_define_phy[PHYDLL:CORE] _kernel_alloc_fields complete gl_rank=13
[PHYDLL:PHY] after phydll_define_phy

[PHYDLL:CORE]   allocating phy_field[2] size=2000000 bytes=16000000
[PHYDLL:CORE]   allocating phy_field[3] size=2000000 bytes=16000000
CMI initialized successfully. Starting benchmark steps...

[PHYDLL:CORE]   allocating phy_field[4] size=2000000 bytes=16000000
(PhyDLL:PHY) ----> SET... Physical field: (0) 'PHY-IN-000' ...done
(PhyDLL:PHY) ----> SET... Physical field: (1) 'PHY-IN-001' ...done
(PhyDLL:PHY) ----> SET... Physical field: (2) 'PHY-IN-002' ...done
(PhyDLL:PHY) ----> SET... Physical field: (3) 'PHY-IN-003' ...done
(PhyDLL:PHY) ----> SET... Physical field: (4) 'PHY-IN-004' ...done
(PhyDLL:PHY) ----> SET... Physical field: (5) 'PHY-IN-005' ...done
(PhyDLL:PHY) ----> SET... Physical field: (6) 'PHY-IN-006' ...done
(PhyDLL:PHY) ----> SET... Physical field: (7) 'PHY-IN-007' ...done
(PhyDLL:PHY) ----> SET... Physical field: (8) 'PHY-IN-008' ...done
(PhyDLL:PHY) ----> SET... Physical field: (9) 'PHY-IN-009' ...done
(PhyDLL:PHY) ----> SET... Physical field: (10) 'PHY-IN-010' ...done
(PhyDLL:PHY) ----> SET... Physical field: (11) 'PHY-IN-011' ...done
(PhyDLL:PHY) ----> SET... Physical field: (12) 'PHY-IN-012' ...done
(PhyDLL:PHY) ----> SET... Physical field: (13) 'PHY-IN-013' ...done
(PhyDLL:PHY) ----> SET... Physical field: (14) 'PHY-IN-014' ...done
(PhyDLL:PHY) ----> SET... Physical field: (15) 'PHY-IN-015' ...done
(PhyDLL:PHY) ----> SET... Physical field: (16) 'PHY-IN-016' ...done
(PhyDLL:PHY) ----> SET... Physical field: (17) 'PHY-IN-017' ...done
(PhyDLL:PHY) ----> ITE (PHY ITE) = 1 (1)
[PHYDLL:CORE]   allocating phy_field[5] size=2000000 bytes=16000000
[PHYDLL:CORE]   allocating phy_field[6] size=2000000 bytes=16000000
[PHYDLL:CORE]   allocating phy_field[7] size=2000000 bytes=16000000
[PHYDLL:CORE]   allocating phy_field[8] size=2000000 bytes=16000000
[PHYDLL:CORE]   allocating phy_field[9] size=2000000 bytes=16000000
[PHYDLL:CORE]   allocating phy_field[10] size=2000000 bytes=16000000
[PHYDLL:CORE]   allocating phy_field[11] size=2000000 bytes=16000000
[PHYDLL:CORE]   allocating phy_field[12] size=2000000 bytes=16000000
[PHYDLL:CORE]   allocating phy_field[13] size=2000000 bytes=16000000
[PHYDLL:CORE]   allocating phy_field[14] size=2000000 bytes=16000000
[PHYDLL:CORE]   allocating phy_field[15] size=2000000 bytes=16000000
[PHYDLL:CORE]   allocating phy_field[16] size=2000000 bytes=16000000
[PHYDLL:CORE]   allocating phy_field[17] size=2000000 bytes=16000000
[PHYDLL:CORE]   allocating dl_field[0] size=2000000 bytes=16000000
[PHYDLL:CORE] _kernel_alloc_fields complete gl_rank=20
[DL] Returned from dll.define_dl.
[DL] calling dll.get_local_mpi_comm()...
[DL] Returned from dll.get_local_mpi_comm().
(PhyDLL:DL) ----> ITE (PHY ITE) = 1 (1)
[DL 20] Calling dll.recv(only=True) (uniform_chunks)...
(PhyDLL:PHY) ----> SEND...>>>... Physical fields ...done
(PhyDLL:DL) ----> RECV...<<<... Physical fields ...done
(PhyDLL:DL) ----> GET... Physical field: (0) 'PHY-IN-000' ...done
(PhyDLL:DL) ----> GET... Physical field: (1) 'PHY-IN-001' ...done
(PhyDLL:DL) ----> GET... Physical field: (2) 'PHY-IN-002' ...done
(PhyDLL:DL) ----> GET... Physical field: (3) 'PHY-IN-003' ...done
(PhyDLL:DL) ----> GET... Physical field: (4) 'PHY-IN-004' ...done
(PhyDLL:DL) ----> GET... Physical field: (5) 'PHY-IN-005' ...done
(PhyDLL:DL) ----> GET... Physical field: (6) 'PHY-IN-006' ...done
(PhyDLL:DL) ----> GET... Physical field: (7) 'PHY-IN-007' ...done
(PhyDLL:DL) ----> GET... Physical field: (8) 'PHY-IN-008' ...done
(PhyDLL:DL) ----> GET... Physical field: (9) 'PHY-IN-009' ...done
(PhyDLL:DL) ----> GET... Physical field: (10) 'PHY-IN-010' ...done
(PhyDLL:DL) ----> GET... Physical field: (11) 'PHY-IN-011' ...done
(PhyDLL:DL) ----> GET... Physical field: (12) 'PHY-IN-012' ...done
(PhyDLL:DL) ----> GET... Physical field: (13) 'PHY-IN-013' ...done
(PhyDLL:DL) ----> GET... Physical field: (14) 'PHY-IN-014' ...done
(PhyDLL:DL) ----> GET... Physical field: (15) 'PHY-IN-015' ...done
(PhyDLL:DL) ----> GET... Physical field: (16) 'PHY-IN-016' ...done
(PhyDLL:DL) ----> GET... Physical field: (17) 'PHY-IN-017' ...done
[PHYDLL:DL:PY] Using local DL rank 0 mapped to GPU device index: 0
[PHYDLL:DL:PY] model loaded
[PHYDLL:DL:PY] meta init model_path='/rwthfs/rz/cluster/hpcwork/ro092286/smartsim/batch_memory_benchmark/../mini_app/train_models/model_a/watercnn_cuda.pt' total_input=36000000 total_output=2000000
(PhyDLL:DL) ----> SET... DL field: (0) 'DL-OUT' ...done
(PhyDLL:DL) ----> SEND...>>>... DL fields ...done
(PhyDLL:PHY) ----> RECV...<<<... DL fields ...done
(PhyDLL:PHY) ----> GET... DL field: (0) 'DL-OUT' ...done
STEP_TIMING step=1 latency_ms=16016.70 min_ms=16016.57 avg_ms=16016.64 total_samples=2000000 throughput_samples_sec=124870
(PhyDLL:PHY) ----> SET... Physical field: (0) 'PHY-IN-000' ...done
(PhyDLL:PHY) ----> SET... Physical field: (1) 'PHY-IN-001' ...done
(PhyDLL:PHY) ----> SET... Physical field: (2) 'PHY-IN-002' ...done
(PhyDLL:PHY) ----> SET... Physical field: (3) 'PHY-IN-003' ...done
(PhyDLL:PHY) ----> SET... Physical field: (4) 'PHY-IN-004' ...done
(PhyDLL:PHY) ----> SET... Physical field: (5) 'PHY-IN-005' ...done
(PhyDLL:PHY) ----> SET... Physical field: (6) 'PHY-IN-006' ...done
(PhyDLL:PHY) ----> SET... Physical field: (7) 'PHY-IN-007' ...done
(PhyDLL:PHY) ----> SET... Physical field: (8) 'PHY-IN-008' ...done
(PhyDLL:PHY) ----> SET... Physical field: (9) 'PHY-IN-009' ...done
(PhyDLL:PHY) ----> SET... Physical field: (10) 'PHY-IN-010' ...done
(PhyDLL:PHY) ----> SET... Physical field: (11) 'PHY-IN-011' ...done
(PhyDLL:PHY) ----> SET... Physical field: (12) 'PHY-IN-012' ...done
(PhyDLL:PHY) ----> SET... Physical field: (13) 'PHY-IN-013' ...done
(PhyDLL:PHY) ----> SET... Physical field: (14) 'PHY-IN-014' ...done
(PhyDLL:PHY) ----> SET... Physical field: (15) 'PHY-IN-015' ...done
(PhyDLL:PHY) ----> SET... Physical field: (16) 'PHY-IN-016' ...done
(PhyDLL:PHY) ----> SET... Physical field: (17) 'PHY-IN-017' ...done
(PhyDLL:DL) ----> ITE (PHY ITE) = 2 (2)
(PhyDLL:PHY) ----> ITE (PHY ITE) = 2 (2)
[DL 20] Calling dll.recv(only=True) (uniform_chunks)...
(PhyDLL:PHY) ----> SEND...>>>... Physical fields ...done
(PhyDLL:DL) ----> RECV...<<<... Physical fields ...done
(PhyDLL:DL) ----> GET... Physical field: (0) 'PHY-IN-000' ...done
(PhyDLL:DL) ----> GET... Physical field: (1) 'PHY-IN-001' ...done
(PhyDLL:DL) ----> GET... Physical field: (2) 'PHY-IN-002' ...done
(PhyDLL:DL) ----> GET... Physical field: (3) 'PHY-IN-003' ...done
(PhyDLL:DL) ----> GET... Physical field: (4) 'PHY-IN-004' ...done
(PhyDLL:DL) ----> GET... Physical field: (5) 'PHY-IN-005' ...done
(PhyDLL:DL) ----> GET... Physical field: (6) 'PHY-IN-006' ...done
(PhyDLL:DL) ----> GET... Physical field: (7) 'PHY-IN-007' ...done
(PhyDLL:DL) ----> GET... Physical field: (8) 'PHY-IN-008' ...done
(PhyDLL:DL) ----> GET... Physical field: (9) 'PHY-IN-009' ...done
(PhyDLL:DL) ----> GET... Physical field: (10) 'PHY-IN-010' ...done
(PhyDLL:DL) ----> GET... Physical field: (11) 'PHY-IN-011' ...done
(PhyDLL:DL) ----> GET... Physical field: (12) 'PHY-IN-012' ...done
(PhyDLL:DL) ----> GET... Physical field: (13) 'PHY-IN-013' ...done
(PhyDLL:DL) ----> GET... Physical field: (14) 'PHY-IN-014' ...done
(PhyDLL:DL) ----> GET... Physical field: (15) 'PHY-IN-015' ...done
(PhyDLL:DL) ----> GET... Physical field: (16) 'PHY-IN-016' ...done
(PhyDLL:DL) ----> GET... Physical field: (17) 'PHY-IN-017' ...done
(PhyDLL:DL) ----> SET... DL field: (0) 'DL-OUT' ...done
(PhyDLL:PHY) ----> RECV...<<<... DL fields ...done
(PhyDLL:DL) ----> SEND...>>>... DL fields ...done
(PhyDLL:PHY) ----> GET... DL field: (0) 'DL-OUT' ...done
STEP_TIMING step=2 latency_ms=334.06 min_ms=333.91 avg_ms=334.04 total_samples=2000000 throughput_samples_sec=5986873
(PhyDLL:PHY) ----> SET... Physical field: (0) 'PHY-IN-000' ...done
(PhyDLL:PHY) ----> SET... Physical field: (1) 'PHY-IN-001' ...done
(PhyDLL:PHY) ----> SET... Physical field: (2) 'PHY-IN-002' ...done
(PhyDLL:PHY) ----> SET... Physical field: (3) 'PHY-IN-003' ...done
(PhyDLL:PHY) ----> SET... Physical field: (4) 'PHY-IN-004' ...done
(PhyDLL:PHY) ----> SET... Physical field: (5) 'PHY-IN-005' ...done
(PhyDLL:PHY) ----> SET... Physical field: (6) 'PHY-IN-006' ...done
(PhyDLL:PHY) ----> SET... Physical field: (7) 'PHY-IN-007' ...done
(PhyDLL:PHY) ----> SET... Physical field: (8) 'PHY-IN-008' ...done
(PhyDLL:PHY) ----> SET... Physical field: (9) 'PHY-IN-009' ...done
(PhyDLL:PHY) ----> SET... Physical field: (10) 'PHY-IN-010' ...done
(PhyDLL:PHY) ----> SET... Physical field: (11) 'PHY-IN-011' ...done
(PhyDLL:PHY) ----> SET... Physical field: (12) 'PHY-IN-012' ...done
(PhyDLL:PHY) ----> SET... Physical field: (13) 'PHY-IN-013' ...done
(PhyDLL:PHY) ----> SET... Physical field: (14) 'PHY-IN-014' ...done
(PhyDLL:PHY) ----> SET... Physical field: (15) 'PHY-IN-015' ...done
(PhyDLL:PHY) ----> SET... Physical field: (16) 'PHY-IN-016' ...done
(PhyDLL:PHY) ----> SET... Physical field: (17) 'PHY-IN-017' ...done
(PhyDLL:PHY) ----> ITE (PHY ITE) = 3 (3)
(PhyDLL:DL) ----> ITE (PHY ITE) = 3 (3)
[DL 20] Calling dll.recv(only=True) (uniform_chunks)...
(PhyDLL:PHY) ----> SEND...>>>... Physical fields ...done
(PhyDLL:DL) ----> RECV...<<<... Physical fields ...done
(PhyDLL:DL) ----> GET... Physical field: (0) 'PHY-IN-000' ...done
(PhyDLL:DL) ----> GET... Physical field: (1) 'PHY-IN-001' ...done
(PhyDLL:DL) ----> GET... Physical field: (2) 'PHY-IN-002' ...done
(PhyDLL:DL) ----> GET... Physical field: (3) 'PHY-IN-003' ...done
(PhyDLL:DL) ----> GET... Physical field: (4) 'PHY-IN-004' ...done
(PhyDLL:DL) ----> GET... Physical field: (5) 'PHY-IN-005' ...done
(PhyDLL:DL) ----> GET... Physical field: (6) 'PHY-IN-006' ...done
(PhyDLL:DL) ----> GET... Physical field: (7) 'PHY-IN-007' ...done
(PhyDLL:DL) ----> GET... Physical field: (8) 'PHY-IN-008' ...done
(PhyDLL:DL) ----> GET... Physical field: (9) 'PHY-IN-009' ...done
(PhyDLL:DL) ----> GET... Physical field: (10) 'PHY-IN-010' ...done
(PhyDLL:DL) ----> GET... Physical field: (11) 'PHY-IN-011' ...done
(PhyDLL:DL) ----> GET... Physical field: (12) 'PHY-IN-012' ...done
(PhyDLL:DL) ----> GET... Physical field: (13) 'PHY-IN-013' ...done
(PhyDLL:DL) ----> GET... Physical field: (14) 'PHY-IN-014' ...done
(PhyDLL:DL) ----> GET... Physical field: (15) 'PHY-IN-015' ...done
(PhyDLL:DL) ----> GET... Physical field: (16) 'PHY-IN-016' ...done
(PhyDLL:DL) ----> GET... Physical field: (17) 'PHY-IN-017' ...done
(PhyDLL:DL) ----> SET... DL field: (0) 'DL-OUT' ...done
(PhyDLL:PHY) ----> RECV...<<<... DL fields ...done
(PhyDLL:DL) ----> SEND...>>>... DL fields ...done
(PhyDLL:PHY) ----> GET... DL field: (0) 'DL-OUT' ...done
STEP_TIMING step=3 latency_ms=300.73 min_ms=300.57 avg_ms=300.71 total_samples=2000000 throughput_samples_sec=6650482
(PhyDLL:PHY) ----> SET... Physical field: (0) 'PHY-IN-000' ...done
(PhyDLL:PHY) ----> SET... Physical field: (1) 'PHY-IN-001' ...done
(PhyDLL:PHY) ----> SET... Physical field: (2) 'PHY-IN-002' ...done
(PhyDLL:PHY) ----> SET... Physical field: (3) 'PHY-IN-003' ...done
(PhyDLL:PHY) ----> SET... Physical field: (4) 'PHY-IN-004' ...done
(PhyDLL:PHY) ----> SET... Physical field: (5) 'PHY-IN-005' ...done
(PhyDLL:PHY) ----> SET... Physical field: (6) 'PHY-IN-006' ...done
(PhyDLL:PHY) ----> SET... Physical field: (7) 'PHY-IN-007' ...done
(PhyDLL:PHY) ----> SET... Physical field: (8) 'PHY-IN-008' ...done
(PhyDLL:PHY) ----> SET... Physical field: (9) 'PHY-IN-009' ...done
(PhyDLL:PHY) ----> SET... Physical field: (10) 'PHY-IN-010' ...done
(PhyDLL:PHY) ----> SET... Physical field: (11) 'PHY-IN-011' ...done
(PhyDLL:PHY) ----> SET... Physical field: (12) 'PHY-IN-012' ...done
(PhyDLL:PHY) ----> SET... Physical field: (13) 'PHY-IN-013' ...done
(PhyDLL:PHY) ----> SET... Physical field: (14) 'PHY-IN-014' ...done
(PhyDLL:PHY) ----> SET... Physical field: (15) 'PHY-IN-015' ...done
(PhyDLL:DL) ----> ITE (PHY ITE) = 4 (4)
(PhyDLL:PHY) ----> SET... Physical field: (16) 'PHY-IN-016' ...done
(PhyDLL:PHY) ----> SET... Physical field: (17) 'PHY-IN-017' ...done
(PhyDLL:PHY) ----> ITE (PHY ITE) = 4 (4)
[DL 20] Calling dll.recv(only=True) (uniform_chunks)...
(PhyDLL:PHY) ----> SEND...>>>... Physical fields ...done
(PhyDLL:DL) ----> RECV...<<<... Physical fields ...done
(PhyDLL:DL) ----> GET... Physical field: (0) 'PHY-IN-000' ...done
(PhyDLL:DL) ----> GET... Physical field: (1) 'PHY-IN-001' ...done
(PhyDLL:DL) ----> GET... Physical field: (2) 'PHY-IN-002' ...done
(PhyDLL:DL) ----> GET... Physical field: (3) 'PHY-IN-003' ...done
(PhyDLL:DL) ----> GET... Physical field: (4) 'PHY-IN-004' ...done
(PhyDLL:DL) ----> GET... Physical field: (5) 'PHY-IN-005' ...done
(PhyDLL:DL) ----> GET... Physical field: (6) 'PHY-IN-006' ...done
(PhyDLL:DL) ----> GET... Physical field: (7) 'PHY-IN-007' ...done
(PhyDLL:DL) ----> GET... Physical field: (8) 'PHY-IN-008' ...done
(PhyDLL:DL) ----> GET... Physical field: (9) 'PHY-IN-009' ...done
(PhyDLL:DL) ----> GET... Physical field: (10) 'PHY-IN-010' ...done
(PhyDLL:DL) ----> GET... Physical field: (11) 'PHY-IN-011' ...done
(PhyDLL:DL) ----> GET... Physical field: (12) 'PHY-IN-012' ...done
(PhyDLL:DL) ----> GET... Physical field: (13) 'PHY-IN-013' ...done
(PhyDLL:DL) ----> GET... Physical field: (14) 'PHY-IN-014' ...done
(PhyDLL:DL) ----> GET... Physical field: (15) 'PHY-IN-015' ...done
(PhyDLL:DL) ----> GET... Physical field: (16) 'PHY-IN-016' ...done
(PhyDLL:DL) ----> GET... Physical field: (17) 'PHY-IN-017' ...done
(PhyDLL:DL) ----> SET... DL field: (0) 'DL-OUT' ...done
(PhyDLL:PHY) ----> RECV...<<<... DL fields ...done
(PhyDLL:DL) ----> SEND...>>>... DL fields ...done
(PhyDLL:PHY) ----> GET... DL field: (0) 'DL-OUT' ...done
STEP_TIMING step=4 latency_ms=296.72 min_ms=296.26 avg_ms=296.46 total_samples=2000000 throughput_samples_sec=6740356
(PhyDLL:PHY) ----> SET... Physical field: (0) 'PHY-IN-000' ...done
(PhyDLL:PHY) ----> SET... Physical field: (1) 'PHY-IN-001' ...done
(PhyDLL:PHY) ----> SET... Physical field: (2) 'PHY-IN-002' ...done
(PhyDLL:PHY) ----> SET... Physical field: (3) 'PHY-IN-003' ...done
(PhyDLL:PHY) ----> SET... Physical field: (4) 'PHY-IN-004' ...done
(PhyDLL:PHY) ----> SET... Physical field: (5) 'PHY-IN-005' ...done
(PhyDLL:PHY) ----> SET... Physical field: (6) 'PHY-IN-006' ...done
(PhyDLL:PHY) ----> SET... Physical field: (7) 'PHY-IN-007' ...done
(PhyDLL:PHY) ----> SET... Physical field: (8) 'PHY-IN-008' ...done
(PhyDLL:PHY) ----> SET... Physical field: (9) 'PHY-IN-009' ...done
(PhyDLL:PHY) ----> SET... Physical field: (10) 'PHY-IN-010' ...done
(PhyDLL:PHY) ----> SET... Physical field: (11) 'PHY-IN-011' ...done
(PhyDLL:PHY) ----> SET... Physical field: (12) 'PHY-IN-012' ...done
(PhyDLL:PHY) ----> SET... Physical field: (13) 'PHY-IN-013' ...done
(PhyDLL:PHY) ----> SET... Physical field: (14) 'PHY-IN-014' ...done
(PhyDLL:PHY) ----> SET... Physical field: (15) 'PHY-IN-015' ...done
(PhyDLL:PHY) ----> SET... Physical field: (16) 'PHY-IN-016' ...done
(PhyDLL:PHY) ----> SET... Physical field: (17) 'PHY-IN-017' ...done
(PhyDLL:DL) ----> ITE (PHY ITE) = 5 (5)
(PhyDLL:PHY) ----> ITE (PHY ITE) = 5 (5)
[DL 20] Calling dll.recv(only=True) (uniform_chunks)...
(PhyDLL:PHY) ----> SEND...>>>... Physical fields ...done
(PhyDLL:DL) ----> RECV...<<<... Physical fields ...done
(PhyDLL:DL) ----> GET... Physical field: (0) 'PHY-IN-000' ...done
(PhyDLL:DL) ----> GET... Physical field: (1) 'PHY-IN-001' ...done
(PhyDLL:DL) ----> GET... Physical field: (2) 'PHY-IN-002' ...done
(PhyDLL:DL) ----> GET... Physical field: (3) 'PHY-IN-003' ...done
(PhyDLL:DL) ----> GET... Physical field: (4) 'PHY-IN-004' ...done
(PhyDLL:DL) ----> GET... Physical field: (5) 'PHY-IN-005' ...done
(PhyDLL:DL) ----> GET... Physical field: (6) 'PHY-IN-006' ...done
(PhyDLL:DL) ----> GET... Physical field: (7) 'PHY-IN-007' ...done
(PhyDLL:DL) ----> GET... Physical field: (8) 'PHY-IN-008' ...done
(PhyDLL:DL) ----> GET... Physical field: (9) 'PHY-IN-009' ...done
(PhyDLL:DL) ----> GET... Physical field: (10) 'PHY-IN-010' ...done
(PhyDLL:DL) ----> GET... Physical field: (11) 'PHY-IN-011' ...done
(PhyDLL:DL) ----> GET... Physical field: (12) 'PHY-IN-012' ...done
(PhyDLL:DL) ----> GET... Physical field: (13) 'PHY-IN-013' ...done
(PhyDLL:DL) ----> GET... Physical field: (14) 'PHY-IN-014' ...done
(PhyDLL:DL) ----> GET... Physical field: (15) 'PHY-IN-015' ...done
(PhyDLL:DL) ----> GET... Physical field: (16) 'PHY-IN-016' ...done
(PhyDLL:DL) ----> GET... Physical field: (17) 'PHY-IN-017' ...done
(PhyDLL:DL) ----> SET... DL field: (0) 'DL-OUT' ...done
(PhyDLL:DL) ----> SEND...>>>... DL fields ...done
(PhyDLL:PHY) ----> RECV...<<<... DL fields ...done
(PhyDLL:PHY) ----> GET... DL field: (0) 'DL-OUT' ...done
STEP_TIMING step=5 latency_ms=299.44 min_ms=299.19 avg_ms=299.35 total_samples=2000000 throughput_samples_sec=6679189
(PhyDLL:PHY) ----> SET... Physical field: (0) 'PHY-IN-000' ...done
(PhyDLL:PHY) ----> SET... Physical field: (1) 'PHY-IN-001' ...done
(PhyDLL:PHY) ----> SET... Physical field: (2) 'PHY-IN-002' ...done
(PhyDLL:PHY) ----> SET... Physical field: (3) 'PHY-IN-003' ...done
(PhyDLL:PHY) ----> SET... Physical field: (4) 'PHY-IN-004' ...done
(PhyDLL:PHY) ----> SET... Physical field: (5) 'PHY-IN-005' ...done
(PhyDLL:PHY) ----> SET... Physical field: (6) 'PHY-IN-006' ...done
(PhyDLL:PHY) ----> SET... Physical field: (7) 'PHY-IN-007' ...done
(PhyDLL:PHY) ----> SET... Physical field: (8) 'PHY-IN-008' ...done
(PhyDLL:PHY) ----> SET... Physical field: (9) 'PHY-IN-009' ...done
(PhyDLL:PHY) ----> SET... Physical field: (10) 'PHY-IN-010' ...done
(PhyDLL:PHY) ----> SET... Physical field: (11) 'PHY-IN-011' ...done
(PhyDLL:PHY) ----> SET... Physical field: (12) 'PHY-IN-012' ...done
(PhyDLL:PHY) ----> SET... Physical field: (13) 'PHY-IN-013' ...done
(PhyDLL:PHY) ----> SET... Physical field: (14) 'PHY-IN-014' ...done
(PhyDLL:PHY) ----> SET... Physical field: (15) 'PHY-IN-015' ...done
(PhyDLL:PHY) ----> SET... Physical field: (16) 'PHY-IN-016' ...done
(PhyDLL:PHY) ----> SET... Physical field: (17) 'PHY-IN-017' ...done
(PhyDLL:DL) ----> ITE (PHY ITE) = 6 (6)
(PhyDLL:PHY) ----> ITE (PHY ITE) = 6 (6)
[DL 20] Calling dll.recv(only=True) (uniform_chunks)...
(PhyDLL:PHY) ----> SEND...>>>... Physical fields ...done
(PhyDLL:DL) ----> RECV...<<<... Physical fields ...done
(PhyDLL:DL) ----> GET... Physical field: (0) 'PHY-IN-000' ...done
(PhyDLL:DL) ----> GET... Physical field: (1) 'PHY-IN-001' ...done
(PhyDLL:DL) ----> GET... Physical field: (2) 'PHY-IN-002' ...done
(PhyDLL:DL) ----> GET... Physical field: (3) 'PHY-IN-003' ...done
(PhyDLL:DL) ----> GET... Physical field: (4) 'PHY-IN-004' ...done
(PhyDLL:DL) ----> GET... Physical field: (5) 'PHY-IN-005' ...done
(PhyDLL:DL) ----> GET... Physical field: (6) 'PHY-IN-006' ...done
(PhyDLL:DL) ----> GET... Physical field: (7) 'PHY-IN-007' ...done
(PhyDLL:DL) ----> GET... Physical field: (8) 'PHY-IN-008' ...done
(PhyDLL:DL) ----> GET... Physical field: (9) 'PHY-IN-009' ...done
(PhyDLL:DL) ----> GET... Physical field: (10) 'PHY-IN-010' ...done
(PhyDLL:DL) ----> GET... Physical field: (11) 'PHY-IN-011' ...done
(PhyDLL:DL) ----> GET... Physical field: (12) 'PHY-IN-012' ...done
(PhyDLL:DL) ----> GET... Physical field: (13) 'PHY-IN-013' ...done
(PhyDLL:DL) ----> GET... Physical field: (14) 'PHY-IN-014' ...done
(PhyDLL:DL) ----> GET... Physical field: (15) 'PHY-IN-015' ...done
(PhyDLL:DL) ----> GET... Physical field: (16) 'PHY-IN-016' ...done
(PhyDLL:DL) ----> GET... Physical field: (17) 'PHY-IN-017' ...done
(PhyDLL:DL) ----> SET... DL field: (0) 'DL-OUT' ...done
(PhyDLL:PHY) ----> RECV...<<<... DL fields ...done
(PhyDLL:DL) ----> SEND...>>>... DL fields ...done
(PhyDLL:PHY) ----> GET... DL field: (0) 'DL-OUT' ...done
STEP_TIMING step=6 latency_ms=297.85 min_ms=297.60 avg_ms=297.76 total_samples=2000000 throughput_samples_sec=6714860
(PhyDLL:PHY) ----> SET... Physical field: (0) 'PHY-IN-000' ...done
(PhyDLL:PHY) ----> SET... Physical field: (1) 'PHY-IN-001' ...done
(PhyDLL:PHY) ----> SET... Physical field: (2) 'PHY-IN-002' ...done
(PhyDLL:PHY) ----> SET... Physical field: (3) 'PHY-IN-003' ...done
(PhyDLL:PHY) ----> SET... Physical field: (4) 'PHY-IN-004' ...done
(PhyDLL:PHY) ----> SET... Physical field: (5) 'PHY-IN-005' ...done
(PhyDLL:PHY) ----> SET... Physical field: (6) 'PHY-IN-006' ...done
(PhyDLL:PHY) ----> SET... Physical field: (7) 'PHY-IN-007' ...done
(PhyDLL:PHY) ----> SET... Physical field: (8) 'PHY-IN-008' ...done
(PhyDLL:PHY) ----> SET... Physical field: (9) 'PHY-IN-009' ...done
(PhyDLL:PHY) ----> SET... Physical field: (10) 'PHY-IN-010' ...done
(PhyDLL:PHY) ----> SET... Physical field: (11) 'PHY-IN-011' ...done
(PhyDLL:PHY) ----> SET... Physical field: (12) 'PHY-IN-012' ...done
(PhyDLL:PHY) ----> SET... Physical field: (13) 'PHY-IN-013' ...done
(PhyDLL:PHY) ----> SET... Physical field: (14) 'PHY-IN-014' ...done
(PhyDLL:PHY) ----> SET... Physical field: (15) 'PHY-IN-015' ...done
(PhyDLL:PHY) ----> SET... Physical field: (16) 'PHY-IN-016' ...done
(PhyDLL:PHY) ----> SET... Physical field: (17) 'PHY-IN-017' ...done
(PhyDLL:DL) ----> ITE (PHY ITE) = 7 (7)
(PhyDLL:PHY) ----> ITE (PHY ITE) = 7 (7)
[DL 20] Calling dll.recv(only=True) (uniform_chunks)...
(PhyDLL:PHY) ----> SEND...>>>... Physical fields ...done
(PhyDLL:DL) ----> RECV...<<<... Physical fields ...done
(PhyDLL:DL) ----> GET... Physical field: (0) 'PHY-IN-000' ...done
(PhyDLL:DL) ----> GET... Physical field: (1) 'PHY-IN-001' ...done
(PhyDLL:DL) ----> GET... Physical field: (2) 'PHY-IN-002' ...done
(PhyDLL:DL) ----> GET... Physical field: (3) 'PHY-IN-003' ...done
(PhyDLL:DL) ----> GET... Physical field: (4) 'PHY-IN-004' ...done
(PhyDLL:DL) ----> GET... Physical field: (5) 'PHY-IN-005' ...done
(PhyDLL:DL) ----> GET... Physical field: (6) 'PHY-IN-006' ...done
(PhyDLL:DL) ----> GET... Physical field: (7) 'PHY-IN-007' ...done
(PhyDLL:DL) ----> GET... Physical field: (8) 'PHY-IN-008' ...done
(PhyDLL:DL) ----> GET... Physical field: (9) 'PHY-IN-009' ...done
(PhyDLL:DL) ----> GET... Physical field: (10) 'PHY-IN-010' ...done
(PhyDLL:DL) ----> GET... Physical field: (11) 'PHY-IN-011' ...done
(PhyDLL:DL) ----> GET... Physical field: (12) 'PHY-IN-012' ...done
(PhyDLL:DL) ----> GET... Physical field: (13) 'PHY-IN-013' ...done
(PhyDLL:DL) ----> GET... Physical field: (14) 'PHY-IN-014' ...done
(PhyDLL:DL) ----> GET... Physical field: (15) 'PHY-IN-015' ...done
(PhyDLL:DL) ----> GET... Physical field: (16) 'PHY-IN-016' ...done
(PhyDLL:DL) ----> GET... Physical field: (17) 'PHY-IN-017' ...done
(PhyDLL:DL) ----> SET... DL field: (0) 'DL-OUT' ...done
(PhyDLL:DL) ----> SEND...>>>... DL fields ...done
(PhyDLL:PHY) ----> RECV...<<<... DL fields ...done
(PhyDLL:PHY) ----> GET... DL field: (0) 'DL-OUT' ...done
STEP_TIMING step=7 latency_ms=299.38 min_ms=299.21 avg_ms=299.36 total_samples=2000000 throughput_samples_sec=6680405
(PhyDLL:PHY) ----> SET... Physical field: (0) 'PHY-IN-000' ...done
(PhyDLL:PHY) ----> SET... Physical field: (1) 'PHY-IN-001' ...done
(PhyDLL:PHY) ----> SET... Physical field: (2) 'PHY-IN-002' ...done
(PhyDLL:PHY) ----> SET... Physical field: (3) 'PHY-IN-003' ...done
(PhyDLL:PHY) ----> SET... Physical field: (4) 'PHY-IN-004' ...done
(PhyDLL:PHY) ----> SET... Physical field: (5) 'PHY-IN-005' ...done
(PhyDLL:PHY) ----> SET... Physical field: (6) 'PHY-IN-006' ...done
(PhyDLL:PHY) ----> SET... Physical field: (7) 'PHY-IN-007' ...done
(PhyDLL:PHY) ----> SET... Physical field: (8) 'PHY-IN-008' ...done
(PhyDLL:PHY) ----> SET... Physical field: (9) 'PHY-IN-009' ...done
(PhyDLL:PHY) ----> SET... Physical field: (10) 'PHY-IN-010' ...done
(PhyDLL:PHY) ----> SET... Physical field: (11) 'PHY-IN-011' ...done
(PhyDLL:PHY) ----> SET... Physical field: (12) 'PHY-IN-012' ...done
(PhyDLL:PHY) ----> SET... Physical field: (13) 'PHY-IN-013' ...done
(PhyDLL:PHY) ----> SET... Physical field: (14) 'PHY-IN-014' ...done
(PhyDLL:PHY) ----> SET... Physical field: (15) 'PHY-IN-015' ...done
(PhyDLL:PHY) ----> SET... Physical field: (16) 'PHY-IN-016' ...done
(PhyDLL:PHY) ----> SET... Physical field: (17) 'PHY-IN-017' ...done
(PhyDLL:PHY) ----> ITE (PHY ITE) = 8 (8)
(PhyDLL:DL) ----> ITE (PHY ITE) = 8 (8)
[DL 20] Calling dll.recv(only=True) (uniform_chunks)...
(PhyDLL:PHY) ----> SEND...>>>... Physical fields ...done
(PhyDLL:DL) ----> RECV...<<<... Physical fields ...done
(PhyDLL:DL) ----> GET... Physical field: (0) 'PHY-IN-000' ...done
(PhyDLL:DL) ----> GET... Physical field: (1) 'PHY-IN-001' ...done
(PhyDLL:DL) ----> GET... Physical field: (2) 'PHY-IN-002' ...done
(PhyDLL:DL) ----> GET... Physical field: (3) 'PHY-IN-003' ...done
(PhyDLL:DL) ----> GET... Physical field: (4) 'PHY-IN-004' ...done
(PhyDLL:DL) ----> GET... Physical field: (5) 'PHY-IN-005' ...done
(PhyDLL:DL) ----> GET... Physical field: (6) 'PHY-IN-006' ...done
(PhyDLL:DL) ----> GET... Physical field: (7) 'PHY-IN-007' ...done
(PhyDLL:DL) ----> GET... Physical field: (8) 'PHY-IN-008' ...done
(PhyDLL:DL) ----> GET... Physical field: (9) 'PHY-IN-009' ...done
(PhyDLL:DL) ----> GET... Physical field: (10) 'PHY-IN-010' ...done
(PhyDLL:DL) ----> GET... Physical field: (11) 'PHY-IN-011' ...done
(PhyDLL:DL) ----> GET... Physical field: (12) 'PHY-IN-012' ...done
(PhyDLL:DL) ----> GET... Physical field: (13) 'PHY-IN-013' ...done
(PhyDLL:DL) ----> GET... Physical field: (14) 'PHY-IN-014' ...done
(PhyDLL:DL) ----> GET... Physical field: (15) 'PHY-IN-015' ...done
(PhyDLL:DL) ----> GET... Physical field: (16) 'PHY-IN-016' ...done
(PhyDLL:DL) ----> GET... Physical field: (17) 'PHY-IN-017' ...done
(PhyDLL:DL) ----> SET... DL field: (0) 'DL-OUT' ...done
(PhyDLL:PHY) ----> RECV...<<<... DL fields ...done
(PhyDLL:DL) ----> SEND...>>>... DL fields ...done
(PhyDLL:PHY) ----> GET... DL field: (0) 'DL-OUT' ...done
STEP_TIMING step=8 latency_ms=297.58 min_ms=297.35 avg_ms=297.50 total_samples=2000000 throughput_samples_sec=6720864
(PhyDLL:PHY) ----> SET... Physical field: (0) 'PHY-IN-000' ...done
(PhyDLL:PHY) ----> SET... Physical field: (1) 'PHY-IN-001' ...done
(PhyDLL:PHY) ----> SET... Physical field: (2) 'PHY-IN-002' ...done
(PhyDLL:PHY) ----> SET... Physical field: (3) 'PHY-IN-003' ...done
(PhyDLL:PHY) ----> SET... Physical field: (4) 'PHY-IN-004' ...done
(PhyDLL:PHY) ----> SET... Physical field: (5) 'PHY-IN-005' ...done
(PhyDLL:PHY) ----> SET... Physical field: (6) 'PHY-IN-006' ...done
(PhyDLL:PHY) ----> SET... Physical field: (7) 'PHY-IN-007' ...done
(PhyDLL:PHY) ----> SET... Physical field: (8) 'PHY-IN-008' ...done
(PhyDLL:PHY) ----> SET... Physical field: (9) 'PHY-IN-009' ...done
(PhyDLL:PHY) ----> SET... Physical field: (10) 'PHY-IN-010' ...done
(PhyDLL:PHY) ----> SET... Physical field: (11) 'PHY-IN-011' ...done
(PhyDLL:PHY) ----> SET... Physical field: (12) 'PHY-IN-012' ...done
(PhyDLL:PHY) ----> SET... Physical field: (13) 'PHY-IN-013' ...done
(PhyDLL:PHY) ----> SET... Physical field: (14) 'PHY-IN-014' ...done
(PhyDLL:PHY) ----> SET... Physical field: (15) 'PHY-IN-015' ...done
(PhyDLL:PHY) ----> SET... Physical field: (16) 'PHY-IN-016' ...done
(PhyDLL:DL) ----> ITE (PHY ITE) = 9 (9)
(PhyDLL:PHY) ----> SET... Physical field: (17) 'PHY-IN-017' ...done
(PhyDLL:PHY) ----> ITE (PHY ITE) = 9 (9)
[DL 20] Calling dll.recv(only=True) (uniform_chunks)...
(PhyDLL:PHY) ----> SEND...>>>... Physical fields ...done
(PhyDLL:DL) ----> RECV...<<<... Physical fields ...done
(PhyDLL:DL) ----> GET... Physical field: (0) 'PHY-IN-000' ...done
(PhyDLL:DL) ----> GET... Physical field: (1) 'PHY-IN-001' ...done
(PhyDLL:DL) ----> GET... Physical field: (2) 'PHY-IN-002' ...done
(PhyDLL:DL) ----> GET... Physical field: (3) 'PHY-IN-003' ...done
(PhyDLL:DL) ----> GET... Physical field: (4) 'PHY-IN-004' ...done
(PhyDLL:DL) ----> GET... Physical field: (5) 'PHY-IN-005' ...done
(PhyDLL:DL) ----> GET... Physical field: (6) 'PHY-IN-006' ...done
(PhyDLL:DL) ----> GET... Physical field: (7) 'PHY-IN-007' ...done
(PhyDLL:DL) ----> GET... Physical field: (8) 'PHY-IN-008' ...done
(PhyDLL:DL) ----> GET... Physical field: (9) 'PHY-IN-009' ...done
(PhyDLL:DL) ----> GET... Physical field: (10) 'PHY-IN-010' ...done
(PhyDLL:DL) ----> GET... Physical field: (11) 'PHY-IN-011' ...done
(PhyDLL:DL) ----> GET... Physical field: (12) 'PHY-IN-012' ...done
(PhyDLL:DL) ----> GET... Physical field: (13) 'PHY-IN-013' ...done
(PhyDLL:DL) ----> GET... Physical field: (14) 'PHY-IN-014' ...done
(PhyDLL:DL) ----> GET... Physical field: (15) 'PHY-IN-015' ...done
(PhyDLL:DL) ----> GET... Physical field: (16) 'PHY-IN-016' ...done
(PhyDLL:DL) ----> GET... Physical field: (17) 'PHY-IN-017' ...done
(PhyDLL:DL) ----> SET... DL field: (0) 'DL-OUT' ...done
(PhyDLL:DL) ----> SEND...>>>... DL fields ...done
(PhyDLL:PHY) ----> RECV...<<<... DL fields ...done
(PhyDLL:PHY) ----> GET... DL field: (0) 'DL-OUT' ...done
STEP_TIMING step=9 latency_ms=295.76 min_ms=295.59 avg_ms=295.73 total_samples=2000000 throughput_samples_sec=6762332
(PhyDLL:PHY) ----> SET... Physical field: (0) 'PHY-IN-000' ...done
(PhyDLL:PHY) ----> SET... Physical field: (1) 'PHY-IN-001' ...done
(PhyDLL:PHY) ----> SET... Physical field: (2) 'PHY-IN-002' ...done
(PhyDLL:PHY) ----> SET... Physical field: (3) 'PHY-IN-003' ...done
(PhyDLL:PHY) ----> SET... Physical field: (4) 'PHY-IN-004' ...done
(PhyDLL:PHY) ----> SET... Physical field: (5) 'PHY-IN-005' ...done
(PhyDLL:PHY) ----> SET... Physical field: (6) 'PHY-IN-006' ...done
(PhyDLL:PHY) ----> SET... Physical field: (7) 'PHY-IN-007' ...done
(PhyDLL:PHY) ----> SET... Physical field: (8) 'PHY-IN-008' ...done
(PhyDLL:PHY) ----> SET... Physical field: (9) 'PHY-IN-009' ...done
(PhyDLL:PHY) ----> SET... Physical field: (10) 'PHY-IN-010' ...done
(PhyDLL:PHY) ----> SET... Physical field: (11) 'PHY-IN-011' ...done
(PhyDLL:PHY) ----> SET... Physical field: (12) 'PHY-IN-012' ...done
(PhyDLL:PHY) ----> SET... Physical field: (13) 'PHY-IN-013' ...done
(PhyDLL:PHY) ----> SET... Physical field: (14) 'PHY-IN-014' ...done
(PhyDLL:PHY) ----> SET... Physical field: (15) 'PHY-IN-015' ...done
(PhyDLL:DL) ----> ITE (PHY ITE) = 10 (10)
(PhyDLL:PHY) ----> SET... Physical field: (16) 'PHY-IN-016' ...done
(PhyDLL:PHY) ----> SET... Physical field: (17) 'PHY-IN-017' ...done
(PhyDLL:PHY) ----> ITE (PHY ITE) = 10 (10)
[DL 20] Calling dll.recv(only=True) (uniform_chunks)...
(PhyDLL:PHY) ----> SEND...>>>... Physical fields ...done
(PhyDLL:DL) ----> RECV...<<<... Physical fields ...done
(PhyDLL:DL) ----> GET... Physical field: (0) 'PHY-IN-000' ...done
(PhyDLL:DL) ----> GET... Physical field: (1) 'PHY-IN-001' ...done
(PhyDLL:DL) ----> GET... Physical field: (2) 'PHY-IN-002' ...done
(PhyDLL:DL) ----> GET... Physical field: (3) 'PHY-IN-003' ...done
(PhyDLL:DL) ----> GET... Physical field: (4) 'PHY-IN-004' ...done
(PhyDLL:DL) ----> GET... Physical field: (5) 'PHY-IN-005' ...done
(PhyDLL:DL) ----> GET... Physical field: (6) 'PHY-IN-006' ...done
(PhyDLL:DL) ----> GET... Physical field: (7) 'PHY-IN-007' ...done
(PhyDLL:DL) ----> GET... Physical field: (8) 'PHY-IN-008' ...done
(PhyDLL:DL) ----> GET... Physical field: (9) 'PHY-IN-009' ...done
(PhyDLL:DL) ----> GET... Physical field: (10) 'PHY-IN-010' ...done
(PhyDLL:DL) ----> GET... Physical field: (11) 'PHY-IN-011' ...done
(PhyDLL:DL) ----> GET... Physical field: (12) 'PHY-IN-012' ...done
(PhyDLL:DL) ----> GET... Physical field: (13) 'PHY-IN-013' ...done
(PhyDLL:DL) ----> GET... Physical field: (14) 'PHY-IN-014' ...done
(PhyDLL:DL) ----> GET... Physical field: (15) 'PHY-IN-015' ...done
(PhyDLL:DL) ----> GET... Physical field: (16) 'PHY-IN-016' ...done
(PhyDLL:DL) ----> GET... Physical field: (17) 'PHY-IN-017' ...done
(PhyDLL:DL) ----> SET... DL field: (0) 'DL-OUT' ...done
(PhyDLL:PHY) ----> RECV...<<<... DL fields ...done
(PhyDLL:DL) ----> SEND...>>>... DL fields ...done
(PhyDLL:PHY) ----> GET... DL field: (0) 'DL-OUT' ...done
STEP_TIMING step=10 latency_ms=302.36 min_ms=302.00 avg_ms=302.14 total_samples=2000000 throughput_samples_sec=6614551
(PhyDLL:PHY) ----> SET... Physical field: (0) 'PHY-IN-000' ...done
(PhyDLL:PHY) ----> SET... Physical field: (1) 'PHY-IN-001' ...done
(PhyDLL:PHY) ----> SET... Physical field: (2) 'PHY-IN-002' ...done
(PhyDLL:PHY) ----> SET... Physical field: (3) 'PHY-IN-003' ...done
(PhyDLL:PHY) ----> SET... Physical field: (4) 'PHY-IN-004' ...done
(PhyDLL:PHY) ----> SET... Physical field: (5) 'PHY-IN-005' ...done
(PhyDLL:PHY) ----> SET... Physical field: (6) 'PHY-IN-006' ...done
(PhyDLL:PHY) ----> SET... Physical field: (7) 'PHY-IN-007' ...done
(PhyDLL:PHY) ----> SET... Physical field: (8) 'PHY-IN-008' ...done
(PhyDLL:PHY) ----> SET... Physical field: (9) 'PHY-IN-009' ...done
(PhyDLL:PHY) ----> SET... Physical field: (10) 'PHY-IN-010' ...done
(PhyDLL:PHY) ----> SET... Physical field: (11) 'PHY-IN-011' ...done
(PhyDLL:PHY) ----> SET... Physical field: (12) 'PHY-IN-012' ...done
(PhyDLL:PHY) ----> SET... Physical field: (13) 'PHY-IN-013' ...done
(PhyDLL:PHY) ----> SET... Physical field: (14) 'PHY-IN-014' ...done
(PhyDLL:PHY) ----> SET... Physical field: (15) 'PHY-IN-015' ...done
(PhyDLL:PHY) ----> SET... Physical field: (16) 'PHY-IN-016' ...done
(PhyDLL:PHY) ----> SET... Physical field: (17) 'PHY-IN-017' ...done
(PhyDLL:DL) ----> ITE (PHY ITE) = 11 (11)
(PhyDLL:PHY) ----> ITE (PHY ITE) = 11 (11)
[DL 20] Calling dll.recv(only=True) (uniform_chunks)...
(PhyDLL:PHY) ----> SEND...>>>... Physical fields ...done
(PhyDLL:DL) ----> RECV...<<<... Physical fields ...done
(PhyDLL:DL) ----> GET... Physical field: (0) 'PHY-IN-000' ...done
(PhyDLL:DL) ----> GET... Physical field: (1) 'PHY-IN-001' ...done
(PhyDLL:DL) ----> GET... Physical field: (2) 'PHY-IN-002' ...done
(PhyDLL:DL) ----> GET... Physical field: (3) 'PHY-IN-003' ...done
(PhyDLL:DL) ----> GET... Physical field: (4) 'PHY-IN-004' ...done
(PhyDLL:DL) ----> GET... Physical field: (5) 'PHY-IN-005' ...done
(PhyDLL:DL) ----> GET... Physical field: (6) 'PHY-IN-006' ...done
(PhyDLL:DL) ----> GET... Physical field: (7) 'PHY-IN-007' ...done
(PhyDLL:DL) ----> GET... Physical field: (8) 'PHY-IN-008' ...done
(PhyDLL:DL) ----> GET... Physical field: (9) 'PHY-IN-009' ...done
(PhyDLL:DL) ----> GET... Physical field: (10) 'PHY-IN-010' ...done
(PhyDLL:DL) ----> GET... Physical field: (11) 'PHY-IN-011' ...done
(PhyDLL:DL) ----> GET... Physical field: (12) 'PHY-IN-012' ...done
(PhyDLL:DL) ----> GET... Physical field: (13) 'PHY-IN-013' ...done
(PhyDLL:DL) ----> GET... Physical field: (14) 'PHY-IN-014' ...done
(PhyDLL:DL) ----> GET... Physical field: (15) 'PHY-IN-015' ...done
(PhyDLL:DL) ----> GET... Physical field: (16) 'PHY-IN-016' ...done
(PhyDLL:DL) ----> GET... Physical field: (17) 'PHY-IN-017' ...done
(PhyDLL:DL) ----> SET... DL field: (0) 'DL-OUT' ...done
(PhyDLL:PHY) ----> RECV...<<<... DL fields ...done
(PhyDLL:DL) ----> SEND...>>>... DL fields ...done
(PhyDLL:PHY) ----> GET... DL field: (0) 'DL-OUT' ...done
STEP_TIMING step=11 latency_ms=296.65 min_ms=296.49 avg_ms=296.63 total_samples=2000000 throughput_samples_sec=6741966
(PhyDLL:PHY) ----> SET... Physical field: (0) 'PHY-IN-000' ...done
(PhyDLL:PHY) ----> SET... Physical field: (1) 'PHY-IN-001' ...done
(PhyDLL:PHY) ----> SET... Physical field: (2) 'PHY-IN-002' ...done
(PhyDLL:PHY) ----> SET... Physical field: (3) 'PHY-IN-003' ...done
(PhyDLL:PHY) ----> SET... Physical field: (4) 'PHY-IN-004' ...done
(PhyDLL:PHY) ----> SET... Physical field: (5) 'PHY-IN-005' ...done
(PhyDLL:PHY) ----> SET... Physical field: (6) 'PHY-IN-006' ...done
(PhyDLL:PHY) ----> SET... Physical field: (7) 'PHY-IN-007' ...done
(PhyDLL:PHY) ----> SET... Physical field: (8) 'PHY-IN-008' ...done
(PhyDLL:PHY) ----> SET... Physical field: (9) 'PHY-IN-009' ...done
(PhyDLL:PHY) ----> SET... Physical field: (10) 'PHY-IN-010' ...done
(PhyDLL:PHY) ----> SET... Physical field: (11) 'PHY-IN-011' ...done
(PhyDLL:PHY) ----> SET... Physical field: (12) 'PHY-IN-012' ...done
(PhyDLL:PHY) ----> SET... Physical field: (13) 'PHY-IN-013' ...done
(PhyDLL:PHY) ----> SET... Physical field: (14) 'PHY-IN-014' ...done
(PhyDLL:PHY) ----> SET... Physical field: (15) 'PHY-IN-015' ...done
(PhyDLL:PHY) ----> SET... Physical field: (16) 'PHY-IN-016' ...done
(PhyDLL:PHY) ----> SET... Physical field: (17) 'PHY-IN-017' ...done
(PhyDLL:PHY) ----> ITE (PHY ITE) = 12 (12)
(PhyDLL:DL) ----> ITE (PHY ITE) = 12 (12)
[DL 20] Calling dll.recv(only=True) (uniform_chunks)...
(PhyDLL:PHY) ----> SEND...>>>... Physical fields ...done
(PhyDLL:DL) ----> RECV...<<<... Physical fields ...done
(PhyDLL:DL) ----> GET... Physical field: (0) 'PHY-IN-000' ...done
(PhyDLL:DL) ----> GET... Physical field: (1) 'PHY-IN-001' ...done
(PhyDLL:DL) ----> GET... Physical field: (2) 'PHY-IN-002' ...done
(PhyDLL:DL) ----> GET... Physical field: (3) 'PHY-IN-003' ...done
(PhyDLL:DL) ----> GET... Physical field: (4) 'PHY-IN-004' ...done
(PhyDLL:DL) ----> GET... Physical field: (5) 'PHY-IN-005' ...done
(PhyDLL:DL) ----> GET... Physical field: (6) 'PHY-IN-006' ...done
(PhyDLL:DL) ----> GET... Physical field: (7) 'PHY-IN-007' ...done
(PhyDLL:DL) ----> GET... Physical field: (8) 'PHY-IN-008' ...done
(PhyDLL:DL) ----> GET... Physical field: (9) 'PHY-IN-009' ...done
(PhyDLL:DL) ----> GET... Physical field: (10) 'PHY-IN-010' ...done
(PhyDLL:DL) ----> GET... Physical field: (11) 'PHY-IN-011' ...done
(PhyDLL:DL) ----> GET... Physical field: (12) 'PHY-IN-012' ...done
(PhyDLL:DL) ----> GET... Physical field: (13) 'PHY-IN-013' ...done
(PhyDLL:DL) ----> GET... Physical field: (14) 'PHY-IN-014' ...done
(PhyDLL:DL) ----> GET... Physical field: (15) 'PHY-IN-015' ...done
(PhyDLL:DL) ----> GET... Physical field: (16) 'PHY-IN-016' ...done
(PhyDLL:DL) ----> GET... Physical field: (17) 'PHY-IN-017' ...done
(PhyDLL:DL) ----> SET... DL field: (0) 'DL-OUT' ...done
(PhyDLL:PHY) ----> RECV...<<<... DL fields ...done
(PhyDLL:DL) ----> SEND...>>>... DL fields ...done
(PhyDLL:PHY) ----> GET... DL field: (0) 'DL-OUT' ...done
STEP_TIMING step=12 latency_ms=294.27 min_ms=294.10 avg_ms=294.24 total_samples=2000000 throughput_samples_sec=6796523

=================================================================
=== Benchmark Summary (Steady-State Steps 3 to 12) ===
=================================================================
Steady Step Count:   10
Median Latency:      297.85 ms
Mean Latency:        298.07 ms
Min Latency:         294.27 ms
Max Latency:         302.36 ms
Median Throughput:   6714860 samples/sec
=================================================================
(PhyDLL:PHY) ----> Finalize... ...done
[DL 20] Entering dll.finalize()
(PhyDLL:DL) ----> Finalize... ...done
[DL 20] Exited dll.finalize()
[DL 20] waiting for solver teardown (PHYDLL_MPMD_SHUTDOWN_BARRIER=1)
[DL 20] solver teardown barrier complete
[DL 20] main() returning
[DL] Entering MPI.Finalize()
[DL] Exited MPI.Finalize()
=== Finished phydll_py (b=100000). Log: /rwthfs/rz/cluster/hpcwork/ro092286/smartsim/batch_memory_benchmark/logs/bench_phydll_py_b100000_3053715_phydll_py_b100000.log | Telemetry: /rwthfs/rz/cluster/hpcwork/ro092286/smartsim/batch_memory_benchmark/logs/bench_phydll_py_b100000_3053715_phydll_py_b100000_gpu_telemetry.csv ===

>>> Running Provider: phydll_py | Batch Size: 500000 <<<
=================================================================
=== Running Case: phydll_py | Batch: 500000 | ID: 3053715_phydll_py_b500000 ===
=================================================================
[DL] Starting Python DL Client...
[DL] Importing mpi4py...
[DL] mpi4py imported successfully. MPI world size = 21 rank = 20
[DL] Importing torch...
[DL] torch imported successfully.
[DL] ENABLE_SCOREP_USER not set to 1.
[DL] Entering world_comm.Split(color=MPI.UNDEFINED)
[DL] Returned from world_comm.Split
[DL] constructing PhyDLL...
[DL] calling dll.init(...)
=================================================================
=== CMI Batch & Memory Calibration Benchmark Harness          ===
=================================================================
Provider:           phydll
Config:             /rwthfs/rz/cluster/hpcwork/ro092286/smartsim/batch_memory_benchmark/configs/phydll_uniform.toml
Model Path:         /rwthfs/rz/cluster/hpcwork/ro092286/smartsim/batch_memory_benchmark/../mini_app/train_models/model_a/watercnn_cuda.pt
Solver Ranks:       20 (World size: 21)
Samples per Rank:   100000
Total Work/Step:    2000000 samples
Target Batch Size:  500000
SmartSim Min Batch: 0 (timeout=0 ms)
Total Steps:        12 (Warmup: 2)
=================================================================

[PHYDLL:PHY] before phydll_init
[PHYDLL:PHY] before phydll_init[PHYDLL:PHY] before phydll_init
[PHYDLL:PHY] before phydll_init

[PHYDLL:PHY] before phydll_init
[PHYDLL:PHY] before phydll_init
[PHYDLL:PHY] before phydll_init
[PHYDLL:PHY] before phydll_init
[PHYDLL:PHY] before phydll_init
[PHYDLL:PHY] before phydll_init
[PHYDLL:PHY] before phydll_init
[PHYDLL:PHY] before phydll_init
[PHYDLL:PHY] before phydll_init
[PHYDLL:PHY] before phydll_init
[PHYDLL:PHY] before phydll_init[PHYDLL:PHY] before phydll_init
[PHYDLL:PHY] before phydll_init

[PHYDLL:PHY] before phydll_init
[PHYDLL:PHY] before phydll_init
[PHYDLL:PHY] before phydll_init
[PHYDLL:CORE] kernel_init split instance=physical gl_rank=8 gl_size=21 color=0 comm_rank=8 comm_size=20
[PHYDLL:CORE] phydll_init instance=physical kernel_init complete gl_rank=8 gl_size=21 comm_rank=8 comm_size=20
[PHYDLL:CORE] kernel_init split instance=dl gl_rank=20 gl_size=21 color=1 comm_rank=0 comm_size=1
[PHYDLL:CORE] phydll_init instance=dl kernel_init complete gl_rank=20 gl_size=21 comm_rank=0 comm_size=1
[PHYDLL:CORE] kernel_init split instance=physical gl_rank=11 gl_size=21 color=0 comm_rank=11 comm_size=20
[PHYDLL:CORE] phydll_init instance=physical kernel_init complete gl_rank=11 gl_size=21 comm_rank=11 comm_size=20
[PHYDLL:CORE] kernel_init split instance=physical gl_rank=18 gl_size=21 color=0 comm_rank=18 comm_size=20
[PHYDLL:CORE] phydll_init instance=physical kernel_init complete gl_rank=18 gl_size=21 comm_rank=18 comm_size=20
[PHYDLL:CORE] kernel_init split instance=physical gl_rank=5 gl_size=21 color=0 comm_rank=5 comm_size=20
[PHYDLL:CORE] phydll_init instance=physical kernel_init complete gl_rank=5 gl_size=21 comm_rank=5 comm_size=20
[PHYDLL:CORE] kernel_init split instance=physical gl_rank=12 gl_size=21 color=0 comm_rank=12 comm_size=20
[PHYDLL:CORE] phydll_init instance=physical kernel_init complete gl_rank=12 gl_size=21 comm_rank=12 comm_size=20
[PHYDLL:CORE] kernel_init split instance=physical gl_rank=1 gl_size=21 color=0 comm_rank=1 comm_size=20
[PHYDLL:CORE] phydll_init instance=physical kernel_init complete gl_rank=1 gl_size=21 comm_rank=1 comm_size=20
[PHYDLL:CORE] kernel_init split instance=physical gl_rank=15 gl_size=21 color=0 comm_rank=15 comm_size=20
[PHYDLL:CORE] phydll_init instance=physical kernel_init complete gl_rank=15 gl_size=21 comm_rank=15 comm_size=20
[PHYDLL:CORE] kernel_init split instance=physical gl_rank=17 gl_size=21 color=0 comm_rank=17 comm_size=20
[PHYDLL:CORE] phydll_init instance=physical kernel_init complete gl_rank=17 gl_size=21 comm_rank=17 comm_size=20
[PHYDLL:CORE] kernel_init split instance=physical gl_rank=10 gl_size=21 color=0 comm_rank=10 comm_size=20
[PHYDLL:CORE] phydll_init instance=physical kernel_init complete gl_rank=10 gl_size=21 comm_rank=10 comm_size=20
[PHYDLL:CORE] kernel_init split instance=physical gl_rank=7 gl_size=21 color=0 comm_rank=7 comm_size=20
[PHYDLL:CORE] phydll_init instance=physical kernel_init complete gl_rank=7 gl_size=21 comm_rank=7 comm_size=20
[PHYDLL:CORE] kernel_init split instance=physical gl_rank=3 gl_size=21 color=0 comm_rank=3 comm_size=20
[PHYDLL:CORE] phydll_init instance=physical kernel_init complete gl_rank=3 gl_size=21 comm_rank=3 comm_size=20
[PHYDLL:CORE] kernel_init split instance=physical gl_rank=6 gl_size=21 color=0 comm_rank=6 comm_size=20
[PHYDLL:CORE] phydll_init instance=physical kernel_init complete gl_rank=6 gl_size=21 comm_rank=6 comm_size=20
[PHYDLL:CORE] kernel_init split instance=physical gl_rank=19 gl_size=21 color=0 comm_rank=19 comm_size=20
[PHYDLL:CORE] phydll_init instance=physical kernel_init complete gl_rank=19 gl_size=21 comm_rank=19 comm_size=20
[PHYDLL:CORE] kernel_init split instance=physical gl_rank=13 gl_size=21 color=0 comm_rank=13 comm_size=20
[PHYDLL:CORE] phydll_init instance=physical kernel_init complete gl_rank=13 gl_size=21 comm_rank=13 comm_size=20
[PHYDLL:CORE] kernel_init split instance=physical gl_rank=0 gl_size=21 color=0 comm_rank=0 comm_size=20
[PHYDLL:CORE] phydll_init instance=physical kernel_init complete gl_rank=0 gl_size=21 comm_rank=0 comm_size=20
[PHYDLL:CORE] kernel_init split instance=physical gl_rank=4 gl_size=21 color=0 comm_rank=4 comm_size=20
[PHYDLL:CORE] phydll_init instance=physical kernel_init complete gl_rank=4 gl_size=21 comm_rank=4 comm_size=20
[PHYDLL:CORE] kernel_init split instance=physical gl_rank=2 gl_size=21 color=0 comm_rank=2 comm_size=20
[PHYDLL:CORE] phydll_init instance=physical kernel_init complete gl_rank=2 gl_size=21 comm_rank=2 comm_size=20
[PHYDLL:CORE] kernel_init split instance=physical gl_rank=9 gl_size=21 color=0 comm_rank=9 comm_size=20
[PHYDLL:CORE] phydll_init instance=physical kernel_init complete gl_rank=9 gl_size=21 comm_rank=9 comm_size=20
[PHYDLL:CORE] kernel_init split instance=physical gl_rank=16 gl_size=21 color=0 comm_rank=16 comm_size=20
[PHYDLL:CORE] phydll_init instance=physical kernel_init complete gl_rank=16 gl_size=21 comm_rank=16 comm_size=20
[PHYDLL:CORE] kernel_init split instance=physical gl_rank=14 gl_size=21 color=0 comm_rank=14 comm_size=20
[PHYDLL:CORE] phydll_init instance=physical kernel_init complete gl_rank=14 gl_size=21 comm_rank=14 comm_size=20
*******************************************************************************
************************** <<< Welcome to PhyDLL >>> **************************
*******************************************************************************
*******************************************************************************
************************** <<< Welcome to PhyDLL >>> **************************
*******************************************************************************
[PHYDLL:CORE] phydll_init instance=physical logfile complete
[PHYDLL:CORE] phydll_init instance=physical logfile complete
[PHYDLL:CORE] phydll_init instance=physical logfile complete
[PHYDLL:CORE] phydll_init instance=physical logfile complete
[PHYDLL:CORE] phydll_init instance=physical logfile complete
[PHYDLL:CORE] phydll_init instance=physical logfile complete
[PHYDLL:CORE] phydll_init instance=physical logfile complete
[PHYDLL:CORE] phydll_init instance=physical logfile complete
[PHYDLL:CORE] phydll_init instance=physical logfile complete
[PHYDLL:CORE] phydll_init instance=physical logfile complete
[PHYDLL:CORE] phydll_init instance=physical logfile complete
[PHYDLL:CORE] phydll_init instance=physical logfile complete
[PHYDLL:CORE] phydll_init instance=physical logfile complete
[PHYDLL:CORE] phydll_init instance=physical logfile complete
[PHYDLL:CORE] phydll_init instance=physical logfile complete
[PHYDLL:CORE] phydll_init instance=physical logfile complete
[PHYDLL:CORE] phydll_init instance=physical mapping complete ndest=1
[PHYDLL:PHY] after phydll_init
[PHYDLL:CORE] phydll_init instance=physical logfile complete
[PHYDLL:CORE] phydll_init instance=physical logfile complete
[PHYDLL:CORE] phydll_init instance=physical logfile complete
[PHYDLL:CORE] phydll_init instance=physical logfile complete
[PHYDLL:PHY] uniform_chunks layout: total_input=1800000 total_output=100000 gcd=100000 phy_count=18 dl_count=1
[PHYDLL:CORE] phydll_init instance=physical mapping complete ndest=1
[PHYDLL:PHY] after phydll_init
[PHYDLL:PHY] uniform_chunks layout: total_input=1800000[PHYDLL:CORE] phydll_init instance=physical mapping complete ndest=1
[PHYDLL:PHY] after phydll_init
[PHYDLL:PHY] uniform_chunks layout: total_input=[PHYDLL:CORE] phydll_init instance=physical mapping complete ndest=1
[PHYDLL:PHY] after phydll_init
[PHYDLL:PHY] uniform_chunks layout: total_input=1800000 total_output=100000 gcd=100000 phy_count=18 dl_count=1
 total_output=100000 gcd=100000 phy_count=18 dl_count=1
[PHYDLL:CORE] phydll_init instance=physical mapping complete ndest=1
[PHYDLL:PHY] after phydll_init
[PHYDLL:PHY] uniform_chunks layout: total_input=1800000 total_output=100000 gcd=100000 phy_count=18 dl_count=1[PHYDLL:CORE] phydll_init instance=physical mapping complete ndest=1
[PHYDLL:PHY] after phydll_init
[PHYDLL:PHY] uniform_chunks layout: total_input=1800000 total_output=100000 gcd=100000 phy_count=18 dl_count=1

[PHYDLL:CORE] phydll_init instance=physical mapping complete ndest=1
[PHYDLL:PHY] after phydll_init
[PHYDLL:PHY] uniform_chunks layout: total_input=1800000 total_output=100000 gcd=100000 phy_count=18 dl_count=1
1800000 total_output=100000 gcd=100000 phy_count=18 dl_count=1
[PHYDLL:CORE] phydll_init instance=physical mapping complete ndest=1
[PHYDLL:PHY] after phydll_init
[PHYDLL:CORE] phydll_init instance=physical mapping complete ndest=1
[PHYDLL:PHY] after phydll_init
[PHYDLL:CORE] phydll_init instance=physical mapping complete ndest=1
[PHYDLL:PHY] after phydll_init
[PHYDLL:CORE] phydll_init instance=physical mapping complete ndest=1
[PHYDLL:PHY] after phydll_init
[PHYDLL:CORE] phydll_init instance=physical mapping complete ndest=1
[PHYDLL:CORE] phydll_init instance=physical mapping complete ndest=1
[PHYDLL:PHY] after phydll_init
[PHYDLL:PHY] uniform_chunks layout: total_input=1800000 total_output=100000 gcd=100000 phy_count=18 dl_count=1
[PHYDLL:CORE] phydll_init instance=physical mapping complete ndest=1
[PHYDLL:PHY] after phydll_init
[PHYDLL:CORE] phydll_init instance=physical mapping complete ndest=1
[PHYDLL:PHY] after phydll_init
[PHYDLL:CORE] phydll_init instance=physical mapping complete ndest=1
[PHYDLL:PHY] after phydll_init
[PHYDLL:CORE] phydll_init instance=physical mapping complete ndest=1
[PHYDLL:PHY] after phydll_init
[PHYDLL:PHY] uniform_chunks layout: total_input=1800000 total_output=100000 gcd=100000 phy_count=18 dl_count=1
[PHYDLL:CORE] phydll_init instance=physical mapping complete ndest=1
[PHYDLL:PHY] after phydll_init
[PHYDLL:CORE] phydll_init instance=physical mapping complete ndest=1
[PHYDLL:PHY] after phydll_init
[PHYDLL:CORE] phydll_init instance=physical mapping complete ndest=1
[PHYDLL:PHY] after phydll_init
[PHYDLL:PHY] uniform_chunks layout: total_input=1800000 total_output=100000 gcd=100000 phy_count=18 dl_count=1
[PHYDLL:PHY] uniform_chunks layout: total_input=1800000 total_output=100000 gcd=100000 phy_count=18 dl_count=1
[PHYDLL:PHY] uniform_chunks layout: total_input=1800000 total_output=100000 gcd=100000 phy_count=18 dl_count=1
[PHYDLL:PHY] uniform_chunks layout: total_input=1800000 total_output=100000 gcd=100000 phy_count=18 dl_count=1
[PHYDLL:PHY] uniform_chunks layout: total_input=1800000 total_output=100000 gcd=100000 phy_count=18 dl_count=1
[PHYDLL:PHY] uniform_chunks layout: total_input=1800000 total_output=100000 gcd=100000 phy_count=18 dl_count=1
[PHYDLL:PHY] uniform_chunks layout: total_input=1800000 total_output=100000 gcd=100000 phy_count=18 dl_count=1
[PHYDLL:PHY] uniform_chunks layout: total_input=1800000 total_output=100000 gcd=100000 phy_count=18 dl_count=1
[PHYDLL:PHY] uniform_chunks layout: total_input=1800000 total_output=100000 gcd=100000 phy_count=18 dl_count=1
[PHYDLL:PHY] uniform_chunks layout: total_input=1800000 total_output=100000 gcd=100000 phy_count=18 dl_count=1
[PHYDLL:PHY] after phydll_init
[PHYDLL:PHY] uniform_chunks layout: total_input=1800000 total_output=100000 gcd=100000 phy_count=18 dl_count=1
(PhyDLL) ----> OPTION: Coupling with loop = True
[PHYDLL:PHY] before phydll_define_phy count=18 field_size=100000
[PHYDLL:PHY] before phydll_define_phy count=18 field_size=100000
[PHYDLL:PHY] before phydll_define_phy count=18 field_size=100000
[PHYDLL:PHY] before phydll_define_phy count=18 field_size=100000
[PHYDLL:PHY] before phydll_define_phy count=18 field_size=100000
[PHYDLL:PHY] before phydll_define_phy count=18 field_size=100000
[PHYDLL:PHY] before phydll_define_phy count=18 field_size=100000
[PHYDLL:PHY] before phydll_define_phy count=18 field_size=100000
[PHYDLL:PHY] before phydll_define_phy count=18 field_size=100000
[PHYDLL:PHY] before phydll_define_phy count=18 field_size=100000
[PHYDLL:PHY] before phydll_define_phy count=18 field_size=100000
[PHYDLL:PHY] before phydll_define_phy count=18 field_size=100000
[PHYDLL:PHY] before phydll_define_phy count=18 field_size=100000
[PHYDLL:PHY] before phydll_define_phy count=18 field_size=100000
[PHYDLL:PHY] before phydll_define_phy count=18 field_size=100000
[PHYDLL:PHY] before phydll_define_phy count=18 field_size=100000
[PHYDLL:PHY] before phydll_define_phy count=18 field_size=100000
[PHYDLL:PHY] before phydll_define_phy count=18 field_size=100000
[PHYDLL:PHY] before phydll_define_phy count=18 field_size=100000
[PHYDLL:PHY] before phydll_define_phy count=18 field_size=100000
[PHYDLL:CORE] phydll_init instance=dl logfile complete
[PHYDLL:CORE] kernel_ds_mapping DL before allgather gl_rank=20 comm_rank=0 comm_size=1 ndest=20
[PHYDLL:CORE] kernel_ds_mapping DL complete gl_rank=20 ndest=20
[PHYDLL:CORE] phydll_init instance=dl mapping complete ndest=20
[DL] Calling dll.define_dl...
[PHYDLL:CORE] _kernel_alloc_fields begin gl_rank=10 phy_bcast_root=0 dl_bcast_root=20
[PHYDLL:CORE] _kernel_alloc_fields begin gl_rank=8 phy_bcast_root=0 dl_bcast_root=20
[PHYDLL:CORE] _kernel_alloc_fields begin gl_rank=4 phy_bcast_root=0 dl_bcast_root=20
[PHYDLL:CORE] _kernel_alloc_fields begin gl_rank=14 phy_bcast_root=0 dl_bcast_root=20
[PHYDLL:CORE] _kernel_alloc_fields begin gl_rank=12 phy_bcast_root=0 dl_bcast_root=20
[PHYDLL:CORE] _kernel_alloc_fields begin gl_rank=7 phy_bcast_root=0 dl_bcast_root=20
[PHYDLL:CORE] _kernel_alloc_fields begin gl_rank=0 phy_bcast_root=0 dl_bcast_root=20
[PHYDLL:CORE] _kernel_alloc_fields begin gl_rank=5 phy_bcast_root=0 dl_bcast_root=20
[PHYDLL:CORE] _kernel_alloc_fields begin gl_rank=15 phy_bcast_root=0 dl_bcast_root=20
[PHYDLL:CORE] _kernel_alloc_fields begin gl_rank=1 phy_bcast_root=0 dl_bcast_root=20
[PHYDLL:CORE] _kernel_alloc_fields begin gl_rank=6 phy_bcast_root=0 dl_bcast_root=20
[PHYDLL:CORE] _kernel_alloc_fields begin gl_rank=11 phy_bcast_root=0 dl_bcast_root=20
[DL] torch threads: intra=1, inter=96
[PHYDLL:CORE] _kernel_alloc_fields begin gl_rank=9 phy_bcast_root=0 dl_bcast_root=20
[PHYDLL:CORE] _kernel_alloc_fields begin gl_rank=13 phy_bcast_root=0 dl_bcast_root=20
[PHYDLL:CORE] _kernel_alloc_fields begin gl_rank=2 phy_bcast_root=0 dl_bcast_root=20
[PHYDLL:CORE] _kernel_alloc_fields begin gl_rank=3 phy_bcast_root=0 dl_bcast_root=20
[PHYDLL:CORE] _kernel_alloc_fields begin gl_rank=18 phy_bcast_root=0 dl_bcast_root=20
[PHYDLL:CORE] _kernel_alloc_fields begin gl_rank=19 phy_bcast_root=0 dl_bcast_root=20
[PHYDLL:CORE] _kernel_alloc_fields begin gl_rank=16 phy_bcast_root=0 dl_bcast_root=20
[PHYDLL:CORE] _kernel_alloc_fields begin gl_rank=17 phy_bcast_root=0 dl_bcast_root=20
[PHYDLL:CORE] kernel_alloc_dl_fields before mesh broadcast gl_rank=20
[PHYDLL:CORE] kernel_alloc_dl_fields after mesh broadcast gl_rank=20
[PHYDLL:CORE] kernel_alloc_dl_fields after field-size exchange gl_rank=20
[PHYDLL:CORE] _kernel_agg_field_sizes ndest=20 gl_rank=20
[PHYDLL:CORE]   sizes_list[0]=100000 -> accum=100000
[PHYDLL:CORE]   sizes_list[1]=100000 -> accum=200000
[PHYDLL:CORE]   sizes_list[2]=100000 -> accum=300000
[PHYDLL:CORE]   sizes_list[3]=100000 -> accum=400000
[PHYDLL:CORE]   sizes_list[4]=100000 -> accum=500000
[PHYDLL:CORE]   sizes_list[5]=100000 -> accum=600000
[PHYDLL:CORE]   sizes_list[6]=100000 -> accum=700000
[PHYDLL:CORE]   sizes_list[7]=100000 -> accum=800000
[PHYDLL:CORE]   sizes_list[8]=100000 -> accum=900000
[PHYDLL:CORE]   sizes_list[9]=100000 -> accum=1000000
[PHYDLL:CORE]   sizes_list[10]=100000 -> accum=1100000
[PHYDLL:CORE]   sizes_list[11]=100000 -> accum=1200000
[PHYDLL:CORE]   sizes_list[12]=100000 -> accum=1300000
[PHYDLL:CORE]   sizes_list[13]=100000 -> accum=1400000
[PHYDLL:CORE]   sizes_list[14]=100000 -> accum=1500000
[PHYDLL:CORE]   sizes_list[15]=100000 -> accum=1600000
[PHYDLL:CORE]   sizes_list[16]=100000 -> accum=1700000
[PHYDLL:CORE]   sizes_list[17]=100000 -> accum=1800000
[PHYDLL:CORE]   sizes_list[18]=100000 -> accum=1900000
[PHYDLL:CORE]   sizes_list[19]=100000 -> accum=2000000
[PHYDLL:CORE] _kernel_alloc_fields begin gl_rank=20 phy_bcast_root=0 dl_bcast_root=20
[PHYDLL:CORE] _kernel_alloc_fields bcasts done gl_rank=12 phy_count=18 dl_count=1 size=100000
[PHYDLL:CORE] _kernel_alloc_fields field_t arrays alloc done gl_rank=12 phy_ptr=0x46acd10 dl_ptr=0x456c0e0
[PHYDLL:CORE]   allocating phy_field[0] size=100000 bytes=800000
[PHYDLL:CORE] _kernel_alloc_fields bcasts done gl_rank=2 phy_count=18 dl_count=1 size=100000
[PHYDLL:CORE] _kernel_alloc_fields field_t arrays alloc done gl_rank=2 phy_ptr=0x437fb60 dl_ptr=0x40e71a0
[PHYDLL:CORE]   allocating phy_field[0] size=100000 bytes=800000
[PHYDLL:CORE] _kernel_alloc_fields bcasts done gl_rank=0 phy_count=18 dl_count=1 size=100000
[PHYDLL:CORE] _kernel_alloc_fields field_t arrays alloc done gl_rank=0 phy_ptr=0x456d6b0 dl_ptr=0x46e1a80
[PHYDLL:CORE]   allocating phy_field[0] size=100000 bytes=800000
[PHYDLL:CORE] _kernel_alloc_fields bcasts done gl_rank=13 phy_count=18 dl_count=1 size=100000
[PHYDLL:CORE] _kernel_alloc_fields field_t arrays alloc done gl_rank=13 phy_ptr=0x4732110 dl_ptr=0x40e80d0
[PHYDLL:CORE]   allocating phy_field[0] size=100000 bytes=800000
[PHYDLL:CORE] _kernel_alloc_fields bcasts done gl_rank=14 phy_count=18 dl_count=1 size=100000
[PHYDLL:CORE] _kernel_alloc_fields field_t arrays alloc done gl_rank=14 phy_ptr=0x46df6a0 dl_ptr=0x4532180
[PHYDLL:CORE]   allocating phy_field[0] size=100000 bytes=800000
[PHYDLL:CORE] _kernel_alloc_fields bcasts done gl_rank=19 phy_count=18 dl_count=1 size=100000
[PHYDLL:CORE] _kernel_alloc_fields field_t arrays alloc done gl_rank=19 phy_ptr=0x40e7050 dl_ptr=0x4619910
[PHYDLL:CORE]   allocating phy_field[0] size=100000 bytes=800000
[PHYDLL:CORE] _kernel_alloc_fields bcasts done gl_rank=1 phy_count=18 dl_count=1 size=100000
[PHYDLL:CORE] _kernel_alloc_fields field_t arrays alloc done gl_rank=1 phy_ptr=0x456be40 dl_ptr=0x40e72b0
[PHYDLL:CORE]   allocating phy_field[0] size=100000 bytes=800000
[PHYDLL:CORE] _kernel_alloc_fields bcasts done gl_rank=10 phy_count=18 dl_count=1 size=100000
[PHYDLL:CORE] _kernel_alloc_fields field_t arrays alloc done gl_rank=10 phy_ptr=0x437f010 dl_ptr=0x46198b0
[PHYDLL:CORE]   allocating phy_field[0] size=100000 bytes=800000
[PHYDLL:CORE] _kernel_alloc_fields bcasts done gl_rank=20 phy_count=18 dl_count=1 size=2000000
[PHYDLL:CORE] _kernel_alloc_fields field_t arrays alloc done gl_rank=20 phy_ptr=0x564dd7f476a0 dl_ptr=0x564dd7ddb900
[PHYDLL:CORE]   allocating phy_field[0] size=2000000 bytes=16000000
[PHYDLL:CORE] _kernel_alloc_fields bcasts done gl_rank=7 phy_count=18 dl_count=1 size=100000
[PHYDLL:CORE] _kernel_alloc_fields field_t arrays alloc done gl_rank=7 phy_ptr=0x40e7050 dl_ptr=0x4619dc0
[PHYDLL:CORE]   allocating phy_field[0] size=100000 bytes=800000
[PHYDLL:CORE] _kernel_alloc_fields bcasts done gl_rank=4 phy_count=18 dl_count=1 size=100000
[PHYDLL:CORE] _kernel_alloc_fields field_t arrays alloc done gl_rank=4 phy_ptr=0x40e76e0 dl_ptr=0x4619840
[PHYDLL:CORE]   allocating phy_field[0] size=100000 bytes=800000
[PHYDLL:CORE] _kernel_alloc_fields bcasts done gl_rank=9 phy_count=18 dl_count=1 size=100000
[PHYDLL:CORE] _kernel_alloc_fields field_t arrays alloc done gl_rank=9 phy_ptr=0x437f010 dl_ptr=0x46dfe70
[PHYDLL:CORE]   allocating phy_field[0] size=100000 bytes=800000
[PHYDLL:CORE] _kernel_alloc_fields bcasts done gl_rank=5 phy_count=18 dl_count=1 size=100000
[PHYDLL:CORE] _kernel_alloc_fields field_t arrays alloc done gl_rank=5 phy_ptr=0x456b7b0 dl_ptr=0x46df5d0
[PHYDLL:CORE]   allocating phy_field[0] size=100000 bytes=800000
[PHYDLL:CORE] _kernel_alloc_fields bcasts done gl_rank=15 phy_count=18 dl_count=1 size=100000
[PHYDLL:CORE] _kernel_alloc_fields field_t arrays alloc done gl_rank=15 phy_ptr=0x42956a0 dl_ptr=0x4619320
[PHYDLL:CORE]   allocating phy_field[0] size=100000 bytes=800000
[PHYDLL:CORE] _kernel_alloc_fields bcasts done gl_rank=3 phy_count=18 dl_count=1 size=100000
[PHYDLL:CORE] _kernel_alloc_fields field_t arrays alloc done gl_rank=3 phy_ptr=0x470e740 dl_ptr=0x437f440
[PHYDLL:CORE]   allocating phy_field[0] size=100000 bytes=800000
[PHYDLL:CORE] _kernel_alloc_fields bcasts done gl_rank=18 phy_count=18 dl_count=1 size=100000
[PHYDLL:CORE] _kernel_alloc_fields field_t arrays alloc done gl_rank=18 phy_ptr=0x437fb10 dl_ptr=0x40e7220
[PHYDLL:CORE]   allocating phy_field[0] size=100000 bytes=800000
[PHYDLL:CORE] _kernel_alloc_fields bcasts done gl_rank=6 phy_count=18 dl_count=1 size=100000
[PHYDLL:CORE] _kernel_alloc_fields field_t arrays alloc done gl_rank=6 phy_ptr=0x4295110 dl_ptr=0x46190c0
[PHYDLL:CORE]   allocating phy_field[0] size=100000 bytes=800000
[PHYDLL:CORE] _kernel_alloc_fields bcasts done gl_rank=16 phy_count=18 dl_count=1 size=100000
[PHYDLL:CORE] _kernel_alloc_fields field_t arrays alloc done gl_rank=16 phy_ptr=0x437fb00 dl_ptr=0x4295770
[PHYDLL:CORE]   allocating phy_field[0] size=100000 bytes=800000
[PHYDLL:CORE] _kernel_alloc_fields bcasts done gl_rank=17 phy_count=18 dl_count=1 size=100000
[PHYDLL:CORE] _kernel_alloc_fields field_t arrays alloc done gl_rank=17 phy_ptr=0x4711d30 dl_ptr=0x40e7fd0
[PHYDLL:CORE]   allocating phy_field[0] size=100000 bytes=800000
[PHYDLL:CORE] _kernel_alloc_fields bcasts done gl_rank=8 phy_count=18 dl_count=1 size=100000
[PHYDLL:CORE] _kernel_alloc_fields field_t arrays alloc done gl_rank=8 phy_ptr=0x437f6a0 dl_ptr=0x46df0c0
[PHYDLL:CORE]   allocating phy_field[0] size=100000 bytes=800000
[PHYDLL:CORE] _kernel_alloc_fields bcasts done gl_rank=11 phy_count=18 dl_count=1 size=100000
[PHYDLL:CORE] _kernel_alloc_fields field_t arrays alloc done gl_rank=11 phy_ptr=0x456c210 dl_ptr=0x40e78b0
[PHYDLL:CORE]   allocating phy_field[0] size=100000 bytes=800000
[PHYDLL:CORE]   allocating phy_field[1] size=100000 bytes=800000
[PHYDLL:CORE]   allocating phy_field[1] size=100000 bytes=800000
[PHYDLL:CORE]   allocating phy_field[1] size=100000 bytes=800000
[PHYDLL:CORE]   allocating phy_field[1] size=100000 bytes=800000
[PHYDLL:CORE]   allocating phy_field[1] size=100000 bytes=800000
[PHYDLL:CORE]   allocating phy_field[1] size=100000 bytes=800000
[PHYDLL:CORE]   allocating phy_field[1] size=100000 bytes=800000
[PHYDLL:CORE]   allocating phy_field[1] size=100000 bytes=800000
[PHYDLL:CORE]   allocating phy_field[1] size=100000 bytes=800000
[PHYDLL:CORE]   allocating phy_field[1] size=100000 bytes=800000
[PHYDLL:CORE]   allocating phy_field[1] size=100000 bytes=800000
[PHYDLL:CORE]   allocating phy_field[1] size=100000 bytes=800000
[PHYDLL:CORE]   allocating phy_field[1] size=100000 bytes=800000
[PHYDLL:CORE]   allocating phy_field[1] size=100000 bytes=800000
[PHYDLL:CORE]   allocating phy_field[1] size=100000 bytes=800000
[PHYDLL:CORE]   allocating phy_field[1] size=100000 bytes=800000
[PHYDLL:CORE]   allocating phy_field[1] size=100000 bytes=800000
[PHYDLL:CORE]   allocating phy_field[1] size=100000 bytes=800000
[PHYDLL:CORE]   allocating phy_field[1] size=100000 bytes=800000
[PHYDLL:CORE]   allocating phy_field[1] size=100000 bytes=800000
[PHYDLL:CORE]   allocating phy_field[2] size=100000 bytes=800000
[PHYDLL:CORE]   allocating phy_field[2] size=100000 bytes=800000
[PHYDLL:CORE]   allocating phy_field[2] size=100000 bytes=800000
[PHYDLL:CORE]   allocating phy_field[2] size=100000 bytes=800000
[PHYDLL:CORE]   allocating phy_field[2] size=100000 bytes=800000
[PHYDLL:CORE]   allocating phy_field[2] size=100000 bytes=800000
[PHYDLL:CORE]   allocating phy_field[2] size=100000 bytes=800000
[PHYDLL:CORE]   allocating phy_field[2] size=100000 bytes=800000
[PHYDLL:CORE]   allocating phy_field[2] size=100000 bytes=800000
[PHYDLL:CORE]   allocating phy_field[2] size=100000 bytes=800000
[PHYDLL:CORE]   allocating phy_field[2] size=100000 bytes=800000
[PHYDLL:CORE]   allocating phy_field[2] size=100000 bytes=800000
[PHYDLL:CORE]   allocating phy_field[2] size=100000 bytes=800000
[PHYDLL:CORE]   allocating phy_field[2] size=100000 bytes=800000
[PHYDLL:CORE]   allocating phy_field[2] size=100000 bytes=800000
[PHYDLL:CORE]   allocating phy_field[2] size=100000 bytes=800000
[PHYDLL:CORE]   allocating phy_field[2] size=100000 bytes=800000
[PHYDLL:CORE]   allocating phy_field[2] size=100000 bytes=800000
[PHYDLL:CORE]   allocating phy_field[2] size=100000 bytes=800000
[PHYDLL:CORE]   allocating phy_field[2] size=100000 bytes=800000
[PHYDLL:CORE]   allocating phy_field[3] size=100000 bytes=800000
[PHYDLL:CORE]   allocating phy_field[3] size=100000 bytes=800000
[PHYDLL:CORE]   allocating phy_field[3] size=100000 bytes=800000
[PHYDLL:CORE]   allocating phy_field[3] size=100000 bytes=800000
[PHYDLL:CORE]   allocating phy_field[3] size=100000 bytes=800000
[PHYDLL:CORE]   allocating phy_field[3] size=100000 bytes=800000
[PHYDLL:CORE]   allocating phy_field[3] size=100000 bytes=800000
[PHYDLL:CORE]   allocating phy_field[3] size=100000 bytes=800000
[PHYDLL:CORE]   allocating phy_field[3] size=100000 bytes=800000
[PHYDLL:CORE]   allocating phy_field[3] size=100000 bytes=800000
[PHYDLL:CORE]   allocating phy_field[3] size=100000 bytes=800000
[PHYDLL:CORE]   allocating phy_field[3] size=100000 bytes=800000
[PHYDLL:CORE]   allocating phy_field[3] size=100000 bytes=800000
[PHYDLL:CORE]   allocating phy_field[3] size=100000 bytes=800000
[PHYDLL:CORE]   allocating phy_field[3] size=100000 bytes=800000
[PHYDLL:CORE]   allocating phy_field[3] size=100000 bytes=800000
[PHYDLL:CORE]   allocating phy_field[3] size=100000 bytes=800000
[PHYDLL:CORE]   allocating phy_field[3] size=100000 bytes=800000
[PHYDLL:CORE]   allocating phy_field[3] size=100000 bytes=800000
[PHYDLL:CORE]   allocating phy_field[3] size=100000 bytes=800000
[PHYDLL:CORE]   allocating phy_field[4] size=100000 bytes=800000
[PHYDLL:CORE]   allocating phy_field[4] size=100000 bytes=800000
[PHYDLL:CORE]   allocating phy_field[4] size=100000 bytes=800000
[PHYDLL:CORE]   allocating phy_field[4] size=100000 bytes=800000
[PHYDLL:CORE]   allocating phy_field[4] size=100000 bytes=800000
[PHYDLL:CORE]   allocating phy_field[4] size=100000 bytes=800000
[PHYDLL:CORE]   allocating phy_field[4] size=100000 bytes=800000
[PHYDLL:CORE]   allocating phy_field[4] size=100000 bytes=800000
[PHYDLL:CORE]   allocating phy_field[4] size=100000 bytes=800000
[PHYDLL:CORE]   allocating phy_field[4] size=100000 bytes=800000
[PHYDLL:CORE]   allocating phy_field[4] size=100000 bytes=800000
[PHYDLL:CORE]   allocating phy_field[4] size=100000 bytes=800000
[PHYDLL:CORE]   allocating phy_field[4] size=100000 bytes=800000
[PHYDLL:CORE]   allocating phy_field[4] size=100000 bytes=800000
[PHYDLL:CORE]   allocating phy_field[4] size=100000 bytes=800000
[PHYDLL:CORE]   allocating phy_field[4] size=100000 bytes=800000
[PHYDLL:CORE]   allocating phy_field[4] size=100000 bytes=800000
[PHYDLL:CORE]   allocating phy_field[4] size=100000 bytes=800000
[PHYDLL:CORE]   allocating phy_field[4] size=100000 bytes=800000
[PHYDLL:CORE]   allocating phy_field[4] size=100000 bytes=800000
[PHYDLL:CORE]   allocating phy_field[5] size=100000 bytes=800000
[PHYDLL:CORE]   allocating phy_field[5] size=100000 bytes=800000
[PHYDLL:CORE]   allocating phy_field[5] size=100000 bytes=800000
[PHYDLL:CORE]   allocating phy_field[5] size=100000 bytes=800000
[PHYDLL:CORE]   allocating phy_field[5] size=100000 bytes=800000
[PHYDLL:CORE]   allocating phy_field[5] size=100000 bytes=800000
[PHYDLL:CORE]   allocating phy_field[5] size=100000 bytes=800000
[PHYDLL:CORE]   allocating phy_field[5] size=100000 bytes=800000
[PHYDLL:CORE]   allocating phy_field[5] size=100000 bytes=800000
[PHYDLL:CORE]   allocating phy_field[5] size=100000 bytes=800000
[PHYDLL:CORE]   allocating phy_field[5] size=100000 bytes=800000
[PHYDLL:CORE]   allocating phy_field[5] size=100000 bytes=800000
[PHYDLL:CORE]   allocating phy_field[5] size=100000 bytes=800000
[PHYDLL:CORE]   allocating phy_field[5] size=100000 bytes=800000
[PHYDLL:CORE]   allocating phy_field[5] size=100000 bytes=800000
[PHYDLL:CORE]   allocating phy_field[5] size=100000 bytes=800000
[PHYDLL:CORE]   allocating phy_field[5] size=100000 bytes=800000
[PHYDLL:CORE]   allocating phy_field[5] size=100000 bytes=800000
[PHYDLL:CORE]   allocating phy_field[5] size=100000 bytes=800000
[PHYDLL:CORE]   allocating phy_field[5] size=100000 bytes=800000
[PHYDLL:CORE]   allocating phy_field[6] size=100000 bytes=800000
[PHYDLL:CORE]   allocating phy_field[6] size=100000 bytes=800000
[PHYDLL:CORE]   allocating phy_field[6] size=100000 bytes=800000
[PHYDLL:CORE]   allocating phy_field[6] size=100000 bytes=800000
[PHYDLL:CORE]   allocating phy_field[6] size=100000 bytes=800000
[PHYDLL:CORE]   allocating phy_field[6] size=100000 bytes=800000
[PHYDLL:CORE]   allocating phy_field[6] size=100000 bytes=800000
[PHYDLL:CORE]   allocating phy_field[6] size=100000 bytes=800000
[PHYDLL:CORE]   allocating phy_field[6] size=100000 bytes=800000
[PHYDLL:CORE]   allocating phy_field[6] size=100000 bytes=800000
[PHYDLL:CORE]   allocating phy_field[6] size=100000 bytes=800000
[PHYDLL:CORE]   allocating phy_field[6] size=100000 bytes=800000
[PHYDLL:CORE]   allocating phy_field[6] size=100000 bytes=800000
[PHYDLL:CORE]   allocating phy_field[6] size=100000 bytes=800000
[PHYDLL:CORE]   allocating phy_field[6] size=100000 bytes=800000
[PHYDLL:CORE]   allocating phy_field[6] size=100000 bytes=800000
[PHYDLL:CORE]   allocating phy_field[6] size=100000 bytes=800000
[PHYDLL:CORE]   allocating phy_field[6] size=100000 bytes=800000
[PHYDLL:CORE]   allocating phy_field[6] size=100000 bytes=800000
[PHYDLL:CORE]   allocating phy_field[6] size=100000 bytes=800000
[PHYDLL:CORE]   allocating phy_field[7] size=100000 bytes=800000
[PHYDLL:CORE]   allocating phy_field[7] size=100000 bytes=800000
[PHYDLL:CORE]   allocating phy_field[7] size=100000 bytes=800000
[PHYDLL:CORE]   allocating phy_field[7] size=100000 bytes=800000
[PHYDLL:CORE]   allocating phy_field[7] size=100000 bytes=800000
[PHYDLL:CORE]   allocating phy_field[7] size=100000 bytes=800000
[PHYDLL:CORE]   allocating phy_field[7] size=100000 bytes=800000
[PHYDLL:CORE]   allocating phy_field[7] size=100000 bytes=800000
[PHYDLL:CORE]   allocating phy_field[7] size=100000 bytes=800000
[PHYDLL:CORE]   allocating phy_field[7] size=100000 bytes=800000
[PHYDLL:CORE]   allocating phy_field[7] size=100000 bytes=800000
[PHYDLL:CORE]   allocating phy_field[7] size=100000 bytes=800000
[PHYDLL:CORE]   allocating phy_field[7] size=100000 bytes=800000
[PHYDLL:CORE]   allocating phy_field[7] size=100000 bytes=800000
[PHYDLL:CORE]   allocating phy_field[7] size=100000 bytes=800000
[PHYDLL:CORE]   allocating phy_field[7] size=100000 bytes=800000
[PHYDLL:CORE]   allocating phy_field[7] size=100000 bytes=800000
[PHYDLL:CORE]   allocating phy_field[7] size=100000 bytes=800000
[PHYDLL:CORE]   allocating phy_field[7] size=100000 bytes=800000
[PHYDLL:CORE]   allocating phy_field[8] size=100000 bytes=800000
[PHYDLL:CORE]   allocating phy_field[7] size=100000 bytes=800000
[PHYDLL:CORE]   allocating phy_field[8] size=100000 bytes=800000
[PHYDLL:CORE]   allocating phy_field[8] size=100000 bytes=800000
[PHYDLL:CORE]   allocating phy_field[8] size=100000 bytes=800000
[PHYDLL:CORE]   allocating phy_field[8] size=100000 bytes=800000
[PHYDLL:CORE]   allocating phy_field[8] size=100000 bytes=800000
[PHYDLL:CORE]   allocating phy_field[8] size=100000 bytes=800000
[PHYDLL:CORE]   allocating phy_field[8] size=100000 bytes=800000
[PHYDLL:CORE]   allocating phy_field[8] size=100000 bytes=800000
[PHYDLL:CORE]   allocating phy_field[8] size=100000 bytes=800000
[PHYDLL:CORE]   allocating phy_field[8] size=100000 bytes=800000
[PHYDLL:CORE]   allocating phy_field[8] size=100000 bytes=800000
[PHYDLL:CORE]   allocating phy_field[8] size=100000 bytes=800000
[PHYDLL:CORE]   allocating phy_field[8] size=100000 bytes=800000
[PHYDLL:CORE]   allocating phy_field[8] size=100000 bytes=800000
[PHYDLL:CORE]   allocating phy_field[8] size=100000 bytes=800000
[PHYDLL:CORE]   allocating phy_field[8] size=100000 bytes=800000
[PHYDLL:CORE]   allocating phy_field[8] size=100000 bytes=800000
[PHYDLL:CORE]   allocating phy_field[8] size=100000 bytes=800000
[PHYDLL:CORE]   allocating phy_field[9] size=100000 bytes=800000
[PHYDLL:CORE]   allocating phy_field[8] size=100000 bytes=800000
[PHYDLL:CORE]   allocating phy_field[9] size=100000 bytes=800000
[PHYDLL:CORE]   allocating phy_field[9] size=100000 bytes=800000
[PHYDLL:CORE]   allocating phy_field[9] size=100000 bytes=800000
[PHYDLL:CORE]   allocating phy_field[9] size=100000 bytes=800000
[PHYDLL:CORE]   allocating phy_field[9] size=100000 bytes=800000
[PHYDLL:CORE]   allocating phy_field[9] size=100000 bytes=800000
[PHYDLL:CORE]   allocating phy_field[9] size=100000 bytes=800000
[PHYDLL:CORE]   allocating phy_field[9] size=100000 bytes=800000
[PHYDLL:CORE]   allocating phy_field[9] size=100000 bytes=800000
[PHYDLL:CORE]   allocating phy_field[9] size=100000 bytes=800000
[PHYDLL:CORE]   allocating phy_field[9] size=100000 bytes=800000
[PHYDLL:CORE]   allocating phy_field[9] size=100000 bytes=800000
[PHYDLL:CORE]   allocating phy_field[9] size=100000 bytes=800000
[PHYDLL:CORE]   allocating phy_field[9] size=100000 bytes=800000
[PHYDLL:CORE]   allocating phy_field[9] size=100000 bytes=800000
[PHYDLL:CORE]   allocating phy_field[9] size=100000 bytes=800000
[PHYDLL:CORE]   allocating phy_field[9] size=100000 bytes=800000
[PHYDLL:CORE]   allocating phy_field[9] size=100000 bytes=800000
[PHYDLL:CORE]   allocating phy_field[9] size=100000 bytes=800000
[PHYDLL:CORE]   allocating phy_field[10] size=100000 bytes=800000
[PHYDLL:CORE]   allocating phy_field[10] size=100000 bytes=800000
[PHYDLL:CORE]   allocating phy_field[10] size=100000 bytes=800000
[PHYDLL:CORE]   allocating phy_field[10] size=100000 bytes=800000
[PHYDLL:CORE]   allocating phy_field[10] size=100000 bytes=800000
[PHYDLL:CORE]   allocating phy_field[10] size=100000 bytes=800000
[PHYDLL:CORE]   allocating phy_field[10] size=100000 bytes=800000
[PHYDLL:CORE]   allocating phy_field[10] size=100000 bytes=800000
[PHYDLL:CORE]   allocating phy_field[10] size=100000 bytes=800000
[PHYDLL:CORE]   allocating phy_field[10] size=100000 bytes=800000
[PHYDLL:CORE]   allocating phy_field[10] size=100000 bytes=800000
[PHYDLL:CORE]   allocating phy_field[10] size=100000 bytes=800000
[PHYDLL:CORE]   allocating phy_field[10] size=100000 bytes=800000
[PHYDLL:CORE]   allocating phy_field[10] size=100000 bytes=800000
[PHYDLL:CORE]   allocating phy_field[10] size=100000 bytes=800000
[PHYDLL:CORE]   allocating phy_field[10] size=100000 bytes=800000
[PHYDLL:CORE]   allocating phy_field[10] size=100000 bytes=800000
[PHYDLL:CORE]   allocating phy_field[10] size=100000 bytes=800000
[PHYDLL:CORE]   allocating phy_field[10] size=100000 bytes=800000
[PHYDLL:CORE]   allocating phy_field[11] size=100000 bytes=800000
[PHYDLL:CORE]   allocating phy_field[11] size=100000 bytes=800000
[PHYDLL:CORE]   allocating phy_field[11] size=100000 bytes=800000
[PHYDLL:CORE]   allocating phy_field[11] size=100000 bytes=800000
[PHYDLL:CORE]   allocating phy_field[11] size=100000 bytes=800000
[PHYDLL:CORE]   allocating phy_field[11] size=100000 bytes=800000
[PHYDLL:CORE]   allocating phy_field[11] size=100000 bytes=800000
[PHYDLL:CORE]   allocating phy_field[11] size=100000 bytes=800000
[PHYDLL:CORE]   allocating phy_field[11] size=100000 bytes=800000
[PHYDLL:CORE]   allocating phy_field[11] size=100000 bytes=800000
[PHYDLL:CORE]   allocating phy_field[11] size=100000 bytes=800000
[PHYDLL:CORE]   allocating phy_field[11] size=100000 bytes=800000
[PHYDLL:CORE]   allocating phy_field[11] size=100000 bytes=800000
[PHYDLL:CORE]   allocating phy_field[11] size=100000 bytes=800000
[PHYDLL:CORE]   allocating phy_field[11] size=100000 bytes=800000
[PHYDLL:CORE]   allocating phy_field[11] size=100000 bytes=800000
[PHYDLL:CORE]   allocating phy_field[10] size=100000 bytes=800000
[PHYDLL:CORE]   allocating phy_field[11] size=100000 bytes=800000
[PHYDLL:CORE]   allocating phy_field[11] size=100000 bytes=800000
[PHYDLL:CORE]   allocating phy_field[11] size=100000 bytes=800000
[PHYDLL:CORE]   allocating phy_field[12] size=100000 bytes=800000
[PHYDLL:CORE]   allocating phy_field[12] size=100000 bytes=800000
[PHYDLL:CORE]   allocating phy_field[12] size=100000 bytes=800000
[PHYDLL:CORE]   allocating phy_field[12] size=100000 bytes=800000
[PHYDLL:CORE]   allocating phy_field[12] size=100000 bytes=800000
[PHYDLL:CORE]   allocating phy_field[12] size=100000 bytes=800000
[PHYDLL:CORE]   allocating phy_field[12] size=100000 bytes=800000
[PHYDLL:CORE]   allocating phy_field[12] size=100000 bytes=800000
[PHYDLL:CORE]   allocating phy_field[12] size=100000 bytes=800000
[PHYDLL:CORE]   allocating phy_field[12] size=100000 bytes=800000
[PHYDLL:CORE]   allocating phy_field[12] size=100000 bytes=800000
[PHYDLL:CORE]   allocating phy_field[12] size=100000 bytes=800000
[PHYDLL:CORE]   allocating phy_field[12] size=100000 bytes=800000
[PHYDLL:CORE]   allocating phy_field[12] size=100000 bytes=800000
[PHYDLL:CORE]   allocating phy_field[12] size=100000 bytes=800000
[PHYDLL:CORE]   allocating phy_field[12] size=100000 bytes=800000
[PHYDLL:CORE]   allocating phy_field[12] size=100000 bytes=800000
[PHYDLL:CORE]   allocating phy_field[11] size=100000 bytes=800000
[PHYDLL:CORE]   allocating phy_field[12] size=100000 bytes=800000
[PHYDLL:CORE]   allocating phy_field[1] size=2000000 bytes=16000000
[PHYDLL:CORE]   allocating phy_field[12] size=100000 bytes=800000
[PHYDLL:CORE]   allocating phy_field[13] size=100000 bytes=800000
[PHYDLL:CORE]   allocating phy_field[13] size=100000 bytes=800000
[PHYDLL:CORE]   allocating phy_field[13] size=100000 bytes=800000
[PHYDLL:CORE]   allocating phy_field[13] size=100000 bytes=800000
[PHYDLL:CORE]   allocating phy_field[13] size=100000 bytes=800000
[PHYDLL:CORE]   allocating phy_field[13] size=100000 bytes=800000
[PHYDLL:CORE]   allocating phy_field[13] size=100000 bytes=800000
[PHYDLL:CORE]   allocating phy_field[13] size=100000 bytes=800000
[PHYDLL:CORE]   allocating phy_field[13] size=100000 bytes=800000
[PHYDLL:CORE]   allocating phy_field[13] size=100000 bytes=800000
[PHYDLL:CORE]   allocating phy_field[13] size=100000 bytes=800000
[PHYDLL:CORE]   allocating phy_field[13] size=100000 bytes=800000
[PHYDLL:CORE]   allocating phy_field[13] size=100000 bytes=800000
[PHYDLL:CORE]   allocating phy_field[13] size=100000 bytes=800000
[PHYDLL:CORE]   allocating phy_field[13] size=100000 bytes=800000
[PHYDLL:CORE]   allocating phy_field[13] size=100000 bytes=800000
[PHYDLL:CORE]   allocating phy_field[12] size=100000 bytes=800000
[PHYDLL:CORE]   allocating phy_field[13] size=100000 bytes=800000
[PHYDLL:CORE]   allocating phy_field[13] size=100000 bytes=800000
[PHYDLL:CORE]   allocating phy_field[13] size=100000 bytes=800000
[PHYDLL:CORE]   allocating phy_field[14] size=100000 bytes=800000
[PHYDLL:CORE]   allocating phy_field[14] size=100000 bytes=800000
[PHYDLL:CORE]   allocating phy_field[14] size=100000 bytes=800000
[PHYDLL:CORE]   allocating phy_field[14] size=100000 bytes=800000
[PHYDLL:CORE]   allocating phy_field[14] size=100000 bytes=800000
[PHYDLL:CORE]   allocating phy_field[14] size=100000 bytes=800000
[PHYDLL:CORE]   allocating phy_field[14] size=100000 bytes=800000
[PHYDLL:CORE]   allocating phy_field[14] size=100000 bytes=800000
[PHYDLL:CORE]   allocating phy_field[14] size=100000 bytes=800000
[PHYDLL:CORE]   allocating phy_field[14] size=100000 bytes=800000
[PHYDLL:CORE]   allocating phy_field[14] size=100000 bytes=800000
[PHYDLL:CORE]   allocating phy_field[14] size=100000 bytes=800000
[PHYDLL:CORE]   allocating phy_field[14] size=100000 bytes=800000
[PHYDLL:CORE]   allocating phy_field[14] size=100000 bytes=800000
[PHYDLL:CORE]   allocating phy_field[14] size=100000 bytes=800000
[PHYDLL:CORE]   allocating phy_field[14] size=100000 bytes=800000
[PHYDLL:CORE]   allocating phy_field[14] size=100000 bytes=800000
[PHYDLL:CORE]   allocating phy_field[13] size=100000 bytes=800000
[PHYDLL:CORE]   allocating phy_field[14] size=100000 bytes=800000
[PHYDLL:CORE]   allocating phy_field[14] size=100000 bytes=800000
[PHYDLL:CORE]   allocating phy_field[15] size=100000 bytes=800000
[PHYDLL:CORE]   allocating phy_field[15] size=100000 bytes=800000
[PHYDLL:CORE]   allocating phy_field[15] size=100000 bytes=800000
[PHYDLL:CORE]   allocating phy_field[15] size=100000 bytes=800000
[PHYDLL:CORE]   allocating phy_field[15] size=100000 bytes=800000
[PHYDLL:CORE]   allocating phy_field[15] size=100000 bytes=800000
[PHYDLL:CORE]   allocating phy_field[15] size=100000 bytes=800000
[PHYDLL:CORE]   allocating phy_field[15] size=100000 bytes=800000
[PHYDLL:CORE]   allocating phy_field[15] size=100000 bytes=800000
[PHYDLL:CORE]   allocating phy_field[15] size=100000 bytes=800000
[PHYDLL:CORE]   allocating phy_field[15] size=100000 bytes=800000
[PHYDLL:CORE]   allocating phy_field[15] size=100000 bytes=800000
[PHYDLL:CORE]   allocating phy_field[15] size=100000 bytes=800000
[PHYDLL:CORE]   allocating phy_field[15] size=100000 bytes=800000
[PHYDLL:CORE]   allocating phy_field[15] size=100000 bytes=800000
[PHYDLL:CORE]   allocating phy_field[15] size=100000 bytes=800000
[PHYDLL:CORE]   allocating phy_field[15] size=100000 bytes=800000
[PHYDLL:CORE]   allocating phy_field[14] size=100000 bytes=800000
[PHYDLL:CORE]   allocating phy_field[15] size=100000 bytes=800000
[PHYDLL:CORE]   allocating phy_field[16] size=100000 bytes=800000
[PHYDLL:CORE]   allocating phy_field[16] size=100000 bytes=800000
[PHYDLL:CORE]   allocating phy_field[16] size=100000 bytes=800000
[PHYDLL:CORE]   allocating phy_field[16] size=100000 bytes=800000
[PHYDLL:CORE]   allocating phy_field[16] size=100000 bytes=800000
[PHYDLL:CORE]   allocating phy_field[15] size=100000 bytes=800000
[PHYDLL:CORE]   allocating phy_field[16] size=100000 bytes=800000
[PHYDLL:CORE]   allocating phy_field[16] size=100000 bytes=800000
[PHYDLL:CORE]   allocating phy_field[16] size=100000 bytes=800000
[PHYDLL:CORE]   allocating phy_field[16] size=100000 bytes=800000
[PHYDLL:CORE]   allocating phy_field[16] size=100000 bytes=800000
[PHYDLL:CORE]   allocating phy_field[16] size=100000 bytes=800000
[PHYDLL:CORE]   allocating phy_field[16] size=100000 bytes=800000
[PHYDLL:CORE]   allocating phy_field[16] size=100000 bytes=800000
[PHYDLL:CORE]   allocating phy_field[16] size=100000 bytes=800000
[PHYDLL:CORE]   allocating phy_field[16] size=100000 bytes=800000
[PHYDLL:CORE]   allocating phy_field[16] size=100000 bytes=800000
[PHYDLL:CORE]   allocating phy_field[15] size=100000 bytes=800000
[PHYDLL:CORE]   allocating phy_field[16] size=100000 bytes=800000
[PHYDLL:CORE]   allocating phy_field[16] size=100000 bytes=800000
[PHYDLL:CORE]   allocating phy_field[17] size=100000 bytes=800000
[PHYDLL:CORE]   allocating phy_field[17] size=100000 bytes=800000
[PHYDLL:CORE]   allocating phy_field[17] size=100000 bytes=800000
[PHYDLL:CORE]   allocating phy_field[17] size=100000 bytes=800000
[PHYDLL:CORE]   allocating phy_field[17] size=100000 bytes=800000
[PHYDLL:CORE]   allocating phy_field[17] size=100000 bytes=800000
[PHYDLL:CORE]   allocating phy_field[17] size=100000 bytes=800000
[PHYDLL:CORE]   allocating phy_field[17] size=100000 bytes=800000
[PHYDLL:CORE]   allocating phy_field[16] size=100000 bytes=800000
[PHYDLL:CORE]   allocating phy_field[17] size=100000 bytes=800000
[PHYDLL:CORE]   allocating phy_field[17] size=100000 bytes=800000
[PHYDLL:CORE]   allocating phy_field[17] size=100000 bytes=800000
[PHYDLL:CORE]   allocating phy_field[17] size=100000 bytes=800000
[PHYDLL:CORE]   allocating phy_field[17] size=100000 bytes=800000
[PHYDLL:CORE]   allocating phy_field[17] size=100000 bytes=800000
[PHYDLL:CORE]   allocating phy_field[17] size=100000 bytes=800000
[PHYDLL:CORE]   allocating phy_field[17] size=100000 bytes=800000
[PHYDLL:CORE]   allocating phy_field[16] size=100000 bytes=800000
[PHYDLL:CORE]   allocating phy_field[17] size=100000 bytes=800000
[PHYDLL:CORE]   allocating dl_field[0] size=100000 bytes=800000
[PHYDLL:CORE]   allocating dl_field[0] size=100000 bytes=800000
[PHYDLL:CORE]   allocating dl_field[0] size=100000 bytes=800000
[PHYDLL:CORE]   allocating dl_field[0] size=100000 bytes=800000
[PHYDLL:CORE]   allocating dl_field[0] size=100000 bytes=800000
[PHYDLL:CORE]   allocating phy_field[17] size=100000 bytes=800000
[PHYDLL:CORE]   allocating dl_field[0] size=100000 bytes=800000
[PHYDLL:CORE]   allocating dl_field[0] size=100000 bytes=800000
[PHYDLL:CORE]   allocating phy_field[17] size=100000 bytes=800000
[PHYDLL:CORE]   allocating dl_field[0] size=100000 bytes=800000
[PHYDLL:CORE]   allocating dl_field[0] size=100000 bytes=800000
[PHYDLL:CORE]   allocating dl_field[0] size=100000 bytes=800000
[PHYDLL:CORE]   allocating dl_field[0] size=100000 bytes=800000
[PHYDLL:CORE]   allocating dl_field[0] size=100000 bytes=800000
[PHYDLL:CORE]   allocating dl_field[0] size=100000 bytes=800000
[PHYDLL:CORE]   allocating dl_field[0] size=100000 bytes=800000
[PHYDLL:CORE]   allocating dl_field[0] size=100000 bytes=800000
[PHYDLL:CORE]   allocating dl_field[0] size=100000 bytes=800000
[PHYDLL:CORE]   allocating phy_field[17] size=100000 bytes=800000
[PHYDLL:CORE]   allocating dl_field[0] size=100000 bytes=800000
[PHYDLL:CORE] _kernel_alloc_fields complete gl_rank=2
[PHYDLL:PHY] after phydll_define_phy
[PHYDLL:CORE] _kernel_alloc_fields complete gl_rank=10
[PHYDLL:PHY] after phydll_define_phy
[PHYDLL:CORE] _kernel_alloc_fields complete gl_rank=13
[PHYDLL:PHY] after phydll_define_phy
[PHYDLL:CORE]   allocating dl_field[0] size=100000 bytes=800000
[PHYDLL:CORE] _kernel_alloc_fields complete gl_rank=7
[PHYDLL:PHY] after phydll_define_phy
[PHYDLL:CORE] _kernel_alloc_fields complete gl_rank=4
[PHYDLL:PHY] after phydll_define_phy[PHYDLL:CORE] _kernel_alloc_fields complete gl_rank=3
[PHYDLL:PHY] after phydll_define_phy

[PHYDLL:CORE]   allocating dl_field[0] size=100000 bytes=800000
[PHYDLL:CORE] _kernel_alloc_fields complete gl_rank=5
[PHYDLL:PHY] after phydll_define_phy
[PHYDLL:CORE] _kernel_alloc_fields complete gl_rank=17
[PHYDLL:PHY] after phydll_define_phy
[PHYDLL:CORE] _kernel_alloc_fields complete gl_rank=12
[PHYDLL:PHY] after phydll_define_phy[PHYDLL:CORE] _kernel_alloc_fields complete gl_rank=19
[PHYDLL:PHY] after phydll_define_phy

[PHYDLL:CORE] _kernel_alloc_fields complete gl_rank=15
[PHYDLL:PHY] after phydll_define_phy
[PHYDLL:CORE] _kernel_alloc_fields complete gl_rank=14
[PHYDLL:PHY] after phydll_define_phy
[PHYDLL:CORE] _kernel_alloc_fields complete gl_rank=18
[PHYDLL:PHY] after phydll_define_phy
[PHYDLL:CORE] _kernel_alloc_fields complete gl_rank=6
[PHYDLL:PHY] after phydll_define_phy
[PHYDLL:CORE] _kernel_alloc_fields complete gl_rank=0
[PHYDLL:CORE] _kernel_alloc_fields complete gl_rank=9
[PHYDLL:PHY] after phydll_define_phy
[PHYDLL:PHY] Rank 0 starting metadata handshake. Synchronizing with DL side...
[PHYDLL:PHY] Handshake synchronization complete.
[PHYDLL:PHY] after phydll_define_phy
[PHYDLL:CORE]   allocating dl_field[0] size=100000 bytes=800000
[PHYDLL:CORE] _kernel_alloc_fields complete gl_rank=1
[PHYDLL:PHY] after phydll_define_phy
[PHYDLL:CORE] _kernel_alloc_fields complete gl_rank=16
[PHYDLL:PHY] after phydll_define_phy
[PHYDLL:CORE] _kernel_alloc_fields complete gl_rank=11
[PHYDLL:PHY] after phydll_define_phy
[PHYDLL:CORE] _kernel_alloc_fields complete gl_rank=8
[PHYDLL:PHY] after phydll_define_phy
[PHYDLL:CORE]   allocating phy_field[2] size=2000000 bytes=16000000
[PHYDLL:CORE]   allocating phy_field[3] size=2000000 bytes=16000000
CMI initialized successfully. Starting benchmark steps...

[PHYDLL:CORE]   allocating phy_field[4] size=2000000 bytes=16000000
(PhyDLL:PHY) ----> SET... Physical field: (0) 'PHY-IN-000' ...done
(PhyDLL:PHY) ----> SET... Physical field: (1) 'PHY-IN-001' ...done
(PhyDLL:PHY) ----> SET... Physical field: (2) 'PHY-IN-002' ...done
(PhyDLL:PHY) ----> SET... Physical field: (3) 'PHY-IN-003' ...done
(PhyDLL:PHY) ----> SET... Physical field: (4) 'PHY-IN-004' ...done
(PhyDLL:PHY) ----> SET... Physical field: (5) 'PHY-IN-005' ...done
(PhyDLL:PHY) ----> SET... Physical field: (6) 'PHY-IN-006' ...done
(PhyDLL:PHY) ----> SET... Physical field: (7) 'PHY-IN-007' ...done
(PhyDLL:PHY) ----> SET... Physical field: (8) 'PHY-IN-008' ...done
(PhyDLL:PHY) ----> SET... Physical field: (9) 'PHY-IN-009' ...done
(PhyDLL:PHY) ----> SET... Physical field: (10) 'PHY-IN-010' ...done
(PhyDLL:PHY) ----> SET... Physical field: (11) 'PHY-IN-011' ...done
(PhyDLL:PHY) ----> SET... Physical field: (12) 'PHY-IN-012' ...done
(PhyDLL:PHY) ----> SET... Physical field: (13) 'PHY-IN-013' ...done
(PhyDLL:PHY) ----> SET... Physical field: (14) 'PHY-IN-014' ...done
(PhyDLL:PHY) ----> SET... Physical field: (15) 'PHY-IN-015' ...done
(PhyDLL:PHY) ----> SET... Physical field: (16) 'PHY-IN-016' ...done
(PhyDLL:PHY) ----> SET... Physical field: (17) 'PHY-IN-017' ...done
(PhyDLL:PHY) ----> ITE (PHY ITE) = 1 (1)
[PHYDLL:CORE]   allocating phy_field[5] size=2000000 bytes=16000000
[PHYDLL:CORE]   allocating phy_field[6] size=2000000 bytes=16000000
[PHYDLL:CORE]   allocating phy_field[7] size=2000000 bytes=16000000
[PHYDLL:CORE]   allocating phy_field[8] size=2000000 bytes=16000000
[PHYDLL:CORE]   allocating phy_field[9] size=2000000 bytes=16000000
[PHYDLL:CORE]   allocating phy_field[10] size=2000000 bytes=16000000
[PHYDLL:CORE]   allocating phy_field[11] size=2000000 bytes=16000000
[PHYDLL:CORE]   allocating phy_field[12] size=2000000 bytes=16000000
[PHYDLL:CORE]   allocating phy_field[13] size=2000000 bytes=16000000
[PHYDLL:CORE]   allocating phy_field[14] size=2000000 bytes=16000000
[PHYDLL:CORE]   allocating phy_field[15] size=2000000 bytes=16000000
[PHYDLL:CORE]   allocating phy_field[16] size=2000000 bytes=16000000
[PHYDLL:CORE]   allocating phy_field[17] size=2000000 bytes=16000000
[PHYDLL:CORE]   allocating dl_field[0] size=2000000 bytes=16000000
[PHYDLL:CORE] _kernel_alloc_fields complete gl_rank=20
[DL] Returned from dll.define_dl.
[DL] calling dll.get_local_mpi_comm()...
[DL] Returned from dll.get_local_mpi_comm().
(PhyDLL:DL) ----> ITE (PHY ITE) = 1 (1)
[DL 20] Calling dll.recv(only=True) (uniform_chunks)...
(PhyDLL:PHY) ----> SEND...>>>... Physical fields ...done
(PhyDLL:DL) ----> RECV...<<<... Physical fields ...done
(PhyDLL:DL) ----> GET... Physical field: (0) 'PHY-IN-000' ...done
(PhyDLL:DL) ----> GET... Physical field: (1) 'PHY-IN-001' ...done
(PhyDLL:DL) ----> GET... Physical field: (2) 'PHY-IN-002' ...done
(PhyDLL:DL) ----> GET... Physical field: (3) 'PHY-IN-003' ...done
(PhyDLL:DL) ----> GET... Physical field: (4) 'PHY-IN-004' ...done
(PhyDLL:DL) ----> GET... Physical field: (5) 'PHY-IN-005' ...done
(PhyDLL:DL) ----> GET... Physical field: (6) 'PHY-IN-006' ...done
(PhyDLL:DL) ----> GET... Physical field: (7) 'PHY-IN-007' ...done
(PhyDLL:DL) ----> GET... Physical field: (8) 'PHY-IN-008' ...done
(PhyDLL:DL) ----> GET... Physical field: (9) 'PHY-IN-009' ...done
(PhyDLL:DL) ----> GET... Physical field: (10) 'PHY-IN-010' ...done
(PhyDLL:DL) ----> GET... Physical field: (11) 'PHY-IN-011' ...done
(PhyDLL:DL) ----> GET... Physical field: (12) 'PHY-IN-012' ...done
(PhyDLL:DL) ----> GET... Physical field: (13) 'PHY-IN-013' ...done
(PhyDLL:DL) ----> GET... Physical field: (14) 'PHY-IN-014' ...done
(PhyDLL:DL) ----> GET... Physical field: (15) 'PHY-IN-015' ...done
(PhyDLL:DL) ----> GET... Physical field: (16) 'PHY-IN-016' ...done
(PhyDLL:DL) ----> GET... Physical field: (17) 'PHY-IN-017' ...done
[PHYDLL:DL:PY] Using local DL rank 0 mapped to GPU device index: 0
[PHYDLL:DL:PY] model loaded
[PHYDLL:DL:PY] meta init model_path='/rwthfs/rz/cluster/hpcwork/ro092286/smartsim/batch_memory_benchmark/../mini_app/train_models/model_a/watercnn_cuda.pt' total_input=36000000 total_output=2000000
(PhyDLL:DL) ----> SET... DL field: (0) 'DL-OUT' ...done
(PhyDLL:DL) ----> SEND...>>>... DL fields ...done
(PhyDLL:PHY) ----> RECV...<<<... DL fields ...done
(PhyDLL:PHY) ----> GET... DL field: (0) 'DL-OUT' ...done
STEP_TIMING step=1 latency_ms=1463.43 min_ms=1463.02 avg_ms=1463.23 total_samples=2000000 throughput_samples_sec=1366655
(PhyDLL:PHY) ----> SET... Physical field: (0) 'PHY-IN-000' ...done
(PhyDLL:PHY) ----> SET... Physical field: (1) 'PHY-IN-001' ...done
(PhyDLL:PHY) ----> SET... Physical field: (2) 'PHY-IN-002' ...done
(PhyDLL:PHY) ----> SET... Physical field: (3) 'PHY-IN-003' ...done
(PhyDLL:PHY) ----> SET... Physical field: (4) 'PHY-IN-004' ...done
(PhyDLL:PHY) ----> SET... Physical field: (5) 'PHY-IN-005' ...done
(PhyDLL:PHY) ----> SET... Physical field: (6) 'PHY-IN-006' ...done
(PhyDLL:PHY) ----> SET... Physical field: (7) 'PHY-IN-007' ...done
(PhyDLL:PHY) ----> SET... Physical field: (8) 'PHY-IN-008' ...done
(PhyDLL:PHY) ----> SET... Physical field: (9) 'PHY-IN-009' ...done
(PhyDLL:PHY) ----> SET... Physical field: (10) 'PHY-IN-010' ...done
(PhyDLL:PHY) ----> SET... Physical field: (11) 'PHY-IN-011' ...done
(PhyDLL:PHY) ----> SET... Physical field: (12) 'PHY-IN-012' ...done
(PhyDLL:PHY) ----> SET... Physical field: (13) 'PHY-IN-013' ...done
(PhyDLL:PHY) ----> SET... Physical field: (14) 'PHY-IN-014' ...done
(PhyDLL:PHY) ----> SET... Physical field: (15) 'PHY-IN-015' ...done
(PhyDLL:PHY) ----> SET... Physical field: (16) 'PHY-IN-016' ...done
(PhyDLL:PHY) ----> SET... Physical field: (17) 'PHY-IN-017' ...done
(PhyDLL:DL) ----> ITE (PHY ITE) = 2 (2)
(PhyDLL:PHY) ----> ITE (PHY ITE) = 2 (2)
[DL 20] Calling dll.recv(only=True) (uniform_chunks)...
(PhyDLL:PHY) ----> SEND...>>>... Physical fields ...done
(PhyDLL:DL) ----> RECV...<<<... Physical fields ...done
(PhyDLL:DL) ----> GET... Physical field: (0) 'PHY-IN-000' ...done
(PhyDLL:DL) ----> GET... Physical field: (1) 'PHY-IN-001' ...done
(PhyDLL:DL) ----> GET... Physical field: (2) 'PHY-IN-002' ...done
(PhyDLL:DL) ----> GET... Physical field: (3) 'PHY-IN-003' ...done
(PhyDLL:DL) ----> GET... Physical field: (4) 'PHY-IN-004' ...done
(PhyDLL:DL) ----> GET... Physical field: (5) 'PHY-IN-005' ...done
(PhyDLL:DL) ----> GET... Physical field: (6) 'PHY-IN-006' ...done
(PhyDLL:DL) ----> GET... Physical field: (7) 'PHY-IN-007' ...done
(PhyDLL:DL) ----> GET... Physical field: (8) 'PHY-IN-008' ...done
(PhyDLL:DL) ----> GET... Physical field: (9) 'PHY-IN-009' ...done
(PhyDLL:DL) ----> GET... Physical field: (10) 'PHY-IN-010' ...done
(PhyDLL:DL) ----> GET... Physical field: (11) 'PHY-IN-011' ...done
(PhyDLL:DL) ----> GET... Physical field: (12) 'PHY-IN-012' ...done
(PhyDLL:DL) ----> GET... Physical field: (13) 'PHY-IN-013' ...done
(PhyDLL:DL) ----> GET... Physical field: (14) 'PHY-IN-014' ...done
(PhyDLL:DL) ----> GET... Physical field: (15) 'PHY-IN-015' ...done
(PhyDLL:DL) ----> GET... Physical field: (16) 'PHY-IN-016' ...done
(PhyDLL:DL) ----> GET... Physical field: (17) 'PHY-IN-017' ...done
(PhyDLL:DL) ----> SET... DL field: (0) 'DL-OUT' ...done
(PhyDLL:DL) ----> SEND...>>>... DL fields ...done
(PhyDLL:PHY) ----> RECV...<<<... DL fields ...done
(PhyDLL:PHY) ----> GET... DL field: (0) 'DL-OUT' ...done
STEP_TIMING step=2 latency_ms=323.19 min_ms=322.83 avg_ms=322.94 total_samples=2000000 throughput_samples_sec=6188344
(PhyDLL:PHY) ----> SET... Physical field: (0) 'PHY-IN-000' ...done
(PhyDLL:PHY) ----> SET... Physical field: (1) 'PHY-IN-001' ...done
(PhyDLL:PHY) ----> SET... Physical field: (2) 'PHY-IN-002' ...done
(PhyDLL:PHY) ----> SET... Physical field: (3) 'PHY-IN-003' ...done
(PhyDLL:PHY) ----> SET... Physical field: (4) 'PHY-IN-004' ...done
(PhyDLL:PHY) ----> SET... Physical field: (5) 'PHY-IN-005' ...done
(PhyDLL:PHY) ----> SET... Physical field: (6) 'PHY-IN-006' ...done
(PhyDLL:PHY) ----> SET... Physical field: (7) 'PHY-IN-007' ...done
(PhyDLL:PHY) ----> SET... Physical field: (8) 'PHY-IN-008' ...done
(PhyDLL:PHY) ----> SET... Physical field: (9) 'PHY-IN-009' ...done
(PhyDLL:PHY) ----> SET... Physical field: (10) 'PHY-IN-010' ...done
(PhyDLL:PHY) ----> SET... Physical field: (11) 'PHY-IN-011' ...done
(PhyDLL:PHY) ----> SET... Physical field: (12) 'PHY-IN-012' ...done
(PhyDLL:PHY) ----> SET... Physical field: (13) 'PHY-IN-013' ...done
(PhyDLL:PHY) ----> SET... Physical field: (14) 'PHY-IN-014' ...done
(PhyDLL:PHY) ----> SET... Physical field: (15) 'PHY-IN-015' ...done
(PhyDLL:PHY) ----> SET... Physical field: (16) 'PHY-IN-016' ...done
(PhyDLL:PHY) ----> SET... Physical field: (17) 'PHY-IN-017' ...done
(PhyDLL:DL) ----> ITE (PHY ITE) = 3 (3)
(PhyDLL:PHY) ----> ITE (PHY ITE) = 3 (3)
[DL 20] Calling dll.recv(only=True) (uniform_chunks)...
(PhyDLL:PHY) ----> SEND...>>>... Physical fields ...done
(PhyDLL:DL) ----> RECV...<<<... Physical fields ...done
(PhyDLL:DL) ----> GET... Physical field: (0) 'PHY-IN-000' ...done
(PhyDLL:DL) ----> GET... Physical field: (1) 'PHY-IN-001' ...done
(PhyDLL:DL) ----> GET... Physical field: (2) 'PHY-IN-002' ...done
(PhyDLL:DL) ----> GET... Physical field: (3) 'PHY-IN-003' ...done
(PhyDLL:DL) ----> GET... Physical field: (4) 'PHY-IN-004' ...done
(PhyDLL:DL) ----> GET... Physical field: (5) 'PHY-IN-005' ...done
(PhyDLL:DL) ----> GET... Physical field: (6) 'PHY-IN-006' ...done
(PhyDLL:DL) ----> GET... Physical field: (7) 'PHY-IN-007' ...done
(PhyDLL:DL) ----> GET... Physical field: (8) 'PHY-IN-008' ...done
(PhyDLL:DL) ----> GET... Physical field: (9) 'PHY-IN-009' ...done
(PhyDLL:DL) ----> GET... Physical field: (10) 'PHY-IN-010' ...done
(PhyDLL:DL) ----> GET... Physical field: (11) 'PHY-IN-011' ...done
(PhyDLL:DL) ----> GET... Physical field: (12) 'PHY-IN-012' ...done
(PhyDLL:DL) ----> GET... Physical field: (13) 'PHY-IN-013' ...done
(PhyDLL:DL) ----> GET... Physical field: (14) 'PHY-IN-014' ...done
(PhyDLL:DL) ----> GET... Physical field: (15) 'PHY-IN-015' ...done
(PhyDLL:DL) ----> GET... Physical field: (16) 'PHY-IN-016' ...done
(PhyDLL:DL) ----> GET... Physical field: (17) 'PHY-IN-017' ...done
(PhyDLL:DL) ----> SET... DL field: (0) 'DL-OUT' ...done
(PhyDLL:DL) ----> SEND...>>>... DL fields ...done
(PhyDLL:PHY) ----> RECV...<<<... DL fields ...done
(PhyDLL:PHY) ----> GET... DL field: (0) 'DL-OUT' ...done
STEP_TIMING step=3 latency_ms=303.68 min_ms=303.27 avg_ms=303.40 total_samples=2000000 throughput_samples_sec=6585821
(PhyDLL:PHY) ----> SET... Physical field: (0) 'PHY-IN-000' ...done
(PhyDLL:PHY) ----> SET... Physical field: (1) 'PHY-IN-001' ...done
(PhyDLL:PHY) ----> SET... Physical field: (2) 'PHY-IN-002' ...done
(PhyDLL:PHY) ----> SET... Physical field: (3) 'PHY-IN-003' ...done
(PhyDLL:PHY) ----> SET... Physical field: (4) 'PHY-IN-004' ...done
(PhyDLL:PHY) ----> SET... Physical field: (5) 'PHY-IN-005' ...done
(PhyDLL:PHY) ----> SET... Physical field: (6) 'PHY-IN-006' ...done
(PhyDLL:PHY) ----> SET... Physical field: (7) 'PHY-IN-007' ...done
(PhyDLL:PHY) ----> SET... Physical field: (8) 'PHY-IN-008' ...done
(PhyDLL:PHY) ----> SET... Physical field: (9) 'PHY-IN-009' ...done
(PhyDLL:PHY) ----> SET... Physical field: (10) 'PHY-IN-010' ...done
(PhyDLL:PHY) ----> SET... Physical field: (11) 'PHY-IN-011' ...done
(PhyDLL:PHY) ----> SET... Physical field: (12) 'PHY-IN-012' ...done
(PhyDLL:PHY) ----> SET... Physical field: (13) 'PHY-IN-013' ...done
(PhyDLL:PHY) ----> SET... Physical field: (14) 'PHY-IN-014' ...done
(PhyDLL:PHY) ----> SET... Physical field: (15) 'PHY-IN-015' ...done
(PhyDLL:PHY) ----> SET... Physical field: (16) 'PHY-IN-016' ...done
(PhyDLL:PHY) ----> SET... Physical field: (17) 'PHY-IN-017' ...done
(PhyDLL:DL) ----> ITE (PHY ITE) = 4 (4)
(PhyDLL:PHY) ----> ITE (PHY ITE) = 4 (4)
[DL 20] Calling dll.recv(only=True) (uniform_chunks)...
(PhyDLL:PHY) ----> SEND...>>>... Physical fields ...done
(PhyDLL:DL) ----> RECV...<<<... Physical fields ...done
(PhyDLL:DL) ----> GET... Physical field: (0) 'PHY-IN-000' ...done
(PhyDLL:DL) ----> GET... Physical field: (1) 'PHY-IN-001' ...done
(PhyDLL:DL) ----> GET... Physical field: (2) 'PHY-IN-002' ...done
(PhyDLL:DL) ----> GET... Physical field: (3) 'PHY-IN-003' ...done
(PhyDLL:DL) ----> GET... Physical field: (4) 'PHY-IN-004' ...done
(PhyDLL:DL) ----> GET... Physical field: (5) 'PHY-IN-005' ...done
(PhyDLL:DL) ----> GET... Physical field: (6) 'PHY-IN-006' ...done
(PhyDLL:DL) ----> GET... Physical field: (7) 'PHY-IN-007' ...done
(PhyDLL:DL) ----> GET... Physical field: (8) 'PHY-IN-008' ...done
(PhyDLL:DL) ----> GET... Physical field: (9) 'PHY-IN-009' ...done
(PhyDLL:DL) ----> GET... Physical field: (10) 'PHY-IN-010' ...done
(PhyDLL:DL) ----> GET... Physical field: (11) 'PHY-IN-011' ...done
(PhyDLL:DL) ----> GET... Physical field: (12) 'PHY-IN-012' ...done
(PhyDLL:DL) ----> GET... Physical field: (13) 'PHY-IN-013' ...done
(PhyDLL:DL) ----> GET... Physical field: (14) 'PHY-IN-014' ...done
(PhyDLL:DL) ----> GET... Physical field: (15) 'PHY-IN-015' ...done
(PhyDLL:DL) ----> GET... Physical field: (16) 'PHY-IN-016' ...done
(PhyDLL:DL) ----> GET... Physical field: (17) 'PHY-IN-017' ...done
(PhyDLL:DL) ----> SET... DL field: (0) 'DL-OUT' ...done
(PhyDLL:DL) ----> SEND...>>>... DL fields ...done
(PhyDLL:PHY) ----> RECV...<<<... DL fields ...done
(PhyDLL:PHY) ----> GET... DL field: (0) 'DL-OUT' ...done
STEP_TIMING step=4 latency_ms=299.53 min_ms=299.05 avg_ms=299.24 total_samples=2000000 throughput_samples_sec=6677217
(PhyDLL:PHY) ----> SET... Physical field: (0) 'PHY-IN-000' ...done
(PhyDLL:PHY) ----> SET... Physical field: (1) 'PHY-IN-001' ...done
(PhyDLL:PHY) ----> SET... Physical field: (2) 'PHY-IN-002' ...done
(PhyDLL:PHY) ----> SET... Physical field: (3) 'PHY-IN-003' ...done
(PhyDLL:PHY) ----> SET... Physical field: (4) 'PHY-IN-004' ...done
(PhyDLL:PHY) ----> SET... Physical field: (5) 'PHY-IN-005' ...done
(PhyDLL:PHY) ----> SET... Physical field: (6) 'PHY-IN-006' ...done
(PhyDLL:PHY) ----> SET... Physical field: (7) 'PHY-IN-007' ...done
(PhyDLL:PHY) ----> SET... Physical field: (8) 'PHY-IN-008' ...done
(PhyDLL:PHY) ----> SET... Physical field: (9) 'PHY-IN-009' ...done
(PhyDLL:PHY) ----> SET... Physical field: (10) 'PHY-IN-010' ...done
(PhyDLL:PHY) ----> SET... Physical field: (11) 'PHY-IN-011' ...done
(PhyDLL:PHY) ----> SET... Physical field: (12) 'PHY-IN-012' ...done
(PhyDLL:PHY) ----> SET... Physical field: (13) 'PHY-IN-013' ...done
(PhyDLL:PHY) ----> SET... Physical field: (14) 'PHY-IN-014' ...done
(PhyDLL:PHY) ----> SET... Physical field: (15) 'PHY-IN-015' ...done
(PhyDLL:PHY) ----> SET... Physical field: (16) 'PHY-IN-016' ...done
(PhyDLL:PHY) ----> SET... Physical field: (17) 'PHY-IN-017' ...done
(PhyDLL:DL) ----> ITE (PHY ITE) = 5 (5)
(PhyDLL:PHY) ----> ITE (PHY ITE) = 5 (5)
[DL 20] Calling dll.recv(only=True) (uniform_chunks)...
(PhyDLL:PHY) ----> SEND...>>>... Physical fields ...done
(PhyDLL:DL) ----> RECV...<<<... Physical fields ...done
(PhyDLL:DL) ----> GET... Physical field: (0) 'PHY-IN-000' ...done
(PhyDLL:DL) ----> GET... Physical field: (1) 'PHY-IN-001' ...done
(PhyDLL:DL) ----> GET... Physical field: (2) 'PHY-IN-002' ...done
(PhyDLL:DL) ----> GET... Physical field: (3) 'PHY-IN-003' ...done
(PhyDLL:DL) ----> GET... Physical field: (4) 'PHY-IN-004' ...done
(PhyDLL:DL) ----> GET... Physical field: (5) 'PHY-IN-005' ...done
(PhyDLL:DL) ----> GET... Physical field: (6) 'PHY-IN-006' ...done
(PhyDLL:DL) ----> GET... Physical field: (7) 'PHY-IN-007' ...done
(PhyDLL:DL) ----> GET... Physical field: (8) 'PHY-IN-008' ...done
(PhyDLL:DL) ----> GET... Physical field: (9) 'PHY-IN-009' ...done
(PhyDLL:DL) ----> GET... Physical field: (10) 'PHY-IN-010' ...done
(PhyDLL:DL) ----> GET... Physical field: (11) 'PHY-IN-011' ...done
(PhyDLL:DL) ----> GET... Physical field: (12) 'PHY-IN-012' ...done
(PhyDLL:DL) ----> GET... Physical field: (13) 'PHY-IN-013' ...done
(PhyDLL:DL) ----> GET... Physical field: (14) 'PHY-IN-014' ...done
(PhyDLL:DL) ----> GET... Physical field: (15) 'PHY-IN-015' ...done
(PhyDLL:DL) ----> GET... Physical field: (16) 'PHY-IN-016' ...done
(PhyDLL:DL) ----> GET... Physical field: (17) 'PHY-IN-017' ...done
(PhyDLL:DL) ----> SET... DL field: (0) 'DL-OUT' ...done
(PhyDLL:DL) ----> SEND...>>>... DL fields ...done
(PhyDLL:PHY) ----> RECV...<<<... DL fields ...done
(PhyDLL:PHY) ----> GET... DL field: (0) 'DL-OUT' ...done
STEP_TIMING step=5 latency_ms=299.00 min_ms=298.57 avg_ms=298.77 total_samples=2000000 throughput_samples_sec=6688993
(PhyDLL:PHY) ----> SET... Physical field: (0) 'PHY-IN-000' ...done
(PhyDLL:PHY) ----> SET... Physical field: (1) 'PHY-IN-001' ...done
(PhyDLL:PHY) ----> SET... Physical field: (2) 'PHY-IN-002' ...done
(PhyDLL:PHY) ----> SET... Physical field: (3) 'PHY-IN-003' ...done
(PhyDLL:PHY) ----> SET... Physical field: (4) 'PHY-IN-004' ...done
(PhyDLL:PHY) ----> SET... Physical field: (5) 'PHY-IN-005' ...done
(PhyDLL:PHY) ----> SET... Physical field: (6) 'PHY-IN-006' ...done
(PhyDLL:PHY) ----> SET... Physical field: (7) 'PHY-IN-007' ...done
(PhyDLL:PHY) ----> SET... Physical field: (8) 'PHY-IN-008' ...done
(PhyDLL:PHY) ----> SET... Physical field: (9) 'PHY-IN-009' ...done
(PhyDLL:PHY) ----> SET... Physical field: (10) 'PHY-IN-010' ...done
(PhyDLL:PHY) ----> SET... Physical field: (11) 'PHY-IN-011' ...done
(PhyDLL:PHY) ----> SET... Physical field: (12) 'PHY-IN-012' ...done
(PhyDLL:PHY) ----> SET... Physical field: (13) 'PHY-IN-013' ...done
(PhyDLL:PHY) ----> SET... Physical field: (14) 'PHY-IN-014' ...done
(PhyDLL:PHY) ----> SET... Physical field: (15) 'PHY-IN-015' ...done
(PhyDLL:PHY) ----> SET... Physical field: (16) 'PHY-IN-016' ...done
(PhyDLL:PHY) ----> SET... Physical field: (17) 'PHY-IN-017' ...done
(PhyDLL:DL) ----> ITE (PHY ITE) = 6 (6)
(PhyDLL:PHY) ----> ITE (PHY ITE) = 6 (6)
[DL 20] Calling dll.recv(only=True) (uniform_chunks)...
(PhyDLL:PHY) ----> SEND...>>>... Physical fields ...done
(PhyDLL:DL) ----> RECV...<<<... Physical fields ...done
(PhyDLL:DL) ----> GET... Physical field: (0) 'PHY-IN-000' ...done
(PhyDLL:DL) ----> GET... Physical field: (1) 'PHY-IN-001' ...done
(PhyDLL:DL) ----> GET... Physical field: (2) 'PHY-IN-002' ...done
(PhyDLL:DL) ----> GET... Physical field: (3) 'PHY-IN-003' ...done
(PhyDLL:DL) ----> GET... Physical field: (4) 'PHY-IN-004' ...done
(PhyDLL:DL) ----> GET... Physical field: (5) 'PHY-IN-005' ...done
(PhyDLL:DL) ----> GET... Physical field: (6) 'PHY-IN-006' ...done
(PhyDLL:DL) ----> GET... Physical field: (7) 'PHY-IN-007' ...done
(PhyDLL:DL) ----> GET... Physical field: (8) 'PHY-IN-008' ...done
(PhyDLL:DL) ----> GET... Physical field: (9) 'PHY-IN-009' ...done
(PhyDLL:DL) ----> GET... Physical field: (10) 'PHY-IN-010' ...done
(PhyDLL:DL) ----> GET... Physical field: (11) 'PHY-IN-011' ...done
(PhyDLL:DL) ----> GET... Physical field: (12) 'PHY-IN-012' ...done
(PhyDLL:DL) ----> GET... Physical field: (13) 'PHY-IN-013' ...done
(PhyDLL:DL) ----> GET... Physical field: (14) 'PHY-IN-014' ...done
(PhyDLL:DL) ----> GET... Physical field: (15) 'PHY-IN-015' ...done
(PhyDLL:DL) ----> GET... Physical field: (16) 'PHY-IN-016' ...done
(PhyDLL:DL) ----> GET... Physical field: (17) 'PHY-IN-017' ...done
(PhyDLL:DL) ----> SET... DL field: (0) 'DL-OUT' ...done
(PhyDLL:DL) ----> SEND...>>>... DL fields ...done
(PhyDLL:PHY) ----> RECV...<<<... DL fields ...done
(PhyDLL:PHY) ----> GET... DL field: (0) 'DL-OUT' ...done
STEP_TIMING step=6 latency_ms=297.61 min_ms=297.38 avg_ms=297.42 total_samples=2000000 throughput_samples_sec=6720311
(PhyDLL:PHY) ----> SET... Physical field: (0) 'PHY-IN-000' ...done
(PhyDLL:PHY) ----> SET... Physical field: (1) 'PHY-IN-001' ...done
(PhyDLL:PHY) ----> SET... Physical field: (2) 'PHY-IN-002' ...done
(PhyDLL:PHY) ----> SET... Physical field: (3) 'PHY-IN-003' ...done
(PhyDLL:PHY) ----> SET... Physical field: (4) 'PHY-IN-004' ...done
(PhyDLL:PHY) ----> SET... Physical field: (5) 'PHY-IN-005' ...done
(PhyDLL:PHY) ----> SET... Physical field: (6) 'PHY-IN-006' ...done
(PhyDLL:PHY) ----> SET... Physical field: (7) 'PHY-IN-007' ...done
(PhyDLL:PHY) ----> SET... Physical field: (8) 'PHY-IN-008' ...done
(PhyDLL:PHY) ----> SET... Physical field: (9) 'PHY-IN-009' ...done
(PhyDLL:PHY) ----> SET... Physical field: (10) 'PHY-IN-010' ...done
(PhyDLL:PHY) ----> SET... Physical field: (11) 'PHY-IN-011' ...done
(PhyDLL:PHY) ----> SET... Physical field: (12) 'PHY-IN-012' ...done
(PhyDLL:PHY) ----> SET... Physical field: (13) 'PHY-IN-013' ...done
(PhyDLL:PHY) ----> SET... Physical field: (14) 'PHY-IN-014' ...done
(PhyDLL:PHY) ----> SET... Physical field: (15) 'PHY-IN-015' ...done
(PhyDLL:PHY) ----> SET... Physical field: (16) 'PHY-IN-016' ...done
(PhyDLL:PHY) ----> SET... Physical field: (17) 'PHY-IN-017' ...done
(PhyDLL:DL) ----> ITE (PHY ITE) = 7 (7)
(PhyDLL:PHY) ----> ITE (PHY ITE) = 7 (7)
[DL 20] Calling dll.recv(only=True) (uniform_chunks)...
(PhyDLL:PHY) ----> SEND...>>>... Physical fields ...done
(PhyDLL:DL) ----> RECV...<<<... Physical fields ...done
(PhyDLL:DL) ----> GET... Physical field: (0) 'PHY-IN-000' ...done
(PhyDLL:DL) ----> GET... Physical field: (1) 'PHY-IN-001' ...done
(PhyDLL:DL) ----> GET... Physical field: (2) 'PHY-IN-002' ...done
(PhyDLL:DL) ----> GET... Physical field: (3) 'PHY-IN-003' ...done
(PhyDLL:DL) ----> GET... Physical field: (4) 'PHY-IN-004' ...done
(PhyDLL:DL) ----> GET... Physical field: (5) 'PHY-IN-005' ...done
(PhyDLL:DL) ----> GET... Physical field: (6) 'PHY-IN-006' ...done
(PhyDLL:DL) ----> GET... Physical field: (7) 'PHY-IN-007' ...done
(PhyDLL:DL) ----> GET... Physical field: (8) 'PHY-IN-008' ...done
(PhyDLL:DL) ----> GET... Physical field: (9) 'PHY-IN-009' ...done
(PhyDLL:DL) ----> GET... Physical field: (10) 'PHY-IN-010' ...done
(PhyDLL:DL) ----> GET... Physical field: (11) 'PHY-IN-011' ...done
(PhyDLL:DL) ----> GET... Physical field: (12) 'PHY-IN-012' ...done
(PhyDLL:DL) ----> GET... Physical field: (13) 'PHY-IN-013' ...done
(PhyDLL:DL) ----> GET... Physical field: (14) 'PHY-IN-014' ...done
(PhyDLL:DL) ----> GET... Physical field: (15) 'PHY-IN-015' ...done
(PhyDLL:DL) ----> GET... Physical field: (16) 'PHY-IN-016' ...done
(PhyDLL:DL) ----> GET... Physical field: (17) 'PHY-IN-017' ...done
(PhyDLL:DL) ----> SET... DL field: (0) 'DL-OUT' ...done
(PhyDLL:DL) ----> SEND...>>>... DL fields ...done
(PhyDLL:PHY) ----> RECV...<<<... DL fields ...done
(PhyDLL:PHY) ----> GET... DL field: (0) 'DL-OUT' ...done
STEP_TIMING step=7 latency_ms=300.98 min_ms=300.52 avg_ms=300.72 total_samples=2000000 throughput_samples_sec=6644913
(PhyDLL:PHY) ----> SET... Physical field: (0) 'PHY-IN-000' ...done
(PhyDLL:PHY) ----> SET... Physical field: (1) 'PHY-IN-001' ...done
(PhyDLL:PHY) ----> SET... Physical field: (2) 'PHY-IN-002' ...done
(PhyDLL:PHY) ----> SET... Physical field: (3) 'PHY-IN-003' ...done
(PhyDLL:PHY) ----> SET... Physical field: (4) 'PHY-IN-004' ...done
(PhyDLL:PHY) ----> SET... Physical field: (5) 'PHY-IN-005' ...done
(PhyDLL:PHY) ----> SET... Physical field: (6) 'PHY-IN-006' ...done
(PhyDLL:PHY) ----> SET... Physical field: (7) 'PHY-IN-007' ...done
(PhyDLL:PHY) ----> SET... Physical field: (8) 'PHY-IN-008' ...done
(PhyDLL:PHY) ----> SET... Physical field: (9) 'PHY-IN-009' ...done
(PhyDLL:PHY) ----> SET... Physical field: (10) 'PHY-IN-010' ...done
(PhyDLL:PHY) ----> SET... Physical field: (11) 'PHY-IN-011' ...done
(PhyDLL:PHY) ----> SET... Physical field: (12) 'PHY-IN-012' ...done
(PhyDLL:PHY) ----> SET... Physical field: (13) 'PHY-IN-013' ...done
(PhyDLL:PHY) ----> SET... Physical field: (14) 'PHY-IN-014' ...done
(PhyDLL:PHY) ----> SET... Physical field: (15) 'PHY-IN-015' ...done
(PhyDLL:PHY) ----> SET... Physical field: (16) 'PHY-IN-016' ...done
(PhyDLL:PHY) ----> SET... Physical field: (17) 'PHY-IN-017' ...done
(PhyDLL:DL) ----> ITE (PHY ITE) = 8 (8)
(PhyDLL:PHY) ----> ITE (PHY ITE) = 8 (8)
[DL 20] Calling dll.recv(only=True) (uniform_chunks)...
(PhyDLL:PHY) ----> SEND...>>>... Physical fields ...done
(PhyDLL:DL) ----> RECV...<<<... Physical fields ...done
(PhyDLL:DL) ----> GET... Physical field: (0) 'PHY-IN-000' ...done
(PhyDLL:DL) ----> GET... Physical field: (1) 'PHY-IN-001' ...done
(PhyDLL:DL) ----> GET... Physical field: (2) 'PHY-IN-002' ...done
(PhyDLL:DL) ----> GET... Physical field: (3) 'PHY-IN-003' ...done
(PhyDLL:DL) ----> GET... Physical field: (4) 'PHY-IN-004' ...done
(PhyDLL:DL) ----> GET... Physical field: (5) 'PHY-IN-005' ...done
(PhyDLL:DL) ----> GET... Physical field: (6) 'PHY-IN-006' ...done
(PhyDLL:DL) ----> GET... Physical field: (7) 'PHY-IN-007' ...done
(PhyDLL:DL) ----> GET... Physical field: (8) 'PHY-IN-008' ...done
(PhyDLL:DL) ----> GET... Physical field: (9) 'PHY-IN-009' ...done
(PhyDLL:DL) ----> GET... Physical field: (10) 'PHY-IN-010' ...done
(PhyDLL:DL) ----> GET... Physical field: (11) 'PHY-IN-011' ...done
(PhyDLL:DL) ----> GET... Physical field: (12) 'PHY-IN-012' ...done
(PhyDLL:DL) ----> GET... Physical field: (13) 'PHY-IN-013' ...done
(PhyDLL:DL) ----> GET... Physical field: (14) 'PHY-IN-014' ...done
(PhyDLL:DL) ----> GET... Physical field: (15) 'PHY-IN-015' ...done
(PhyDLL:DL) ----> GET... Physical field: (16) 'PHY-IN-016' ...done
(PhyDLL:DL) ----> GET... Physical field: (17) 'PHY-IN-017' ...done
(PhyDLL:DL) ----> SET... DL field: (0) 'DL-OUT' ...done
(PhyDLL:DL) ----> SEND...>>>... DL fields ...done
(PhyDLL:PHY) ----> RECV...<<<... DL fields ...done
(PhyDLL:PHY) ----> GET... DL field: (0) 'DL-OUT' ...done
STEP_TIMING step=8 latency_ms=297.65 min_ms=297.17 avg_ms=297.35 total_samples=2000000 throughput_samples_sec=6719344
(PhyDLL:PHY) ----> SET... Physical field: (0) 'PHY-IN-000' ...done
(PhyDLL:PHY) ----> SET... Physical field: (1) 'PHY-IN-001' ...done
(PhyDLL:PHY) ----> SET... Physical field: (2) 'PHY-IN-002' ...done
(PhyDLL:PHY) ----> SET... Physical field: (3) 'PHY-IN-003' ...done
(PhyDLL:PHY) ----> SET... Physical field: (4) 'PHY-IN-004' ...done
(PhyDLL:PHY) ----> SET... Physical field: (5) 'PHY-IN-005' ...done
(PhyDLL:PHY) ----> SET... Physical field: (6) 'PHY-IN-006' ...done
(PhyDLL:PHY) ----> SET... Physical field: (7) 'PHY-IN-007' ...done
(PhyDLL:PHY) ----> SET... Physical field: (8) 'PHY-IN-008' ...done
(PhyDLL:PHY) ----> SET... Physical field: (9) 'PHY-IN-009' ...done
(PhyDLL:PHY) ----> SET... Physical field: (10) 'PHY-IN-010' ...done
(PhyDLL:PHY) ----> SET... Physical field: (11) 'PHY-IN-011' ...done
(PhyDLL:PHY) ----> SET... Physical field: (12) 'PHY-IN-012' ...done
(PhyDLL:PHY) ----> SET... Physical field: (13) 'PHY-IN-013' ...done
(PhyDLL:PHY) ----> SET... Physical field: (14) 'PHY-IN-014' ...done
(PhyDLL:PHY) ----> SET... Physical field: (15) 'PHY-IN-015' ...done
(PhyDLL:PHY) ----> SET... Physical field: (16) 'PHY-IN-016' ...done
(PhyDLL:PHY) ----> SET... Physical field: (17) 'PHY-IN-017' ...done
(PhyDLL:PHY) ----> ITE (PHY ITE) = 9 (9)
(PhyDLL:DL) ----> ITE (PHY ITE) = 9 (9)
[DL 20] Calling dll.recv(only=True) (uniform_chunks)...
(PhyDLL:PHY) ----> SEND...>>>... Physical fields ...done
(PhyDLL:DL) ----> RECV...<<<... Physical fields ...done
(PhyDLL:DL) ----> GET... Physical field: (0) 'PHY-IN-000' ...done
(PhyDLL:DL) ----> GET... Physical field: (1) 'PHY-IN-001' ...done
(PhyDLL:DL) ----> GET... Physical field: (2) 'PHY-IN-002' ...done
(PhyDLL:DL) ----> GET... Physical field: (3) 'PHY-IN-003' ...done
(PhyDLL:DL) ----> GET... Physical field: (4) 'PHY-IN-004' ...done
(PhyDLL:DL) ----> GET... Physical field: (5) 'PHY-IN-005' ...done
(PhyDLL:DL) ----> GET... Physical field: (6) 'PHY-IN-006' ...done
(PhyDLL:DL) ----> GET... Physical field: (7) 'PHY-IN-007' ...done
(PhyDLL:DL) ----> GET... Physical field: (8) 'PHY-IN-008' ...done
(PhyDLL:DL) ----> GET... Physical field: (9) 'PHY-IN-009' ...done
(PhyDLL:DL) ----> GET... Physical field: (10) 'PHY-IN-010' ...done
(PhyDLL:DL) ----> GET... Physical field: (11) 'PHY-IN-011' ...done
(PhyDLL:DL) ----> GET... Physical field: (12) 'PHY-IN-012' ...done
(PhyDLL:DL) ----> GET... Physical field: (13) 'PHY-IN-013' ...done
(PhyDLL:DL) ----> GET... Physical field: (14) 'PHY-IN-014' ...done
(PhyDLL:DL) ----> GET... Physical field: (15) 'PHY-IN-015' ...done
(PhyDLL:DL) ----> GET... Physical field: (16) 'PHY-IN-016' ...done
(PhyDLL:DL) ----> GET... Physical field: (17) 'PHY-IN-017' ...done
(PhyDLL:DL) ----> SET... DL field: (0) 'DL-OUT' ...done
(PhyDLL:DL) ----> SEND...>>>... DL fields ...done
(PhyDLL:PHY) ----> RECV...<<<... DL fields ...done
(PhyDLL:PHY) ----> GET... DL field: (0) 'DL-OUT' ...done
STEP_TIMING step=9 latency_ms=297.22 min_ms=297.04 avg_ms=297.18 total_samples=2000000 throughput_samples_sec=6728940
(PhyDLL:PHY) ----> SET... Physical field: (0) 'PHY-IN-000' ...done
(PhyDLL:PHY) ----> SET... Physical field: (1) 'PHY-IN-001' ...done
(PhyDLL:PHY) ----> SET... Physical field: (2) 'PHY-IN-002' ...done
(PhyDLL:PHY) ----> SET... Physical field: (3) 'PHY-IN-003' ...done
(PhyDLL:PHY) ----> SET... Physical field: (4) 'PHY-IN-004' ...done
(PhyDLL:PHY) ----> SET... Physical field: (5) 'PHY-IN-005' ...done
(PhyDLL:PHY) ----> SET... Physical field: (6) 'PHY-IN-006' ...done
(PhyDLL:PHY) ----> SET... Physical field: (7) 'PHY-IN-007' ...done
(PhyDLL:PHY) ----> SET... Physical field: (8) 'PHY-IN-008' ...done
(PhyDLL:PHY) ----> SET... Physical field: (9) 'PHY-IN-009' ...done
(PhyDLL:PHY) ----> SET... Physical field: (10) 'PHY-IN-010' ...done
(PhyDLL:PHY) ----> SET... Physical field: (11) 'PHY-IN-011' ...done
(PhyDLL:PHY) ----> SET... Physical field: (12) 'PHY-IN-012' ...done
(PhyDLL:PHY) ----> SET... Physical field: (13) 'PHY-IN-013' ...done
(PhyDLL:PHY) ----> SET... Physical field: (14) 'PHY-IN-014' ...done
(PhyDLL:PHY) ----> SET... Physical field: (15) 'PHY-IN-015' ...done
(PhyDLL:PHY) ----> SET... Physical field: (16) 'PHY-IN-016' ...done
(PhyDLL:PHY) ----> SET... Physical field: (17) 'PHY-IN-017' ...done
(PhyDLL:DL) ----> ITE (PHY ITE) = 10 (10)
[DL 20] Calling dll.recv(only=True) (uniform_chunks)...
(PhyDLL:PHY) ----> ITE (PHY ITE) = 10 (10)
(PhyDLL:PHY) ----> SEND...>>>... Physical fields ...done
(PhyDLL:DL) ----> RECV...<<<... Physical fields ...done
(PhyDLL:DL) ----> GET... Physical field: (0) 'PHY-IN-000' ...done
(PhyDLL:DL) ----> GET... Physical field: (1) 'PHY-IN-001' ...done
(PhyDLL:DL) ----> GET... Physical field: (2) 'PHY-IN-002' ...done
(PhyDLL:DL) ----> GET... Physical field: (3) 'PHY-IN-003' ...done
(PhyDLL:DL) ----> GET... Physical field: (4) 'PHY-IN-004' ...done
(PhyDLL:DL) ----> GET... Physical field: (5) 'PHY-IN-005' ...done
(PhyDLL:DL) ----> GET... Physical field: (6) 'PHY-IN-006' ...done
(PhyDLL:DL) ----> GET... Physical field: (7) 'PHY-IN-007' ...done
(PhyDLL:DL) ----> GET... Physical field: (8) 'PHY-IN-008' ...done
(PhyDLL:DL) ----> GET... Physical field: (9) 'PHY-IN-009' ...done
(PhyDLL:DL) ----> GET... Physical field: (10) 'PHY-IN-010' ...done
(PhyDLL:DL) ----> GET... Physical field: (11) 'PHY-IN-011' ...done
(PhyDLL:DL) ----> GET... Physical field: (12) 'PHY-IN-012' ...done
(PhyDLL:DL) ----> GET... Physical field: (13) 'PHY-IN-013' ...done
(PhyDLL:DL) ----> GET... Physical field: (14) 'PHY-IN-014' ...done
(PhyDLL:DL) ----> GET... Physical field: (15) 'PHY-IN-015' ...done
(PhyDLL:DL) ----> GET... Physical field: (16) 'PHY-IN-016' ...done
(PhyDLL:DL) ----> GET... Physical field: (17) 'PHY-IN-017' ...done
(PhyDLL:DL) ----> SET... DL field: (0) 'DL-OUT' ...done
(PhyDLL:PHY) ----> RECV...<<<... DL fields ...done
(PhyDLL:DL) ----> SEND...>>>... DL fields ...done
(PhyDLL:PHY) ----> GET... DL field: (0) 'DL-OUT' ...done
STEP_TIMING step=10 latency_ms=297.81 min_ms=297.61 avg_ms=297.76 total_samples=2000000 throughput_samples_sec=6715779
(PhyDLL:PHY) ----> SET... Physical field: (0) 'PHY-IN-000' ...done
(PhyDLL:PHY) ----> SET... Physical field: (1) 'PHY-IN-001' ...done
(PhyDLL:PHY) ----> SET... Physical field: (2) 'PHY-IN-002' ...done
(PhyDLL:PHY) ----> SET... Physical field: (3) 'PHY-IN-003' ...done
(PhyDLL:PHY) ----> SET... Physical field: (4) 'PHY-IN-004' ...done
(PhyDLL:PHY) ----> SET... Physical field: (5) 'PHY-IN-005' ...done
(PhyDLL:PHY) ----> SET... Physical field: (6) 'PHY-IN-006' ...done
(PhyDLL:PHY) ----> SET... Physical field: (7) 'PHY-IN-007' ...done
(PhyDLL:PHY) ----> SET... Physical field: (8) 'PHY-IN-008' ...done
(PhyDLL:PHY) ----> SET... Physical field: (9) 'PHY-IN-009' ...done
(PhyDLL:PHY) ----> SET... Physical field: (10) 'PHY-IN-010' ...done
(PhyDLL:PHY) ----> SET... Physical field: (11) 'PHY-IN-011' ...done
(PhyDLL:PHY) ----> SET... Physical field: (12) 'PHY-IN-012' ...done
(PhyDLL:PHY) ----> SET... Physical field: (13) 'PHY-IN-013' ...done
(PhyDLL:PHY) ----> SET... Physical field: (14) 'PHY-IN-014' ...done
(PhyDLL:PHY) ----> SET... Physical field: (15) 'PHY-IN-015' ...done
(PhyDLL:PHY) ----> SET... Physical field: (16) 'PHY-IN-016' ...done
(PhyDLL:PHY) ----> SET... Physical field: (17) 'PHY-IN-017' ...done
(PhyDLL:PHY) ----> ITE (PHY ITE) = 11 (11)
(PhyDLL:DL) ----> ITE (PHY ITE) = 11 (11)
[DL 20] Calling dll.recv(only=True) (uniform_chunks)...
(PhyDLL:PHY) ----> SEND...>>>... Physical fields ...done
(PhyDLL:DL) ----> RECV...<<<... Physical fields ...done
(PhyDLL:DL) ----> GET... Physical field: (0) 'PHY-IN-000' ...done
(PhyDLL:DL) ----> GET... Physical field: (1) 'PHY-IN-001' ...done
(PhyDLL:DL) ----> GET... Physical field: (2) 'PHY-IN-002' ...done
(PhyDLL:DL) ----> GET... Physical field: (3) 'PHY-IN-003' ...done
(PhyDLL:DL) ----> GET... Physical field: (4) 'PHY-IN-004' ...done
(PhyDLL:DL) ----> GET... Physical field: (5) 'PHY-IN-005' ...done
(PhyDLL:DL) ----> GET... Physical field: (6) 'PHY-IN-006' ...done
(PhyDLL:DL) ----> GET... Physical field: (7) 'PHY-IN-007' ...done
(PhyDLL:DL) ----> GET... Physical field: (8) 'PHY-IN-008' ...done
(PhyDLL:DL) ----> GET... Physical field: (9) 'PHY-IN-009' ...done
(PhyDLL:DL) ----> GET... Physical field: (10) 'PHY-IN-010' ...done
(PhyDLL:DL) ----> GET... Physical field: (11) 'PHY-IN-011' ...done
(PhyDLL:DL) ----> GET... Physical field: (12) 'PHY-IN-012' ...done
(PhyDLL:DL) ----> GET... Physical field: (13) 'PHY-IN-013' ...done
(PhyDLL:DL) ----> GET... Physical field: (14) 'PHY-IN-014' ...done
(PhyDLL:DL) ----> GET... Physical field: (15) 'PHY-IN-015' ...done
(PhyDLL:DL) ----> GET... Physical field: (16) 'PHY-IN-016' ...done
(PhyDLL:DL) ----> GET... Physical field: (17) 'PHY-IN-017' ...done
(PhyDLL:DL) ----> SET... DL field: (0) 'DL-OUT' ...done
(PhyDLL:DL) ----> SEND...>>>... DL fields ...done
(PhyDLL:PHY) ----> RECV...<<<... DL fields ...done
(PhyDLL:PHY) ----> GET... DL field: (0) 'DL-OUT' ...done
STEP_TIMING step=11 latency_ms=298.61 min_ms=298.13 avg_ms=298.34 total_samples=2000000 throughput_samples_sec=6697628
(PhyDLL:PHY) ----> SET... Physical field: (0) 'PHY-IN-000' ...done
(PhyDLL:PHY) ----> SET... Physical field: (1) 'PHY-IN-001' ...done
(PhyDLL:PHY) ----> SET... Physical field: (2) 'PHY-IN-002' ...done
(PhyDLL:PHY) ----> SET... Physical field: (3) 'PHY-IN-003' ...done
(PhyDLL:PHY) ----> SET... Physical field: (4) 'PHY-IN-004' ...done
(PhyDLL:PHY) ----> SET... Physical field: (5) 'PHY-IN-005' ...done
(PhyDLL:PHY) ----> SET... Physical field: (6) 'PHY-IN-006' ...done
(PhyDLL:PHY) ----> SET... Physical field: (7) 'PHY-IN-007' ...done
(PhyDLL:PHY) ----> SET... Physical field: (8) 'PHY-IN-008' ...done
(PhyDLL:PHY) ----> SET... Physical field: (9) 'PHY-IN-009' ...done
(PhyDLL:PHY) ----> SET... Physical field: (10) 'PHY-IN-010' ...done
(PhyDLL:PHY) ----> SET... Physical field: (11) 'PHY-IN-011' ...done
(PhyDLL:PHY) ----> SET... Physical field: (12) 'PHY-IN-012' ...done
(PhyDLL:PHY) ----> SET... Physical field: (13) 'PHY-IN-013' ...done
(PhyDLL:PHY) ----> SET... Physical field: (14) 'PHY-IN-014' ...done
(PhyDLL:PHY) ----> SET... Physical field: (15) 'PHY-IN-015' ...done
(PhyDLL:PHY) ----> SET... Physical field: (16) 'PHY-IN-016' ...done
(PhyDLL:PHY) ----> SET... Physical field: (17) 'PHY-IN-017' ...done
(PhyDLL:DL) ----> ITE (PHY ITE) = 12 (12)
(PhyDLL:PHY) ----> ITE (PHY ITE) = 12 (12)
[DL 20] Calling dll.recv(only=True) (uniform_chunks)...
(PhyDLL:PHY) ----> SEND...>>>... Physical fields ...done
(PhyDLL:DL) ----> RECV...<<<... Physical fields ...done
(PhyDLL:DL) ----> GET... Physical field: (0) 'PHY-IN-000' ...done
(PhyDLL:DL) ----> GET... Physical field: (1) 'PHY-IN-001' ...done
(PhyDLL:DL) ----> GET... Physical field: (2) 'PHY-IN-002' ...done
(PhyDLL:DL) ----> GET... Physical field: (3) 'PHY-IN-003' ...done
(PhyDLL:DL) ----> GET... Physical field: (4) 'PHY-IN-004' ...done
(PhyDLL:DL) ----> GET... Physical field: (5) 'PHY-IN-005' ...done
(PhyDLL:DL) ----> GET... Physical field: (6) 'PHY-IN-006' ...done
(PhyDLL:DL) ----> GET... Physical field: (7) 'PHY-IN-007' ...done
(PhyDLL:DL) ----> GET... Physical field: (8) 'PHY-IN-008' ...done
(PhyDLL:DL) ----> GET... Physical field: (9) 'PHY-IN-009' ...done
(PhyDLL:DL) ----> GET... Physical field: (10) 'PHY-IN-010' ...done
(PhyDLL:DL) ----> GET... Physical field: (11) 'PHY-IN-011' ...done
(PhyDLL:DL) ----> GET... Physical field: (12) 'PHY-IN-012' ...done
(PhyDLL:DL) ----> GET... Physical field: (13) 'PHY-IN-013' ...done
(PhyDLL:DL) ----> GET... Physical field: (14) 'PHY-IN-014' ...done
(PhyDLL:DL) ----> GET... Physical field: (15) 'PHY-IN-015' ...done
(PhyDLL:DL) ----> GET... Physical field: (16) 'PHY-IN-016' ...done
(PhyDLL:DL) ----> GET... Physical field: (17) 'PHY-IN-017' ...done
(PhyDLL:DL) ----> SET... DL field: (0) 'DL-OUT' ...done
(PhyDLL:PHY) ----> RECV...<<<... DL fields ...done
(PhyDLL:DL) ----> SEND...>>>... DL fields ...done
(PhyDLL:PHY) ----> GET... DL field: (0) 'DL-OUT' ...done
STEP_TIMING step=12 latency_ms=298.15 min_ms=297.97 avg_ms=298.11 total_samples=2000000 throughput_samples_sec=6707966

=================================================================
=== Benchmark Summary (Steady-State Steps 3 to 12) ===
=================================================================
Steady Step Count:   10
Median Latency:      298.61 ms
Mean Latency:        299.02 ms
Min Latency:         297.22 ms
Max Latency:         303.68 ms
Median Throughput:   6697628 samples/sec
=================================================================
(PhyDLL:PHY) ----> Finalize... ...done
[DL 20] Entering dll.finalize()
(PhyDLL:DL) ----> Finalize... ...done
[DL 20] Exited dll.finalize()
[DL 20] waiting for solver teardown (PHYDLL_MPMD_SHUTDOWN_BARRIER=1)
[DL 20] solver teardown barrier complete
[DL 20] main() returning
[DL] Entering MPI.Finalize()
[DL] Exited MPI.Finalize()
=== Finished phydll_py (b=500000). Log: /rwthfs/rz/cluster/hpcwork/ro092286/smartsim/batch_memory_benchmark/logs/bench_phydll_py_b500000_3053715_phydll_py_b500000.log | Telemetry: /rwthfs/rz/cluster/hpcwork/ro092286/smartsim/batch_memory_benchmark/logs/bench_phydll_py_b500000_3053715_phydll_py_b500000_gpu_telemetry.csv ===

>>> Running Provider: phydll_py | Batch Size: 2000000 <<<
=================================================================
=== Running Case: phydll_py | Batch: 2000000 | ID: 3053715_phydll_py_b2000000 ===
=================================================================
[DL] Starting Python DL Client...
[DL] Importing mpi4py...
[DL] mpi4py imported successfully. MPI world size = 21 rank = 20
[DL] Importing torch...
[DL] torch imported successfully.
[DL] ENABLE_SCOREP_USER not set to 1.
[DL] Entering world_comm.Split(color=MPI.UNDEFINED)
[DL] Returned from world_comm.Split
[DL] constructing PhyDLL...
[DL] calling dll.init(...)
=================================================================
=== CMI Batch & Memory Calibration Benchmark Harness          ===
=================================================================
Provider:           phydll
Config:             /rwthfs/rz/cluster/hpcwork/ro092286/smartsim/batch_memory_benchmark/configs/phydll_uniform.toml
Model Path:         /rwthfs/rz/cluster/hpcwork/ro092286/smartsim/batch_memory_benchmark/../mini_app/train_models/model_a/watercnn_cuda.pt
Solver Ranks:       20 (World size: 21)
Samples per Rank:   100000
Total Work/Step:    2000000 samples
Target Batch Size:  2000000
SmartSim Min Batch: 0 (timeout=0 ms)
Total Steps:        12 (Warmup: 2)
=================================================================

[PHYDLL:PHY] before phydll_init
[PHYDLL:PHY] before phydll_init
[PHYDLL:PHY] before phydll_init
[PHYDLL:PHY] before phydll_init
[PHYDLL:PHY] before phydll_init
[PHYDLL:PHY] before phydll_init
[PHYDLL:PHY] before phydll_init
[PHYDLL:PHY] before phydll_init[PHYDLL:PHY] before phydll_init

[PHYDLL:PHY] before phydll_init
[PHYDLL:PHY] before phydll_init
[PHYDLL:PHY] before phydll_init[PHYDLL:PHY] before phydll_init
[PHYDLL:PHY] before phydll_init

[PHYDLL:PHY] before phydll_init
[PHYDLL:PHY] before phydll_init[PHYDLL:PHY] before phydll_init

[PHYDLL:PHY] before phydll_init[PHYDLL:PHY] before phydll_init

[PHYDLL:PHY] before phydll_init
[PHYDLL:CORE] kernel_init split instance=physical gl_rank=0 gl_size=21 color=0 comm_rank=0 comm_size=20
[PHYDLL:CORE] phydll_init instance=physical kernel_init complete gl_rank=0 gl_size=21 comm_rank=0 comm_size=20
[PHYDLL:CORE] kernel_init split instance=physical gl_rank=3 gl_size=21 color=0 comm_rank=3 comm_size=20
[PHYDLL:CORE] phydll_init instance=physical kernel_init complete gl_rank=3 gl_size=21 comm_rank=3 comm_size=20
[PHYDLL:CORE] kernel_init split instance=physical gl_rank=4 gl_size=21 color=0 comm_rank=4 comm_size=20
[PHYDLL:CORE] phydll_init instance=physical kernel_init complete gl_rank=4 gl_size=21 comm_rank=4 comm_size=20
[PHYDLL:CORE] kernel_init split instance=dl gl_rank=20 gl_size=21 color=1 comm_rank=0 comm_size=1
[PHYDLL:CORE] phydll_init instance=dl kernel_init complete gl_rank=20 gl_size=21 comm_rank=0 comm_size=1
[PHYDLL:CORE] kernel_init split instance=physical gl_rank=7 gl_size=21 color=0 comm_rank=7 comm_size=20
[PHYDLL:CORE] phydll_init instance=physical kernel_init complete gl_rank=7 gl_size=21 comm_rank=7 comm_size=20
[PHYDLL:CORE] kernel_init split instance=physical gl_rank=9 gl_size=21 color=0 comm_rank=9 comm_size=20
[PHYDLL:CORE] phydll_init instance=physical kernel_init complete gl_rank=9 gl_size=21 comm_rank=9 comm_size=20
[PHYDLL:CORE] kernel_init split instance=physical gl_rank=1 gl_size=21 color=0 comm_rank=1 comm_size=20
[PHYDLL:CORE] phydll_init instance=physical kernel_init complete gl_rank=1 gl_size=21 comm_rank=1 comm_size=20
[PHYDLL:CORE] kernel_init split instance=physical gl_rank=10 gl_size=21 color=0 comm_rank=10 comm_size=20
[PHYDLL:CORE] phydll_init instance=physical kernel_init complete gl_rank=10 gl_size=21 comm_rank=10 comm_size=20
[PHYDLL:CORE] kernel_init split instance=physical gl_rank=13 gl_size=21 color=0 comm_rank=13 comm_size=20
[PHYDLL:CORE] phydll_init instance=physical kernel_init complete gl_rank=13 gl_size=21 comm_rank=13 comm_size=20
[PHYDLL:CORE] kernel_init split instance=physical gl_rank=18 gl_size=21 color=0 comm_rank=18 comm_size=20
[PHYDLL:CORE] phydll_init instance=physical kernel_init complete gl_rank=18 gl_size=21 comm_rank=18 comm_size=20
[PHYDLL:CORE] kernel_init split instance=physical gl_rank=11 gl_size=21 color=0 comm_rank=11 comm_size=20
[PHYDLL:CORE] phydll_init instance=physical kernel_init complete gl_rank=11 gl_size=21 comm_rank=11 comm_size=20
[PHYDLL:CORE] kernel_init split instance=physical gl_rank=8 gl_size=21 color=0 comm_rank=8 comm_size=20
[PHYDLL:CORE] phydll_init instance=physical kernel_init complete gl_rank=8 gl_size=21 comm_rank=8 comm_size=20
[PHYDLL:CORE] kernel_init split instance=physical gl_rank=14 gl_size=21 color=0 comm_rank=14 comm_size=20
[PHYDLL:CORE] phydll_init instance=physical kernel_init complete gl_rank=14 gl_size=21 comm_rank=14 comm_size=20
[PHYDLL:CORE] kernel_init split instance=physical gl_rank=15 gl_size=21 color=0 comm_rank=15 comm_size=20
[PHYDLL:CORE] phydll_init instance=physical kernel_init complete gl_rank=15 gl_size=21 comm_rank=15 comm_size=20
[PHYDLL:CORE] kernel_init split instance=physical gl_rank=17 gl_size=21 color=0 comm_rank=17 comm_size=20
[PHYDLL:CORE] phydll_init instance=physical kernel_init complete gl_rank=17 gl_size=21 comm_rank=17 comm_size=20
[PHYDLL:CORE] kernel_init split instance=physical gl_rank=6 gl_size=21 color=0 comm_rank=6 comm_size=20
[PHYDLL:CORE] phydll_init instance=physical kernel_init complete gl_rank=6 gl_size=21 comm_rank=6 comm_size=20
[PHYDLL:CORE] kernel_init split instance=physical gl_rank=2 gl_size=21 color=0 comm_rank=2 comm_size=20
[PHYDLL:CORE] phydll_init instance=physical kernel_init complete gl_rank=2 gl_size=21 comm_rank=2 comm_size=20
[PHYDLL:CORE] kernel_init split instance=physical gl_rank=19 gl_size=21 color=0 comm_rank=19 comm_size=20
[PHYDLL:CORE] phydll_init instance=physical kernel_init complete gl_rank=19 gl_size=21 comm_rank=19 comm_size=20
[PHYDLL:CORE] kernel_init split instance=physical gl_rank=16 gl_size=21 color=0 comm_rank=16 comm_size=20
[PHYDLL:CORE] phydll_init instance=physical kernel_init complete gl_rank=16 gl_size=21 comm_rank=16 comm_size=20
[PHYDLL:CORE] kernel_init split instance=physical gl_rank=12 gl_size=21 color=0 comm_rank=12 comm_size=20
[PHYDLL:CORE] phydll_init instance=physical kernel_init complete gl_rank=12 gl_size=21 comm_rank=12 comm_size=20
[PHYDLL:CORE] kernel_init split instance=physical gl_rank=5 gl_size=21 color=0 comm_rank=5 comm_size=20
[PHYDLL:CORE] phydll_init instance=physical kernel_init complete gl_rank=5 gl_size=21 comm_rank=5 comm_size=20
*******************************************************************************
************************** <<< Welcome to PhyDLL >>> **************************
*******************************************************************************
*******************************************************************************
************************** <<< Welcome to PhyDLL >>> **************************
*******************************************************************************
[PHYDLL:CORE] phydll_init instance=physical logfile complete
[PHYDLL:CORE] phydll_init instance=physical logfile complete
[PHYDLL:CORE] phydll_init instance=physical logfile complete
[PHYDLL:CORE] phydll_init instance=physical logfile complete
[PHYDLL:CORE] phydll_init instance=physical logfile complete
[PHYDLL:CORE] phydll_init instance=physical logfile complete
[PHYDLL:CORE] phydll_init instance=physical logfile complete
[PHYDLL:CORE] phydll_init instance=physical logfile complete
[PHYDLL:CORE] phydll_init instance=physical logfile complete
[PHYDLL:CORE] phydll_init instance=physical logfile complete
[PHYDLL:CORE] phydll_init instance=physical logfile complete
[PHYDLL:CORE] phydll_init instance=physical logfile complete
[PHYDLL:CORE] phydll_init instance=physical logfile complete
[PHYDLL:CORE] phydll_init instance=physical logfile complete
[PHYDLL:CORE] phydll_init instance=physical logfile complete
[PHYDLL:CORE] phydll_init instance=physical logfile complete
[PHYDLL:CORE] phydll_init instance=physical logfile complete
[PHYDLL:CORE] phydll_init instance=physical logfile complete
[PHYDLL:CORE] phydll_init instance=physical mapping complete ndest=1
[PHYDLL:PHY] after phydll_init
[PHYDLL:PHY] uniform_chunks layout: total_input=1800000 total_output=100000 gcd=100000 phy_count=18 dl_count=1
[PHYDLL:CORE] phydll_init instance=physical logfile complete
[PHYDLL:CORE] phydll_init instance=physical mapping complete ndest=1
[PHYDLL:PHY] after phydll_init
[PHYDLL:PHY] uniform_chunks layout: total_input=1800000 total_output=100000 gcd=100000 phy_count=18 dl_count=[PHYDLL:CORE] phydll_init instance=physical logfile complete
[PHYDLL:CORE] phydll_init instance=physical mapping complete ndest=1
[PHYDLL:PHY] after phydll_init
[PHYDLL:PHY] uniform_chunks layout: total_input=1800000 total_output=100000 gcd=100000 phy_count=18 dl_count=1
[PHYDLL:CORE] phydll_init instance=physical mapping complete ndest=1
[PHYDLL:PHY] after phydll_init
[PHYDLL:PHY] uniform_chunks layout: total_input=1
[PHYDLL:CORE] phydll_init instance=physical mapping complete ndest=1
[PHYDLL:PHY] after phydll_init
[PHYDLL:PHY] uniform_chunks layout: total_input=1800000 total_output=100000 gcd=100000 phy_count=18 dl_count=1
[PHYDLL:CORE] phydll_init instance=physical mapping complete ndest=1
[PHYDLL:PHY] after phydll_init
[PHYDLL:PHY] uniform_chunks layout: total_input=1800000 total_output=100000 gcd=100000 phy_count=18 dl_count=1
1800000 total_output=100000 gcd=100000 phy_count=18 dl_count=1
[PHYDLL:CORE] phydll_init instance=physical mapping complete ndest=1
[PHYDLL:PHY] after phydll_init
[PHYDLL:PHY] uniform_chunks layout: total_input=1800000 total_output=100000 gcd=100000 phy_count=18 dl_count=1
[PHYDLL:CORE] phydll_init instance=physical mapping complete ndest=1
[PHYDLL:PHY] after phydll_init
[PHYDLL:PHY] uniform_chunks layout: total_input=1800000 total_output=100000 gcd=100000 phy_count=18 dl_count=1
[PHYDLL:CORE] phydll_init instance=physical mapping complete ndest=1
[PHYDLL:PHY] after phydll_init
[PHYDLL:PHY] uniform_chunks layout: total_input=[PHYDLL:CORE] phydll_init instance=physical mapping complete ndest=1
[PHYDLL:PHY] after phydll_init
[PHYDLL:CORE] phydll_init instance=physical mapping complete ndest=1
[PHYDLL:PHY] after phydll_init
[PHYDLL:PHY] uniform_chunks layout: total_input=1800000 total_output=100000 gcd=100000 phy_count=18 dl_count=1[PHYDLL:CORE] phydll_init instance=physical mapping complete ndest=1
[PHYDLL:PHY] after phydll_init
[PHYDLL:CORE] phydll_init instance=physical mapping complete ndest=1
[PHYDLL:PHY] after phydll_init
[PHYDLL:CORE] phydll_init instance=physical mapping complete ndest=1
[PHYDLL:PHY] after phydll_init
[PHYDLL:CORE] phydll_init instance=physical mapping complete ndest=1
[PHYDLL:PHY] after phydll_init
1800000 total_output=100000 gcd=100000 phy_count=18 dl_count=1
[PHYDLL:CORE] phydll_init instance=physical mapping complete ndest=1
[PHYDLL:PHY] after phydll_init
[PHYDLL:CORE] phydll_init instance=physical mapping complete ndest=1
[PHYDLL:PHY] after phydll_init
[PHYDLL:PHY] uniform_chunks layout: total_input=1800000 total_output=100000 gcd=100000 phy_count=18 dl_count=1
[PHYDLL:CORE] phydll_init instance=physical mapping complete ndest=1
[PHYDLL:PHY] after phydll_init

[PHYDLL:CORE] phydll_init instance=physical mapping complete ndest=1
[PHYDLL:PHY] after phydll_init
[PHYDLL:CORE] phydll_init instance=physical mapping complete ndest=1
[PHYDLL:PHY] after phydll_init
[PHYDLL:PHY] uniform_chunks layout: total_input=1800000 total_output=100000 gcd=100000 phy_count=18 dl_count=1
[PHYDLL:PHY] uniform_chunks layout: total_input=1800000 total_output=100000 gcd=100000 phy_count=18 dl_count=1
[PHYDLL:PHY] uniform_chunks layout: total_input=1800000 total_output=100000 gcd=100000 phy_count=18 dl_count=1
[PHYDLL:PHY] uniform_chunks layout: total_input=1800000 total_output=100000 gcd=100000 phy_count=18 dl_count=1
[PHYDLL:PHY] uniform_chunks layout: total_input=1800000 total_output=100000 gcd=100000 phy_count=18 dl_count=1
[PHYDLL:PHY] uniform_chunks layout: total_input=1800000 total_output=100000 gcd=100000 phy_count=18 dl_count=1
[PHYDLL:PHY] uniform_chunks layout: total_input=1800000 total_output=100000 gcd=100000 phy_count=18 dl_count=1
[PHYDLL:PHY] uniform_chunks layout: total_input=1800000 total_output=100000 gcd=100000 phy_count=18 dl_count=1
[PHYDLL:PHY] uniform_chunks layout: total_input=1800000 total_output=100000 gcd=100000 phy_count=18 dl_count=1
[PHYDLL:PHY] before phydll_define_phy count=18 field_size=100000
[PHYDLL:PHY] before phydll_define_phy count=18 field_size=100000
[PHYDLL:PHY] before phydll_define_phy count=18 field_size=100000
[PHYDLL:PHY] before phydll_define_phy count=18 field_size=100000
[PHYDLL:PHY] before phydll_define_phy count=18 field_size=100000
[PHYDLL:PHY] before phydll_define_phy count=18 field_size=100000
[PHYDLL:PHY] before phydll_define_phy count=18 field_size=100000
[PHYDLL:PHY] before phydll_define_phy count=18 field_size=100000
[PHYDLL:PHY] before phydll_define_phy count=18 field_size=100000
[PHYDLL:PHY] before phydll_define_phy count=18 field_size=100000
[PHYDLL:PHY] before phydll_define_phy count=18 field_size=100000
[PHYDLL:PHY] before phydll_define_phy count=18 field_size=100000
[PHYDLL:PHY] before phydll_define_phy count=18 field_size=100000
[PHYDLL:PHY] before phydll_define_phy count=18 field_size=100000
[PHYDLL:PHY] before phydll_define_phy count=18 field_size=100000
(PhyDLL) ----> OPTION: Coupling with loop = True
[PHYDLL:PHY] before phydll_define_phy count=18 field_size=100000
[PHYDLL:PHY] before phydll_define_phy count=18 field_size=100000
[PHYDLL:PHY] before phydll_define_phy count=18 field_size=100000
[PHYDLL:PHY] before phydll_define_phy count=18 field_size=100000
[PHYDLL:PHY] before phydll_define_phy count=18 field_size=100000
[PHYDLL:CORE] _kernel_alloc_fields begin gl_rank=3 phy_bcast_root=0 dl_bcast_root=20
[PHYDLL:CORE] _kernel_alloc_fields begin gl_rank=7 phy_bcast_root=0 dl_bcast_root=20
[PHYDLL:CORE] _kernel_alloc_fields begin gl_rank=4 phy_bcast_root=0 dl_bcast_root=20
[PHYDLL:CORE] _kernel_alloc_fields begin gl_rank=13 phy_bcast_root=0 dl_bcast_root=20
[PHYDLL:CORE] _kernel_alloc_fields begin gl_rank=6 phy_bcast_root=0 dl_bcast_root=20
[PHYDLL:CORE] _kernel_alloc_fields begin gl_rank=0 phy_bcast_root=0 dl_bcast_root=20
[PHYDLL:CORE] _kernel_alloc_fields begin gl_rank=1 phy_bcast_root=0 dl_bcast_root=20
[PHYDLL:CORE] _kernel_alloc_fields begin gl_rank=10 phy_bcast_root=0 dl_bcast_root=20
[PHYDLL:CORE] _kernel_alloc_fields begin gl_rank=12 phy_bcast_root=0 dl_bcast_root=20
[PHYDLL:CORE] _kernel_alloc_fields begin gl_rank=8 phy_bcast_root=0 dl_bcast_root=20
[PHYDLL:CORE] _kernel_alloc_fields begin gl_rank=16 phy_bcast_root=0 dl_bcast_root=20
[PHYDLL:CORE] _kernel_alloc_fields begin gl_rank=18 phy_bcast_root=0 dl_bcast_root=20
[PHYDLL:CORE] _kernel_alloc_fields begin gl_rank=2 phy_bcast_root=0 dl_bcast_root=20
[PHYDLL:CORE] _kernel_alloc_fields begin gl_rank=14 phy_bcast_root=0 dl_bcast_root=20
[PHYDLL:CORE] _kernel_alloc_fields begin gl_rank=17 phy_bcast_root=0 dl_bcast_root=20
[PHYDLL:CORE] _kernel_alloc_fields begin gl_rank=11 phy_bcast_root=0 dl_bcast_root=20
[PHYDLL:CORE] _kernel_alloc_fields begin gl_rank=15 phy_bcast_root=0 dl_bcast_root=20
[PHYDLL:CORE] _kernel_alloc_fields begin gl_rank=9 phy_bcast_root=0 dl_bcast_root=20
[PHYDLL:CORE] _kernel_alloc_fields begin gl_rank=5 phy_bcast_root=0 dl_bcast_root=20
[PHYDLL:CORE] _kernel_alloc_fields begin gl_rank=19 phy_bcast_root=0 dl_bcast_root=20
[PHYDLL:CORE] phydll_init instance=dl logfile complete
[PHYDLL:CORE] kernel_ds_mapping DL before allgather gl_rank=20 comm_rank=0 comm_size=1 ndest=20
[PHYDLL:CORE] kernel_ds_mapping DL complete gl_rank=20 ndest=20
[PHYDLL:CORE] phydll_init instance=dl mapping complete ndest=20
[DL] Calling dll.define_dl...
[DL] torch threads: intra=1, inter=96
[PHYDLL:CORE] kernel_alloc_dl_fields before mesh broadcast gl_rank=20
[PHYDLL:CORE] kernel_alloc_dl_fields after mesh broadcast gl_rank=20
[PHYDLL:CORE] kernel_alloc_dl_fields after field-size exchange gl_rank=20
[PHYDLL:CORE] _kernel_agg_field_sizes ndest=20 gl_rank=20
[PHYDLL:CORE]   sizes_list[0]=100000 -> accum=100000
[PHYDLL:CORE]   sizes_list[1]=100000 -> accum=200000
[PHYDLL:CORE]   sizes_list[2]=100000 -> accum=300000
[PHYDLL:CORE]   sizes_list[3]=100000 -> accum=400000
[PHYDLL:CORE]   sizes_list[4]=100000 -> accum=500000
[PHYDLL:CORE]   sizes_list[5]=100000 -> accum=600000
[PHYDLL:CORE]   sizes_list[6]=100000 -> accum=700000
[PHYDLL:CORE]   sizes_list[7]=100000 -> accum=800000
[PHYDLL:CORE]   sizes_list[8]=100000 -> accum=900000
[PHYDLL:CORE]   sizes_list[9]=100000 -> accum=1000000
[PHYDLL:CORE]   sizes_list[10]=100000 -> accum=1100000
[PHYDLL:CORE]   sizes_list[11]=100000 -> accum=1200000
[PHYDLL:CORE]   sizes_list[12]=100000 -> accum=1300000
[PHYDLL:CORE]   sizes_list[13]=100000 -> accum=1400000
[PHYDLL:CORE]   sizes_list[14]=100000 -> accum=1500000
[PHYDLL:CORE]   sizes_list[15]=100000 -> accum=1600000
[PHYDLL:CORE]   sizes_list[16]=100000 -> accum=1700000
[PHYDLL:CORE]   sizes_list[17]=100000 -> accum=1800000
[PHYDLL:CORE]   sizes_list[18]=100000 -> accum=1900000
[PHYDLL:CORE]   sizes_list[19]=100000 -> accum=2000000
[PHYDLL:CORE] _kernel_alloc_fields begin gl_rank=20 phy_bcast_root=0 dl_bcast_root=20
[PHYDLL:CORE] _kernel_alloc_fields bcasts done gl_rank=15 phy_count=18 dl_count=1 size=100000
[PHYDLL:CORE] _kernel_alloc_fields field_t arrays alloc done gl_rank=15 phy_ptr=0x47a5010 dl_ptr=0x4532e50
[PHYDLL:CORE]   allocating phy_field[0] size=100000 bytes=800000
[PHYDLL:CORE] _kernel_alloc_fields bcasts done gl_rank=0 phy_count=18 dl_count=1 size=100000
[PHYDLL:CORE] _kernel_alloc_fields field_t arrays alloc done gl_rank=0 phy_ptr=0x456d6b0 dl_ptr=0x46e1600
[PHYDLL:CORE]   allocating phy_field[0] size=100000 bytes=800000
[PHYDLL:CORE] _kernel_alloc_fields bcasts done gl_rank=1 phy_count=18 dl_count=1 size=100000
[PHYDLL:CORE] _kernel_alloc_fields field_t arrays alloc done gl_rank=1 phy_ptr=0x4296290 dl_ptr=0x44186d0
[PHYDLL:CORE]   allocating phy_field[0] size=100000 bytes=800000
[PHYDLL:CORE] _kernel_alloc_fields bcasts done gl_rank=19 phy_count=18 dl_count=1 size=100000
[PHYDLL:CORE] _kernel_alloc_fields field_t arrays alloc done gl_rank=19 phy_ptr=0x46e0010 dl_ptr=0x447ed60
[PHYDLL:CORE]   allocating phy_field[0] size=100000 bytes=800000
[PHYDLL:CORE] _kernel_alloc_fields bcasts done gl_rank=9 phy_count=18 dl_count=1 size=100000
[PHYDLL:CORE] _kernel_alloc_fields field_t arrays alloc done gl_rank=9 phy_ptr=0x464e640 dl_ptr=0x46270a0
[PHYDLL:CORE]   allocating phy_field[0] size=100000 bytes=800000
[PHYDLL:CORE] _kernel_alloc_fields bcasts done gl_rank=5 phy_count=18 dl_count=1 size=100000
[PHYDLL:CORE] _kernel_alloc_fields field_t arrays alloc done gl_rank=5 phy_ptr=0x4711760 dl_ptr=0x40e7140
[PHYDLL:CORE]   allocating phy_field[0] size=100000 bytes=800000
[PHYDLL:CORE] _kernel_alloc_fields bcasts done gl_rank=3 phy_count=18 dl_count=1 size=100000
[PHYDLL:CORE] _kernel_alloc_fields field_t arrays alloc done gl_rank=3 phy_ptr=0x46f15b0 dl_ptr=0x437f230
[PHYDLL:CORE]   allocating phy_field[0] size=100000 bytes=800000
[PHYDLL:CORE] _kernel_alloc_fields bcasts done gl_rank=10 phy_count=18 dl_count=1 size=100000
[PHYDLL:CORE] _kernel_alloc_fields field_t arrays alloc done gl_rank=10 phy_ptr=0x4711c20 dl_ptr=0x42957a0
[PHYDLL:CORE]   allocating phy_field[0] size=100000 bytes=800000
[PHYDLL:CORE] _kernel_alloc_fields bcasts done gl_rank=7 phy_count=18 dl_count=1 size=100000
[PHYDLL:CORE] _kernel_alloc_fields field_t arrays alloc done gl_rank=7 phy_ptr=0x456be40 dl_ptr=0x4295150
[PHYDLL:CORE]   allocating phy_field[0] size=100000 bytes=800000
[PHYDLL:CORE] _kernel_alloc_fields bcasts done gl_rank=4 phy_count=18 dl_count=1 size=100000
[PHYDLL:CORE] _kernel_alloc_fields field_t arrays alloc done gl_rank=4 phy_ptr=0x4711860 dl_ptr=0x40e7440
[PHYDLL:CORE]   allocating phy_field[0] size=100000 bytes=800000
[PHYDLL:CORE] _kernel_alloc_fields bcasts done gl_rank=12 phy_count=18 dl_count=1 size=100000
[PHYDLL:CORE] _kernel_alloc_fields field_t arrays alloc done gl_rank=12 phy_ptr=0x46ad140 dl_ptr=0x456c8b0
[PHYDLL:CORE]   allocating phy_field[0] size=100000 bytes=800000
[PHYDLL:CORE] _kernel_alloc_fields bcasts done gl_rank=8 phy_count=18 dl_count=1 size=100000
[PHYDLL:CORE] _kernel_alloc_fields field_t arrays alloc done gl_rank=8 phy_ptr=0x46d1090 dl_ptr=0x437f900
[PHYDLL:CORE]   allocating phy_field[0] size=100000 bytes=800000
[PHYDLL:CORE] _kernel_alloc_fields bcasts done gl_rank=16 phy_count=18 dl_count=1 size=100000
[PHYDLL:CORE] _kernel_alloc_fields field_t arrays alloc done gl_rank=16 phy_ptr=0x456b7b0 dl_ptr=0x4295680
[PHYDLL:CORE]   allocating phy_field[0] size=100000 bytes=800000
[PHYDLL:CORE] _kernel_alloc_fields bcasts done gl_rank=20 phy_count=18 dl_count=1 size=2000000
[PHYDLL:CORE] _kernel_alloc_fields field_t arrays alloc done gl_rank=20 phy_ptr=0x55e16ac857b0 dl_ptr=0x55e1673353a0
[PHYDLL:CORE]   allocating phy_field[0] size=2000000 bytes=16000000
[PHYDLL:CORE] _kernel_alloc_fields bcasts done gl_rank=18 phy_count=18 dl_count=1 size=100000
[PHYDLL:CORE] _kernel_alloc_fields field_t arrays alloc done gl_rank=18 phy_ptr=0x437f010 dl_ptr=0x42950c0
[PHYDLL:CORE]   allocating phy_field[0] size=100000 bytes=800000
[PHYDLL:CORE] _kernel_alloc_fields bcasts done gl_rank=2 phy_count=18 dl_count=1 size=100000
[PHYDLL:CORE] _kernel_alloc_fields field_t arrays alloc done gl_rank=2 phy_ptr=0x437f010 dl_ptr=0x46dfd10
[PHYDLL:CORE]   allocating phy_field[0] size=100000 bytes=800000
[PHYDLL:CORE] _kernel_alloc_fields bcasts done gl_rank=11 phy_count=18 dl_count=1 size=100000
[PHYDLL:CORE] _kernel_alloc_fields field_t arrays alloc done gl_rank=11 phy_ptr=0x456c560 dl_ptr=0x40e7d30
[PHYDLL:CORE]   allocating phy_field[0] size=100000 bytes=800000
[PHYDLL:CORE] _kernel_alloc_fields bcasts done gl_rank=14 phy_count=18 dl_count=1 size=100000
[PHYDLL:CORE] _kernel_alloc_fields field_t arrays alloc done gl_rank=14 phy_ptr=0x4295010 dl_ptr=0x4619640
[PHYDLL:CORE]   allocating phy_field[0] size=100000 bytes=800000
[PHYDLL:CORE] _kernel_alloc_fields bcasts done gl_rank=6 phy_count=18 dl_count=1 size=100000
[PHYDLL:CORE] _kernel_alloc_fields field_t arrays alloc done gl_rank=6 phy_ptr=0x4732230 dl_ptr=0x46dfd10
[PHYDLL:CORE]   allocating phy_field[0] size=100000 bytes=800000
[PHYDLL:CORE] _kernel_alloc_fields bcasts done gl_rank=17 phy_count=18 dl_count=1 size=100000
[PHYDLL:CORE] _kernel_alloc_fields field_t arrays alloc done gl_rank=17 phy_ptr=0x4295010 dl_ptr=0x4619c70
[PHYDLL:CORE]   allocating phy_field[0] size=100000 bytes=800000
[PHYDLL:CORE] _kernel_alloc_fields bcasts done gl_rank=13 phy_count=18 dl_count=1 size=100000
[PHYDLL:CORE] _kernel_alloc_fields field_t arrays alloc done gl_rank=13 phy_ptr=0x4295010 dl_ptr=0x4619dc0
[PHYDLL:CORE]   allocating phy_field[0] size=100000 bytes=800000
[PHYDLL:CORE]   allocating phy_field[1] size=100000 bytes=800000
[PHYDLL:CORE]   allocating phy_field[1] size=100000 bytes=800000
[PHYDLL:CORE]   allocating phy_field[1] size=100000 bytes=800000
[PHYDLL:CORE]   allocating phy_field[1] size=100000 bytes=800000
[PHYDLL:CORE]   allocating phy_field[1] size=100000 bytes=800000
[PHYDLL:CORE]   allocating phy_field[1] size=100000 bytes=800000
[PHYDLL:CORE]   allocating phy_field[1] size=100000 bytes=800000
[PHYDLL:CORE]   allocating phy_field[1] size=100000 bytes=800000
[PHYDLL:CORE]   allocating phy_field[1] size=100000 bytes=800000
[PHYDLL:CORE]   allocating phy_field[1] size=100000 bytes=800000
[PHYDLL:CORE]   allocating phy_field[1] size=100000 bytes=800000
[PHYDLL:CORE]   allocating phy_field[1] size=100000 bytes=800000
[PHYDLL:CORE]   allocating phy_field[1] size=100000 bytes=800000
[PHYDLL:CORE]   allocating phy_field[1] size=100000 bytes=800000
[PHYDLL:CORE]   allocating phy_field[1] size=100000 bytes=800000
[PHYDLL:CORE]   allocating phy_field[1] size=100000 bytes=800000
[PHYDLL:CORE]   allocating phy_field[1] size=100000 bytes=800000
[PHYDLL:CORE]   allocating phy_field[1] size=100000 bytes=800000
[PHYDLL:CORE]   allocating phy_field[1] size=100000 bytes=800000
[PHYDLL:CORE]   allocating phy_field[1] size=100000 bytes=800000
[PHYDLL:CORE]   allocating phy_field[2] size=100000 bytes=800000
[PHYDLL:CORE]   allocating phy_field[2] size=100000 bytes=800000
[PHYDLL:CORE]   allocating phy_field[2] size=100000 bytes=800000
[PHYDLL:CORE]   allocating phy_field[2] size=100000 bytes=800000
[PHYDLL:CORE]   allocating phy_field[2] size=100000 bytes=800000
[PHYDLL:CORE]   allocating phy_field[2] size=100000 bytes=800000
[PHYDLL:CORE]   allocating phy_field[2] size=100000 bytes=800000
[PHYDLL:CORE]   allocating phy_field[2] size=100000 bytes=800000
[PHYDLL:CORE]   allocating phy_field[2] size=100000 bytes=800000
[PHYDLL:CORE]   allocating phy_field[2] size=100000 bytes=800000
[PHYDLL:CORE]   allocating phy_field[2] size=100000 bytes=800000
[PHYDLL:CORE]   allocating phy_field[2] size=100000 bytes=800000
[PHYDLL:CORE]   allocating phy_field[2] size=100000 bytes=800000
[PHYDLL:CORE]   allocating phy_field[2] size=100000 bytes=800000
[PHYDLL:CORE]   allocating phy_field[2] size=100000 bytes=800000
[PHYDLL:CORE]   allocating phy_field[2] size=100000 bytes=800000
[PHYDLL:CORE]   allocating phy_field[2] size=100000 bytes=800000
[PHYDLL:CORE]   allocating phy_field[2] size=100000 bytes=800000
[PHYDLL:CORE]   allocating phy_field[2] size=100000 bytes=800000
[PHYDLL:CORE]   allocating phy_field[2] size=100000 bytes=800000
[PHYDLL:CORE]   allocating phy_field[3] size=100000 bytes=800000
[PHYDLL:CORE]   allocating phy_field[3] size=100000 bytes=800000
[PHYDLL:CORE]   allocating phy_field[3] size=100000 bytes=800000
[PHYDLL:CORE]   allocating phy_field[3] size=100000 bytes=800000
[PHYDLL:CORE]   allocating phy_field[3] size=100000 bytes=800000
[PHYDLL:CORE]   allocating phy_field[3] size=100000 bytes=800000
[PHYDLL:CORE]   allocating phy_field[3] size=100000 bytes=800000
[PHYDLL:CORE]   allocating phy_field[3] size=100000 bytes=800000
[PHYDLL:CORE]   allocating phy_field[3] size=100000 bytes=800000
[PHYDLL:CORE]   allocating phy_field[3] size=100000 bytes=800000
[PHYDLL:CORE]   allocating phy_field[3] size=100000 bytes=800000
[PHYDLL:CORE]   allocating phy_field[3] size=100000 bytes=800000
[PHYDLL:CORE]   allocating phy_field[3] size=100000 bytes=800000
[PHYDLL:CORE]   allocating phy_field[3] size=100000 bytes=800000
[PHYDLL:CORE]   allocating phy_field[3] size=100000 bytes=800000
[PHYDLL:CORE]   allocating phy_field[3] size=100000 bytes=800000
[PHYDLL:CORE]   allocating phy_field[3] size=100000 bytes=800000
[PHYDLL:CORE]   allocating phy_field[3] size=100000 bytes=800000
[PHYDLL:CORE]   allocating phy_field[3] size=100000 bytes=800000
[PHYDLL:CORE]   allocating phy_field[3] size=100000 bytes=800000
[PHYDLL:CORE]   allocating phy_field[4] size=100000 bytes=800000
[PHYDLL:CORE]   allocating phy_field[4] size=100000 bytes=800000
[PHYDLL:CORE]   allocating phy_field[4] size=100000 bytes=800000
[PHYDLL:CORE]   allocating phy_field[4] size=100000 bytes=800000
[PHYDLL:CORE]   allocating phy_field[4] size=100000 bytes=800000
[PHYDLL:CORE]   allocating phy_field[4] size=100000 bytes=800000
[PHYDLL:CORE]   allocating phy_field[4] size=100000 bytes=800000
[PHYDLL:CORE]   allocating phy_field[4] size=100000 bytes=800000
[PHYDLL:CORE]   allocating phy_field[4] size=100000 bytes=800000
[PHYDLL:CORE]   allocating phy_field[4] size=100000 bytes=800000
[PHYDLL:CORE]   allocating phy_field[4] size=100000 bytes=800000
[PHYDLL:CORE]   allocating phy_field[4] size=100000 bytes=800000
[PHYDLL:CORE]   allocating phy_field[4] size=100000 bytes=800000
[PHYDLL:CORE]   allocating phy_field[4] size=100000 bytes=800000
[PHYDLL:CORE]   allocating phy_field[4] size=100000 bytes=800000
[PHYDLL:CORE]   allocating phy_field[4] size=100000 bytes=800000
[PHYDLL:CORE]   allocating phy_field[4] size=100000 bytes=800000
[PHYDLL:CORE]   allocating phy_field[4] size=100000 bytes=800000
[PHYDLL:CORE]   allocating phy_field[4] size=100000 bytes=800000
[PHYDLL:CORE]   allocating phy_field[4] size=100000 bytes=800000
[PHYDLL:CORE]   allocating phy_field[5] size=100000 bytes=800000
[PHYDLL:CORE]   allocating phy_field[5] size=100000 bytes=800000
[PHYDLL:CORE]   allocating phy_field[5] size=100000 bytes=800000
[PHYDLL:CORE]   allocating phy_field[5] size=100000 bytes=800000
[PHYDLL:CORE]   allocating phy_field[5] size=100000 bytes=800000
[PHYDLL:CORE]   allocating phy_field[5] size=100000 bytes=800000
[PHYDLL:CORE]   allocating phy_field[5] size=100000 bytes=800000
[PHYDLL:CORE]   allocating phy_field[5] size=100000 bytes=800000
[PHYDLL:CORE]   allocating phy_field[5] size=100000 bytes=800000
[PHYDLL:CORE]   allocating phy_field[5] size=100000 bytes=800000
[PHYDLL:CORE]   allocating phy_field[5] size=100000 bytes=800000
[PHYDLL:CORE]   allocating phy_field[5] size=100000 bytes=800000
[PHYDLL:CORE]   allocating phy_field[5] size=100000 bytes=800000
[PHYDLL:CORE]   allocating phy_field[5] size=100000 bytes=800000
[PHYDLL:CORE]   allocating phy_field[5] size=100000 bytes=800000
[PHYDLL:CORE]   allocating phy_field[5] size=100000 bytes=800000
[PHYDLL:CORE]   allocating phy_field[5] size=100000 bytes=800000
[PHYDLL:CORE]   allocating phy_field[5] size=100000 bytes=800000
[PHYDLL:CORE]   allocating phy_field[5] size=100000 bytes=800000
[PHYDLL:CORE]   allocating phy_field[5] size=100000 bytes=800000
[PHYDLL:CORE]   allocating phy_field[6] size=100000 bytes=800000
[PHYDLL:CORE]   allocating phy_field[6] size=100000 bytes=800000
[PHYDLL:CORE]   allocating phy_field[6] size=100000 bytes=800000
[PHYDLL:CORE]   allocating phy_field[6] size=100000 bytes=800000
[PHYDLL:CORE]   allocating phy_field[6] size=100000 bytes=800000
[PHYDLL:CORE]   allocating phy_field[6] size=100000 bytes=800000
[PHYDLL:CORE]   allocating phy_field[6] size=100000 bytes=800000
[PHYDLL:CORE]   allocating phy_field[6] size=100000 bytes=800000
[PHYDLL:CORE]   allocating phy_field[6] size=100000 bytes=800000
[PHYDLL:CORE]   allocating phy_field[6] size=100000 bytes=800000
[PHYDLL:CORE]   allocating phy_field[6] size=100000 bytes=800000
[PHYDLL:CORE]   allocating phy_field[6] size=100000 bytes=800000
[PHYDLL:CORE]   allocating phy_field[6] size=100000 bytes=800000
[PHYDLL:CORE]   allocating phy_field[6] size=100000 bytes=800000
[PHYDLL:CORE]   allocating phy_field[6] size=100000 bytes=800000
[PHYDLL:CORE]   allocating phy_field[6] size=100000 bytes=800000
[PHYDLL:CORE]   allocating phy_field[6] size=100000 bytes=800000
[PHYDLL:CORE]   allocating phy_field[6] size=100000 bytes=800000
[PHYDLL:CORE]   allocating phy_field[6] size=100000 bytes=800000
[PHYDLL:CORE]   allocating phy_field[6] size=100000 bytes=800000
[PHYDLL:CORE]   allocating phy_field[7] size=100000 bytes=800000
[PHYDLL:CORE]   allocating phy_field[7] size=100000 bytes=800000
[PHYDLL:CORE]   allocating phy_field[7] size=100000 bytes=800000
[PHYDLL:CORE]   allocating phy_field[7] size=100000 bytes=800000
[PHYDLL:CORE]   allocating phy_field[7] size=100000 bytes=800000
[PHYDLL:CORE]   allocating phy_field[7] size=100000 bytes=800000
[PHYDLL:CORE]   allocating phy_field[7] size=100000 bytes=800000
[PHYDLL:CORE]   allocating phy_field[7] size=100000 bytes=800000
[PHYDLL:CORE]   allocating phy_field[7] size=100000 bytes=800000
[PHYDLL:CORE]   allocating phy_field[7] size=100000 bytes=800000
[PHYDLL:CORE]   allocating phy_field[7] size=100000 bytes=800000
[PHYDLL:CORE]   allocating phy_field[7] size=100000 bytes=800000
[PHYDLL:CORE]   allocating phy_field[7] size=100000 bytes=800000
[PHYDLL:CORE]   allocating phy_field[7] size=100000 bytes=800000
[PHYDLL:CORE]   allocating phy_field[7] size=100000 bytes=800000
[PHYDLL:CORE]   allocating phy_field[7] size=100000 bytes=800000
[PHYDLL:CORE]   allocating phy_field[7] size=100000 bytes=800000
[PHYDLL:CORE]   allocating phy_field[7] size=100000 bytes=800000
[PHYDLL:CORE]   allocating phy_field[7] size=100000 bytes=800000
[PHYDLL:CORE]   allocating phy_field[7] size=100000 bytes=800000
[PHYDLL:CORE]   allocating phy_field[8] size=100000 bytes=800000
[PHYDLL:CORE]   allocating phy_field[8] size=100000 bytes=800000
[PHYDLL:CORE]   allocating phy_field[8] size=100000 bytes=800000
[PHYDLL:CORE]   allocating phy_field[8] size=100000 bytes=800000
[PHYDLL:CORE]   allocating phy_field[8] size=100000 bytes=800000
[PHYDLL:CORE]   allocating phy_field[8] size=100000 bytes=800000
[PHYDLL:CORE]   allocating phy_field[8] size=100000 bytes=800000
[PHYDLL:CORE]   allocating phy_field[8] size=100000 bytes=800000
[PHYDLL:CORE]   allocating phy_field[8] size=100000 bytes=800000
[PHYDLL:CORE]   allocating phy_field[8] size=100000 bytes=800000
[PHYDLL:CORE]   allocating phy_field[8] size=100000 bytes=800000
[PHYDLL:CORE]   allocating phy_field[8] size=100000 bytes=800000
[PHYDLL:CORE]   allocating phy_field[8] size=100000 bytes=800000
[PHYDLL:CORE]   allocating phy_field[8] size=100000 bytes=800000
[PHYDLL:CORE]   allocating phy_field[8] size=100000 bytes=800000
[PHYDLL:CORE]   allocating phy_field[8] size=100000 bytes=800000
[PHYDLL:CORE]   allocating phy_field[8] size=100000 bytes=800000
[PHYDLL:CORE]   allocating phy_field[8] size=100000 bytes=800000
[PHYDLL:CORE]   allocating phy_field[8] size=100000 bytes=800000
[PHYDLL:CORE]   allocating phy_field[9] size=100000 bytes=800000
[PHYDLL:CORE]   allocating phy_field[8] size=100000 bytes=800000
[PHYDLL:CORE]   allocating phy_field[9] size=100000 bytes=800000
[PHYDLL:CORE]   allocating phy_field[9] size=100000 bytes=800000
[PHYDLL:CORE]   allocating phy_field[9] size=100000 bytes=800000
[PHYDLL:CORE]   allocating phy_field[9] size=100000 bytes=800000
[PHYDLL:CORE]   allocating phy_field[9] size=100000 bytes=800000
[PHYDLL:CORE]   allocating phy_field[9] size=100000 bytes=800000
[PHYDLL:CORE]   allocating phy_field[9] size=100000 bytes=800000
[PHYDLL:CORE]   allocating phy_field[9] size=100000 bytes=800000
[PHYDLL:CORE]   allocating phy_field[9] size=100000 bytes=800000
[PHYDLL:CORE]   allocating phy_field[9] size=100000 bytes=800000
[PHYDLL:CORE]   allocating phy_field[9] size=100000 bytes=800000
[PHYDLL:CORE]   allocating phy_field[9] size=100000 bytes=800000
[PHYDLL:CORE]   allocating phy_field[9] size=100000 bytes=800000
[PHYDLL:CORE]   allocating phy_field[9] size=100000 bytes=800000
[PHYDLL:CORE]   allocating phy_field[9] size=100000 bytes=800000
[PHYDLL:CORE]   allocating phy_field[9] size=100000 bytes=800000
[PHYDLL:CORE]   allocating phy_field[9] size=100000 bytes=800000
[PHYDLL:CORE]   allocating phy_field[10] size=100000 bytes=800000
[PHYDLL:CORE]   allocating phy_field[9] size=100000 bytes=800000
[PHYDLL:CORE]   allocating phy_field[9] size=100000 bytes=800000
[PHYDLL:CORE]   allocating phy_field[10] size=100000 bytes=800000
[PHYDLL:CORE]   allocating phy_field[10] size=100000 bytes=800000
[PHYDLL:CORE]   allocating phy_field[10] size=100000 bytes=800000
[PHYDLL:CORE]   allocating phy_field[10] size=100000 bytes=800000
[PHYDLL:CORE]   allocating phy_field[10] size=100000 bytes=800000
[PHYDLL:CORE]   allocating phy_field[10] size=100000 bytes=800000
[PHYDLL:CORE]   allocating phy_field[10] size=100000 bytes=800000
[PHYDLL:CORE]   allocating phy_field[10] size=100000 bytes=800000
[PHYDLL:CORE]   allocating phy_field[10] size=100000 bytes=800000
[PHYDLL:CORE]   allocating phy_field[10] size=100000 bytes=800000
[PHYDLL:CORE]   allocating phy_field[10] size=100000 bytes=800000
[PHYDLL:CORE]   allocating phy_field[10] size=100000 bytes=800000
[PHYDLL:CORE]   allocating phy_field[11] size=100000 bytes=800000
[PHYDLL:CORE]   allocating phy_field[10] size=100000 bytes=800000
[PHYDLL:CORE]   allocating phy_field[10] size=100000 bytes=800000
[PHYDLL:CORE]   allocating phy_field[10] size=100000 bytes=800000
[PHYDLL:CORE]   allocating phy_field[10] size=100000 bytes=800000
[PHYDLL:CORE]   allocating phy_field[10] size=100000 bytes=800000
[PHYDLL:CORE]   allocating phy_field[10] size=100000 bytes=800000
[PHYDLL:CORE]   allocating phy_field[1] size=2000000 bytes=16000000
[PHYDLL:CORE]   allocating phy_field[10] size=100000 bytes=800000
[PHYDLL:CORE]   allocating phy_field[11] size=100000 bytes=800000
[PHYDLL:CORE]   allocating phy_field[11] size=100000 bytes=800000
[PHYDLL:CORE]   allocating phy_field[11] size=100000 bytes=800000
[PHYDLL:CORE]   allocating phy_field[11] size=100000 bytes=800000
[PHYDLL:CORE]   allocating phy_field[11] size=100000 bytes=800000
[PHYDLL:CORE]   allocating phy_field[11] size=100000 bytes=800000
[PHYDLL:CORE]   allocating phy_field[11] size=100000 bytes=800000
[PHYDLL:CORE]   allocating phy_field[11] size=100000 bytes=800000
[PHYDLL:CORE]   allocating phy_field[11] size=100000 bytes=800000
[PHYDLL:CORE]   allocating phy_field[12] size=100000 bytes=800000
[PHYDLL:CORE]   allocating phy_field[11] size=100000 bytes=800000
[PHYDLL:CORE]   allocating phy_field[11] size=100000 bytes=800000
[PHYDLL:CORE]   allocating phy_field[11] size=100000 bytes=800000
[PHYDLL:CORE]   allocating phy_field[11] size=100000 bytes=800000
[PHYDLL:CORE]   allocating phy_field[11] size=100000 bytes=800000
[PHYDLL:CORE]   allocating phy_field[11] size=100000 bytes=800000
[PHYDLL:CORE]   allocating phy_field[11] size=100000 bytes=800000
[PHYDLL:CORE]   allocating phy_field[11] size=100000 bytes=800000
[PHYDLL:CORE]   allocating phy_field[11] size=100000 bytes=800000
[PHYDLL:CORE]   allocating phy_field[11] size=100000 bytes=800000
[PHYDLL:CORE]   allocating phy_field[12] size=100000 bytes=800000
[PHYDLL:CORE]   allocating phy_field[12] size=100000 bytes=800000
[PHYDLL:CORE]   allocating phy_field[12] size=100000 bytes=800000
[PHYDLL:CORE]   allocating phy_field[12] size=100000 bytes=800000
[PHYDLL:CORE]   allocating phy_field[12] size=100000 bytes=800000
[PHYDLL:CORE]   allocating phy_field[12] size=100000 bytes=800000
[PHYDLL:CORE]   allocating phy_field[12] size=100000 bytes=800000
[PHYDLL:CORE]   allocating phy_field[12] size=100000 bytes=800000
[PHYDLL:CORE]   allocating phy_field[13] size=100000 bytes=800000
[PHYDLL:CORE]   allocating phy_field[12] size=100000 bytes=800000
[PHYDLL:CORE]   allocating phy_field[12] size=100000 bytes=800000
[PHYDLL:CORE]   allocating phy_field[12] size=100000 bytes=800000
[PHYDLL:CORE]   allocating phy_field[12] size=100000 bytes=800000
[PHYDLL:CORE]   allocating phy_field[12] size=100000 bytes=800000
[PHYDLL:CORE]   allocating phy_field[12] size=100000 bytes=800000
[PHYDLL:CORE]   allocating phy_field[12] size=100000 bytes=800000
[PHYDLL:CORE]   allocating phy_field[12] size=100000 bytes=800000
[PHYDLL:CORE]   allocating phy_field[12] size=100000 bytes=800000
[PHYDLL:CORE]   allocating phy_field[12] size=100000 bytes=800000
[PHYDLL:CORE]   allocating phy_field[13] size=100000 bytes=800000
[PHYDLL:CORE]   allocating phy_field[13] size=100000 bytes=800000
[PHYDLL:CORE]   allocating phy_field[13] size=100000 bytes=800000
[PHYDLL:CORE]   allocating phy_field[13] size=100000 bytes=800000
[PHYDLL:CORE]   allocating phy_field[13] size=100000 bytes=800000
[PHYDLL:CORE]   allocating phy_field[13] size=100000 bytes=800000
[PHYDLL:CORE]   allocating phy_field[13] size=100000 bytes=800000
[PHYDLL:CORE]   allocating phy_field[12] size=100000 bytes=800000
[PHYDLL:CORE]   allocating phy_field[13] size=100000 bytes=800000
[PHYDLL:CORE]   allocating phy_field[14] size=100000 bytes=800000
[PHYDLL:CORE]   allocating phy_field[13] size=100000 bytes=800000
[PHYDLL:CORE]   allocating phy_field[13] size=100000 bytes=800000
[PHYDLL:CORE]   allocating phy_field[13] size=100000 bytes=800000
[PHYDLL:CORE]   allocating phy_field[13] size=100000 bytes=800000
[PHYDLL:CORE]   allocating phy_field[13] size=100000 bytes=800000
[PHYDLL:CORE]   allocating phy_field[13] size=100000 bytes=800000
[PHYDLL:CORE]   allocating phy_field[13] size=100000 bytes=800000
[PHYDLL:CORE]   allocating phy_field[13] size=100000 bytes=800000
[PHYDLL:CORE]   allocating phy_field[13] size=100000 bytes=800000
[PHYDLL:CORE]   allocating phy_field[14] size=100000 bytes=800000
[PHYDLL:CORE]   allocating phy_field[14] size=100000 bytes=800000
[PHYDLL:CORE]   allocating phy_field[14] size=100000 bytes=800000
[PHYDLL:CORE]   allocating phy_field[14] size=100000 bytes=800000
[PHYDLL:CORE]   allocating phy_field[13] size=100000 bytes=800000
[PHYDLL:CORE]   allocating phy_field[14] size=100000 bytes=800000
[PHYDLL:CORE]   allocating phy_field[14] size=100000 bytes=800000
[PHYDLL:CORE]   allocating phy_field[14] size=100000 bytes=800000
[PHYDLL:CORE]   allocating phy_field[14] size=100000 bytes=800000
[PHYDLL:CORE]   allocating phy_field[13] size=100000 bytes=800000
[PHYDLL:CORE]   allocating phy_field[15] size=100000 bytes=800000
[PHYDLL:CORE]   allocating phy_field[14] size=100000 bytes=800000
[PHYDLL:CORE]   allocating phy_field[14] size=100000 bytes=800000
[PHYDLL:CORE]   allocating phy_field[14] size=100000 bytes=800000
[PHYDLL:CORE]   allocating phy_field[14] size=100000 bytes=800000
[PHYDLL:CORE]   allocating phy_field[14] size=100000 bytes=800000
[PHYDLL:CORE]   allocating phy_field[14] size=100000 bytes=800000
[PHYDLL:CORE]   allocating phy_field[14] size=100000 bytes=800000
[PHYDLL:CORE]   allocating phy_field[14] size=100000 bytes=800000
[PHYDLL:CORE]   allocating phy_field[15] size=100000 bytes=800000
[PHYDLL:CORE]   allocating phy_field[15] size=100000 bytes=800000
[PHYDLL:CORE]   allocating phy_field[15] size=100000 bytes=800000
[PHYDLL:CORE]   allocating phy_field[15] size=100000 bytes=800000
[PHYDLL:CORE]   allocating phy_field[14] size=100000 bytes=800000
[PHYDLL:CORE]   allocating phy_field[15] size=100000 bytes=800000
[PHYDLL:CORE]   allocating phy_field[15] size=100000 bytes=800000
[PHYDLL:CORE]   allocating phy_field[15] size=100000 bytes=800000
[PHYDLL:CORE]   allocating phy_field[14] size=100000 bytes=800000
[PHYDLL:CORE]   allocating phy_field[15] size=100000 bytes=800000
[PHYDLL:CORE]   allocating phy_field[16] size=100000 bytes=800000
[PHYDLL:CORE]   allocating phy_field[14] size=100000 bytes=800000
[PHYDLL:CORE]   allocating phy_field[15] size=100000 bytes=800000
[PHYDLL:CORE]   allocating phy_field[15] size=100000 bytes=800000
[PHYDLL:CORE]   allocating phy_field[15] size=100000 bytes=800000
[PHYDLL:CORE]   allocating phy_field[15] size=100000 bytes=800000
[PHYDLL:CORE]   allocating phy_field[15] size=100000 bytes=800000
[PHYDLL:CORE]   allocating phy_field[15] size=100000 bytes=800000
[PHYDLL:CORE]   allocating phy_field[15] size=100000 bytes=800000
[PHYDLL:CORE]   allocating phy_field[16] size=100000 bytes=800000
[PHYDLL:CORE]   allocating phy_field[16] size=100000 bytes=800000
[PHYDLL:CORE]   allocating phy_field[16] size=100000 bytes=800000
[PHYDLL:CORE]   allocating phy_field[16] size=100000 bytes=800000
[PHYDLL:CORE]   allocating phy_field[16] size=100000 bytes=800000
[PHYDLL:CORE]   allocating phy_field[16] size=100000 bytes=800000
[PHYDLL:CORE]   allocating phy_field[15] size=100000 bytes=800000
[PHYDLL:CORE]   allocating phy_field[16] size=100000 bytes=800000
[PHYDLL:CORE]   allocating phy_field[16] size=100000 bytes=800000
[PHYDLL:CORE]   allocating phy_field[15] size=100000 bytes=800000
[PHYDLL:CORE]   allocating phy_field[17] size=100000 bytes=800000
[PHYDLL:CORE]   allocating phy_field[15] size=100000 bytes=800000
[PHYDLL:CORE]   allocating phy_field[15] size=100000 bytes=800000
[PHYDLL:CORE]   allocating phy_field[16] size=100000 bytes=800000
[PHYDLL:CORE]   allocating phy_field[16] size=100000 bytes=800000
[PHYDLL:CORE]   allocating phy_field[16] size=100000 bytes=800000
[PHYDLL:CORE]   allocating phy_field[16] size=100000 bytes=800000
[PHYDLL:CORE]   allocating phy_field[17] size=100000 bytes=800000
[PHYDLL:CORE]   allocating phy_field[16] size=100000 bytes=800000
[PHYDLL:CORE]   allocating phy_field[17] size=100000 bytes=800000
[PHYDLL:CORE]   allocating phy_field[16] size=100000 bytes=800000
[PHYDLL:CORE]   allocating phy_field[17] size=100000 bytes=800000
[PHYDLL:CORE]   allocating phy_field[17] size=100000 bytes=800000
[PHYDLL:CORE]   allocating phy_field[17] size=100000 bytes=800000
[PHYDLL:CORE]   allocating phy_field[16] size=100000 bytes=800000
[PHYDLL:CORE]   allocating phy_field[17] size=100000 bytes=800000
[PHYDLL:CORE]   allocating phy_field[17] size=100000 bytes=800000
[PHYDLL:CORE]   allocating dl_field[0] size=100000 bytes=800000
[PHYDLL:CORE]   allocating phy_field[16] size=100000 bytes=800000
[PHYDLL:CORE]   allocating phy_field[17] size=100000 bytes=800000
[PHYDLL:CORE]   allocating phy_field[16] size=100000 bytes=800000
[PHYDLL:CORE]   allocating phy_field[16] size=100000 bytes=800000
[PHYDLL:CORE]   allocating phy_field[16] size=100000 bytes=800000
[PHYDLL:CORE]   allocating phy_field[17] size=100000 bytes=800000
[PHYDLL:CORE]   allocating phy_field[17] size=100000 bytes=800000
[PHYDLL:CORE]   allocating phy_field[17] size=100000 bytes=800000
[PHYDLL:CORE]   allocating dl_field[0] size=100000 bytes=800000
[PHYDLL:CORE]   allocating phy_field[17] size=100000 bytes=800000
[PHYDLL:CORE]   allocating dl_field[0] size=100000 bytes=800000
[PHYDLL:CORE]   allocating dl_field[0] size=100000 bytes=800000
[PHYDLL:CORE]   allocating dl_field[0] size=100000 bytes=800000
[PHYDLL:CORE]   allocating phy_field[17] size=100000 bytes=800000
[PHYDLL:CORE]   allocating dl_field[0] size=100000 bytes=800000
[PHYDLL:CORE]   allocating dl_field[0] size=100000 bytes=800000
[PHYDLL:CORE]   allocating phy_field[17] size=100000 bytes=800000
[PHYDLL:CORE]   allocating dl_field[0] size=100000 bytes=800000
[PHYDLL:CORE] _kernel_alloc_fields complete gl_rank=9
[PHYDLL:PHY] after phydll_define_phy
[PHYDLL:CORE]   allocating dl_field[0] size=100000 bytes=800000
[PHYDLL:CORE]   allocating phy_field[17] size=100000 bytes=800000
[PHYDLL:CORE]   allocating phy_field[17] size=100000 bytes=800000
[PHYDLL:CORE]   allocating phy_field[17] size=100000 bytes=800000
[PHYDLL:CORE]   allocating phy_field[17] size=100000 bytes=800000
[PHYDLL:CORE]   allocating dl_field[0] size=100000 bytes=800000
[PHYDLL:CORE]   allocating dl_field[0] size=100000 bytes=800000
[PHYDLL:CORE]   allocating phy_field[17] size=100000 bytes=800000
[PHYDLL:CORE] _kernel_alloc_fields complete gl_rank=4
[PHYDLL:PHY] after phydll_define_phy
[PHYDLL:CORE] _kernel_alloc_fields complete gl_rank=19
[PHYDLL:PHY] after phydll_define_phy
[PHYDLL:CORE] _kernel_alloc_fields complete gl_rank=1
[PHYDLL:PHY] after phydll_define_phy
[PHYDLL:CORE]   allocating dl_field[0] size=100000 bytes=800000
[PHYDLL:CORE] _kernel_alloc_fields complete gl_rank=11
[PHYDLL:PHY] after phydll_define_phy
[PHYDLL:CORE]   allocating dl_field[0] size=100000 bytes=800000
[PHYDLL:CORE] _kernel_alloc_fields complete gl_rank=0
[PHYDLL:PHY] after phydll_define_phy
[PHYDLL:PHY] Rank 0 starting metadata handshake. Synchronizing with DL side...
[PHYDLL:PHY] Handshake synchronization complete.
[PHYDLL:CORE] _kernel_alloc_fields complete gl_rank=8
[PHYDLL:PHY] after phydll_define_phy
[PHYDLL:CORE] _kernel_alloc_fields complete gl_rank=2
[PHYDLL:PHY] after phydll_define_phy
[PHYDLL:CORE]   allocating dl_field[0] size=100000 bytes=800000
[PHYDLL:CORE]   allocating dl_field[0] size=100000 bytes=800000
[PHYDLL:CORE] _kernel_alloc_fields complete gl_rank=6
[PHYDLL:PHY] after phydll_define_phy
[PHYDLL:CORE]   allocating dl_field[0] size=100000 bytes=800000
[PHYDLL:CORE]   allocating dl_field[0] size=100000 bytes=800000
[PHYDLL:CORE]   allocating dl_field[0] size=100000 bytes=800000
[PHYDLL:CORE]   allocating dl_field[0] size=100000 bytes=800000
[PHYDLL:CORE]   allocating dl_field[0] size=100000 bytes=800000
[PHYDLL:CORE] _kernel_alloc_fields complete gl_rank=13
[PHYDLL:PHY] after phydll_define_phy
[PHYDLL:CORE] _kernel_alloc_fields complete gl_rank=7
[PHYDLL:PHY] after phydll_define_phy
[PHYDLL:CORE] _kernel_alloc_fields complete gl_rank=16
[PHYDLL:PHY] after phydll_define_phy
[PHYDLL:CORE] _kernel_alloc_fields complete gl_rank=18
[PHYDLL:CORE] _kernel_alloc_fields complete gl_rank=5
[PHYDLL:CORE] _kernel_alloc_fields complete gl_rank=15
[PHYDLL:PHY] after phydll_define_phy
[PHYDLL:PHY] after phydll_define_phy
[PHYDLL:PHY] after phydll_define_phy
[PHYDLL:CORE] _kernel_alloc_fields complete gl_rank=14
[PHYDLL:CORE] _kernel_alloc_fields complete gl_rank=3
[PHYDLL:PHY] after phydll_define_phy
[PHYDLL:PHY] after phydll_define_phy
[PHYDLL:CORE] _kernel_alloc_fields complete gl_rank=12
[PHYDLL:PHY] after phydll_define_phy
[PHYDLL:CORE] _kernel_alloc_fields complete gl_rank=17
[PHYDLL:CORE] _kernel_alloc_fields complete gl_rank=10
[PHYDLL:PHY] after phydll_define_phy
[PHYDLL:PHY] after phydll_define_phy
[PHYDLL:CORE]   allocating phy_field[2] size=2000000 bytes=16000000
[PHYDLL:CORE]   allocating phy_field[3] size=2000000 bytes=16000000
CMI initialized successfully. Starting benchmark steps...

[PHYDLL:CORE]   allocating phy_field[4] size=2000000 bytes=16000000
(PhyDLL:PHY) ----> SET... Physical field: (0) 'PHY-IN-000' ...done
(PhyDLL:PHY) ----> SET... Physical field: (1) 'PHY-IN-001' ...done
(PhyDLL:PHY) ----> SET... Physical field: (2) 'PHY-IN-002' ...done
(PhyDLL:PHY) ----> SET... Physical field: (3) 'PHY-IN-003' ...done
(PhyDLL:PHY) ----> SET... Physical field: (4) 'PHY-IN-004' ...done
(PhyDLL:PHY) ----> SET... Physical field: (5) 'PHY-IN-005' ...done
(PhyDLL:PHY) ----> SET... Physical field: (6) 'PHY-IN-006' ...done
(PhyDLL:PHY) ----> SET... Physical field: (7) 'PHY-IN-007' ...done
(PhyDLL:PHY) ----> SET... Physical field: (8) 'PHY-IN-008' ...done
(PhyDLL:PHY) ----> SET... Physical field: (9) 'PHY-IN-009' ...done
(PhyDLL:PHY) ----> SET... Physical field: (10) 'PHY-IN-010' ...done
(PhyDLL:PHY) ----> SET... Physical field: (11) 'PHY-IN-011' ...done
(PhyDLL:PHY) ----> SET... Physical field: (12) 'PHY-IN-012' ...done
(PhyDLL:PHY) ----> SET... Physical field: (13) 'PHY-IN-013' ...done
(PhyDLL:PHY) ----> SET... Physical field: (14) 'PHY-IN-014' ...done
(PhyDLL:PHY) ----> SET... Physical field: (15) 'PHY-IN-015' ...done
(PhyDLL:PHY) ----> SET... Physical field: (16) 'PHY-IN-016' ...done
(PhyDLL:PHY) ----> SET... Physical field: (17) 'PHY-IN-017' ...done
(PhyDLL:PHY) ----> ITE (PHY ITE) = 1 (1)
[PHYDLL:CORE]   allocating phy_field[5] size=2000000 bytes=16000000
[PHYDLL:CORE]   allocating phy_field[6] size=2000000 bytes=16000000
[PHYDLL:CORE]   allocating phy_field[7] size=2000000 bytes=16000000
[PHYDLL:CORE]   allocating phy_field[8] size=2000000 bytes=16000000
[PHYDLL:CORE]   allocating phy_field[9] size=2000000 bytes=16000000
[PHYDLL:CORE]   allocating phy_field[10] size=2000000 bytes=16000000
[PHYDLL:CORE]   allocating phy_field[11] size=2000000 bytes=16000000
[PHYDLL:CORE]   allocating phy_field[12] size=2000000 bytes=16000000
[PHYDLL:CORE]   allocating phy_field[13] size=2000000 bytes=16000000
[PHYDLL:CORE]   allocating phy_field[14] size=2000000 bytes=16000000
[PHYDLL:CORE]   allocating phy_field[15] size=2000000 bytes=16000000
[PHYDLL:CORE]   allocating phy_field[16] size=2000000 bytes=16000000
[PHYDLL:CORE]   allocating phy_field[17] size=2000000 bytes=16000000
[PHYDLL:CORE]   allocating dl_field[0] size=2000000 bytes=16000000
[PHYDLL:CORE] _kernel_alloc_fields complete gl_rank=20
[DL] Returned from dll.define_dl.
[DL] calling dll.get_local_mpi_comm()...
[DL] Returned from dll.get_local_mpi_comm().
(PhyDLL:DL) ----> ITE (PHY ITE) = 1 (1)
[DL 20] Calling dll.recv(only=True) (uniform_chunks)...
(PhyDLL:PHY) ----> SEND...>>>... Physical fields ...done
(PhyDLL:DL) ----> RECV...<<<... Physical fields ...done
(PhyDLL:DL) ----> GET... Physical field: (0) 'PHY-IN-000' ...done
(PhyDLL:DL) ----> GET... Physical field: (1) 'PHY-IN-001' ...done
(PhyDLL:DL) ----> GET... Physical field: (2) 'PHY-IN-002' ...done
(PhyDLL:DL) ----> GET... Physical field: (3) 'PHY-IN-003' ...done
(PhyDLL:DL) ----> GET... Physical field: (4) 'PHY-IN-004' ...done
(PhyDLL:DL) ----> GET... Physical field: (5) 'PHY-IN-005' ...done
(PhyDLL:DL) ----> GET... Physical field: (6) 'PHY-IN-006' ...done
(PhyDLL:DL) ----> GET... Physical field: (7) 'PHY-IN-007' ...done
(PhyDLL:DL) ----> GET... Physical field: (8) 'PHY-IN-008' ...done
(PhyDLL:DL) ----> GET... Physical field: (9) 'PHY-IN-009' ...done
(PhyDLL:DL) ----> GET... Physical field: (10) 'PHY-IN-010' ...done
(PhyDLL:DL) ----> GET... Physical field: (11) 'PHY-IN-011' ...done
(PhyDLL:DL) ----> GET... Physical field: (12) 'PHY-IN-012' ...done
(PhyDLL:DL) ----> GET... Physical field: (13) 'PHY-IN-013' ...done
(PhyDLL:DL) ----> GET... Physical field: (14) 'PHY-IN-014' ...done
(PhyDLL:DL) ----> GET... Physical field: (15) 'PHY-IN-015' ...done
(PhyDLL:DL) ----> GET... Physical field: (16) 'PHY-IN-016' ...done
(PhyDLL:DL) ----> GET... Physical field: (17) 'PHY-IN-017' ...done
[PHYDLL:DL:PY] Using local DL rank 0 mapped to GPU device index: 0
[PHYDLL:DL:PY] model loaded
[PHYDLL:DL:PY] meta init model_path='/rwthfs/rz/cluster/hpcwork/ro092286/smartsim/batch_memory_benchmark/../mini_app/train_models/model_a/watercnn_cuda.pt' total_input=36000000 total_output=2000000
(PhyDLL:DL) ----> SET... DL field: (0) 'DL-OUT' ...done
(PhyDLL:DL) ----> SEND...>>>... DL fields ...done
(PhyDLL:PHY) ----> RECV...<<<... DL fields ...done
(PhyDLL:PHY) ----> GET... DL field: (0) 'DL-OUT' ...done
STEP_TIMING step=1 latency_ms=1926.78 min_ms=1926.39 avg_ms=1926.66 total_samples=2000000 throughput_samples_sec=1038004
(PhyDLL:PHY) ----> SET... Physical field: (0) 'PHY-IN-000' ...done
(PhyDLL:PHY) ----> SET... Physical field: (1) 'PHY-IN-001' ...done
(PhyDLL:PHY) ----> SET... Physical field: (2) 'PHY-IN-002' ...done
(PhyDLL:PHY) ----> SET... Physical field: (3) 'PHY-IN-003' ...done
(PhyDLL:PHY) ----> SET... Physical field: (4) 'PHY-IN-004' ...done
(PhyDLL:PHY) ----> SET... Physical field: (5) 'PHY-IN-005' ...done
(PhyDLL:PHY) ----> SET... Physical field: (6) 'PHY-IN-006' ...done
(PhyDLL:PHY) ----> SET... Physical field: (7) 'PHY-IN-007' ...done
(PhyDLL:PHY) ----> SET... Physical field: (8) 'PHY-IN-008' ...done
(PhyDLL:PHY) ----> SET... Physical field: (9) 'PHY-IN-009' ...done
(PhyDLL:PHY) ----> SET... Physical field: (10) 'PHY-IN-010' ...done
(PhyDLL:PHY) ----> SET... Physical field: (11) 'PHY-IN-011' ...done
(PhyDLL:PHY) ----> SET... Physical field: (12) 'PHY-IN-012' ...done
(PhyDLL:PHY) ----> SET... Physical field: (13) 'PHY-IN-013' ...done
(PhyDLL:PHY) ----> SET... Physical field: (14) 'PHY-IN-014' ...done
(PhyDLL:PHY) ----> SET... Physical field: (15) 'PHY-IN-015' ...done
(PhyDLL:PHY) ----> SET... Physical field: (16) 'PHY-IN-016' ...done
(PhyDLL:PHY) ----> SET... Physical field: (17) 'PHY-IN-017' ...done
(PhyDLL:DL) ----> ITE (PHY ITE) = 2 (2)
(PhyDLL:PHY) ----> ITE (PHY ITE) = 2 (2)
[DL 20] Calling dll.recv(only=True) (uniform_chunks)...
(PhyDLL:PHY) ----> SEND...>>>... Physical fields ...done
(PhyDLL:DL) ----> RECV...<<<... Physical fields ...done
(PhyDLL:DL) ----> GET... Physical field: (0) 'PHY-IN-000' ...done
(PhyDLL:DL) ----> GET... Physical field: (1) 'PHY-IN-001' ...done
(PhyDLL:DL) ----> GET... Physical field: (2) 'PHY-IN-002' ...done
(PhyDLL:DL) ----> GET... Physical field: (3) 'PHY-IN-003' ...done
(PhyDLL:DL) ----> GET... Physical field: (4) 'PHY-IN-004' ...done
(PhyDLL:DL) ----> GET... Physical field: (5) 'PHY-IN-005' ...done
(PhyDLL:DL) ----> GET... Physical field: (6) 'PHY-IN-006' ...done
(PhyDLL:DL) ----> GET... Physical field: (7) 'PHY-IN-007' ...done
(PhyDLL:DL) ----> GET... Physical field: (8) 'PHY-IN-008' ...done
(PhyDLL:DL) ----> GET... Physical field: (9) 'PHY-IN-009' ...done
(PhyDLL:DL) ----> GET... Physical field: (10) 'PHY-IN-010' ...done
(PhyDLL:DL) ----> GET... Physical field: (11) 'PHY-IN-011' ...done
(PhyDLL:DL) ----> GET... Physical field: (12) 'PHY-IN-012' ...done
(PhyDLL:DL) ----> GET... Physical field: (13) 'PHY-IN-013' ...done
(PhyDLL:DL) ----> GET... Physical field: (14) 'PHY-IN-014' ...done
(PhyDLL:DL) ----> GET... Physical field: (15) 'PHY-IN-015' ...done
(PhyDLL:DL) ----> GET... Physical field: (16) 'PHY-IN-016' ...done
(PhyDLL:DL) ----> GET... Physical field: (17) 'PHY-IN-017' ...done
(PhyDLL:DL) ----> SET... DL field: (0) 'DL-OUT' ...done
(PhyDLL:PHY) ----> RECV...<<<... DL fields ...done
(PhyDLL:DL) ----> SEND...>>>... DL fields ...done
(PhyDLL:PHY) ----> GET... DL field: (0) 'DL-OUT' ...done
STEP_TIMING step=2 latency_ms=334.03 min_ms=333.69 avg_ms=333.77 total_samples=2000000 throughput_samples_sec=5987492
(PhyDLL:PHY) ----> SET... Physical field: (0) 'PHY-IN-000' ...done
(PhyDLL:PHY) ----> SET... Physical field: (1) 'PHY-IN-001' ...done
(PhyDLL:PHY) ----> SET... Physical field: (2) 'PHY-IN-002' ...done
(PhyDLL:PHY) ----> SET... Physical field: (3) 'PHY-IN-003' ...done
(PhyDLL:PHY) ----> SET... Physical field: (4) 'PHY-IN-004' ...done
(PhyDLL:PHY) ----> SET... Physical field: (5) 'PHY-IN-005' ...done
(PhyDLL:PHY) ----> SET... Physical field: (6) 'PHY-IN-006' ...done
(PhyDLL:PHY) ----> SET... Physical field: (7) 'PHY-IN-007' ...done
(PhyDLL:PHY) ----> SET... Physical field: (8) 'PHY-IN-008' ...done
(PhyDLL:PHY) ----> SET... Physical field: (9) 'PHY-IN-009' ...done
(PhyDLL:PHY) ----> SET... Physical field: (10) 'PHY-IN-010' ...done
(PhyDLL:PHY) ----> SET... Physical field: (11) 'PHY-IN-011' ...done
(PhyDLL:PHY) ----> SET... Physical field: (12) 'PHY-IN-012' ...done
(PhyDLL:PHY) ----> SET... Physical field: (13) 'PHY-IN-013' ...done
(PhyDLL:PHY) ----> SET... Physical field: (14) 'PHY-IN-014' ...done
(PhyDLL:PHY) ----> SET... Physical field: (15) 'PHY-IN-015' ...done
(PhyDLL:PHY) ----> SET... Physical field: (16) 'PHY-IN-016' ...done
(PhyDLL:PHY) ----> SET... Physical field: (17) 'PHY-IN-017' ...done
(PhyDLL:DL) ----> ITE (PHY ITE) = 3 (3)
(PhyDLL:PHY) ----> ITE (PHY ITE) = 3 (3)
[DL 20] Calling dll.recv(only=True) (uniform_chunks)...
(PhyDLL:PHY) ----> SEND...>>>... Physical fields ...done
(PhyDLL:DL) ----> RECV...<<<... Physical fields ...done
(PhyDLL:DL) ----> GET... Physical field: (0) 'PHY-IN-000' ...done
(PhyDLL:DL) ----> GET... Physical field: (1) 'PHY-IN-001' ...done
(PhyDLL:DL) ----> GET... Physical field: (2) 'PHY-IN-002' ...done
(PhyDLL:DL) ----> GET... Physical field: (3) 'PHY-IN-003' ...done
(PhyDLL:DL) ----> GET... Physical field: (4) 'PHY-IN-004' ...done
(PhyDLL:DL) ----> GET... Physical field: (5) 'PHY-IN-005' ...done
(PhyDLL:DL) ----> GET... Physical field: (6) 'PHY-IN-006' ...done
(PhyDLL:DL) ----> GET... Physical field: (7) 'PHY-IN-007' ...done
(PhyDLL:DL) ----> GET... Physical field: (8) 'PHY-IN-008' ...done
(PhyDLL:DL) ----> GET... Physical field: (9) 'PHY-IN-009' ...done
(PhyDLL:DL) ----> GET... Physical field: (10) 'PHY-IN-010' ...done
(PhyDLL:DL) ----> GET... Physical field: (11) 'PHY-IN-011' ...done
(PhyDLL:DL) ----> GET... Physical field: (12) 'PHY-IN-012' ...done
(PhyDLL:DL) ----> GET... Physical field: (13) 'PHY-IN-013' ...done
(PhyDLL:DL) ----> GET... Physical field: (14) 'PHY-IN-014' ...done
(PhyDLL:DL) ----> GET... Physical field: (15) 'PHY-IN-015' ...done
(PhyDLL:DL) ----> GET... Physical field: (16) 'PHY-IN-016' ...done
(PhyDLL:DL) ----> GET... Physical field: (17) 'PHY-IN-017' ...done
(PhyDLL:DL) ----> SET... DL field: (0) 'DL-OUT' ...done
(PhyDLL:DL) ----> SEND...>>>... DL fields ...done
(PhyDLL:PHY) ----> RECV...<<<... DL fields ...done
(PhyDLL:PHY) ----> GET... DL field: (0) 'DL-OUT' ...done
STEP_TIMING step=3 latency_ms=303.86 min_ms=303.36 avg_ms=303.54 total_samples=2000000 throughput_samples_sec=6581938
(PhyDLL:PHY) ----> SET... Physical field: (0) 'PHY-IN-000' ...done
(PhyDLL:PHY) ----> SET... Physical field: (1) 'PHY-IN-001' ...done
(PhyDLL:PHY) ----> SET... Physical field: (2) 'PHY-IN-002' ...done
(PhyDLL:PHY) ----> SET... Physical field: (3) 'PHY-IN-003' ...done
(PhyDLL:PHY) ----> SET... Physical field: (4) 'PHY-IN-004' ...done
(PhyDLL:PHY) ----> SET... Physical field: (5) 'PHY-IN-005' ...done
(PhyDLL:PHY) ----> SET... Physical field: (6) 'PHY-IN-006' ...done
(PhyDLL:PHY) ----> SET... Physical field: (7) 'PHY-IN-007' ...done
(PhyDLL:PHY) ----> SET... Physical field: (8) 'PHY-IN-008' ...done
(PhyDLL:PHY) ----> SET... Physical field: (9) 'PHY-IN-009' ...done
(PhyDLL:PHY) ----> SET... Physical field: (10) 'PHY-IN-010' ...done
(PhyDLL:PHY) ----> SET... Physical field: (11) 'PHY-IN-011' ...done
(PhyDLL:PHY) ----> SET... Physical field: (12) 'PHY-IN-012' ...done
(PhyDLL:PHY) ----> SET... Physical field: (13) 'PHY-IN-013' ...done
(PhyDLL:PHY) ----> SET... Physical field: (14) 'PHY-IN-014' ...done
(PhyDLL:PHY) ----> SET... Physical field: (15) 'PHY-IN-015' ...done
(PhyDLL:PHY) ----> SET... Physical field: (16) 'PHY-IN-016' ...done
(PhyDLL:PHY) ----> SET... Physical field: (17) 'PHY-IN-017' ...done
(PhyDLL:PHY) ----> ITE (PHY ITE) = 4 (4)
(PhyDLL:DL) ----> ITE (PHY ITE) = 4 (4)
[DL 20] Calling dll.recv(only=True) (uniform_chunks)...
(PhyDLL:PHY) ----> SEND...>>>... Physical fields ...done
(PhyDLL:DL) ----> RECV...<<<... Physical fields ...done
(PhyDLL:DL) ----> GET... Physical field: (0) 'PHY-IN-000' ...done
(PhyDLL:DL) ----> GET... Physical field: (1) 'PHY-IN-001' ...done
(PhyDLL:DL) ----> GET... Physical field: (2) 'PHY-IN-002' ...done
(PhyDLL:DL) ----> GET... Physical field: (3) 'PHY-IN-003' ...done
(PhyDLL:DL) ----> GET... Physical field: (4) 'PHY-IN-004' ...done
(PhyDLL:DL) ----> GET... Physical field: (5) 'PHY-IN-005' ...done
(PhyDLL:DL) ----> GET... Physical field: (6) 'PHY-IN-006' ...done
(PhyDLL:DL) ----> GET... Physical field: (7) 'PHY-IN-007' ...done
(PhyDLL:DL) ----> GET... Physical field: (8) 'PHY-IN-008' ...done
(PhyDLL:DL) ----> GET... Physical field: (9) 'PHY-IN-009' ...done
(PhyDLL:DL) ----> GET... Physical field: (10) 'PHY-IN-010' ...done
(PhyDLL:DL) ----> GET... Physical field: (11) 'PHY-IN-011' ...done
(PhyDLL:DL) ----> GET... Physical field: (12) 'PHY-IN-012' ...done
(PhyDLL:DL) ----> GET... Physical field: (13) 'PHY-IN-013' ...done
(PhyDLL:DL) ----> GET... Physical field: (14) 'PHY-IN-014' ...done
(PhyDLL:DL) ----> GET... Physical field: (15) 'PHY-IN-015' ...done
(PhyDLL:DL) ----> GET... Physical field: (16) 'PHY-IN-016' ...done
(PhyDLL:DL) ----> GET... Physical field: (17) 'PHY-IN-017' ...done
(PhyDLL:DL) ----> SET... DL field: (0) 'DL-OUT' ...done
(PhyDLL:DL) ----> SEND...>>>... DL fields ...done
(PhyDLL:PHY) ----> RECV...<<<... DL fields ...done
(PhyDLL:PHY) ----> GET... DL field: (0) 'DL-OUT' ...done
STEP_TIMING step=4 latency_ms=304.02 min_ms=303.67 avg_ms=303.81 total_samples=2000000 throughput_samples_sec=6578609
(PhyDLL:PHY) ----> SET... Physical field: (0) 'PHY-IN-000' ...done
(PhyDLL:PHY) ----> SET... Physical field: (1) 'PHY-IN-001' ...done
(PhyDLL:PHY) ----> SET... Physical field: (2) 'PHY-IN-002' ...done
(PhyDLL:PHY) ----> SET... Physical field: (3) 'PHY-IN-003' ...done
(PhyDLL:PHY) ----> SET... Physical field: (4) 'PHY-IN-004' ...done
(PhyDLL:PHY) ----> SET... Physical field: (5) 'PHY-IN-005' ...done
(PhyDLL:PHY) ----> SET... Physical field: (6) 'PHY-IN-006' ...done
(PhyDLL:PHY) ----> SET... Physical field: (7) 'PHY-IN-007' ...done
(PhyDLL:PHY) ----> SET... Physical field: (8) 'PHY-IN-008' ...done
(PhyDLL:PHY) ----> SET... Physical field: (9) 'PHY-IN-009' ...done
(PhyDLL:PHY) ----> SET... Physical field: (10) 'PHY-IN-010' ...done
(PhyDLL:PHY) ----> SET... Physical field: (11) 'PHY-IN-011' ...done
(PhyDLL:PHY) ----> SET... Physical field: (12) 'PHY-IN-012' ...done
(PhyDLL:PHY) ----> SET... Physical field: (13) 'PHY-IN-013' ...done
(PhyDLL:PHY) ----> SET... Physical field: (14) 'PHY-IN-014' ...done
(PhyDLL:PHY) ----> SET... Physical field: (15) 'PHY-IN-015' ...done
(PhyDLL:PHY) ----> SET... Physical field: (16) 'PHY-IN-016' ...done
(PhyDLL:PHY) ----> SET... Physical field: (17) 'PHY-IN-017' ...done
(PhyDLL:DL) ----> ITE (PHY ITE) = 5 (5)
(PhyDLL:PHY) ----> ITE (PHY ITE) = 5 (5)
[DL 20] Calling dll.recv(only=True) (uniform_chunks)...
(PhyDLL:PHY) ----> SEND...>>>... Physical fields ...done
(PhyDLL:DL) ----> RECV...<<<... Physical fields ...done
(PhyDLL:DL) ----> GET... Physical field: (0) 'PHY-IN-000' ...done
(PhyDLL:DL) ----> GET... Physical field: (1) 'PHY-IN-001' ...done
(PhyDLL:DL) ----> GET... Physical field: (2) 'PHY-IN-002' ...done
(PhyDLL:DL) ----> GET... Physical field: (3) 'PHY-IN-003' ...done
(PhyDLL:DL) ----> GET... Physical field: (4) 'PHY-IN-004' ...done
(PhyDLL:DL) ----> GET... Physical field: (5) 'PHY-IN-005' ...done
(PhyDLL:DL) ----> GET... Physical field: (6) 'PHY-IN-006' ...done
(PhyDLL:DL) ----> GET... Physical field: (7) 'PHY-IN-007' ...done
(PhyDLL:DL) ----> GET... Physical field: (8) 'PHY-IN-008' ...done
(PhyDLL:DL) ----> GET... Physical field: (9) 'PHY-IN-009' ...done
(PhyDLL:DL) ----> GET... Physical field: (10) 'PHY-IN-010' ...done
(PhyDLL:DL) ----> GET... Physical field: (11) 'PHY-IN-011' ...done
(PhyDLL:DL) ----> GET... Physical field: (12) 'PHY-IN-012' ...done
(PhyDLL:DL) ----> GET... Physical field: (13) 'PHY-IN-013' ...done
(PhyDLL:DL) ----> GET... Physical field: (14) 'PHY-IN-014' ...done
(PhyDLL:DL) ----> GET... Physical field: (15) 'PHY-IN-015' ...done
(PhyDLL:DL) ----> GET... Physical field: (16) 'PHY-IN-016' ...done
(PhyDLL:DL) ----> GET... Physical field: (17) 'PHY-IN-017' ...done
(PhyDLL:DL) ----> SET... DL field: (0) 'DL-OUT' ...done
(PhyDLL:DL) ----> SEND...>>>... DL fields ...done
(PhyDLL:PHY) ----> RECV...<<<... DL fields ...done
(PhyDLL:PHY) ----> GET... DL field: (0) 'DL-OUT' ...done
STEP_TIMING step=5 latency_ms=301.22 min_ms=300.83 avg_ms=301.08 total_samples=2000000 throughput_samples_sec=6639593
(PhyDLL:PHY) ----> SET... Physical field: (0) 'PHY-IN-000' ...done
(PhyDLL:PHY) ----> SET... Physical field: (1) 'PHY-IN-001' ...done
(PhyDLL:PHY) ----> SET... Physical field: (2) 'PHY-IN-002' ...done
(PhyDLL:PHY) ----> SET... Physical field: (3) 'PHY-IN-003' ...done
(PhyDLL:PHY) ----> SET... Physical field: (4) 'PHY-IN-004' ...done
(PhyDLL:PHY) ----> SET... Physical field: (5) 'PHY-IN-005' ...done
(PhyDLL:PHY) ----> SET... Physical field: (6) 'PHY-IN-006' ...done
(PhyDLL:PHY) ----> SET... Physical field: (7) 'PHY-IN-007' ...done
(PhyDLL:PHY) ----> SET... Physical field: (8) 'PHY-IN-008' ...done
(PhyDLL:PHY) ----> SET... Physical field: (9) 'PHY-IN-009' ...done
(PhyDLL:PHY) ----> SET... Physical field: (10) 'PHY-IN-010' ...done
(PhyDLL:PHY) ----> SET... Physical field: (11) 'PHY-IN-011' ...done
(PhyDLL:PHY) ----> SET... Physical field: (12) 'PHY-IN-012' ...done
(PhyDLL:PHY) ----> SET... Physical field: (13) 'PHY-IN-013' ...done
(PhyDLL:PHY) ----> SET... Physical field: (14) 'PHY-IN-014' ...done
(PhyDLL:PHY) ----> SET... Physical field: (15) 'PHY-IN-015' ...done
(PhyDLL:PHY) ----> SET... Physical field: (16) 'PHY-IN-016' ...done
(PhyDLL:PHY) ----> SET... Physical field: (17) 'PHY-IN-017' ...done
(PhyDLL:DL) ----> ITE (PHY ITE) = 6 (6)
(PhyDLL:PHY) ----> ITE (PHY ITE) = 6 (6)
[DL 20] Calling dll.recv(only=True) (uniform_chunks)...
(PhyDLL:PHY) ----> SEND...>>>... Physical fields ...done
(PhyDLL:DL) ----> RECV...<<<... Physical fields ...done
(PhyDLL:DL) ----> GET... Physical field: (0) 'PHY-IN-000' ...done
(PhyDLL:DL) ----> GET... Physical field: (1) 'PHY-IN-001' ...done
(PhyDLL:DL) ----> GET... Physical field: (2) 'PHY-IN-002' ...done
(PhyDLL:DL) ----> GET... Physical field: (3) 'PHY-IN-003' ...done
(PhyDLL:DL) ----> GET... Physical field: (4) 'PHY-IN-004' ...done
(PhyDLL:DL) ----> GET... Physical field: (5) 'PHY-IN-005' ...done
(PhyDLL:DL) ----> GET... Physical field: (6) 'PHY-IN-006' ...done
(PhyDLL:DL) ----> GET... Physical field: (7) 'PHY-IN-007' ...done
(PhyDLL:DL) ----> GET... Physical field: (8) 'PHY-IN-008' ...done
(PhyDLL:DL) ----> GET... Physical field: (9) 'PHY-IN-009' ...done
(PhyDLL:DL) ----> GET... Physical field: (10) 'PHY-IN-010' ...done
(PhyDLL:DL) ----> GET... Physical field: (11) 'PHY-IN-011' ...done
(PhyDLL:DL) ----> GET... Physical field: (12) 'PHY-IN-012' ...done
(PhyDLL:DL) ----> GET... Physical field: (13) 'PHY-IN-013' ...done
(PhyDLL:DL) ----> GET... Physical field: (14) 'PHY-IN-014' ...done
(PhyDLL:DL) ----> GET... Physical field: (15) 'PHY-IN-015' ...done
(PhyDLL:DL) ----> GET... Physical field: (16) 'PHY-IN-016' ...done
(PhyDLL:DL) ----> GET... Physical field: (17) 'PHY-IN-017' ...done
(PhyDLL:DL) ----> SET... DL field: (0) 'DL-OUT' ...done
(PhyDLL:DL) ----> SEND...>>>... DL fields ...done
(PhyDLL:PHY) ----> RECV...<<<... DL fields ...done
(PhyDLL:PHY) ----> GET... DL field: (0) 'DL-OUT' ...done
STEP_TIMING step=6 latency_ms=299.43 min_ms=298.66 avg_ms=298.85 total_samples=2000000 throughput_samples_sec=6679279
(PhyDLL:PHY) ----> SET... Physical field: (0) 'PHY-IN-000' ...done
(PhyDLL:PHY) ----> SET... Physical field: (1) 'PHY-IN-001' ...done
(PhyDLL:PHY) ----> SET... Physical field: (2) 'PHY-IN-002' ...done
(PhyDLL:PHY) ----> SET... Physical field: (3) 'PHY-IN-003' ...done
(PhyDLL:PHY) ----> SET... Physical field: (4) 'PHY-IN-004' ...done
(PhyDLL:PHY) ----> SET... Physical field: (5) 'PHY-IN-005' ...done
(PhyDLL:PHY) ----> SET... Physical field: (6) 'PHY-IN-006' ...done
(PhyDLL:PHY) ----> SET... Physical field: (7) 'PHY-IN-007' ...done
(PhyDLL:PHY) ----> SET... Physical field: (8) 'PHY-IN-008' ...done
(PhyDLL:PHY) ----> SET... Physical field: (9) 'PHY-IN-009' ...done
(PhyDLL:PHY) ----> SET... Physical field: (10) 'PHY-IN-010' ...done
(PhyDLL:PHY) ----> SET... Physical field: (11) 'PHY-IN-011' ...done
(PhyDLL:PHY) ----> SET... Physical field: (12) 'PHY-IN-012' ...done
(PhyDLL:PHY) ----> SET... Physical field: (13) 'PHY-IN-013' ...done
(PhyDLL:PHY) ----> SET... Physical field: (14) 'PHY-IN-014' ...done
(PhyDLL:PHY) ----> SET... Physical field: (15) 'PHY-IN-015' ...done
(PhyDLL:PHY) ----> SET... Physical field: (16) 'PHY-IN-016' ...done
(PhyDLL:PHY) ----> SET... Physical field: (17) 'PHY-IN-017' ...done
(PhyDLL:DL) ----> ITE (PHY ITE) = 7 (7)
[DL 20] Calling dll.recv(only=True) (uniform_chunks)...
(PhyDLL:PHY) ----> ITE (PHY ITE) = 7 (7)
(PhyDLL:PHY) ----> SEND...>>>... Physical fields ...done
(PhyDLL:DL) ----> RECV...<<<... Physical fields ...done
(PhyDLL:DL) ----> GET... Physical field: (0) 'PHY-IN-000' ...done
(PhyDLL:DL) ----> GET... Physical field: (1) 'PHY-IN-001' ...done
(PhyDLL:DL) ----> GET... Physical field: (2) 'PHY-IN-002' ...done
(PhyDLL:DL) ----> GET... Physical field: (3) 'PHY-IN-003' ...done
(PhyDLL:DL) ----> GET... Physical field: (4) 'PHY-IN-004' ...done
(PhyDLL:DL) ----> GET... Physical field: (5) 'PHY-IN-005' ...done
(PhyDLL:DL) ----> GET... Physical field: (6) 'PHY-IN-006' ...done
(PhyDLL:DL) ----> GET... Physical field: (7) 'PHY-IN-007' ...done
(PhyDLL:DL) ----> GET... Physical field: (8) 'PHY-IN-008' ...done
(PhyDLL:DL) ----> GET... Physical field: (9) 'PHY-IN-009' ...done
(PhyDLL:DL) ----> GET... Physical field: (10) 'PHY-IN-010' ...done
(PhyDLL:DL) ----> GET... Physical field: (11) 'PHY-IN-011' ...done
(PhyDLL:DL) ----> GET... Physical field: (12) 'PHY-IN-012' ...done
(PhyDLL:DL) ----> GET... Physical field: (13) 'PHY-IN-013' ...done
(PhyDLL:DL) ----> GET... Physical field: (14) 'PHY-IN-014' ...done
(PhyDLL:DL) ----> GET... Physical field: (15) 'PHY-IN-015' ...done
(PhyDLL:DL) ----> GET... Physical field: (16) 'PHY-IN-016' ...done
(PhyDLL:DL) ----> GET... Physical field: (17) 'PHY-IN-017' ...done
(PhyDLL:DL) ----> SET... DL field: (0) 'DL-OUT' ...done
(PhyDLL:DL) ----> SEND...>>>... DL fields ...done
(PhyDLL:PHY) ----> RECV...<<<... DL fields ...done
(PhyDLL:PHY) ----> GET... DL field: (0) 'DL-OUT' ...done
STEP_TIMING step=7 latency_ms=301.00 min_ms=300.55 avg_ms=300.71 total_samples=2000000 throughput_samples_sec=6644415
(PhyDLL:PHY) ----> SET... Physical field: (0) 'PHY-IN-000' ...done
(PhyDLL:PHY) ----> SET... Physical field: (1) 'PHY-IN-001' ...done
(PhyDLL:PHY) ----> SET... Physical field: (2) 'PHY-IN-002' ...done
(PhyDLL:PHY) ----> SET... Physical field: (3) 'PHY-IN-003' ...done
(PhyDLL:PHY) ----> SET... Physical field: (4) 'PHY-IN-004' ...done
(PhyDLL:PHY) ----> SET... Physical field: (5) 'PHY-IN-005' ...done
(PhyDLL:PHY) ----> SET... Physical field: (6) 'PHY-IN-006' ...done
(PhyDLL:PHY) ----> SET... Physical field: (7) 'PHY-IN-007' ...done
(PhyDLL:PHY) ----> SET... Physical field: (8) 'PHY-IN-008' ...done
(PhyDLL:PHY) ----> SET... Physical field: (9) 'PHY-IN-009' ...done
(PhyDLL:PHY) ----> SET... Physical field: (10) 'PHY-IN-010' ...done
(PhyDLL:PHY) ----> SET... Physical field: (11) 'PHY-IN-011' ...done
(PhyDLL:PHY) ----> SET... Physical field: (12) 'PHY-IN-012' ...done
(PhyDLL:PHY) ----> SET... Physical field: (13) 'PHY-IN-013' ...done
(PhyDLL:PHY) ----> SET... Physical field: (14) 'PHY-IN-014' ...done
(PhyDLL:PHY) ----> SET... Physical field: (15) 'PHY-IN-015' ...done
(PhyDLL:PHY) ----> SET... Physical field: (16) 'PHY-IN-016' ...done
(PhyDLL:PHY) ----> SET... Physical field: (17) 'PHY-IN-017' ...done
(PhyDLL:DL) ----> ITE (PHY ITE) = 8 (8)
(PhyDLL:PHY) ----> ITE (PHY ITE) = 8 (8)
[DL 20] Calling dll.recv(only=True) (uniform_chunks)...
(PhyDLL:PHY) ----> SEND...>>>... Physical fields ...done
(PhyDLL:DL) ----> RECV...<<<... Physical fields ...done
(PhyDLL:DL) ----> GET... Physical field: (0) 'PHY-IN-000' ...done
(PhyDLL:DL) ----> GET... Physical field: (1) 'PHY-IN-001' ...done
(PhyDLL:DL) ----> GET... Physical field: (2) 'PHY-IN-002' ...done
(PhyDLL:DL) ----> GET... Physical field: (3) 'PHY-IN-003' ...done
(PhyDLL:DL) ----> GET... Physical field: (4) 'PHY-IN-004' ...done
(PhyDLL:DL) ----> GET... Physical field: (5) 'PHY-IN-005' ...done
(PhyDLL:DL) ----> GET... Physical field: (6) 'PHY-IN-006' ...done
(PhyDLL:DL) ----> GET... Physical field: (7) 'PHY-IN-007' ...done
(PhyDLL:DL) ----> GET... Physical field: (8) 'PHY-IN-008' ...done
(PhyDLL:DL) ----> GET... Physical field: (9) 'PHY-IN-009' ...done
(PhyDLL:DL) ----> GET... Physical field: (10) 'PHY-IN-010' ...done
(PhyDLL:DL) ----> GET... Physical field: (11) 'PHY-IN-011' ...done
(PhyDLL:DL) ----> GET... Physical field: (12) 'PHY-IN-012' ...done
(PhyDLL:DL) ----> GET... Physical field: (13) 'PHY-IN-013' ...done
(PhyDLL:DL) ----> GET... Physical field: (14) 'PHY-IN-014' ...done
(PhyDLL:DL) ----> GET... Physical field: (15) 'PHY-IN-015' ...done
(PhyDLL:DL) ----> GET... Physical field: (16) 'PHY-IN-016' ...done
(PhyDLL:DL) ----> GET... Physical field: (17) 'PHY-IN-017' ...done
(PhyDLL:DL) ----> SET... DL field: (0) 'DL-OUT' ...done
(PhyDLL:DL) ----> SEND...>>>... DL fields ...done
(PhyDLL:PHY) ----> RECV...<<<... DL fields ...done
(PhyDLL:PHY) ----> GET... DL field: (0) 'DL-OUT' ...done
STEP_TIMING step=8 latency_ms=298.15 min_ms=297.98 avg_ms=298.13 total_samples=2000000 throughput_samples_sec=6708000
(PhyDLL:PHY) ----> SET... Physical field: (0) 'PHY-IN-000' ...done
(PhyDLL:PHY) ----> SET... Physical field: (1) 'PHY-IN-001' ...done
(PhyDLL:PHY) ----> SET... Physical field: (2) 'PHY-IN-002' ...done
(PhyDLL:PHY) ----> SET... Physical field: (3) 'PHY-IN-003' ...done
(PhyDLL:PHY) ----> SET... Physical field: (4) 'PHY-IN-004' ...done
(PhyDLL:PHY) ----> SET... Physical field: (5) 'PHY-IN-005' ...done
(PhyDLL:PHY) ----> SET... Physical field: (6) 'PHY-IN-006' ...done
(PhyDLL:PHY) ----> SET... Physical field: (7) 'PHY-IN-007' ...done
(PhyDLL:PHY) ----> SET... Physical field: (8) 'PHY-IN-008' ...done
(PhyDLL:PHY) ----> SET... Physical field: (9) 'PHY-IN-009' ...done
(PhyDLL:PHY) ----> SET... Physical field: (10) 'PHY-IN-010' ...done
(PhyDLL:PHY) ----> SET... Physical field: (11) 'PHY-IN-011' ...done
(PhyDLL:PHY) ----> SET... Physical field: (12) 'PHY-IN-012' ...done
(PhyDLL:PHY) ----> SET... Physical field: (13) 'PHY-IN-013' ...done
(PhyDLL:PHY) ----> SET... Physical field: (14) 'PHY-IN-014' ...done
(PhyDLL:PHY) ----> SET... Physical field: (15) 'PHY-IN-015' ...done
(PhyDLL:PHY) ----> SET... Physical field: (16) 'PHY-IN-016' ...done
(PhyDLL:PHY) ----> SET... Physical field: (17) 'PHY-IN-017' ...done
(PhyDLL:PHY) ----> ITE (PHY ITE) = 9 (9)
(PhyDLL:DL) ----> ITE (PHY ITE) = 9 (9)
[DL 20] Calling dll.recv(only=True) (uniform_chunks)...
(PhyDLL:PHY) ----> SEND...>>>... Physical fields ...done
(PhyDLL:DL) ----> RECV...<<<... Physical fields ...done
(PhyDLL:DL) ----> GET... Physical field: (0) 'PHY-IN-000' ...done
(PhyDLL:DL) ----> GET... Physical field: (1) 'PHY-IN-001' ...done
(PhyDLL:DL) ----> GET... Physical field: (2) 'PHY-IN-002' ...done
(PhyDLL:DL) ----> GET... Physical field: (3) 'PHY-IN-003' ...done
(PhyDLL:DL) ----> GET... Physical field: (4) 'PHY-IN-004' ...done
(PhyDLL:DL) ----> GET... Physical field: (5) 'PHY-IN-005' ...done
(PhyDLL:DL) ----> GET... Physical field: (6) 'PHY-IN-006' ...done
(PhyDLL:DL) ----> GET... Physical field: (7) 'PHY-IN-007' ...done
(PhyDLL:DL) ----> GET... Physical field: (8) 'PHY-IN-008' ...done
(PhyDLL:DL) ----> GET... Physical field: (9) 'PHY-IN-009' ...done
(PhyDLL:DL) ----> GET... Physical field: (10) 'PHY-IN-010' ...done
(PhyDLL:DL) ----> GET... Physical field: (11) 'PHY-IN-011' ...done
(PhyDLL:DL) ----> GET... Physical field: (12) 'PHY-IN-012' ...done
(PhyDLL:DL) ----> GET... Physical field: (13) 'PHY-IN-013' ...done
(PhyDLL:DL) ----> GET... Physical field: (14) 'PHY-IN-014' ...done
(PhyDLL:DL) ----> GET... Physical field: (15) 'PHY-IN-015' ...done
(PhyDLL:DL) ----> GET... Physical field: (16) 'PHY-IN-016' ...done
(PhyDLL:DL) ----> GET... Physical field: (17) 'PHY-IN-017' ...done
(PhyDLL:DL) ----> SET... DL field: (0) 'DL-OUT' ...done
(PhyDLL:DL) ----> SEND...>>>... DL fields ...done
(PhyDLL:PHY) ----> RECV...<<<... DL fields ...done
(PhyDLL:PHY) ----> GET... DL field: (0) 'DL-OUT' ...done
STEP_TIMING step=9 latency_ms=297.73 min_ms=297.28 avg_ms=297.44 total_samples=2000000 throughput_samples_sec=6717582
(PhyDLL:PHY) ----> SET... Physical field: (0) 'PHY-IN-000' ...done
(PhyDLL:PHY) ----> SET... Physical field: (1) 'PHY-IN-001' ...done
(PhyDLL:PHY) ----> SET... Physical field: (2) 'PHY-IN-002' ...done
(PhyDLL:PHY) ----> SET... Physical field: (3) 'PHY-IN-003' ...done
(PhyDLL:PHY) ----> SET... Physical field: (4) 'PHY-IN-004' ...done
(PhyDLL:PHY) ----> SET... Physical field: (5) 'PHY-IN-005' ...done
(PhyDLL:PHY) ----> SET... Physical field: (6) 'PHY-IN-006' ...done
(PhyDLL:PHY) ----> SET... Physical field: (7) 'PHY-IN-007' ...done
(PhyDLL:PHY) ----> SET... Physical field: (8) 'PHY-IN-008' ...done
(PhyDLL:PHY) ----> SET... Physical field: (9) 'PHY-IN-009' ...done
(PhyDLL:PHY) ----> SET... Physical field: (10) 'PHY-IN-010' ...done
(PhyDLL:PHY) ----> SET... Physical field: (11) 'PHY-IN-011' ...done
(PhyDLL:PHY) ----> SET... Physical field: (12) 'PHY-IN-012' ...done
(PhyDLL:PHY) ----> SET... Physical field: (13) 'PHY-IN-013' ...done
(PhyDLL:PHY) ----> SET... Physical field: (14) 'PHY-IN-014' ...done
(PhyDLL:PHY) ----> SET... Physical field: (15) 'PHY-IN-015' ...done
(PhyDLL:PHY) ----> SET... Physical field: (16) 'PHY-IN-016' ...done
(PhyDLL:PHY) ----> SET... Physical field: (17) 'PHY-IN-017' ...done
(PhyDLL:DL) ----> ITE (PHY ITE) = 10 (10)
(PhyDLL:PHY) ----> ITE (PHY ITE) = 10 (10)
[DL 20] Calling dll.recv(only=True) (uniform_chunks)...
(PhyDLL:PHY) ----> SEND...>>>... Physical fields ...done
(PhyDLL:DL) ----> RECV...<<<... Physical fields ...done
(PhyDLL:DL) ----> GET... Physical field: (0) 'PHY-IN-000' ...done
(PhyDLL:DL) ----> GET... Physical field: (1) 'PHY-IN-001' ...done
(PhyDLL:DL) ----> GET... Physical field: (2) 'PHY-IN-002' ...done
(PhyDLL:DL) ----> GET... Physical field: (3) 'PHY-IN-003' ...done
(PhyDLL:DL) ----> GET... Physical field: (4) 'PHY-IN-004' ...done
(PhyDLL:DL) ----> GET... Physical field: (5) 'PHY-IN-005' ...done
(PhyDLL:DL) ----> GET... Physical field: (6) 'PHY-IN-006' ...done
(PhyDLL:DL) ----> GET... Physical field: (7) 'PHY-IN-007' ...done
(PhyDLL:DL) ----> GET... Physical field: (8) 'PHY-IN-008' ...done
(PhyDLL:DL) ----> GET... Physical field: (9) 'PHY-IN-009' ...done
(PhyDLL:DL) ----> GET... Physical field: (10) 'PHY-IN-010' ...done
(PhyDLL:DL) ----> GET... Physical field: (11) 'PHY-IN-011' ...done
(PhyDLL:DL) ----> GET... Physical field: (12) 'PHY-IN-012' ...done
(PhyDLL:DL) ----> GET... Physical field: (13) 'PHY-IN-013' ...done
(PhyDLL:DL) ----> GET... Physical field: (14) 'PHY-IN-014' ...done
(PhyDLL:DL) ----> GET... Physical field: (15) 'PHY-IN-015' ...done
(PhyDLL:DL) ----> GET... Physical field: (16) 'PHY-IN-016' ...done
(PhyDLL:DL) ----> GET... Physical field: (17) 'PHY-IN-017' ...done
(PhyDLL:DL) ----> SET... DL field: (0) 'DL-OUT' ...done
(PhyDLL:DL) ----> SEND...>>>... DL fields ...done
(PhyDLL:PHY) ----> RECV...<<<... DL fields ...done
(PhyDLL:PHY) ----> GET... DL field: (0) 'DL-OUT' ...done
STEP_TIMING step=10 latency_ms=300.28 min_ms=299.79 avg_ms=299.96 total_samples=2000000 throughput_samples_sec=6660520
(PhyDLL:PHY) ----> SET... Physical field: (0) 'PHY-IN-000' ...done
(PhyDLL:PHY) ----> SET... Physical field: (1) 'PHY-IN-001' ...done
(PhyDLL:PHY) ----> SET... Physical field: (2) 'PHY-IN-002' ...done
(PhyDLL:PHY) ----> SET... Physical field: (3) 'PHY-IN-003' ...done
(PhyDLL:PHY) ----> SET... Physical field: (4) 'PHY-IN-004' ...done
(PhyDLL:PHY) ----> SET... Physical field: (5) 'PHY-IN-005' ...done
(PhyDLL:PHY) ----> SET... Physical field: (6) 'PHY-IN-006' ...done
(PhyDLL:PHY) ----> SET... Physical field: (7) 'PHY-IN-007' ...done
(PhyDLL:PHY) ----> SET... Physical field: (8) 'PHY-IN-008' ...done
(PhyDLL:PHY) ----> SET... Physical field: (9) 'PHY-IN-009' ...done
(PhyDLL:PHY) ----> SET... Physical field: (10) 'PHY-IN-010' ...done
(PhyDLL:PHY) ----> SET... Physical field: (11) 'PHY-IN-011' ...done
(PhyDLL:PHY) ----> SET... Physical field: (12) 'PHY-IN-012' ...done
(PhyDLL:PHY) ----> SET... Physical field: (13) 'PHY-IN-013' ...done
(PhyDLL:PHY) ----> SET... Physical field: (14) 'PHY-IN-014' ...done
(PhyDLL:PHY) ----> SET... Physical field: (15) 'PHY-IN-015' ...done
(PhyDLL:PHY) ----> SET... Physical field: (16) 'PHY-IN-016' ...done
(PhyDLL:PHY) ----> SET... Physical field: (17) 'PHY-IN-017' ...done
(PhyDLL:PHY) ----> ITE (PHY ITE) = 11 (11)
(PhyDLL:DL) ----> ITE (PHY ITE) = 11 (11)
[DL 20] Calling dll.recv(only=True) (uniform_chunks)...
(PhyDLL:PHY) ----> SEND...>>>... Physical fields ...done
(PhyDLL:DL) ----> RECV...<<<... Physical fields ...done
(PhyDLL:DL) ----> GET... Physical field: (0) 'PHY-IN-000' ...done
(PhyDLL:DL) ----> GET... Physical field: (1) 'PHY-IN-001' ...done
(PhyDLL:DL) ----> GET... Physical field: (2) 'PHY-IN-002' ...done
(PhyDLL:DL) ----> GET... Physical field: (3) 'PHY-IN-003' ...done
(PhyDLL:DL) ----> GET... Physical field: (4) 'PHY-IN-004' ...done
(PhyDLL:DL) ----> GET... Physical field: (5) 'PHY-IN-005' ...done
(PhyDLL:DL) ----> GET... Physical field: (6) 'PHY-IN-006' ...done
(PhyDLL:DL) ----> GET... Physical field: (7) 'PHY-IN-007' ...done
(PhyDLL:DL) ----> GET... Physical field: (8) 'PHY-IN-008' ...done
(PhyDLL:DL) ----> GET... Physical field: (9) 'PHY-IN-009' ...done
(PhyDLL:DL) ----> GET... Physical field: (10) 'PHY-IN-010' ...done
(PhyDLL:DL) ----> GET... Physical field: (11) 'PHY-IN-011' ...done
(PhyDLL:DL) ----> GET... Physical field: (12) 'PHY-IN-012' ...done
(PhyDLL:DL) ----> GET... Physical field: (13) 'PHY-IN-013' ...done
(PhyDLL:DL) ----> GET... Physical field: (14) 'PHY-IN-014' ...done
(PhyDLL:DL) ----> GET... Physical field: (15) 'PHY-IN-015' ...done
(PhyDLL:DL) ----> GET... Physical field: (16) 'PHY-IN-016' ...done
(PhyDLL:DL) ----> GET... Physical field: (17) 'PHY-IN-017' ...done
(PhyDLL:DL) ----> SET... DL field: (0) 'DL-OUT' ...done
(PhyDLL:PHY) ----> RECV...<<<... DL fields ...done
(PhyDLL:DL) ----> SEND...>>>... DL fields ...done
(PhyDLL:PHY) ----> GET... DL field: (0) 'DL-OUT' ...done
STEP_TIMING step=11 latency_ms=299.67 min_ms=299.17 avg_ms=299.34 total_samples=2000000 throughput_samples_sec=6673956
(PhyDLL:PHY) ----> SET... Physical field: (0) 'PHY-IN-000' ...done
(PhyDLL:PHY) ----> SET... Physical field: (1) 'PHY-IN-001' ...done
(PhyDLL:PHY) ----> SET... Physical field: (2) 'PHY-IN-002' ...done
(PhyDLL:PHY) ----> SET... Physical field: (3) 'PHY-IN-003' ...done
(PhyDLL:PHY) ----> SET... Physical field: (4) 'PHY-IN-004' ...done
(PhyDLL:PHY) ----> SET... Physical field: (5) 'PHY-IN-005' ...done
(PhyDLL:PHY) ----> SET... Physical field: (6) 'PHY-IN-006' ...done
(PhyDLL:PHY) ----> SET... Physical field: (7) 'PHY-IN-007' ...done
(PhyDLL:PHY) ----> SET... Physical field: (8) 'PHY-IN-008' ...done
(PhyDLL:PHY) ----> SET... Physical field: (9) 'PHY-IN-009' ...done
(PhyDLL:PHY) ----> SET... Physical field: (10) 'PHY-IN-010' ...done
(PhyDLL:PHY) ----> SET... Physical field: (11) 'PHY-IN-011' ...done
(PhyDLL:PHY) ----> SET... Physical field: (12) 'PHY-IN-012' ...done
(PhyDLL:PHY) ----> SET... Physical field: (13) 'PHY-IN-013' ...done
(PhyDLL:PHY) ----> SET... Physical field: (14) 'PHY-IN-014' ...done
(PhyDLL:PHY) ----> SET... Physical field: (15) 'PHY-IN-015' ...done
(PhyDLL:PHY) ----> SET... Physical field: (16) 'PHY-IN-016' ...done
(PhyDLL:PHY) ----> SET... Physical field: (17) 'PHY-IN-017' ...done
(PhyDLL:DL) ----> ITE (PHY ITE) = 12 (12)
(PhyDLL:PHY) ----> ITE (PHY ITE) = 12 (12)
[DL 20] Calling dll.recv(only=True) (uniform_chunks)...
(PhyDLL:PHY) ----> SEND...>>>... Physical fields ...done
(PhyDLL:DL) ----> RECV...<<<... Physical fields ...done
(PhyDLL:DL) ----> GET... Physical field: (0) 'PHY-IN-000' ...done
(PhyDLL:DL) ----> GET... Physical field: (1) 'PHY-IN-001' ...done
(PhyDLL:DL) ----> GET... Physical field: (2) 'PHY-IN-002' ...done
(PhyDLL:DL) ----> GET... Physical field: (3) 'PHY-IN-003' ...done
(PhyDLL:DL) ----> GET... Physical field: (4) 'PHY-IN-004' ...done
(PhyDLL:DL) ----> GET... Physical field: (5) 'PHY-IN-005' ...done
(PhyDLL:DL) ----> GET... Physical field: (6) 'PHY-IN-006' ...done
(PhyDLL:DL) ----> GET... Physical field: (7) 'PHY-IN-007' ...done
(PhyDLL:DL) ----> GET... Physical field: (8) 'PHY-IN-008' ...done
(PhyDLL:DL) ----> GET... Physical field: (9) 'PHY-IN-009' ...done
(PhyDLL:DL) ----> GET... Physical field: (10) 'PHY-IN-010' ...done
(PhyDLL:DL) ----> GET... Physical field: (11) 'PHY-IN-011' ...done
(PhyDLL:DL) ----> GET... Physical field: (12) 'PHY-IN-012' ...done
(PhyDLL:DL) ----> GET... Physical field: (13) 'PHY-IN-013' ...done
(PhyDLL:DL) ----> GET... Physical field: (14) 'PHY-IN-014' ...done
(PhyDLL:DL) ----> GET... Physical field: (15) 'PHY-IN-015' ...done
(PhyDLL:DL) ----> GET... Physical field: (16) 'PHY-IN-016' ...done
(PhyDLL:DL) ----> GET... Physical field: (17) 'PHY-IN-017' ...done
(PhyDLL:DL) ----> SET... DL field: (0) 'DL-OUT' ...done
(PhyDLL:DL) ----> SEND...>>>... DL fields ...done
(PhyDLL:PHY) ----> RECV...<<<... DL fields ...done
(PhyDLL:PHY) ----> GET... DL field: (0) 'DL-OUT' ...done
STEP_TIMING step=12 latency_ms=299.42 min_ms=298.96 avg_ms=299.16 total_samples=2000000 throughput_samples_sec=6679668

=================================================================
=== Benchmark Summary (Steady-State Steps 3 to 12) ===
=================================================================
Steady Step Count:   10
Median Latency:      300.28 ms
Mean Latency:        300.48 ms
Min Latency:         297.73 ms
Max Latency:         304.02 ms
Median Throughput:   6660520 samples/sec
=================================================================
(PhyDLL:PHY) ----> Finalize... ...done
[DL 20] Entering dll.finalize()
(PhyDLL:DL) ----> Finalize... ...done
[DL 20] Exited dll.finalize()
[DL 20] waiting for solver teardown (PHYDLL_MPMD_SHUTDOWN_BARRIER=1)
[DL 20] solver teardown barrier complete
[DL 20] main() returning
[DL] Entering MPI.Finalize()
[DL] Exited MPI.Finalize()
=== Finished phydll_py (b=2000000). Log: /rwthfs/rz/cluster/hpcwork/ro092286/smartsim/batch_memory_benchmark/logs/bench_phydll_py_b2000000_3053715_phydll_py_b2000000.log | Telemetry: /rwthfs/rz/cluster/hpcwork/ro092286/smartsim/batch_memory_benchmark/logs/bench_phydll_py_b2000000_3053715_phydll_py_b2000000_gpu_telemetry.csv ===

=================================================================
=== Sweep Completed. Running Linear Regression Fitting...     ===
=================================================================

===================================================================================================================
=== GPU VRAM & THROUGHPUT MEASUREMENTS (H100 SXM5 94GB HBM3, 50MB L2) ===
===================================================================================================================
Provider           Batch Size   Idle VRAM    Peak VRAM    Active VRAM    Latency(ms)    Throughput(M/s) 
-------------------------------------------------------------------------------------------------------------------
aix_collective     100000       0.0        MB 2553.0     MB 2553.0       MB 32.45        ms 61.63         
aix_collective     100000       7651.0     MB 10199.0    MB 2548.0       MB 33.56        ms 59.59         
aix_collective     100000       7787.0     MB 10335.0    MB 2548.0       MB 32.95        ms 60.70         
aix_collective     500000       0.0        MB 8005.0     MB 8005.0       MB 40.53        ms 49.34         
aix_collective     500000       7651.0     MB 15651.0    MB 8000.0       MB 41.13        ms 48.62         
aix_collective     500000       7787.0     MB 15787.0    MB 8000.0       MB 29.69        ms 67.37         
aix_collective     2000000      0.0        MB 23719.0    MB 23719.0      MB 34.71        ms 57.62         
aix_collective     2000000      7651.0     MB 31365.0    MB 23714.0      MB 34.24        ms 58.41         
aix_collective     2000000      7787.0     MB 31501.0    MB 23714.0      MB 44.27        ms 45.18         
aix_pipelined      100000       0.0        MB 919.0      MB 919.0        MB 30.16        ms 66.30         
aix_pipelined      100000       7651.0     MB 8565.0     MB 914.0        MB 29.94        ms 66.81         
aix_pipelined      100000       7787.0     MB 8701.0     MB 914.0        MB 28.52        ms 70.14         
aix_pipelined      500000       0.0        MB 921.0      MB 921.0        MB 29.37        ms 68.10         
aix_pipelined      500000       7651.0     MB 8565.0     MB 914.0        MB 29.21        ms 68.47         
aix_pipelined      500000       7787.0     MB 8701.0     MB 914.0        MB 29.30        ms 68.25         
aix_pipelined      2000000      0.0        MB 919.0      MB 919.0        MB 30.84        ms 64.85         
aix_pipelined      2000000      7651.0     MB 8565.0     MB 914.0        MB 29.25        ms 68.36         
aix_pipelined      2000000      7787.0     MB 8703.0     MB 916.0        MB 29.05        ms 68.85         
phydll_cpp         100000       0.0        MB 953.0      MB 953.0        MB 517.04       ms 3.87          
phydll_cpp         100000       7651.0     MB 8599.0     MB 948.0        MB 519.46       ms 3.85          
phydll_cpp         100000       7787.0     MB 8735.0     MB 948.0        MB 510.17       ms 3.92          
phydll_cpp         500000       7787.0     MB 9121.0     MB 1334.0       MB 541.12       ms 3.70          
phydll_cpp         2000000      7787.0     MB 10403.0    MB 2616.0       MB 513.55       ms 3.89          
phydll_py          100000       7787.0     MB 8873.0     MB 1086.0       MB 297.72       ms 6.72          
phydll_py          500000       7787.0     MB 9121.0     MB 1334.0       MB 298.38       ms 6.70          
phydll_py          2000000      7787.0     MB 10403.0    MB 2616.0       MB 299.98       ms 6.67          
smartsim           100000       0.0        MB 1657.0     MB 1657.0       MB 99.12        ms 20.18         
smartsim           100000       0.0        MB 1657.0     MB 1657.0       MB 103.47       ms 19.33         
smartsim           100000       0.0        MB 1657.0     MB 1657.0       MB 100.05       ms 19.99         
smartsim           500000       1657.0     MB 4699.0     MB 3042.0       MB 136.07       ms 14.70         
smartsim           500000       1657.0     MB 4699.0     MB 3042.0       MB 133.66       ms 14.96         
smartsim           2000000      4699.0     MB 7651.0     MB 2952.0       MB 183.06       ms 10.93         
smartsim           2000000      4699.0     MB 7787.0     MB 3088.0       MB 195.17       ms 10.25         

===================================================================================================================
=== LINEAR REGRESSION FITTING & ACCELERATOR CAPACITY LIMITS ===
===================================================================================================================
Provider           V0 (Static)    Alpha (B/sample)   R^2 Score    Max Batch (94GB)   Safe Batch (80GB) 
-------------------------------------------------------------------------------------------------------------------
aix_collective     7071.4       MB 11490.30         B 0.8568     7,932,884          6,655,280         
aix_pipelined      6061.9       MB 0.27             B 0.0000     > 100,000,000      > 80,000,000      
phydll_cpp         6318.9       MB 2327.99          B 0.2360     39,493,359         33,187,471        
phydll_py          8756.0       MB 858.58           B 0.9976     > 100,000,000      87,009,790        
smartsim           1994.7       MB 3134.71          B 0.9041     30,776,285         26,093,208        

===================================================================================================================
=== L2 CACHE (50 MB) WORKING SET ANALYSIS & THROUGHPUT IMPLICATIONS ===
===================================================================================================================
Model: WaterCNN flat input ([B, 18] float32 = 72 Bytes/sample, output [B] = 4 Bytes/sample)
Raw Input Working Set @ 50 MB L2 boundary: ~728,177 samples
Total Working Set (Input + Activations) @ Alpha bytes/sample determines on-chip cache residency.
===================================================================================================================

=== All Done ===
