Loading required modules...
=================================================================
=== Batch & Memory Calibration Sweep on 1 GPU (3053473) ===
=================================================================
Loading required modules...
=== Building Batch Memory Benchmark ===
-- Found MPI: TRUE (found version "3.1") found components: CXX
WITH_SMARTSIM: ON
WITH_AIX: ON
AIX_USE_PREBUILT: ON
WITH_PHYDLL: ON
WITH_TORCH: ON
WITH_TENSORFLOW: OFF
WITH_ONNX: OFF
Using SmartRedis directory: /rwthfs/rz/cluster/hpcwork/ro092286/smartsim/CPP-ML-Interface/extern/SmartRedis
Using AIXelerator directory: /rwthfs/rz/cluster/hpcwork/ro092286/smartsim/CPP-ML-Interface/extern/AIxeleratorService
-- Found MPI: TRUE (found version "3.1")
-- MPI found: /cvmfs/software.hpc.rwth.de/Linux/RH9/x86_64/intel/sapphirerapids/software/OpenMPI/4.1.4-GCC-11.3.0/bin/mpicxx
-- AIXelerator support enabled.
-- AIxelerator backend flags: WITH_TORCH=ON, WITH_TENSORFLOW=OFF, WITH_ONNX=OFF
-- Caffe2: CUDA detected: 12.4
-- Caffe2: CUDA nvcc is: /cvmfs/software.hpc.rwth.de/Linux/RH9/x86_64/intel/sapphirerapids/software/CUDA/12.4.0/bin/nvcc
-- Caffe2: CUDA toolkit directory: /cvmfs/software.hpc.rwth.de/Linux/RH9/x86_64/intel/sapphirerapids/software/CUDA/12.4.0
-- Caffe2: Header version is: 12.4
-- /cvmfs/software.hpc.rwth.de/Linux/RH9/x86_64/intel/sapphirerapids/software/CUDA/12.4.0/lib/libnvrtc.so shorthash is 53a95926
-- USE_CUDNN is set to 0. Compiling without cuDNN support
-- USE_CUSPARSELT is set to 0. Compiling without cuSPARSELt support
-- Autodetected CUDA architecture(s):  9.0
-- Added CUDA NVCC flags for: -gencode;arch=compute_90,code=sm_90
-- Torch found; building DL client with libtorch.
CMake Warning at /rwthfs/rz/cluster/hpcwork/ro092286/smartsim/CPP-ML-Interface/CMakeLists.txt:361 (message):
  No Python executable found; skipping test_provider_inference.  Set
  -DTEST_PYTHON_EXECUTABLE=/path/to/python3 to enable it.


-- Configuring done (3.1s)
-- Generating done (0.3s)
-- Build files have been written to: /rwthfs/rz/cluster/hpcwork/ro092286/smartsim/batch_memory_benchmark/build
[ 20%] Built target benchmark_registry
[ 60%] Built target cpp_ml_interface_library
[100%] Built target fake_solver
=== Build Complete: /rwthfs/rz/cluster/hpcwork/ro092286/smartsim/batch_memory_benchmark/build/fake_solver ===

>>> Running Provider: smartsim | Batch Size: 100000 <<<
=================================================================
=== Running Case: smartsim | Batch: 100000 | ID: 3053473_smartsim_b100000 ===
=================================================================
Starting SmartSim Redis DB on port 7340...
=================================================================
=== CMI Batch & Memory Calibration Benchmark Harness          ===
=================================================================
Provider:           smartsim
Config:             /rwthfs/rz/cluster/hpcwork/ro092286/smartsim/batch_memory_benchmark/configs/smartsim.toml
Model Path:         /rwthfs/rz/cluster/hpcwork/ro092286/smartsim/batch_memory_benchmark/../mini_app/train_models/model_a/watercnn_cuda.pt
Solver Ranks:       20 (World size: 20)
Samples per Rank:   100000
Total Work/Step:    2000000 samples
Target Batch Size:  100000
SmartSim Min Batch: 100000 (timeout=1000 ms)
Total Steps:        12 (Warmup: 2)
=================================================================

SmartRedis Library@19-21-59:WARNING: Environment variable SR_LOG_FILE is not set. Defaulting to stdout
SmartRedis Library@19-21-59:WARNING: Environment variable SR_LOG_LEVEL is not set. Defaulting to INFO
SmartRedis Library@19-21-59:WARNING: Environment variable SR_LOG_FILE is not set. Defaulting to stdout
SmartRedis Library@19-21-59:WARNING: Environment variable SR_LOG_LEVEL is not set. Defaulting to INFO
SmartRedis Library@19-21-59:WARNING: Environment variable SR_LOG_FILE is not set. Defaulting to stdout
SmartRedis Library@19-21-59:WARNING: Environment variable SR_LOG_LEVEL is not set. Defaulting to INFO
SmartRedis Library@19-21-59:WARNING: Environment variable SR_LOG_FILE is not set. Defaulting to stdout
SmartRedis Library@19-21-59:WARNING: Environment variable SR_LOG_LEVEL is not set. Defaulting to INFO
SmartRedis Library@19-21-59:WARNING: Environment variable SR_LOG_FILE is not set. Defaulting to stdout
SmartRedis Library@19-21-59:WARNING: Environment variable SR_LOG_FILE is not set. Defaulting to stdout
SmartRedis Library@19-21-59:WARNING: Environment variable SR_LOG_LEVEL is not set. Defaulting to INFO
SmartRedis Library@19-21-59:WARNING: Environment variable SR_LOG_LEVEL is not set. Defaulting to INFO
SmartRedis Library@19-21-59:WARNING: Environment variable SR_LOG_FILE is not set. Defaulting to stdout
SmartRedis Library@19-21-59:WARNING: Environment variable SR_LOG_LEVEL is not set. Defaulting to INFO
SmartRedis Library@19-21-59:WARNING: Environment variable SR_LOG_FILE is not set. Defaulting to stdout
SmartRedis Library@19-21-59:WARNING: Environment variable SR_LOG_LEVEL is not set. Defaulting to INFO
SmartRedis Library@19-21-59:WARNING: Environment variable SR_LOG_FILE is not set. Defaulting to stdout
SmartRedis Library@19-21-59:WARNING: Environment variable SR_LOG_LEVEL is not set. Defaulting to INFO
SmartRedis Library@19-21-59:WARNING: Environment variable SR_LOG_FILE is not set. Defaulting to stdout
SmartRedis Library@19-21-59:WARNING: Environment variable SR_LOG_LEVEL is not set. Defaulting to INFO
SmartRedis Library@19-21-59:WARNING: Environment variable SR_LOG_FILE is not set. Defaulting to stdout
SmartRedis Library@19-21-59:WARNING: Environment variable SR_LOG_LEVEL is not set. Defaulting to INFO
SmartRedis Library@19-21-59:WARNING: Environment variable SR_LOG_FILE is not set. Defaulting to stdout
SmartRedis Library@19-21-59:WARNING: Environment variable SR_LOG_LEVEL is not set. Defaulting to INFO
SmartRedis Library@19-21-59:WARNING: Environment variable SR_LOG_FILE is not set. Defaulting to stdout
SmartRedis Library@19-21-59:WARNING: Environment variable SR_LOG_LEVEL is not set. Defaulting to INFO
SmartRedis Library@19-21-59:WARNING: Environment variable SR_LOG_FILE is not set. Defaulting to stdout
SmartRedis Library@19-21-59:WARNING: Environment variable SR_LOG_LEVEL is not set. Defaulting to INFO
SmartRedis Library@19-21-59:WARNING: Environment variable SR_LOG_FILE is not set. Defaulting to stdout
SmartRedis Library@19-21-59:WARNING: Environment variable SR_LOG_LEVEL is not set. Defaulting to INFO
SmartRedis Library@19-21-59:WARNING: Environment variable SR_LOG_FILE is not set. Defaulting to stdout
SmartRedis Library@19-21-59:WARNING: Environment variable SR_LOG_LEVEL is not set. Defaulting to INFO
SmartRedis Library@19-21-59:WARNING: Environment variable SR_LOG_FILE is not set. Defaulting to stdout
SmartRedis Library@19-21-59:WARNING: Environment variable SR_LOG_LEVEL is not set. Defaulting to INFO
SmartRedis Library@19-21-59:WARNING: Environment variable SR_LOG_FILE is not set. Defaulting to stdout
SmartRedis Library@19-21-59:WARNING: Environment variable SR_LOG_FILE is not set. Defaulting to stdout
SmartRedis Library@19-21-59:WARNING: Environment variable SR_LOG_FILE is not set. Defaulting to stdout
SmartRedis Library@19-21-59:WARNING: Environment variable SR_LOG_LEVEL is not set. Defaulting to INFO
SmartRedis Library@19-21-59:WARNING: Environment variable SR_LOG_LEVEL is not set. Defaulting to INFO
SmartRedis Library@19-21-59:WARNING: Environment variable SR_LOG_LEVEL is not set. Defaulting to INFO
CMI initialized successfully. Starting benchmark steps...

[DEBUG] Write these tensors to SmartSim:
[DEBUG]   Tensor 0{dtype=Float, layout=Contiguous, ownership=External, shape=[100000, 18]}
DEBUG: put_tensor input_19_0 dims=[100000,18]
DEBUG: put_tensor input_0_0 dims=[100000,18]
[DEBUG] Input tensor names sent to SmartSim:
[DEBUG]   input_0_0
[DEBUG] Output tensor names expected from SmartSim:
[DEBUG]   output_0_0
DEBUG: put_tensor input_1_0 dims=[100000,18]
DEBUG: put_tensor input_9_0 dims=[100000,18]
DEBUG: put_tensor input_11_0 dims=[100000,18]
DEBUG: put_tensor input_10_0 dims=[100000,18]
DEBUG: put_tensor input_15_0 dims=[100000,18]
DEBUG: put_tensor input_2_0 dims=[100000,18]
DEBUG: put_tensor input_13_0 dims=[100000,18]
DEBUG: put_tensor input_6_0 dims=[100000,18]
DEBUG: put_tensor input_12_0 dims=[100000,18]
DEBUG: put_tensor input_18_0 dims=[100000,18]
DEBUG: put_tensor input_5_0 dims=[100000,18]
DEBUG: put_tensor input_7_0 dims=[100000,18]
DEBUG: put_tensor input_17_0 dims=[100000,18]
DEBUG: put_tensor input_16_0 dims=[100000,18]
DEBUG: put_tensor input_14_0 dims=[100000,18]
DEBUG: put_tensor input_3_0 dims=[100000,18]
DEBUG: put_tensor input_4_0 dims=[100000,18]
DEBUG: put_tensor input_8_0 dims=[100000,18]
[DEBUG] Retrieve these tensors from SmartSim:
[DEBUG]   Tensor 0{dtype=Float, layout=Contiguous, ownership=External, shape=[100000]}
STEP_TIMING step=1 latency_ms=308.10 min_ms=277.24 avg_ms=293.73 total_samples=2000000 throughput_samples_sec=6491314
[DEBUG] Write these tensors to SmartSim:
[DEBUG]   Tensor 0{dtype=Float, layout=Contiguous, ownership=External, shape=[100000, 18]}
DEBUG: put_tensor input_10_0 dims=[100000,18]
DEBUG: put_tensor input_9_0 dims=[100000,18]
DEBUG: put_tensor input_0_0 dims=[100000,18]
[DEBUG] Input tensor names sent to SmartSim:
[DEBUG]   input_0_0
[DEBUG] Output tensor names expected from SmartSim:
[DEBUG]   output_0_0
DEBUG: put_tensor input_1_0 dims=[100000,18]
DEBUG: put_tensor input_15_0 dims=[100000,18]
DEBUG: put_tensor input_18_0 dims=[100000,18]
DEBUG: put_tensor input_5_0 dims=[100000,18]
DEBUG: put_tensor input_13_0 dims=[100000,18]
DEBUG: put_tensor input_17_0 dims=[100000,18]
DEBUG: put_tensor input_6_0 dims=[100000,18]
DEBUG: put_tensor input_14_0 dims=[100000,18]
DEBUG: put_tensor input_8_0 dims=[100000,18]
DEBUG: put_tensor input_3_0 dims=[100000,18]
DEBUG: put_tensor input_16_0 dims=[100000,18]
DEBUG: put_tensor input_2_0 dims=[100000,18]
DEBUG: put_tensor input_12_0 dims=[100000,18]
DEBUG: put_tensor input_11_0 dims=[100000,18]
DEBUG: put_tensor input_7_0 dims=[100000,18]
DEBUG: put_tensor input_4_0 dims=[100000,18]
DEBUG: put_tensor input_19_0 dims=[100000,18]
[DEBUG] Retrieve these tensors from SmartSim:
[DEBUG]   Tensor 0{dtype=Float, layout=Contiguous, ownership=External, shape=[100000]}
STEP_TIMING step=2 latency_ms=125.17 min_ms=96.83 avg_ms=111.60 total_samples=2000000 throughput_samples_sec=15978302
[DEBUG] Write these tensors to SmartSim:
[DEBUG]   Tensor 0{dtype=Float, layout=Contiguous, ownership=External, shape=[100000, 18]}
DEBUG: put_tensor input_1_0 dims=[100000,18]
DEBUG: put_tensor input_2_0 dims=[100000,18]
DEBUG: put_tensor input_9_0 dims=[100000,18]
DEBUG: put_tensor input_5_0 dims=[100000,18]
DEBUG: put_tensor input_0_0 dims=[100000,18]
[DEBUG] Input tensor names sent to SmartSim:
[DEBUG]   input_0_0
[DEBUG] Output tensor names expected from SmartSim:
[DEBUG]   output_0_0
DEBUG: put_tensor input_12_0 dims=[100000,18]
DEBUG: put_tensor input_7_0 dims=[100000,18]
DEBUG: put_tensor input_15_0 dims=[100000,18]
DEBUG: put_tensor input_8_0 dims=[100000,18]
DEBUG: put_tensor input_13_0 dims=[100000,18]
DEBUG: put_tensor input_10_0 dims=[100000,18]
DEBUG: put_tensor input_6_0 dims=[100000,18]
DEBUG: put_tensor input_17_0 dims=[100000,18]
DEBUG: put_tensor input_18_0 dims=[100000,18]
DEBUG: put_tensor input_14_0 dims=[100000,18]
DEBUG: put_tensor input_11_0 dims=[100000,18]
DEBUG: put_tensor input_16_0 dims=[100000,18]
DEBUG: put_tensor input_3_0 dims=[100000,18]
DEBUG: put_tensor input_4_0 dims=[100000,18]
DEBUG: put_tensor input_19_0 dims=[100000,18]
[DEBUG] Retrieve these tensors from SmartSim:
[DEBUG]   Tensor 0{dtype=Float, layout=Contiguous, ownership=External, shape=[100000]}
STEP_TIMING step=3 latency_ms=108.49 min_ms=79.15 avg_ms=93.87 total_samples=2000000 throughput_samples_sec=18434936
[DEBUG] Write these tensors to SmartSim:
[DEBUG]   Tensor 0{dtype=Float, layout=Contiguous, ownership=External, shape=[100000, 18]}
DEBUG: put_tensor input_4_0 dims=[100000,18]
DEBUG: put_tensor input_19_0 dims=[100000,18]
DEBUG: put_tensor input_8_0 dims=[100000,18]
DEBUG: put_tensor input_18_0 dims=[100000,18]
DEBUG: put_tensor input_9_0 dims=[100000,18]
DEBUG: put_tensor input_11_0 dims=[100000,18]
DEBUG: put_tensor input_10_0 dims=[100000,18]
DEBUG: put_tensor input_5_0 dims=[100000,18]
DEBUG: put_tensor input_1_0 dims=[100000,18]
DEBUG: put_tensor input_0_0 dims=[100000,18]
[DEBUG] Input tensor names sent to SmartSim:
[DEBUG]   input_0_0
[DEBUG] Output tensor names expected from SmartSim:
[DEBUG]   output_0_0
DEBUG: put_tensor input_13_0 dims=[100000,18]
DEBUG: put_tensor input_2_0 dims=[100000,18]
DEBUG: put_tensor input_16_0 dims=[100000,18]
DEBUG: put_tensor input_15_0 dims=[100000,18]
DEBUG: put_tensor input_17_0 dims=[100000,18]
DEBUG: put_tensor input_3_0 dims=[100000,18]
DEBUG: put_tensor input_7_0 dims=[100000,18]
DEBUG: put_tensor input_14_0 dims=[100000,18]
DEBUG: put_tensor input_6_0 dims=[100000,18]
DEBUG: put_tensor input_12_0 dims=[100000,18]
[DEBUG] Retrieve these tensors from SmartSim:
[DEBUG]   Tensor 0{dtype=Float, layout=Contiguous, ownership=External, shape=[100000]}
STEP_TIMING step=4 latency_ms=94.17 min_ms=63.19 avg_ms=80.71 total_samples=2000000 throughput_samples_sec=21239277
[DEBUG] Write these tensors to SmartSim:
[DEBUG]   Tensor 0{dtype=Float, layout=Contiguous, ownership=External, shape=[100000, 18]}
DEBUG: put_tensor input_1_0 dims=[100000,18]
DEBUG: put_tensor input_2_0 dims=[100000,18]
DEBUG: put_tensor input_14_0 dims=[100000,18]
DEBUG: put_tensor input_10_0 dims=[100000,18]
DEBUG: put_tensor input_17_0 dims=[100000,18]
DEBUG: put_tensor input_4_0 dims=[100000,18]
DEBUG: put_tensor input_9_0 dims=[100000,18]
DEBUG: put_tensor input_12_0 dims=[100000,18]
DEBUG: put_tensor input_6_0 dims=[100000,18]
DEBUG: put_tensor input_16_0 dims=[100000,18]
DEBUG: put_tensor input_5_0 dims=[100000,18]
DEBUG: put_tensor input_18_0 dims=[100000,18]
DEBUG: put_tensor input_11_0 dims=[100000,18]
DEBUG: put_tensor input_8_0 dims=[100000,18]
DEBUG: put_tensor input_3_0 dims=[100000,18]
DEBUG: put_tensor input_13_0 dims=[100000,18]
DEBUG: put_tensor input_7_0 dims=[100000,18]
DEBUG: put_tensor input_0_0 dims=[100000,18]
[DEBUG] Input tensor names sent to SmartSim:
[DEBUG]   input_0_0
[DEBUG] Output tensor names expected from SmartSim:
[DEBUG]   output_0_0
DEBUG: put_tensor input_15_0 dims=[100000,18]
DEBUG: put_tensor input_19_0 dims=[100000,18]
[DEBUG] Retrieve these tensors from SmartSim:
[DEBUG]   Tensor 0{dtype=Float, layout=Contiguous, ownership=External, shape=[100000]}
STEP_TIMING step=5 latency_ms=120.86 min_ms=69.08 avg_ms=92.48 total_samples=2000000 throughput_samples_sec=16548480
[DEBUG] Write these tensors to SmartSim:
[DEBUG]   Tensor 0{dtype=Float, layout=Contiguous, ownership=External, shape=[100000, 18]}
DEBUG: put_tensor input_9_0 dims=[100000,18]
DEBUG: put_tensor input_10_0 dims=[100000,18]
DEBUG: put_tensor input_6_0 dims=[100000,18]
DEBUG: put_tensor input_15_0 dims=[100000,18]
DEBUG: put_tensor input_18_0 dims=[100000,18]
DEBUG: put_tensor input_16_0 dims=[100000,18]
DEBUG: put_tensor input_13_0 dims=[100000,18]
DEBUG: put_tensor input_12_0 dims=[100000,18]
DEBUG: put_tensor input_2_0 dims=[100000,18]
DEBUG: put_tensor input_7_0 dims=[100000,18]
DEBUG: put_tensor input_11_0 dims=[100000,18]
DEBUG: put_tensor input_8_0 dims=[100000,18]
DEBUG: put_tensor input_5_0 dims=[100000,18]
DEBUG: put_tensor input_4_0 dims=[100000,18]
DEBUG: put_tensor input_14_0 dims=[100000,18]
DEBUG: put_tensor input_17_0 dims=[100000,18]
DEBUG: put_tensor input_3_0 dims=[100000,18]
DEBUG: put_tensor input_19_0 dims=[100000,18]
DEBUG: put_tensor input_0_0 dims=[100000,18]
[DEBUG] Input tensor names sent to SmartSim:
[DEBUG]   input_0_0
[DEBUG] Output tensor names expected from SmartSim:
[DEBUG]   output_0_0
DEBUG: put_tensor input_1_0 dims=[100000,18]
[DEBUG] Retrieve these tensors from SmartSim:
[DEBUG]   Tensor 0{dtype=Float, layout=Contiguous, ownership=External, shape=[100000]}
STEP_TIMING step=6 latency_ms=99.83 min_ms=71.51 avg_ms=86.77 total_samples=2000000 throughput_samples_sec=20033961
[DEBUG] Write these tensors to SmartSim:
[DEBUG]   Tensor 0{dtype=Float, layout=Contiguous, ownership=External, shape=[100000, 18]}
DEBUG: put_tensor input_9_0 dims=[100000,18]
DEBUG: put_tensor input_4_0 dims=[100000,18]
DEBUG: put_tensor input_16_0 dims=[100000,18]
DEBUG: put_tensor input_5_0 dims=[100000,18]
DEBUG: put_tensor input_10_0 dims=[100000,18]
DEBUG: put_tensor input_18_0 dims=[100000,18]
DEBUG: put_tensor input_13_0 dims=[100000,18]
DEBUG: put_tensor input_11_0 dims=[100000,18]
DEBUG: put_tensor input_0_0 dims=[100000,18]
[DEBUG] Input tensor names sent to SmartSim:
[DEBUG]   input_0_0
[DEBUG] Output tensor names expected from SmartSim:
[DEBUG]   output_0_0
DEBUG: put_tensor input_14_0 dims=[100000,18]
DEBUG: put_tensor input_15_0 dims=[100000,18]
DEBUG: put_tensor input_2_0 dims=[100000,18]
DEBUG: put_tensor input_12_0 dims=[100000,18]
DEBUG: put_tensor input_7_0 dims=[100000,18]
DEBUG: put_tensor input_3_0 dims=[100000,18]
DEBUG: put_tensor input_17_0 dims=[100000,18]
DEBUG: put_tensor input_8_0 dims=[100000,18]
DEBUG: put_tensor input_19_0 dims=[100000,18]
DEBUG: put_tensor input_6_0 dims=[100000,18]
DEBUG: put_tensor input_1_0 dims=[100000,18]
[DEBUG] Retrieve these tensors from SmartSim:
[DEBUG]   Tensor 0{dtype=Float, layout=Contiguous, ownership=External, shape=[100000]}
STEP_TIMING step=7 latency_ms=94.52 min_ms=67.13 avg_ms=83.91 total_samples=2000000 throughput_samples_sec=21159890
[DEBUG] Write these tensors to SmartSim:
[DEBUG]   Tensor 0{dtype=Float, layout=Contiguous, ownership=External, shape=[100000, 18]}
DEBUG: put_tensor input_10_0 dims=[100000,18]
DEBUG: put_tensor input_17_0 dims=[100000,18]
DEBUG: put_tensor input_8_0 dims=[100000,18]
DEBUG: put_tensor input_14_0 dims=[100000,18]
DEBUG: put_tensor input_15_0 dims=[100000,18]
DEBUG: put_tensor input_7_0 dims=[100000,18]
DEBUG: put_tensor input_16_0 dims=[100000,18]
DEBUG: put_tensor input_13_0 dims=[100000,18]
DEBUG: put_tensor input_4_0 dims=[100000,18]
DEBUG: put_tensor input_5_0 dims=[100000,18]
DEBUG: put_tensor input_18_0 dims=[100000,18]
DEBUG: put_tensor input_2_0 dims=[100000,18]
DEBUG: put_tensor input_12_0 dims=[100000,18]
DEBUG: put_tensor input_6_0 dims=[100000,18]
DEBUG: put_tensor input_9_0 dims=[100000,18]
DEBUG: put_tensor input_3_0 dims=[100000,18]
DEBUG: put_tensor input_1_0 dims=[100000,18]
DEBUG: put_tensor input_11_0 dims=[100000,18]
DEBUG: put_tensor input_0_0 dims=[100000,18]
[DEBUG] Input tensor names sent to SmartSim:
[DEBUG]   input_0_0
[DEBUG] Output tensor names expected from SmartSim:
[DEBUG]   output_0_0
DEBUG: put_tensor input_19_0 dims=[100000,18]
[DEBUG] Retrieve these tensors from SmartSim:
[DEBUG]   Tensor 0{dtype=Float, layout=Contiguous, ownership=External, shape=[100000]}
STEP_TIMING step=8 latency_ms=107.11 min_ms=82.83 avg_ms=96.44 total_samples=2000000 throughput_samples_sec=18671648
[DEBUG] Write these tensors to SmartSim:
[DEBUG]   Tensor 0{dtype=Float, layout=Contiguous, ownership=External, shape=[100000, 18]}
DEBUG: put_tensor input_18_0 dims=[100000,18]
DEBUG: put_tensor input_10_0 dims=[100000,18]
DEBUG: put_tensor input_12_0 dims=[100000,18]
DEBUG: put_tensor input_8_0 dims=[100000,18]
DEBUG: put_tensor input_2_0 dims=[100000,18]
DEBUG: put_tensor input_9_0 dims=[100000,18]
DEBUG: put_tensor input_11_0 dims=[100000,18]
DEBUG: put_tensor input_15_0 dims=[100000,18]
DEBUG: put_tensor input_16_0 dims=[100000,18]
DEBUG: put_tensor input_4_0 dims=[100000,18]
DEBUG: put_tensor input_19_0 dims=[100000,18]
DEBUG: put_tensor input_5_0 dims=[100000,18]
DEBUG: put_tensor input_0_0 dims=[100000,18]
[DEBUG] Input tensor names sent to SmartSim:
[DEBUG]   input_0_0
[DEBUG] Output tensor names expected from SmartSim:
[DEBUG]   output_0_0
DEBUG: put_tensor input_14_0 dims=[100000,18]
DEBUG: put_tensor input_1_0 dims=[100000,18]
DEBUG: put_tensor input_17_0 dims=[100000,18]
DEBUG: put_tensor input_13_0 dims=[100000,18]
DEBUG: put_tensor input_7_0 dims=[100000,18]
DEBUG: put_tensor input_6_0 dims=[100000,18]
DEBUG: put_tensor input_3_0 dims=[100000,18]
[DEBUG] Retrieve these tensors from SmartSim:
[DEBUG]   Tensor 0{dtype=Float, layout=Contiguous, ownership=External, shape=[100000]}
STEP_TIMING step=9 latency_ms=83.42 min_ms=57.22 avg_ms=72.19 total_samples=2000000 throughput_samples_sec=23974338
[DEBUG] Write these tensors to SmartSim:
[DEBUG]   Tensor 0{dtype=Float, layout=Contiguous, ownership=External, shape=[100000, 18]}
DEBUG: put_tensor input_10_0 dims=[100000,18]
DEBUG: put_tensor input_5_0 dims=[100000,18]
DEBUG: put_tensor input_13_0 dims=[100000,18]
DEBUG: put_tensor input_6_0 dims=[100000,18]
DEBUG: put_tensor input_7_0 dims=[100000,18]
DEBUG: put_tensor input_3_0 dims=[100000,18]
DEBUG: put_tensor input_8_0 dims=[100000,18]
DEBUG: put_tensor input_2_0 dims=[100000,18]
DEBUG: put_tensor input_17_0 dims=[100000,18]
DEBUG: put_tensor input_16_0 dims=[100000,18]
DEBUG: put_tensor input_19_0 dims=[100000,18]
DEBUG: put_tensor input_9_0 dims=[100000,18]
DEBUG: put_tensor input_18_0 dims=[100000,18]
DEBUG: put_tensor input_14_0 dims=[100000,18]
DEBUG: put_tensor input_0_0 dims=[100000,18]
[DEBUG] Input tensor names sent to SmartSim:
[DEBUG]   input_0_0
[DEBUG] Output tensor names expected from SmartSim:
[DEBUG]   output_0_0
DEBUG: put_tensor input_4_0 dims=[100000,18]
DEBUG: put_tensor input_11_0 dims=[100000,18]
DEBUG: put_tensor input_15_0 dims=[100000,18]
DEBUG: put_tensor input_12_0 dims=[100000,18]
DEBUG: put_tensor input_1_0 dims=[100000,18]
[DEBUG] Retrieve these tensors from SmartSim:
[DEBUG]   Tensor 0{dtype=Float, layout=Contiguous, ownership=External, shape=[100000]}
STEP_TIMING step=10 latency_ms=114.27 min_ms=82.73 avg_ms=100.00 total_samples=2000000 throughput_samples_sec=17502148
[DEBUG] Write these tensors to SmartSim:
[DEBUG]   Tensor 0{dtype=Float, layout=Contiguous, ownership=External, shape=[100000, 18]}
DEBUG: put_tensor input_19_0 dims=[100000,18]
DEBUG: put_tensor input_10_0 dims=[100000,18]
DEBUG: put_tensor input_8_0 dims=[100000,18]
DEBUG: put_tensor input_9_0 dims=[100000,18]
DEBUG: put_tensor input_17_0 dims=[100000,18]
DEBUG: put_tensor input_15_0 dims=[100000,18]
DEBUG: put_tensor input_0_0 dims=[100000,18]
[DEBUG] Input tensor names sent to SmartSim:
[DEBUG]   input_0_0
DEBUG: put_tensor input_2_0 dims=[100000,18]
[DEBUG] Output tensor names expected from SmartSim:
[DEBUG]   output_0_0
DEBUG: put_tensor input_13_0 dims=[100000,18]
DEBUG: put_tensor input_11_0 dims=[100000,18]
DEBUG: put_tensor input_3_0 dims=[100000,18]
DEBUG: put_tensor input_18_0 dims=[100000,18]
DEBUG: put_tensor input_5_0 dims=[100000,18]
DEBUG: put_tensor input_6_0 dims=[100000,18]
DEBUG: put_tensor input_4_0 dims=[100000,18]
DEBUG: put_tensor input_14_0 dims=[100000,18]
DEBUG: put_tensor input_12_0 dims=[100000,18]
DEBUG: put_tensor input_7_0 dims=[100000,18]
DEBUG: put_tensor input_16_0 dims=[100000,18]
DEBUG: put_tensor input_1_0 dims=[100000,18]
[DEBUG] Retrieve these tensors from SmartSim:
[DEBUG]   Tensor 0{dtype=Float, layout=Contiguous, ownership=External, shape=[100000]}
STEP_TIMING step=11 latency_ms=127.11 min_ms=71.13 avg_ms=89.68 total_samples=2000000 throughput_samples_sec=15734896
[DEBUG] Write these tensors to SmartSim:
[DEBUG]   Tensor 0{dtype=Float, layout=Contiguous, ownership=External, shape=[100000, 18]}
DEBUG: put_tensor input_4_0 dims=[100000,18]
DEBUG: put_tensor input_0_0 dims=[100000,18]
[DEBUG] Input tensor names sent to SmartSim:
[DEBUG]   input_0_0
[DEBUG] Output tensor names expected from SmartSim:
[DEBUG]   output_0_0
DEBUG: put_tensor input_2_0 dims=[100000,18]
DEBUG: put_tensor input_16_0 dims=[100000,18]
DEBUG: put_tensor input_7_0 dims=[100000,18]
DEBUG: put_tensor input_5_0 dims=[100000,18]
DEBUG: put_tensor input_12_0 dims=[100000,18]
DEBUG: put_tensor input_18_0 dims=[100000,18]
DEBUG: put_tensor input_15_0 dims=[100000,18]
DEBUG: put_tensor input_8_0 dims=[100000,18]
DEBUG: put_tensor input_3_0 dims=[100000,18]
DEBUG: put_tensor input_17_0 dims=[100000,18]
DEBUG: put_tensor input_10_0 dims=[100000,18]
DEBUG: put_tensor input_9_0 dims=[100000,18]
DEBUG: put_tensor input_1_0 dims=[100000,18]
DEBUG: put_tensor input_19_0 dims=[100000,18]
DEBUG: put_tensor input_13_0 dims=[100000,18]
DEBUG: put_tensor input_11_0 dims=[100000,18]
DEBUG: put_tensor input_6_0 dims=[100000,18]
DEBUG: put_tensor input_14_0 dims=[100000,18]
[DEBUG] Retrieve these tensors from SmartSim:
[DEBUG]   Tensor 0{dtype=Float, layout=Contiguous, ownership=External, shape=[100000]}
STEP_TIMING step=12 latency_ms=88.18 min_ms=68.24 avg_ms=78.31 total_samples=2000000 throughput_samples_sec=22681671

=================================================================
=== Benchmark Summary (Steady-State Steps 3 to 12) ===
=================================================================
Steady Step Count:   10
Median Latency:      107.11 ms
Mean Latency:        103.80 ms
Min Latency:         83.42 ms
Max Latency:         127.11 ms
Median Throughput:   18671648 samples/sec
=================================================================
=== Finished smartsim (b=100000). Log: /rwthfs/rz/cluster/hpcwork/ro092286/smartsim/batch_memory_benchmark/logs/bench_smartsim_b100000_3053473_smartsim_b100000.log | Telemetry: /rwthfs/rz/cluster/hpcwork/ro092286/smartsim/batch_memory_benchmark/logs/bench_smartsim_b100000_3053473_smartsim_b100000_gpu_telemetry.csv ===

>>> Running Provider: smartsim | Batch Size: 500000 <<<
=================================================================
=== Running Case: smartsim | Batch: 500000 | ID: 3053473_smartsim_b500000 ===
=================================================================
Starting SmartSim Redis DB on port 7011...
=================================================================
=== CMI Batch & Memory Calibration Benchmark Harness          ===
=================================================================
Provider:           smartsim
Config:             /rwthfs/rz/cluster/hpcwork/ro092286/smartsim/batch_memory_benchmark/configs/smartsim.toml
Model Path:         /rwthfs/rz/cluster/hpcwork/ro092286/smartsim/batch_memory_benchmark/../mini_app/train_models/model_a/watercnn_cuda.pt
Solver Ranks:       20 (World size: 20)
Samples per Rank:   100000
Total Work/Step:    2000000 samples
Target Batch Size:  500000
SmartSim Min Batch: 500000 (timeout=1000 ms)
Total Steps:        12 (Warmup: 2)
=================================================================

SmartRedis Library@19-22-18:WARNING: Environment variable SR_LOG_FILE is not set. Defaulting to stdout
SmartRedis Library@19-22-18:WARNING: Environment variable SR_LOG_LEVEL is not set. Defaulting to INFO
SmartRedis Library@19-22-18:WARNING: Environment variable SR_LOG_FILE is not set. Defaulting to stdout
SmartRedis Library@19-22-18:WARNING: Environment variable SR_LOG_LEVEL is not set. Defaulting to INFO
SmartRedis Library@19-22-18:WARNING: Environment variable SR_LOG_FILE is not set. Defaulting to stdout
SmartRedis Library@19-22-18:WARNING: Environment variable SR_LOG_LEVEL is not set. Defaulting to INFO
SmartRedis Library@19-22-18:WARNING: Environment variable SR_LOG_FILE is not set. Defaulting to stdout
SmartRedis Library@19-22-18:WARNING: Environment variable SR_LOG_LEVEL is not set. Defaulting to INFO
SmartRedis Library@19-22-18:WARNING: Environment variable SR_LOG_FILE is not set. Defaulting to stdout
SmartRedis Library@19-22-18:WARNING: Environment variable SR_LOG_LEVEL is not set. Defaulting to INFO
SmartRedis Library@19-22-18:WARNING: Environment variable SR_LOG_FILE is not set. Defaulting to stdout
SmartRedis Library@19-22-18:WARNING: Environment variable SR_LOG_LEVEL is not set. Defaulting to INFO
SmartRedis Library@19-22-18:WARNING: Environment variable SR_LOG_FILE is not set. Defaulting to stdout
SmartRedis Library@19-22-18:WARNING: Environment variable SR_LOG_LEVEL is not set. Defaulting to INFO
SmartRedis Library@19-22-18:WARNING: Environment variable SR_LOG_FILE is not set. Defaulting to stdout
SmartRedis Library@19-22-18:WARNING: Environment variable SR_LOG_LEVEL is not set. Defaulting to INFO
SmartRedis Library@19-22-18:WARNING: Environment variable SR_LOG_FILE is not set. Defaulting to stdout
SmartRedis Library@19-22-18:WARNING: Environment variable SR_LOG_LEVEL is not set. Defaulting to INFO
SmartRedis Library@19-22-18:WARNING: Environment variable SR_LOG_FILE is not set. Defaulting to stdout
SmartRedis Library@19-22-18:WARNING: Environment variable SR_LOG_LEVEL is not set. Defaulting to INFO
SmartRedis Library@19-22-18:WARNING: Environment variable SR_LOG_FILE is not set. Defaulting to stdout
SmartRedis Library@19-22-18:WARNING: Environment variable SR_LOG_LEVEL is not set. Defaulting to INFO
SmartRedis Library@19-22-18:WARNING: Environment variable SR_LOG_FILE is not set. Defaulting to stdout
SmartRedis Library@19-22-18:WARNING: Environment variable SR_LOG_LEVEL is not set. Defaulting to INFO
SmartRedis Library@19-22-18:WARNING: Environment variable SR_LOG_FILE is not set. Defaulting to stdout
SmartRedis Library@19-22-18:WARNING: Environment variable SR_LOG_LEVEL is not set. Defaulting to INFO
SmartRedis Library@19-22-18:WARNING: Environment variable SR_LOG_FILE is not set. Defaulting to stdout
SmartRedis Library@19-22-18:WARNING: Environment variable SR_LOG_LEVEL is not set. Defaulting to INFO
SmartRedis Library@19-22-18:WARNING: Environment variable SR_LOG_FILE is not set. Defaulting to stdout
SmartRedis Library@19-22-18:WARNING: Environment variable SR_LOG_LEVEL is not set. Defaulting to INFO
SmartRedis Library@19-22-18:WARNING: Environment variable SR_LOG_FILE is not set. Defaulting to stdout
SmartRedis Library@19-22-18:WARNING: Environment variable SR_LOG_LEVEL is not set. Defaulting to INFO
SmartRedis Library@19-22-18:WARNING: Environment variable SR_LOG_FILE is not set. Defaulting to stdout
SmartRedis Library@19-22-18:WARNING: Environment variable SR_LOG_LEVEL is not set. Defaulting to INFO
SmartRedis Library@19-22-18:WARNING: Environment variable SR_LOG_FILE is not set. Defaulting to stdout
SmartRedis Library@19-22-18:WARNING: Environment variable SR_LOG_LEVEL is not set. Defaulting to INFO
SmartRedis Library@19-22-18:WARNING: Environment variable SR_LOG_FILE is not set. Defaulting to stdout
SmartRedis Library@19-22-18:WARNING: Environment variable SR_LOG_LEVEL is not set. Defaulting to INFO
SmartRedis Library@19-22-18:WARNING: Environment variable SR_LOG_FILE is not set. Defaulting to stdout
SmartRedis Library@19-22-18:WARNING: Environment variable SR_LOG_LEVEL is not set. Defaulting to INFO
CMI initialized successfully. Starting benchmark steps...

[DEBUG] Write these tensors to SmartSim:
[DEBUG]   Tensor 0{dtype=Float, layout=Contiguous, ownership=External, shape=[100000, 18]}
DEBUG: put_tensor input_4_0 dims=[100000,18]
DEBUG: put_tensor input_0_0 dims=[100000,18]
[DEBUG] Input tensor names sent to SmartSim:
[DEBUG]   input_0_0
[DEBUG] Output tensor names expected from SmartSim:
[DEBUG]   output_0_0
DEBUG: put_tensor input_17_0 dims=[100000,18]
DEBUG: put_tensor input_3_0 dims=[100000,18]
DEBUG: put_tensor input_10_0 dims=[100000,18]
DEBUG: put_tensor input_12_0 dims=[100000,18]
DEBUG: put_tensor input_14_0 dims=[100000,18]
DEBUG: put_tensor input_8_0 dims=[100000,18]
DEBUG: put_tensor input_2_0 dims=[100000,18]
DEBUG: put_tensor input_16_0 dims=[100000,18]
DEBUG: put_tensor input_6_0 dims=[100000,18]
DEBUG: put_tensor input_18_0 dims=[100000,18]
DEBUG: put_tensor input_7_0 dims=[100000,18]
DEBUG: put_tensor input_1_0 dims=[100000,18]
DEBUG: put_tensor input_9_0 dims=[100000,18]
DEBUG: put_tensor input_5_0 dims=[100000,18]
DEBUG: put_tensor input_13_0 dims=[100000,18]
DEBUG: put_tensor input_11_0 dims=[100000,18]
DEBUG: put_tensor input_15_0 dims=[100000,18]
DEBUG: put_tensor input_19_0 dims=[100000,18]
[DEBUG] Retrieve these tensors from SmartSim:
[DEBUG]   Tensor 0{dtype=Float, layout=Contiguous, ownership=External, shape=[100000]}
STEP_TIMING step=1 latency_ms=394.77 min_ms=387.99 avg_ms=391.09 total_samples=2000000 throughput_samples_sec=5066222
[DEBUG] Write these tensors to SmartSim:
[DEBUG]   Tensor 0{dtype=Float, layout=Contiguous, ownership=External, shape=[100000, 18]}
DEBUG: put_tensor input_4_0 dims=[100000,18]
DEBUG: put_tensor input_19_0 dims=[100000,18]
DEBUG: put_tensor input_5_0 dims=[100000,18]
DEBUG: put_tensor input_10_0 dims=[100000,18]
DEBUG: put_tensor input_13_0 dims=[100000,18]
DEBUG: put_tensor input_18_0 dims=[100000,18]
DEBUG: put_tensor input_12_0 dims=[100000,18]
DEBUG: put_tensor input_14_0 dims=[100000,18]
DEBUG: put_tensor input_1_0 dims=[100000,18]
DEBUG: put_tensor input_8_0 dims=[100000,18]
DEBUG: put_tensor input_2_0 dims=[100000,18]
DEBUG: put_tensor input_17_0 dims=[100000,18]
DEBUG: put_tensor input_6_0 dims=[100000,18]
DEBUG: put_tensor input_16_0 dims=[100000,18]
DEBUG: put_tensor input_3_0 dims=[100000,18]
DEBUG: put_tensor input_0_0 dims=[100000,18]
[DEBUG] Input tensor names sent to SmartSim:
[DEBUG]   input_0_0
[DEBUG] Output tensor names expected from SmartSim:
[DEBUG]   output_0_0
DEBUG: put_tensor input_9_0 dims=[100000,18]
DEBUG: put_tensor input_15_0 dims=[100000,18]
DEBUG: put_tensor input_11_0 dims=[100000,18]
DEBUG: put_tensor input_7_0 dims=[100000,18]
[DEBUG] Retrieve these tensors from SmartSim:
[DEBUG]   Tensor 0{dtype=Float, layout=Contiguous, ownership=External, shape=[100000]}
STEP_TIMING step=2 latency_ms=139.46 min_ms=130.42 avg_ms=135.56 total_samples=2000000 throughput_samples_sec=14341216
[DEBUG] Write these tensors to SmartSim:
[DEBUG]   Tensor 0{dtype=Float, layout=Contiguous, ownership=External, shape=[100000, 18]}
DEBUG: put_tensor input_4_0 dims=[100000,18]
DEBUG: put_tensor input_5_0 dims=[100000,18]
DEBUG: put_tensor input_17_0 dims=[100000,18]
DEBUG: put_tensor input_15_0 dims=[100000,18]
DEBUG: put_tensor input_12_0 dims=[100000,18]
DEBUG: put_tensor input_14_0 dims=[100000,18]
DEBUG: put_tensor input_9_0 dims=[100000,18]
DEBUG: put_tensor input_0_0 dims=[100000,18]
[DEBUG] Input tensor names sent to SmartSim:
[DEBUG]   input_0_0
[DEBUG] Output tensor names expected from SmartSim:
[DEBUG]   output_0_0
DEBUG: put_tensor input_19_0 dims=[100000,18]
DEBUG: put_tensor input_6_0 dims=[100000,18]
DEBUG: put_tensor input_3_0 dims=[100000,18]
DEBUG: put_tensor input_8_0 dims=[100000,18]
DEBUG: put_tensor input_18_0 dims=[100000,18]
DEBUG: put_tensor input_1_0 dims=[100000,18]
DEBUG: put_tensor input_7_0 dims=[100000,18]
DEBUG: put_tensor input_2_0 dims=[100000,18]
DEBUG: put_tensor input_10_0 dims=[100000,18]
DEBUG: put_tensor input_11_0 dims=[100000,18]
DEBUG: put_tensor input_13_0 dims=[100000,18]
DEBUG: put_tensor input_16_0 dims=[100000,18]
[DEBUG] Retrieve these tensors from SmartSim:
[DEBUG]   Tensor 0{dtype=Float, layout=Contiguous, ownership=External, shape=[100000]}
STEP_TIMING step=3 latency_ms=138.81 min_ms=125.59 avg_ms=129.06 total_samples=2000000 throughput_samples_sec=14408627
[DEBUG] Write these tensors to SmartSim:
[DEBUG]   Tensor 0{dtype=Float, layout=Contiguous, ownership=External, shape=[100000, 18]}
DEBUG: put_tensor input_4_0 dims=[100000,18]
DEBUG: put_tensor input_17_0 dims=[100000,18]
DEBUG: put_tensor input_10_0 dims=[100000,18]
DEBUG: put_tensor input_12_0 dims=[100000,18]
DEBUG: put_tensor input_1_0 dims=[100000,18]
DEBUG: put_tensor input_0_0 dims=[100000,18]
[DEBUG] Input tensor names sent to SmartSim:
[DEBUG]   input_0_0
[DEBUG] Output tensor names expected from SmartSim:
[DEBUG]   output_0_0
DEBUG: put_tensor input_11_0 dims=[100000,18]
DEBUG: put_tensor input_13_0 dims=[100000,18]
DEBUG: put_tensor input_6_0 dims=[100000,18]
DEBUG: put_tensor input_9_0 dims=[100000,18]
DEBUG: put_tensor input_2_0 dims=[100000,18]
DEBUG: put_tensor input_18_0 dims=[100000,18]
DEBUG: put_tensor input_14_0 dims=[100000,18]
DEBUG: put_tensor input_7_0 dims=[100000,18]
DEBUG: put_tensor input_8_0 dims=[100000,18]
DEBUG: put_tensor input_19_0 dims=[100000,18]
DEBUG: put_tensor input_5_0 dims=[100000,18]
DEBUG: put_tensor input_15_0 dims=[100000,18]
DEBUG: put_tensor input_3_0 dims=[100000,18]
DEBUG: put_tensor input_16_0 dims=[100000,18]
[DEBUG] Retrieve these tensors from SmartSim:
[DEBUG]   Tensor 0{dtype=Float, layout=Contiguous, ownership=External, shape=[100000]}
STEP_TIMING step=4 latency_ms=123.71 min_ms=117.34 avg_ms=121.00 total_samples=2000000 throughput_samples_sec=16166807
[DEBUG] Write these tensors to SmartSim:
[DEBUG]   Tensor 0{dtype=Float, layout=Contiguous, ownership=External, shape=[100000, 18]}
DEBUG: put_tensor input_3_0 dims=[100000,18]
DEBUG: put_tensor input_14_0 dims=[100000,18]
DEBUG: put_tensor input_7_0 dims=[100000,18]
DEBUG: put_tensor input_11_0 dims=[100000,18]
DEBUG: put_tensor input_19_0 dims=[100000,18]
DEBUG: put_tensor input_12_0 dims=[100000,18]
DEBUG: put_tensor input_4_0 dims=[100000,18]
DEBUG: put_tensor input_16_0 dims=[100000,18]
DEBUG: put_tensor input_5_0 dims=[100000,18]
DEBUG: put_tensor input_10_0 dims=[100000,18]
DEBUG: put_tensor input_2_0 dims=[100000,18]
DEBUG: put_tensor input_15_0 dims=[100000,18]
DEBUG: put_tensor input_6_0 dims=[100000,18]
DEBUG: put_tensor input_0_0 dims=[100000,18]
[DEBUG] Input tensor names sent to SmartSim:
[DEBUG]   input_0_0
[DEBUG] Output tensor names expected from SmartSim:
[DEBUG]   output_0_0
DEBUG: put_tensor input_8_0 dims=[100000,18]
DEBUG: put_tensor input_1_0 dims=[100000,18]
DEBUG: put_tensor input_9_0 dims=[100000,18]
DEBUG: put_tensor input_18_0 dims=[100000,18]
DEBUG: put_tensor input_13_0 dims=[100000,18]
DEBUG: put_tensor input_17_0 dims=[100000,18]
[DEBUG] Retrieve these tensors from SmartSim:
[DEBUG]   Tensor 0{dtype=Float, layout=Contiguous, ownership=External, shape=[100000]}
STEP_TIMING step=5 latency_ms=211.62 min_ms=207.36 avg_ms=208.99 total_samples=2000000 throughput_samples_sec=9450825
[DEBUG] Write these tensors to SmartSim:
[DEBUG]   Tensor 0{dtype=Float, layout=Contiguous, ownership=External, shape=[100000, 18]}
DEBUG: put_tensor input_17_0 dims=[100000,18]
DEBUG: put_tensor input_19_0 dims=[100000,18]
DEBUG: put_tensor input_7_0 dims=[100000,18]
DEBUG: put_tensor input_2_0 dims=[100000,18]
DEBUG: put_tensor input_6_0 dims=[100000,18]
DEBUG: put_tensor input_11_0 dims=[100000,18]
DEBUG: put_tensor input_0_0 dims=[100000,18]
[DEBUG] Input tensor names sent to SmartSim:
[DEBUG]   input_0_0
[DEBUG] Output tensor names expected from SmartSim:
[DEBUG]   output_0_0
DEBUG: put_tensor input_8_0 dims=[100000,18]
DEBUG: put_tensor input_3_0 dims=[100000,18]
DEBUG: put_tensor input_4_0 dims=[100000,18]
DEBUG: put_tensor input_14_0 dims=[100000,18]
DEBUG: put_tensor input_13_0 dims=[100000,18]
DEBUG: put_tensor input_10_0 dims=[100000,18]
DEBUG: put_tensor input_12_0 dims=[100000,18]
DEBUG: put_tensor input_18_0 dims=[100000,18]
DEBUG: put_tensor input_9_0 dims=[100000,18]
DEBUG: put_tensor input_1_0 dims=[100000,18]
DEBUG: put_tensor input_15_0 dims=[100000,18]
DEBUG: put_tensor input_16_0 dims=[100000,18]
DEBUG: put_tensor input_5_0 dims=[100000,18]
[DEBUG] Retrieve these tensors from SmartSim:
[DEBUG]   Tensor 0{dtype=Float, layout=Contiguous, ownership=External, shape=[100000]}
STEP_TIMING step=6 latency_ms=166.99 min_ms=162.57 avg_ms=164.73 total_samples=2000000 throughput_samples_sec=11976835
[DEBUG] Write these tensors to SmartSim:
[DEBUG]   Tensor 0{dtype=Float, layout=Contiguous, ownership=External, shape=[100000, 18]}
DEBUG: put_tensor input_17_0 dims=[100000,18]
DEBUG: put_tensor input_4_0 dims=[100000,18]
DEBUG: put_tensor input_16_0 dims=[100000,18]
DEBUG: put_tensor input_1_0 dims=[100000,18]
DEBUG: put_tensor input_3_0 dims=[100000,18]
DEBUG: put_tensor input_15_0 dims=[100000,18]
DEBUG: put_tensor input_13_0 dims=[100000,18]
DEBUG: put_tensor input_5_0 dims=[100000,18]
DEBUG: put_tensor input_18_0 dims=[100000,18]
DEBUG: put_tensor input_11_0 dims=[100000,18]
DEBUG: put_tensor input_9_0 dims=[100000,18]
DEBUG: put_tensor input_8_0 dims=[100000,18]
DEBUG: put_tensor input_14_0 dims=[100000,18]
DEBUG: put_tensor input_0_0 dims=[100000,18]
[DEBUG] Input tensor names sent to SmartSim:
[DEBUG]   input_0_0
DEBUG: put_tensor input_7_0 dims=[100000,18]
[DEBUG] Output tensor names expected from SmartSim:
[DEBUG]   output_0_0
DEBUG: put_tensor input_6_0 dims=[100000,18]
DEBUG: put_tensor input_10_0 dims=[100000,18]
DEBUG: put_tensor input_19_0 dims=[100000,18]
DEBUG: put_tensor input_12_0 dims=[100000,18]
DEBUG: put_tensor input_2_0 dims=[100000,18]
[DEBUG] Retrieve these tensors from SmartSim:
[DEBUG]   Tensor 0{dtype=Float, layout=Contiguous, ownership=External, shape=[100000]}
STEP_TIMING step=7 latency_ms=183.57 min_ms=177.44 avg_ms=180.52 total_samples=2000000 throughput_samples_sec=10895285
[DEBUG] Write these tensors to SmartSim:
[DEBUG]   Tensor 0{dtype=Float, layout=Contiguous, ownership=External, shape=[100000, 18]}
DEBUG: put_tensor input_3_0 dims=[100000,18]
DEBUG: put_tensor input_4_0 dims=[100000,18]
DEBUG: put_tensor input_15_0 dims=[100000,18]
DEBUG: put_tensor input_2_0 dims=[100000,18]
DEBUG: put_tensor input_11_0 dims=[100000,18]
DEBUG: put_tensor input_5_0 dims=[100000,18]
DEBUG: put_tensor input_12_0 dims=[100000,18]
DEBUG: put_tensor input_17_0 dims=[100000,18]
DEBUG: put_tensor input_18_0 dims=[100000,18]
DEBUG: put_tensor input_1_0 dims=[100000,18]
DEBUG: put_tensor input_8_0 dims=[100000,18]
DEBUG: put_tensor input_14_0 dims=[100000,18]
DEBUG: put_tensor input_7_0 dims=[100000,18]
DEBUG: put_tensor input_19_0 dims=[100000,18]
DEBUG: put_tensor input_9_0 dims=[100000,18]
DEBUG: put_tensor input_10_0 dims=[100000,18]
DEBUG: put_tensor input_16_0 dims=[100000,18]
DEBUG: put_tensor input_0_0 dims=[100000,18]
[DEBUG] Input tensor names sent to SmartSim:
[DEBUG]   input_0_0
[DEBUG] Output tensor names expected from SmartSim:
DEBUG: put_tensor input_13_0 dims=[100000,18]
[DEBUG]   output_0_0
DEBUG: put_tensor input_6_0 dims=[100000,18]
[DEBUG] Retrieve these tensors from SmartSim:
[DEBUG]   Tensor 0{dtype=Float, layout=Contiguous, ownership=External, shape=[100000]}
STEP_TIMING step=8 latency_ms=135.45 min_ms=130.40 avg_ms=132.44 total_samples=2000000 throughput_samples_sec=14765533
[DEBUG] Write these tensors to SmartSim:
[DEBUG]   Tensor 0{dtype=Float, layout=Contiguous, ownership=External, shape=[100000, 18]}
DEBUG: put_tensor input_10_0 dims=[100000,18]
DEBUG: put_tensor input_14_0 dims=[100000,18]
DEBUG: put_tensor input_11_0 dims=[100000,18]
DEBUG: put_tensor input_6_0 dims=[100000,18]
DEBUG: put_tensor input_12_0 dims=[100000,18]
DEBUG: put_tensor input_17_0 dims=[100000,18]
DEBUG: put_tensor input_2_0 dims=[100000,18]
DEBUG: put_tensor input_18_0 dims=[100000,18]
DEBUG: put_tensor input_0_0 dims=[100000,18]
[DEBUG] Input tensor names sent to SmartSim:
[DEBUG]   input_0_0
[DEBUG] Output tensor names expected from SmartSim:
[DEBUG]   output_0_0
DEBUG: put_tensor input_8_0 dims=[100000,18]
DEBUG: put_tensor input_9_0 dims=[100000,18]
DEBUG: put_tensor input_16_0 dims=[100000,18]
DEBUG: put_tensor input_13_0 dims=[100000,18]
DEBUG: put_tensor input_5_0 dims=[100000,18]
DEBUG: put_tensor input_4_0 dims=[100000,18]
DEBUG: put_tensor input_7_0 dims=[100000,18]
DEBUG: put_tensor input_19_0 dims=[100000,18]
DEBUG: put_tensor input_1_0 dims=[100000,18]
DEBUG: put_tensor input_3_0 dims=[100000,18]
DEBUG: put_tensor input_15_0 dims=[100000,18]
[DEBUG] Retrieve these tensors from SmartSim:
[DEBUG]   Tensor 0{dtype=Float, layout=Contiguous, ownership=External, shape=[100000]}
STEP_TIMING step=9 latency_ms=120.91 min_ms=115.62 avg_ms=116.67 total_samples=2000000 throughput_samples_sec=16540956
[DEBUG] Write these tensors to SmartSim:
[DEBUG]   Tensor 0{dtype=Float, layout=Contiguous, ownership=External, shape=[100000, 18]}
DEBUG: put_tensor input_12_0 dims=[100000,18]
DEBUG: put_tensor input_3_0 dims=[100000,18]
DEBUG: put_tensor input_17_0 dims=[100000,18]
DEBUG: put_tensor input_19_0 dims=[100000,18]
DEBUG: put_tensor input_4_0 dims=[100000,18]
DEBUG: put_tensor input_9_0 dims=[100000,18]
DEBUG: put_tensor input_13_0 dims=[100000,18]
DEBUG: put_tensor input_18_0 dims=[100000,18]
DEBUG: put_tensor input_0_0 dims=[100000,18]
[DEBUG] Input tensor names sent to SmartSim:
[DEBUG]   input_0_0
[DEBUG] Output tensor names expected from SmartSim:
[DEBUG]   output_0_0
DEBUG: put_tensor input_7_0 dims=[100000,18]
DEBUG: put_tensor input_11_0 dims=[100000,18]
DEBUG: put_tensor input_2_0 dims=[100000,18]
DEBUG: put_tensor input_6_0 dims=[100000,18]
DEBUG: put_tensor input_1_0 dims=[100000,18]
DEBUG: put_tensor input_5_0 dims=[100000,18]
DEBUG: put_tensor input_8_0 dims=[100000,18]
DEBUG: put_tensor input_14_0 dims=[100000,18]
DEBUG: put_tensor input_16_0 dims=[100000,18]
DEBUG: put_tensor input_10_0 dims=[100000,18]
DEBUG: put_tensor input_15_0 dims=[100000,18]
[DEBUG] Retrieve these tensors from SmartSim:
[DEBUG]   Tensor 0{dtype=Float, layout=Contiguous, ownership=External, shape=[100000]}
STEP_TIMING step=10 latency_ms=135.20 min_ms=126.86 avg_ms=131.33 total_samples=2000000 throughput_samples_sec=14793091
[DEBUG] Write these tensors to SmartSim:
[DEBUG]   Tensor 0{dtype=Float, layout=Contiguous, ownership=External, shape=[100000, 18]}
DEBUG: put_tensor input_4_0 dims=[100000,18]
DEBUG: put_tensor input_9_0 dims=[100000,18]
DEBUG: put_tensor input_3_0 dims=[100000,18]
DEBUG: put_tensor input_17_0 dims=[100000,18]
DEBUG: put_tensor input_8_0 dims=[100000,18]
DEBUG: put_tensor input_0_0 dims=[100000,18]
[DEBUG] Input tensor names sent to SmartSim:
[DEBUG]   input_0_0
[DEBUG] Output tensor names expected from SmartSim:
[DEBUG]   output_0_0
DEBUG: put_tensor input_14_0 dims=[100000,18]
DEBUG: put_tensor input_18_0 dims=[100000,18]
DEBUG: put_tensor input_15_0 dims=[100000,18]
DEBUG: put_tensor input_12_0 dims=[100000,18]
DEBUG: put_tensor input_7_0 dims=[100000,18]
DEBUG: put_tensor input_11_0 dims=[100000,18]
DEBUG: put_tensor input_1_0 dims=[100000,18]
DEBUG: put_tensor input_13_0 dims=[100000,18]
DEBUG: put_tensor input_6_0 dims=[100000,18]
DEBUG: put_tensor input_10_0 dims=[100000,18]
DEBUG: put_tensor input_16_0 dims=[100000,18]
DEBUG: put_tensor input_19_0 dims=[100000,18]
DEBUG: put_tensor input_5_0 dims=[100000,18]
DEBUG: put_tensor input_2_0 dims=[100000,18]
[DEBUG] Retrieve these tensors from SmartSim:
[DEBUG]   Tensor 0{dtype=Float, layout=Contiguous, ownership=External, shape=[100000]}
STEP_TIMING step=11 latency_ms=136.69 min_ms=122.39 avg_ms=124.67 total_samples=2000000 throughput_samples_sec=14631415
[DEBUG] Write these tensors to SmartSim:
[DEBUG]   Tensor 0{dtype=Float, layout=Contiguous, ownership=External, shape=[100000, 18]}
DEBUG: put_tensor input_3_0 dims=[100000,18]
DEBUG: put_tensor input_14_0 dims=[100000,18]
DEBUG: put_tensor input_18_0 dims=[100000,18]
DEBUG: put_tensor input_7_0 dims=[100000,18]
DEBUG: put_tensor input_11_0 dims=[100000,18]
DEBUG: put_tensor input_1_0 dims=[100000,18]
DEBUG: put_tensor input_4_0 dims=[100000,18]
DEBUG: put_tensor input_9_0 dims=[100000,18]
DEBUG: put_tensor input_0_0 dims=[100000,18]
[DEBUG] Input tensor names sent to SmartSim:
[DEBUG]   input_0_0
[DEBUG] Output tensor names expected from SmartSim:
[DEBUG]   output_0_0
DEBUG: put_tensor input_8_0 dims=[100000,18]
DEBUG: put_tensor input_17_0 dims=[100000,18]
DEBUG: put_tensor input_15_0 dims=[100000,18]
DEBUG: put_tensor input_6_0 dims=[100000,18]
DEBUG: put_tensor input_19_0 dims=[100000,18]
DEBUG: put_tensor input_10_0 dims=[100000,18]
DEBUG: put_tensor input_16_0 dims=[100000,18]
DEBUG: put_tensor input_5_0 dims=[100000,18]
DEBUG: put_tensor input_13_0 dims=[100000,18]
DEBUG: put_tensor input_12_0 dims=[100000,18]
DEBUG: put_tensor input_2_0 dims=[100000,18]
[DEBUG] Retrieve these tensors from SmartSim:
[DEBUG]   Tensor 0{dtype=Float, layout=Contiguous, ownership=External, shape=[100000]}
STEP_TIMING step=12 latency_ms=120.06 min_ms=116.07 avg_ms=118.33 total_samples=2000000 throughput_samples_sec=16658287

=================================================================
=== Benchmark Summary (Steady-State Steps 3 to 12) ===
=================================================================
Steady Step Count:   10
Median Latency:      136.69 ms
Mean Latency:        147.30 ms
Min Latency:         120.06 ms
Max Latency:         211.62 ms
Median Throughput:   14631415 samples/sec
=================================================================
=== Finished smartsim (b=500000). Log: /rwthfs/rz/cluster/hpcwork/ro092286/smartsim/batch_memory_benchmark/logs/bench_smartsim_b500000_3053473_smartsim_b500000.log | Telemetry: /rwthfs/rz/cluster/hpcwork/ro092286/smartsim/batch_memory_benchmark/logs/bench_smartsim_b500000_3053473_smartsim_b500000_gpu_telemetry.csv ===

>>> Running Provider: smartsim | Batch Size: 2000000 <<<
=================================================================
=== Running Case: smartsim | Batch: 2000000 | ID: 3053473_smartsim_b2000000 ===
=================================================================
Starting SmartSim Redis DB on port 7217...
=================================================================
=== CMI Batch & Memory Calibration Benchmark Harness          ===
=================================================================
Provider:           smartsim
Config:             /rwthfs/rz/cluster/hpcwork/ro092286/smartsim/batch_memory_benchmark/configs/smartsim.toml
Model Path:         /rwthfs/rz/cluster/hpcwork/ro092286/smartsim/batch_memory_benchmark/../mini_app/train_models/model_a/watercnn_cuda.pt
Solver Ranks:       20 (World size: 20)
Samples per Rank:   100000
Total Work/Step:    2000000 samples
Target Batch Size:  2000000
SmartSim Min Batch: 2000000 (timeout=1000 ms)
Total Steps:        12 (Warmup: 2)
=================================================================

SmartRedis Library@19-22-37:WARNING: Environment variable SR_LOG_FILE is not set. Defaulting to stdout
SmartRedis Library@19-22-37:WARNING: Environment variable SR_LOG_LEVEL is not set. Defaulting to INFO
SmartRedis Library@19-22-37:WARNING: Environment variable SR_LOG_FILE is not set. Defaulting to stdout
SmartRedis Library@19-22-37:WARNING: Environment variable SR_LOG_LEVEL is not set. Defaulting to INFO
SmartRedis Library@19-22-37:WARNING: Environment variable SR_LOG_FILE is not set. Defaulting to stdout
SmartRedis Library@19-22-37:WARNING: Environment variable SR_LOG_LEVEL is not set. Defaulting to INFO
SmartRedis Library@19-22-37:WARNING: Environment variable SR_LOG_FILE is not set. Defaulting to stdout
SmartRedis Library@19-22-37:WARNING: Environment variable SR_LOG_LEVEL is not set. Defaulting to INFO
SmartRedis Library@19-22-37:WARNING: Environment variable SR_LOG_FILE is not set. Defaulting to stdout
SmartRedis Library@19-22-37:WARNING: Environment variable SR_LOG_LEVEL is not set. Defaulting to INFO
SmartRedis Library@19-22-37:WARNING: Environment variable SR_LOG_FILE is not set. Defaulting to stdout
SmartRedis Library@19-22-37:WARNING: Environment variable SR_LOG_LEVEL is not set. Defaulting to INFO
SmartRedis Library@19-22-37:WARNING: Environment variable SR_LOG_FILE is not set. Defaulting to stdout
SmartRedis Library@19-22-37:WARNING: Environment variable SR_LOG_LEVEL is not set. Defaulting to INFO
SmartRedis Library@19-22-37:WARNING: Environment variable SR_LOG_FILE is not set. Defaulting to stdout
SmartRedis Library@19-22-37:WARNING: Environment variable SR_LOG_LEVEL is not set. Defaulting to INFO
SmartRedis Library@19-22-37:WARNING: Environment variable SR_LOG_FILE is not set. Defaulting to stdout
SmartRedis Library@19-22-37:WARNING: Environment variable SR_LOG_LEVEL is not set. Defaulting to INFO
SmartRedis Library@19-22-37:WARNING: Environment variable SR_LOG_FILE is not set. Defaulting to stdout
SmartRedis Library@19-22-37:WARNING: Environment variable SR_LOG_LEVEL is not set. Defaulting to INFO
SmartRedis Library@19-22-37:WARNING: Environment variable SR_LOG_FILE is not set. Defaulting to stdout
SmartRedis Library@19-22-37:WARNING: Environment variable SR_LOG_LEVEL is not set. Defaulting to INFO
SmartRedis Library@19-22-37:WARNING: Environment variable SR_LOG_FILE is not set. Defaulting to stdout
SmartRedis Library@19-22-37:WARNING: Environment variable SR_LOG_LEVEL is not set. Defaulting to INFO
SmartRedis Library@19-22-37:WARNING: Environment variable SR_LOG_FILE is not set. Defaulting to stdout
SmartRedis Library@19-22-37:WARNING: Environment variable SR_LOG_LEVEL is not set. Defaulting to INFO
SmartRedis Library@19-22-37:WARNING: Environment variable SR_LOG_FILE is not set. Defaulting to stdout
SmartRedis Library@19-22-37:WARNING: Environment variable SR_LOG_LEVEL is not set. Defaulting to INFO
SmartRedis Library@19-22-37:WARNING: Environment variable SR_LOG_FILE is not set. Defaulting to stdout
SmartRedis Library@19-22-37:WARNING: Environment variable SR_LOG_LEVEL is not set. Defaulting to INFO
SmartRedis Library@19-22-37:WARNING: Environment variable SR_LOG_FILE is not set. Defaulting to stdout
SmartRedis Library@19-22-37:WARNING: Environment variable SR_LOG_LEVEL is not set. Defaulting to INFO
SmartRedis Library@19-22-37:WARNING: Environment variable SR_LOG_FILE is not set. Defaulting to stdout
SmartRedis Library@19-22-37:WARNING: Environment variable SR_LOG_LEVEL is not set. Defaulting to INFO
SmartRedis Library@19-22-37:WARNING: Environment variable SR_LOG_FILE is not set. Defaulting to stdout
SmartRedis Library@19-22-37:WARNING: Environment variable SR_LOG_LEVEL is not set. Defaulting to INFO
SmartRedis Library@19-22-37:WARNING: Environment variable SR_LOG_FILE is not set. Defaulting to stdout
SmartRedis Library@19-22-37:WARNING: Environment variable SR_LOG_LEVEL is not set. Defaulting to INFO
SmartRedis Library@19-22-37:WARNING: Environment variable SR_LOG_FILE is not set. Defaulting to stdout
SmartRedis Library@19-22-37:WARNING: Environment variable SR_LOG_LEVEL is not set. Defaulting to INFO
CMI initialized successfully. Starting benchmark steps...

[DEBUG] Write these tensors to SmartSim:
[DEBUG]   Tensor 0{dtype=Float, layout=Contiguous, ownership=External, shape=[100000, 18]}
DEBUG: put_tensor input_0_0 dims=[100000,18]
[DEBUG] Input tensor names sent to SmartSim:
[DEBUG]   input_0_0
[DEBUG] Output tensor names expected from SmartSim:
[DEBUG]   output_0_0
DEBUG: put_tensor input_18_0 dims=[100000,18]
DEBUG: put_tensor input_15_0 dims=[100000,18]
DEBUG: put_tensor input_2_0 dims=[100000,18]
DEBUG: put_tensor input_1_0 dims=[100000,18]
DEBUG: put_tensor input_7_0 dims=[100000,18]
DEBUG: put_tensor input_17_0 dims=[100000,18]
DEBUG: put_tensor input_13_0 dims=[100000,18]
DEBUG: put_tensor input_5_0 dims=[100000,18]
DEBUG: put_tensor input_19_0 dims=[100000,18]
DEBUG: put_tensor input_16_0 dims=[100000,18]
DEBUG: put_tensor input_12_0 dims=[100000,18]
DEBUG: put_tensor input_9_0 dims=[100000,18]
DEBUG: put_tensor input_11_0 dims=[100000,18]
DEBUG: put_tensor input_4_0 dims=[100000,18]
DEBUG: put_tensor input_3_0 dims=[100000,18]
DEBUG: put_tensor input_10_0 dims=[100000,18]
DEBUG: put_tensor input_14_0 dims=[100000,18]
DEBUG: put_tensor input_6_0 dims=[100000,18]
DEBUG: put_tensor input_8_0 dims=[100000,18]
[DEBUG] Retrieve these tensors from SmartSim:
[DEBUG]   Tensor 0{dtype=Float, layout=Contiguous, ownership=External, shape=[100000]}
STEP_TIMING step=1 latency_ms=475.78 min_ms=472.37 avg_ms=473.54 total_samples=2000000 throughput_samples_sec=4203609
[DEBUG] Write these tensors to SmartSim:
[DEBUG]   Tensor 0{dtype=Float, layout=Contiguous, ownership=External, shape=[100000, 18]}
DEBUG: put_tensor input_17_0 dims=[100000,18]
DEBUG: put_tensor input_16_0 dims=[100000,18]
DEBUG: put_tensor input_12_0 dims=[100000,18]
DEBUG: put_tensor input_19_0 dims=[100000,18]
DEBUG: put_tensor input_3_0 dims=[100000,18]
DEBUG: put_tensor input_5_0 dims=[100000,18]
DEBUG: put_tensor input_11_0 dims=[100000,18]
DEBUG: put_tensor input_1_0 dims=[100000,18]
DEBUG: put_tensor input_4_0 dims=[100000,18]
DEBUG: put_tensor input_8_0 dims=[100000,18]
DEBUG: put_tensor input_6_0 dims=[100000,18]
DEBUG: put_tensor input_10_0 dims=[100000,18]
DEBUG: put_tensor input_13_0 dims=[100000,18]
DEBUG: put_tensor input_15_0 dims=[100000,18]
DEBUG: put_tensor input_2_0 dims=[100000,18]
DEBUG: put_tensor input_18_0 dims=[100000,18]
DEBUG: put_tensor input_9_0 dims=[100000,18]
DEBUG: put_tensor input_14_0 dims=[100000,18]
DEBUG: put_tensor input_7_0 dims=[100000,18]
DEBUG: put_tensor input_0_0 dims=[100000,18]
[DEBUG] Input tensor names sent to SmartSim:
[DEBUG]   input_0_0
[DEBUG] Output tensor names expected from SmartSim:
[DEBUG]   output_0_0
[DEBUG] Retrieve these tensors from SmartSim:
[DEBUG]   Tensor 0{dtype=Float, layout=Contiguous, ownership=External, shape=[100000]}
STEP_TIMING step=2 latency_ms=207.54 min_ms=195.01 avg_ms=196.96 total_samples=2000000 throughput_samples_sec=9636612
[DEBUG] Write these tensors to SmartSim:
[DEBUG]   Tensor 0{dtype=Float, layout=Contiguous, ownership=External, shape=[100000, 18]}
DEBUG: put_tensor input_19_0 dims=[100000,18]
DEBUG: put_tensor input_14_0 dims=[100000,18]
DEBUG: put_tensor input_18_0 dims=[100000,18]
DEBUG: put_tensor input_6_0 dims=[100000,18]
DEBUG: put_tensor input_10_0 dims=[100000,18]
DEBUG: put_tensor input_0_0 dims=[100000,18]
[DEBUG] Input tensor names sent to SmartSim:
[DEBUG]   input_0_0
[DEBUG] Output tensor names expected from SmartSim:
[DEBUG]   output_0_0
DEBUG: put_tensor input_3_0 dims=[100000,18]
DEBUG: put_tensor input_12_0 dims=[100000,18]
DEBUG: put_tensor input_11_0 dims=[100000,18]
DEBUG: put_tensor input_5_0 dims=[100000,18]
DEBUG: put_tensor input_17_0 dims=[100000,18]
DEBUG: put_tensor input_16_0 dims=[100000,18]
DEBUG: put_tensor input_7_0 dims=[100000,18]
DEBUG: put_tensor input_13_0 dims=[100000,18]
DEBUG: put_tensor input_1_0 dims=[100000,18]
DEBUG: put_tensor input_15_0 dims=[100000,18]
DEBUG: put_tensor input_9_0 dims=[100000,18]
DEBUG: put_tensor input_8_0 dims=[100000,18]
DEBUG: put_tensor input_4_0 dims=[100000,18]
DEBUG: put_tensor input_2_0 dims=[100000,18]
[DEBUG] Retrieve these tensors from SmartSim:
[DEBUG]   Tensor 0{dtype=Float, layout=Contiguous, ownership=External, shape=[100000]}
STEP_TIMING step=3 latency_ms=173.37 min_ms=170.85 avg_ms=172.18 total_samples=2000000 throughput_samples_sec=11536307
[DEBUG] Write these tensors to SmartSim:
[DEBUG]   Tensor 0{dtype=Float, layout=Contiguous, ownership=External, shape=[100000, 18]}
DEBUG: put_tensor input_17_0 dims=[100000,18]
DEBUG: put_tensor input_6_0 dims=[100000,18]
DEBUG: put_tensor input_0_0 dims=[100000,18]
[DEBUG] Input tensor names sent to SmartSim:
[DEBUG]   input_0_0
[DEBUG] Output tensor names expected from SmartSim:
[DEBUG]   output_0_0
DEBUG: put_tensor input_7_0 dims=[100000,18]
DEBUG: put_tensor input_11_0 dims=[100000,18]
DEBUG: put_tensor input_8_0 dims=[100000,18]
DEBUG: put_tensor input_14_0 dims=[100000,18]
DEBUG: put_tensor input_16_0 dims=[100000,18]
DEBUG: put_tensor input_10_0 dims=[100000,18]
DEBUG: put_tensor input_9_0 dims=[100000,18]
DEBUG: put_tensor input_18_0 dims=[100000,18]
DEBUG: put_tensor input_1_0 dims=[100000,18]
DEBUG: put_tensor input_4_0 dims=[100000,18]
DEBUG: put_tensor input_15_0 dims=[100000,18]
DEBUG: put_tensor input_3_0 dims=[100000,18]
DEBUG: put_tensor input_12_0 dims=[100000,18]
DEBUG: put_tensor input_5_0 dims=[100000,18]
DEBUG: put_tensor input_13_0 dims=[100000,18]
DEBUG: put_tensor input_19_0 dims=[100000,18]
DEBUG: put_tensor input_2_0 dims=[100000,18]
[DEBUG] Retrieve these tensors from SmartSim:
[DEBUG]   Tensor 0{dtype=Float, layout=Contiguous, ownership=External, shape=[100000]}
STEP_TIMING step=4 latency_ms=180.70 min_ms=178.64 avg_ms=179.30 total_samples=2000000 throughput_samples_sec=11068304
[DEBUG] Write these tensors to SmartSim:
[DEBUG]   Tensor 0{dtype=Float, layout=Contiguous, ownership=External, shape=[100000, 18]}
DEBUG: put_tensor input_0_0 dims=[100000,18]
[DEBUG] Input tensor names sent to SmartSim:
[DEBUG]   input_0_0
[DEBUG] Output tensor names expected from SmartSim:
[DEBUG]   output_0_0
DEBUG: put_tensor input_7_0 dims=[100000,18]
DEBUG: put_tensor input_8_0 dims=[100000,18]
DEBUG: put_tensor input_1_0 dims=[100000,18]
DEBUG: put_tensor input_2_0 dims=[100000,18]
DEBUG: put_tensor input_3_0 dims=[100000,18]
DEBUG: put_tensor input_11_0 dims=[100000,18]
DEBUG: put_tensor input_5_0 dims=[100000,18]
DEBUG: put_tensor input_13_0 dims=[100000,18]
DEBUG: put_tensor input_10_0 dims=[100000,18]
DEBUG: put_tensor input_17_0 dims=[100000,18]
DEBUG: put_tensor input_16_0 dims=[100000,18]
DEBUG: put_tensor input_4_0 dims=[100000,18]
DEBUG: put_tensor input_19_0 dims=[100000,18]
DEBUG: put_tensor input_15_0 dims=[100000,18]
DEBUG: put_tensor input_12_0 dims=[100000,18]
DEBUG: put_tensor input_6_0 dims=[100000,18]
DEBUG: put_tensor input_18_0 dims=[100000,18]
DEBUG: put_tensor input_14_0 dims=[100000,18]
DEBUG: put_tensor input_9_0 dims=[100000,18]
[DEBUG] Retrieve these tensors from SmartSim:
[DEBUG]   Tensor 0{dtype=Float, layout=Contiguous, ownership=External, shape=[100000]}
STEP_TIMING step=5 latency_ms=227.84 min_ms=224.07 avg_ms=226.96 total_samples=2000000 throughput_samples_sec=8778201
[DEBUG] Write these tensors to SmartSim:
[DEBUG]   Tensor 0{dtype=Float, layout=Contiguous, ownership=External, shape=[100000, 18]}
DEBUG: put_tensor input_7_0 dims=[100000,18]
DEBUG: put_tensor input_19_0 dims=[100000,18]
DEBUG: put_tensor input_15_0 dims=[100000,18]
DEBUG: put_tensor input_17_0 dims=[100000,18]
DEBUG: put_tensor input_14_0 dims=[100000,18]
DEBUG: put_tensor input_11_0 dims=[100000,18]
DEBUG: put_tensor input_5_0 dims=[100000,18]
DEBUG: put_tensor input_3_0 dims=[100000,18]
DEBUG: put_tensor input_0_0 dims=[100000,18]
[DEBUG] Input tensor names sent to SmartSim:
[DEBUG]   input_0_0
[DEBUG] Output tensor names expected from SmartSim:
[DEBUG]   output_0_0
DEBUG: put_tensor input_12_0 dims=[100000,18]
DEBUG: put_tensor input_8_0 dims=[100000,18]
DEBUG: put_tensor input_1_0 dims=[100000,18]
DEBUG: put_tensor input_13_0 dims=[100000,18]
DEBUG: put_tensor input_6_0 dims=[100000,18]
DEBUG: put_tensor input_10_0 dims=[100000,18]
DEBUG: put_tensor input_18_0 dims=[100000,18]
DEBUG: put_tensor input_9_0 dims=[100000,18]
DEBUG: put_tensor input_2_0 dims=[100000,18]
DEBUG: put_tensor input_16_0 dims=[100000,18]
DEBUG: put_tensor input_4_0 dims=[100000,18]
[DEBUG] Retrieve these tensors from SmartSim:
[DEBUG]   Tensor 0{dtype=Float, layout=Contiguous, ownership=External, shape=[100000]}
STEP_TIMING step=6 latency_ms=247.44 min_ms=243.47 avg_ms=245.96 total_samples=2000000 throughput_samples_sec=8082650
[DEBUG] Write these tensors to SmartSim:
[DEBUG]   Tensor 0{dtype=Float, layout=Contiguous, ownership=External, shape=[100000, 18]}
DEBUG: put_tensor input_17_0 dims=[100000,18]
DEBUG: put_tensor input_12_0 dims=[100000,18]
DEBUG: put_tensor input_16_0 dims=[100000,18]
DEBUG: put_tensor input_7_0 dims=[100000,18]
DEBUG: put_tensor input_9_0 dims=[100000,18]
DEBUG: put_tensor input_6_0 dims=[100000,18]
DEBUG: put_tensor input_10_0 dims=[100000,18]
DEBUG: put_tensor input_8_0 dims=[100000,18]
DEBUG: put_tensor input_18_0 dims=[100000,18]
DEBUG: put_tensor input_14_0 dims=[100000,18]
DEBUG: put_tensor input_1_0 dims=[100000,18]
DEBUG: put_tensor input_0_0 dims=[100000,18]
[DEBUG] Input tensor names sent to SmartSim:
[DEBUG]   input_0_0
[DEBUG] Output tensor names expected from SmartSim:
[DEBUG]   output_0_0
DEBUG: put_tensor input_4_0 dims=[100000,18]
DEBUG: put_tensor input_2_0 dims=[100000,18]
DEBUG: put_tensor input_3_0 dims=[100000,18]
DEBUG: put_tensor input_15_0 dims=[100000,18]
DEBUG: put_tensor input_11_0 dims=[100000,18]
DEBUG: put_tensor input_5_0 dims=[100000,18]
DEBUG: put_tensor input_19_0 dims=[100000,18]
DEBUG: put_tensor input_13_0 dims=[100000,18]
[DEBUG] Retrieve these tensors from SmartSim:
[DEBUG]   Tensor 0{dtype=Float, layout=Contiguous, ownership=External, shape=[100000]}
STEP_TIMING step=7 latency_ms=211.33 min_ms=203.11 avg_ms=205.68 total_samples=2000000 throughput_samples_sec=9464014
[DEBUG] Write these tensors to SmartSim:
[DEBUG]   Tensor 0{dtype=Float, layout=Contiguous, ownership=External, shape=[100000, 18]}
DEBUG: put_tensor input_17_0 dims=[100000,18]
DEBUG: put_tensor input_7_0 dims=[100000,18]
DEBUG: put_tensor input_11_0 dims=[100000,18]
DEBUG: put_tensor input_14_0 dims=[100000,18]
DEBUG: put_tensor input_19_0 dims=[100000,18]
DEBUG: put_tensor input_9_0 dims=[100000,18]
DEBUG: put_tensor input_6_0 dims=[100000,18]
DEBUG: put_tensor input_0_0 dims=[100000,18]
[DEBUG] Input tensor names sent to SmartSim:
[DEBUG]   input_0_0
[DEBUG] Output tensor names expected from SmartSim:
[DEBUG]   output_0_0
DEBUG: put_tensor input_4_0 dims=[100000,18]
DEBUG: put_tensor input_8_0 dims=[100000,18]
DEBUG: put_tensor input_18_0 dims=[100000,18]
DEBUG: put_tensor input_2_0 dims=[100000,18]
DEBUG: put_tensor input_5_0 dims=[100000,18]
DEBUG: put_tensor input_15_0 dims=[100000,18]
DEBUG: put_tensor input_3_0 dims=[100000,18]
DEBUG: put_tensor input_10_0 dims=[100000,18]
DEBUG: put_tensor input_12_0 dims=[100000,18]
DEBUG: put_tensor input_16_0 dims=[100000,18]
DEBUG: put_tensor input_13_0 dims=[100000,18]
DEBUG: put_tensor input_1_0 dims=[100000,18]
[DEBUG] Retrieve these tensors from SmartSim:
[DEBUG]   Tensor 0{dtype=Float, layout=Contiguous, ownership=External, shape=[100000]}
STEP_TIMING step=8 latency_ms=187.20 min_ms=184.21 avg_ms=185.74 total_samples=2000000 throughput_samples_sec=10683793
[DEBUG] Write these tensors to SmartSim:
[DEBUG]   Tensor 0{dtype=Float, layout=Contiguous, ownership=External, shape=[100000, 18]}
DEBUG: put_tensor input_14_0 dims=[100000,18]
DEBUG: put_tensor input_5_0 dims=[100000,18]
DEBUG: put_tensor input_17_0 dims=[100000,18]
DEBUG: put_tensor input_6_0 dims=[100000,18]
DEBUG: put_tensor input_10_0 dims=[100000,18]
DEBUG: put_tensor input_18_0 dims=[100000,18]
DEBUG: put_tensor input_13_0 dims=[100000,18]
DEBUG: put_tensor input_0_0 dims=[100000,18]
[DEBUG] Input tensor names sent to SmartSim:
[DEBUG]   input_0_0
[DEBUG] Output tensor names expected from SmartSim:
[DEBUG]   output_0_0
DEBUG: put_tensor input_9_0 dims=[100000,18]
DEBUG: put_tensor input_15_0 dims=[100000,18]
DEBUG: put_tensor input_1_0 dims=[100000,18]
DEBUG: put_tensor input_4_0 dims=[100000,18]
DEBUG: put_tensor input_2_0 dims=[100000,18]
DEBUG: put_tensor input_12_0 dims=[100000,18]
DEBUG: put_tensor input_3_0 dims=[100000,18]
DEBUG: put_tensor input_7_0 dims=[100000,18]
DEBUG: put_tensor input_16_0 dims=[100000,18]
DEBUG: put_tensor input_19_0 dims=[100000,18]
DEBUG: put_tensor input_8_0 dims=[100000,18]
DEBUG: put_tensor input_11_0 dims=[100000,18]
[DEBUG] Retrieve these tensors from SmartSim:
[DEBUG]   Tensor 0{dtype=Float, layout=Contiguous, ownership=External, shape=[100000]}
STEP_TIMING step=9 latency_ms=185.43 min_ms=180.84 avg_ms=184.09 total_samples=2000000 throughput_samples_sec=10785761
[DEBUG] Write these tensors to SmartSim:
[DEBUG]   Tensor 0{dtype=Float, layout=Contiguous, ownership=External, shape=[100000, 18]}
DEBUG: put_tensor input_17_0 dims=[100000,18]
DEBUG: put_tensor input_9_0 dims=[100000,18]
DEBUG: put_tensor input_0_0 dims=[100000,18]
[DEBUG] Input tensor names sent to SmartSim:
[DEBUG]   input_0_0
[DEBUG] Output tensor names expected from SmartSim:
[DEBUG]   output_0_0
DEBUG: put_tensor input_15_0 dims=[100000,18]
DEBUG: put_tensor input_6_0 dims=[100000,18]
DEBUG: put_tensor input_2_0 dims=[100000,18]
DEBUG: put_tensor input_3_0 dims=[100000,18]
DEBUG: put_tensor input_7_0 dims=[100000,18]
DEBUG: put_tensor input_13_0 dims=[100000,18]
DEBUG: put_tensor input_16_0 dims=[100000,18]
DEBUG: put_tensor input_11_0 dims=[100000,18]
DEBUG: put_tensor input_8_0 dims=[100000,18]
DEBUG: put_tensor input_10_0 dims=[100000,18]
DEBUG: put_tensor input_18_0 dims=[100000,18]
DEBUG: put_tensor input_12_0 dims=[100000,18]
DEBUG: put_tensor input_1_0 dims=[100000,18]
DEBUG: put_tensor input_19_0 dims=[100000,18]
DEBUG: put_tensor input_14_0 dims=[100000,18]
DEBUG: put_tensor input_5_0 dims=[100000,18]
DEBUG: put_tensor input_4_0 dims=[100000,18]
[DEBUG] Retrieve these tensors from SmartSim:
[DEBUG]   Tensor 0{dtype=Float, layout=Contiguous, ownership=External, shape=[100000]}
STEP_TIMING step=10 latency_ms=169.91 min_ms=164.30 avg_ms=168.09 total_samples=2000000 throughput_samples_sec=11771272
[DEBUG] Write these tensors to SmartSim:
[DEBUG]   Tensor 0{dtype=Float, layout=Contiguous, ownership=External, shape=[100000, 18]}
DEBUG: put_tensor input_14_0 dims=[100000,18]
DEBUG: put_tensor input_10_0 dims=[100000,18]
DEBUG: put_tensor input_7_0 dims=[100000,18]
DEBUG: put_tensor input_17_0 dims=[100000,18]
DEBUG: put_tensor input_15_0 dims=[100000,18]
DEBUG: put_tensor input_12_0 dims=[100000,18]
DEBUG: put_tensor input_11_0 dims=[100000,18]
DEBUG: put_tensor input_18_0 dims=[100000,18]
DEBUG: put_tensor input_8_0 dims=[100000,18]
DEBUG: put_tensor input_9_0 dims=[100000,18]
DEBUG: put_tensor input_2_0 dims=[100000,18]
DEBUG: put_tensor input_13_0 dims=[100000,18]
DEBUG: put_tensor input_16_0 dims=[100000,18]
DEBUG: put_tensor input_0_0 dims=[100000,18]
[DEBUG] Input tensor names sent to SmartSim:
[DEBUG]   input_0_0
[DEBUG] Output tensor names expected from SmartSim:
[DEBUG]   output_0_0
DEBUG: put_tensor input_5_0 dims=[100000,18]
DEBUG: put_tensor input_1_0 dims=[100000,18]
DEBUG: put_tensor input_19_0 dims=[100000,18]
DEBUG: put_tensor input_3_0 dims=[100000,18]
DEBUG: put_tensor input_4_0 dims=[100000,18]
DEBUG: put_tensor input_6_0 dims=[100000,18]
[DEBUG] Retrieve these tensors from SmartSim:
[DEBUG]   Tensor 0{dtype=Float, layout=Contiguous, ownership=External, shape=[100000]}
STEP_TIMING step=11 latency_ms=175.64 min_ms=170.13 avg_ms=172.62 total_samples=2000000 throughput_samples_sec=11387220
[DEBUG] Write these tensors to SmartSim:
[DEBUG]   Tensor 0{dtype=Float, layout=Contiguous, ownership=External, shape=[100000, 18]}
DEBUG: put_tensor input_7_0 dims=[100000,18]
DEBUG: put_tensor input_17_0 dims=[100000,18]
DEBUG: put_tensor input_15_0 dims=[100000,18]
DEBUG: put_tensor input_9_0 dims=[100000,18]
DEBUG: put_tensor input_14_0 dims=[100000,18]
DEBUG: put_tensor input_10_0 dims=[100000,18]
DEBUG: put_tensor input_13_0 dims=[100000,18]
DEBUG: put_tensor input_8_0 dims=[100000,18]
DEBUG: put_tensor input_6_0 dims=[100000,18]
DEBUG: put_tensor input_2_0 dims=[100000,18]
DEBUG: put_tensor input_0_0 dims=[100000,18]
[DEBUG] Input tensor names sent to SmartSim:
[DEBUG]   input_0_0
[DEBUG] Output tensor names expected from SmartSim:
[DEBUG]   output_0_0
DEBUG: put_tensor input_12_0 dims=[100000,18]
DEBUG: put_tensor input_18_0 dims=[100000,18]
DEBUG: put_tensor input_11_0 dims=[100000,18]
DEBUG: put_tensor input_3_0 dims=[100000,18]
DEBUG: put_tensor input_4_0 dims=[100000,18]
DEBUG: put_tensor input_16_0 dims=[100000,18]
DEBUG: put_tensor input_5_0 dims=[100000,18]
DEBUG: put_tensor input_1_0 dims=[100000,18]
DEBUG: put_tensor input_19_0 dims=[100000,18]
[DEBUG] Retrieve these tensors from SmartSim:
[DEBUG]   Tensor 0{dtype=Float, layout=Contiguous, ownership=External, shape=[100000]}
STEP_TIMING step=12 latency_ms=168.89 min_ms=167.01 avg_ms=167.94 total_samples=2000000 throughput_samples_sec=11841852

=================================================================
=== Benchmark Summary (Steady-State Steps 3 to 12) ===
=================================================================
Steady Step Count:   10
Median Latency:      185.43 ms
Mean Latency:        192.77 ms
Min Latency:         168.89 ms
Max Latency:         247.44 ms
Median Throughput:   10785761 samples/sec
=================================================================
=== Finished smartsim (b=2000000). Log: /rwthfs/rz/cluster/hpcwork/ro092286/smartsim/batch_memory_benchmark/logs/bench_smartsim_b2000000_3053473_smartsim_b2000000.log | Telemetry: /rwthfs/rz/cluster/hpcwork/ro092286/smartsim/batch_memory_benchmark/logs/bench_smartsim_b2000000_3053473_smartsim_b2000000_gpu_telemetry.csv ===

>>> Running Provider: aix_collective | Batch Size: 100000 <<<
=================================================================
=== Running Case: aix_collective | Batch: 100000 | ID: 3053473_aix_collective_b100000 ===
=================================================================
=================================================================
=== CMI Batch & Memory Calibration Benchmark Harness          ===
=================================================================
Provider:           aix
Config:             /rwthfs/rz/cluster/hpcwork/ro092286/smartsim/batch_memory_benchmark/configs/aix.toml
Model Path:         /rwthfs/rz/cluster/hpcwork/ro092286/smartsim/batch_memory_benchmark/../mini_app/train_models/model_a/watercnn_cuda.pt
Solver Ranks:       20 (World size: 20)
Samples per Rank:   100000
Total Work/Step:    2000000 samples
Target Batch Size:  100000
SmartSim Min Batch: 0 (timeout=0 ms)
Total Steps:        12 (Warmup: 2)
=================================================================

AIxeleratorService: suffix = .pt
AIxeleratorService: suffix = .pt
AIxeleratorService: suffix = .pt
AIxeleratorService: suffix = .pt
AIxeleratorService: suffix = .pt
AIxeleratorService: suffix = .pt
AIxeleratorService: suffix = .pt
AIxeleratorService: suffix = .pt
AIxeleratorService: suffix = .pt
AIxeleratorService: suffix = .pt
AIxeleratorService: suffix = .pt
AIxeleratorService: suffix = .pt
AIxeleratorService: suffix = .pt
AIxeleratorService: suffix = .pt
AIxeleratorService: suffix = .pt
AIxeleratorService: suffix = .pt
AIxeleratorService: suffix = .pt
AIxeleratorService: suffix = .pt
AIxeleratorService: suffix = .pt
AIxeleratorService: suffix = .pt
Rank 19/20 on its local machine is 19/20
Rank 15/20 on its local machine is 15/20
Rank 9/20 on its local machine is 9/20
Rank 3/20 on its local machine is 3/20
Rank 5/20 on its local machine is 5/20
Rank 8/20 on its local machine is 8/20
Rank 10/20 on its local machine is 10/20
Rank 4/20 on its local machine is 4/20
Rank 18/20 on its local machine is 18/20
Rank 2/20 on its local machine is 2/20
Rank 16/20 on its local machine is 16/20
Rank 14/20 on its local machine is 14/20
Rank 7/20 on its local machine is 7/20
Rank 17/20 on its local machine is 17/20
Rank 1/20 on its local machine is 1/20
Rank 6/20 on its local machine is 6/20
Rank 11/20 on its local machine is 11/20
Rank 12/20 on its local machine is 12/20
Rank 0/20 on its local machine is 0/20
Rank 13/20 on its local machine is 13/20
Rank 18/20 on its local machine is 18/20 and has access to 1 devices!
Rank 13/20 on its local machine is 13/20 and has access to 1 devices!
Rank 8/20 on its local machine is 8/20 and has access to 1 devices!
Rank 10/20 on its local machine is 10/20 and has access to 1 devices!
Rank 17/20 on its local machine is 17/20 and has access to 1 devices!
Rank 15/20 on its local machine is 15/20 and has access to 1 devices!
Rank 3/20 on its local machine is 3/20 and has access to 1 devices!
Rank 7/20 on its local machine is 7/20 and has access to 1 devices!
Rank 1/20 on its local machine is 1/20 and has access to 1 devices!
Rank 19/20 on its local machine is 19/20 and has access to 1 devices!
Rank 9/20 on its local machine is 9/20 and has access to 1 devices!
Rank 0/20 on its local machine is 0/20 and has access to 1 devices!
Rank 0/20 on its local machine is 0/20 is the GPU controller!
Rank 4/20 on its local machine is 4/20 and has access to 1 devices!
Rank 5/20 on its local machine is 5/20 and has access to 1 devices!
Rank 6/20 on its local machine is 6/20 and has access to 1 devices!
Rank 2/20 on its local machine is 2/20 and has access to 1 devices!
Rank 12/20 on its local machine is 12/20 and has access to 1 devices!
Rank 11/20 on its local machine is 11/20 and has access to 1 devices!
Rank 14/20 on its local machine is 14/20 and has access to 1 devices!
Rank 16/20 on its local machine is 16/20 and has access to 1 devices!
Rank 9/20 knows that there is a total of 1 GPUs across all systems
Rank 15/20 knows that there is a total of 1 GPUs across all systems
Rank 1/20 knows that there is a total of 1 GPUs across all systems
Rank 17/20 knows that there is a total of 1 GPUs across all systems
Rank 19/20 knows that there is a total of 1 GPUs across all systems
Rank 3/20 knows that there is a total of 1 GPUs across all systems
Rank 10/20 knows that there is a total of 1 GPUs across all systems
Rank 7/20 knows that there is a total of 1 GPUs across all systems
Rank 5/20 knows that there is a total of 1 GPUs across all systems
Rank 12/20 knows that there is a total of 1 GPUs across all systems
Rank 2/20 knows that there is a total of 1 GPUs across all systems
Rank 16/20 knows that there is a total of 1 GPUs across all systems
Rank 4/20 knows that there is a total of 1 GPUs across all systems
Rank 13/20 knows that there is a total of 1 GPUs across all systems
Rank 8/20 knows that there is a total of 1 GPUs across all systems
Rank 0/20 knows that there is a total of 1 GPUs across all systems
Rank 18/20 knows that there is a total of 1 GPUs across all systems
Rank 6/20 knows that there is a total of 1 GPUs across all systems
Rank 14/20 knows that there is a total of 1 GPUs across all systems
Rank 11/20 knows that there is a total of 1 GPUs across all systems
Rank 7/20 will be in group 0 order 8
Rank 5/20 will be in group 0 order 6
Rank 12/20 will be in group 0 order 13
Rank 2/20 will be in group 0 order 3
Rank 9/20 will be in group 0 order 10
Rank 15/20 will be in group 0 order 16
Rank 1/20 will be in group 0 order 2
Rank 17/20 will be in group 0 order 18
Rank 11/20 will be in group 0 order 12
Rank 16/20 will be in group 0 order 17
Rank 4/20 will be in group 0 order 5
Rank 13/20 will be in group 0 order 14
Rank 8/20 will be in group 0 order 9
Rank 0/20 will be in group 0 order 0
Rank 18/20 will be in group 0 order 19
Rank 6/20 will be in group 0 order 7
Rank 14/20 will be in group 0 order 15
Rank 19/20 will be in group 0 order 20
Rank 3/20 will be in group 0 order 4
Rank 10/20 will be in group 0 order 11
Rank 18/20 got id of 18/20
Rank 6/20 got id of 6/20
Rank 14/20 got id of 14/20
Rank 19/20 got id of 19/20
Rank 3/20 got id of 3/20
Rank 17/20 got id of 17/20
Rank 7/20 got id of 7/20
Rank 5/20 got id of 5/20
Rank 12/20 got id of 12/20
Rank 2/20 got id of 2/20
Rank 9/20 got id of 9/20
Rank 15/20 got id of 15/20
Rank 1/20 got id of 1/20
Rank 10/20 got id of 10/20
Rank 11/20 got id of 11/20
Rank 16/20 got id of 16/20
Rank 4/20 got id of 4/20
Rank 13/20 got id of 13/20
Rank 8/20 got id of 8/20
Rank 0/20 got id of 0/20
CMI initialized successfully. Starting benchmark steps...

AIxeleratorService: gathering input data
AIxeleratorService: inference on device
AIxeleratorService: inference on host
AIxeleratorService: scattering output data
STEP_TIMING step=1 latency_ms=11199.29 min_ms=11190.96 avg_ms=11195.51 total_samples=2000000 throughput_samples_sec=178583
AIxeleratorService: gathering input data
AIxeleratorService: inference on device
AIxeleratorService: inference on host
AIxeleratorService: scattering output data
STEP_TIMING step=2 latency_ms=38.77 min_ms=37.87 avg_ms=38.36 total_samples=2000000 throughput_samples_sec=51591085
AIxeleratorService: gathering input data
AIxeleratorService: inference on device
AIxeleratorService: inference on host
AIxeleratorService: scattering output data
STEP_TIMING step=3 latency_ms=37.54 min_ms=36.87 avg_ms=37.23 total_samples=2000000 throughput_samples_sec=53276409
AIxeleratorService: gathering input data
AIxeleratorService: inference on device
AIxeleratorService: inference on host
AIxeleratorService: scattering output data
STEP_TIMING step=4 latency_ms=34.80 min_ms=34.16 avg_ms=34.50 total_samples=2000000 throughput_samples_sec=57470843
AIxeleratorService: gathering input data
AIxeleratorService: inference on device
AIxeleratorService: inference on host
AIxeleratorService: scattering output data
STEP_TIMING step=5 latency_ms=33.85 min_ms=33.10 avg_ms=33.53 total_samples=2000000 throughput_samples_sec=59089001
AIxeleratorService: gathering input data
AIxeleratorService: inference on device
AIxeleratorService: inference on host
AIxeleratorService: scattering output data
STEP_TIMING step=6 latency_ms=33.58 min_ms=32.95 avg_ms=33.29 total_samples=2000000 throughput_samples_sec=59563467
AIxeleratorService: gathering input data
AIxeleratorService: inference on device
AIxeleratorService: inference on host
AIxeleratorService: scattering output data
STEP_TIMING step=7 latency_ms=33.54 min_ms=32.91 avg_ms=33.25 total_samples=2000000 throughput_samples_sec=59631599
AIxeleratorService: gathering input data
AIxeleratorService: inference on device
AIxeleratorService: inference on host
AIxeleratorService: scattering output data
STEP_TIMING step=8 latency_ms=33.52 min_ms=32.90 avg_ms=33.23 total_samples=2000000 throughput_samples_sec=59667053
AIxeleratorService: gathering input data
AIxeleratorService: inference on device
AIxeleratorService: inference on host
AIxeleratorService: scattering output data
STEP_TIMING step=9 latency_ms=33.97 min_ms=33.35 avg_ms=33.68 total_samples=2000000 throughput_samples_sec=58875560
AIxeleratorService: gathering input data
AIxeleratorService: inference on device
AIxeleratorService: inference on host
AIxeleratorService: scattering output data
STEP_TIMING step=10 latency_ms=32.94 min_ms=32.32 avg_ms=32.66 total_samples=2000000 throughput_samples_sec=60711000
AIxeleratorService: gathering input data
AIxeleratorService: inference on device
AIxeleratorService: inference on host
AIxeleratorService: scattering output data
STEP_TIMING step=11 latency_ms=32.94 min_ms=32.31 avg_ms=32.64 total_samples=2000000 throughput_samples_sec=60722921
AIxeleratorService: gathering input data
AIxeleratorService: inference on device
AIxeleratorService: inference on host
AIxeleratorService: scattering output data
STEP_TIMING step=12 latency_ms=32.74 min_ms=32.12 avg_ms=32.45 total_samples=2000000 throughput_samples_sec=61080863

=================================================================
=== Benchmark Summary (Steady-State Steps 3 to 12) ===
=================================================================
Steady Step Count:   10
Median Latency:      33.58 ms
Mean Latency:        33.94 ms
Min Latency:         32.74 ms
Max Latency:         37.54 ms
Median Throughput:   59563467 samples/sec
=================================================================
=== Finished aix_collective (b=100000). Log: /rwthfs/rz/cluster/hpcwork/ro092286/smartsim/batch_memory_benchmark/logs/bench_aix_collective_b100000_3053473_aix_collective_b100000.log | Telemetry: /rwthfs/rz/cluster/hpcwork/ro092286/smartsim/batch_memory_benchmark/logs/bench_aix_collective_b100000_3053473_aix_collective_b100000_gpu_telemetry.csv ===

>>> Running Provider: aix_collective | Batch Size: 500000 <<<
=================================================================
=== Running Case: aix_collective | Batch: 500000 | ID: 3053473_aix_collective_b500000 ===
=================================================================
=================================================================
=== CMI Batch & Memory Calibration Benchmark Harness          ===
=================================================================
Provider:           aix
Config:             /rwthfs/rz/cluster/hpcwork/ro092286/smartsim/batch_memory_benchmark/configs/aix.toml
Model Path:         /rwthfs/rz/cluster/hpcwork/ro092286/smartsim/batch_memory_benchmark/../mini_app/train_models/model_a/watercnn_cuda.pt
Solver Ranks:       20 (World size: 20)
Samples per Rank:   100000
Total Work/Step:    2000000 samples
Target Batch Size:  500000
SmartSim Min Batch: 0 (timeout=0 ms)
Total Steps:        12 (Warmup: 2)
=================================================================

AIxeleratorService: suffix = .pt
AIxeleratorService: suffix = .pt
AIxeleratorService: suffix = .pt
AIxeleratorService: suffix = .pt
AIxeleratorService: suffix = .pt
AIxeleratorService: suffix = .pt
AIxeleratorService: suffix = .pt
AIxeleratorService: suffix = .pt
AIxeleratorService: suffix = .pt
AIxeleratorService: suffix = .pt
AIxeleratorService: suffix = .pt
AIxeleratorService: suffix = .pt
AIxeleratorService: suffix = .pt
AIxeleratorService: suffix = .pt
AIxeleratorService: suffix = .pt
AIxeleratorService: suffix = .pt
AIxeleratorService: suffix = .pt
AIxeleratorService: suffix = .pt
AIxeleratorService: suffix = .pt
AIxeleratorService: suffix = .pt
Rank 17/20 on its local machine is 17/20
Rank 14/20 on its local machine is 14/20
Rank 13/20 on its local machine is 13/20
Rank 15/20 on its local machine is 15/20
Rank 1/20 on its local machine is 1/20
Rank 2/20 on its local machine is 2/20
Rank 3/20 on its local machine is 3/20
Rank 4/20 on its local machine is 4/20
Rank 18/20 on its local machine is 18/20
Rank 19/20 on its local machine is 19/20
Rank 9/20 on its local machine is 9/20
Rank 6/20 on its local machine is 6/20
Rank 11/20 on its local machine is 11/20
Rank 10/20 on its local machine is 10/20
Rank 16/20 on its local machine is 16/20
Rank 0/20 on its local machine is 0/20
Rank 5/20 on its local machine is 5/20
Rank 12/20 on its local machine is 12/20
Rank 7/20 on its local machine is 7/20
Rank 8/20 on its local machine is 8/20
Rank 18/20 on its local machine is 18/20 and has access to 1 devices!
Rank 17/20 on its local machine is 17/20 and has access to 1 devices!
Rank 9/20 on its local machine is 9/20 and has access to 1 devices!
Rank 14/20 on its local machine is 14/20 and has access to 1 devices!
Rank 10/20 on its local machine is 10/20 and has access to 1 devices!
Rank 6/20 on its local machine is 6/20 and has access to 1 devices!
Rank 12/20 on its local machine is 12/20 and has access to 1 devices!
Rank 3/20 on its local machine is 3/20 and has access to 1 devices!
Rank 1/20 on its local machine is 1/20 and has access to 1 devices!
Rank 7/20 on its local machine is 7/20 and has access to 1 devices!
Rank 2/20 on its local machine is 2/20 and has access to 1 devices!
Rank 4/20 on its local machine is 4/20 and has access to 1 devices!
Rank 13/20 on its local machine is 13/20 and has access to 1 devices!
Rank 11/20 on its local machine is 11/20 and has access to 1 devices!
Rank 16/20 on its local machine is 16/20 and has access to 1 devices!
Rank 19/20 on its local machine is 19/20 and has access to 1 devices!
Rank 15/20 on its local machine is 15/20 and has access to 1 devices!
Rank 8/20 on its local machine is 8/20 and has access to 1 devices!
Rank 5/20 on its local machine is 5/20 and has access to 1 devices!
Rank 0/20 on its local machine is 0/20 and has access to 1 devices!
Rank 0/20 on its local machine is 0/20 is the GPU controller!
Rank 6/20 knows that there is a total of 1 GPUs across all systems
Rank 1/20 knows that there is a total of 1 GPUs across all systems
Rank 5/20 knows that there is a total of 1 GPUs across all systems
Rank 18/20 knows that there is a total of 1 GPUs across all systems
Rank 9/20 knows that there is a total of 1 GPUs across all systems
Rank 4/20 knows that there is a total of 1 GPUs across all systems
Rank 19/20 knows that there is a total of 1 GPUs across all systems
Rank 3/20 knows that there is a total of 1 GPUs across all systems
Rank 7/20 knows that there is a total of 1 GPUs across all systems
Rank 12/20 knows that there is a total of 1 GPUs across all systems
Rank 2/20 knows that there is a total of 1 GPUs across all systems
Rank 15/20 knows that there is a total of 1 GPUs across all systems
Rank 16/20 knows that there is a total of 1 GPUs across all systems
Rank 17/20 knows that there is a total of 1 GPUs across all systems
Rank 10/20 knows that there is a total of 1 GPUs across all systems
Rank 13/20 knows that there is a total of 1 GPUs across all systems
Rank 14/20 knows that there is a total of 1 GPUs across all systems
Rank 11/20 knows that there is a total of 1 GPUs across all systems
Rank 0/20 knows that there is a total of 1 GPUs across all systems
Rank 8/20 knows that there is a total of 1 GPUs across all systems
Rank 18/20 will be in group 0 order 19
Rank 4/20 will be in group 0 order 5
Rank 19/20 will be in group 0 order 20
Rank 3/20 will be in group 0 order 4
Rank 7/20 will be in group 0 order 8
Rank 12/20 will be in group 0 order 13
Rank 2/20 will be in group 0 order 3
Rank 15/20 will be in group 0 order 16
Rank 16/20 will be in group 0 order 17
Rank 17/20 will be in group 0 order 18
Rank 10/20 will be in group 0 order 11
Rank 13/20 will be in group 0 order 14
Rank 14/20 will be in group 0 order 15
Rank 8/20 will be in group 0 order 9
Rank 0/20 will be in group 0 order 0
Rank 11/20 will be in group 0 order 12
Rank 6/20 will be in group 0 order 7
Rank 1/20 will be in group 0 order 2
Rank 5/20 will be in group 0 order 6
Rank 9/20 will be in group 0 order 10
Rank 2/20 got id of 2/20
Rank 15/20 got id of 15/20
Rank 16/20 got id of 16/20
Rank 17/20 got id of 17/20
Rank 10/20 got id of 10/20
Rank 13/20 got id of 13/20
Rank 9/20 got id of 9/20
Rank 8/20 got id of 8/20
Rank 0/20 got id of 0/20
Rank 11/20 got id of 11/20
Rank 6/20 got id of 6/20
Rank 1/20 got id of 1/20
Rank 14/20 got id of 14/20
Rank 5/20 got id of 5/20
Rank 18/20 got id of 18/20
Rank 4/20 got id of 4/20
Rank 19/20 got id of 19/20
Rank 3/20 got id of 3/20
Rank 7/20 got id of 7/20
Rank 12/20 got id of 12/20
CMI initialized successfully. Starting benchmark steps...

AIxeleratorService: gathering input data
AIxeleratorService: inference on device
AIxeleratorService: inference on host
AIxeleratorService: scattering output data
STEP_TIMING step=1 latency_ms=700.55 min_ms=692.62 avg_ms=696.63 total_samples=2000000 throughput_samples_sec=2854897
AIxeleratorService: gathering input data
AIxeleratorService: inference on device
AIxeleratorService: inference on host
AIxeleratorService: scattering output data
STEP_TIMING step=2 latency_ms=45.73 min_ms=44.74 avg_ms=45.30 total_samples=2000000 throughput_samples_sec=43733725
AIxeleratorService: gathering input data
AIxeleratorService: inference on device
AIxeleratorService: inference on host
AIxeleratorService: scattering output data
STEP_TIMING step=3 latency_ms=42.57 min_ms=41.71 avg_ms=42.22 total_samples=2000000 throughput_samples_sec=46980541
AIxeleratorService: gathering input data
AIxeleratorService: inference on device
AIxeleratorService: inference on host
AIxeleratorService: scattering output data
STEP_TIMING step=4 latency_ms=41.96 min_ms=41.10 avg_ms=41.60 total_samples=2000000 throughput_samples_sec=47665791
AIxeleratorService: gathering input data
AIxeleratorService: inference on device
AIxeleratorService: inference on host
AIxeleratorService: scattering output data
STEP_TIMING step=5 latency_ms=41.43 min_ms=40.58 avg_ms=41.08 total_samples=2000000 throughput_samples_sec=48275815
AIxeleratorService: gathering input data
AIxeleratorService: inference on device
AIxeleratorService: inference on host
AIxeleratorService: scattering output data
STEP_TIMING step=6 latency_ms=41.23 min_ms=40.33 avg_ms=40.87 total_samples=2000000 throughput_samples_sec=48508644
AIxeleratorService: gathering input data
AIxeleratorService: inference on device
AIxeleratorService: inference on host
AIxeleratorService: scattering output data
STEP_TIMING step=7 latency_ms=41.04 min_ms=40.18 avg_ms=40.69 total_samples=2000000 throughput_samples_sec=48729543
AIxeleratorService: gathering input data
AIxeleratorService: inference on device
AIxeleratorService: inference on host
AIxeleratorService: scattering output data
STEP_TIMING step=8 latency_ms=41.37 min_ms=40.52 avg_ms=41.02 total_samples=2000000 throughput_samples_sec=48343080
AIxeleratorService: gathering input data
AIxeleratorService: inference on device
AIxeleratorService: inference on host
AIxeleratorService: scattering output data
STEP_TIMING step=9 latency_ms=36.45 min_ms=35.62 avg_ms=36.10 total_samples=2000000 throughput_samples_sec=54873641
AIxeleratorService: gathering input data
AIxeleratorService: inference on device
AIxeleratorService: inference on host
AIxeleratorService: scattering output data
STEP_TIMING step=10 latency_ms=34.10 min_ms=33.26 avg_ms=33.75 total_samples=2000000 throughput_samples_sec=58654289
AIxeleratorService: gathering input data
AIxeleratorService: inference on device
AIxeleratorService: inference on host
AIxeleratorService: scattering output data
STEP_TIMING step=11 latency_ms=33.13 min_ms=32.29 avg_ms=32.78 total_samples=2000000 throughput_samples_sec=60367993
AIxeleratorService: gathering input data
AIxeleratorService: inference on device
AIxeleratorService: inference on host
AIxeleratorService: scattering output data
STEP_TIMING step=12 latency_ms=32.57 min_ms=31.72 avg_ms=32.21 total_samples=2000000 throughput_samples_sec=61403945

=================================================================
=== Benchmark Summary (Steady-State Steps 3 to 12) ===
=================================================================
Steady Step Count:   10
Median Latency:      41.23 ms
Mean Latency:        38.58 ms
Min Latency:         32.57 ms
Max Latency:         42.57 ms
Median Throughput:   48508644 samples/sec
=================================================================
=== Finished aix_collective (b=500000). Log: /rwthfs/rz/cluster/hpcwork/ro092286/smartsim/batch_memory_benchmark/logs/bench_aix_collective_b500000_3053473_aix_collective_b500000.log | Telemetry: /rwthfs/rz/cluster/hpcwork/ro092286/smartsim/batch_memory_benchmark/logs/bench_aix_collective_b500000_3053473_aix_collective_b500000_gpu_telemetry.csv ===

>>> Running Provider: aix_collective | Batch Size: 2000000 <<<
=================================================================
=== Running Case: aix_collective | Batch: 2000000 | ID: 3053473_aix_collective_b2000000 ===
=================================================================
=================================================================
=== CMI Batch & Memory Calibration Benchmark Harness          ===
=================================================================
Provider:           aix
Config:             /rwthfs/rz/cluster/hpcwork/ro092286/smartsim/batch_memory_benchmark/configs/aix.toml
Model Path:         /rwthfs/rz/cluster/hpcwork/ro092286/smartsim/batch_memory_benchmark/../mini_app/train_models/model_a/watercnn_cuda.pt
Solver Ranks:       20 (World size: 20)
Samples per Rank:   100000
Total Work/Step:    2000000 samples
Target Batch Size:  2000000
SmartSim Min Batch: 0 (timeout=0 ms)
Total Steps:        12 (Warmup: 2)
=================================================================

AIxeleratorService: suffix = .pt
AIxeleratorService: suffix = .pt
AIxeleratorService: suffix = .pt
AIxeleratorService: suffix = .pt
AIxeleratorService: suffix = .pt
AIxeleratorService: suffix = .pt
AIxeleratorService: suffix = .pt
AIxeleratorService: suffix = .pt
AIxeleratorService: suffix = .pt
AIxeleratorService: suffix = .pt
AIxeleratorService: suffix = .pt
AIxeleratorService: suffix = .pt
AIxeleratorService: suffix = .pt
AIxeleratorService: suffix = .pt
AIxeleratorService: suffix = .pt
AIxeleratorService: suffix = .pt
AIxeleratorService: suffix = .pt
AIxeleratorService: suffix = .pt
AIxeleratorService: suffix = .pt
AIxeleratorService: suffix = .pt
Rank 18/20 on its local machine is 18/20
Rank 0/20 on its local machine is 0/20
Rank 11/20 on its local machine is 11/20
Rank 19/20 on its local machine is 19/20
Rank 7/20 on its local machine is 7/20
Rank 10/20 on its local machine is 10/20
Rank 17/20 on its local machine is 17/20
Rank 15/20 on its local machine is 15/20
Rank 6/20 on its local machine is 6/20
Rank 5/20 on its local machine is 5/20
Rank 9/20 on its local machine is 9/20
Rank 4/20 on its local machine is 4/20
Rank 2/20 on its local machine is 2/20
Rank 8/20 on its local machine is 8/20
Rank 3/20 on its local machine is 3/20
Rank 14/20 on its local machine is 14/20
Rank 12/20 on its local machine is 12/20
Rank 13/20 on its local machine is 13/20
Rank 16/20 on its local machine is 16/20
Rank 1/20 on its local machine is 1/20
Rank 14/20 on its local machine is 14/20 and has access to 1 devices!
Rank 6/20 on its local machine is 6/20 and has access to 1 devices!
Rank 2/20 on its local machine is 2/20 and has access to 1 devices!
Rank 9/20 on its local machine is 9/20 and has access to 1 devices!
Rank 11/20 on its local machine is 11/20 and has access to 1 devices!
Rank 17/20 on its local machine is 17/20 and has access to 1 devices!
Rank 7/20 on its local machine is 7/20 and has access to 1 devices!
Rank 15/20 on its local machine is 15/20 and has access to 1 devices!
Rank 8/20 on its local machine is 8/20 and has access to 1 devices!
Rank 4/20 on its local machine is 4/20 and has access to 1 devices!
Rank 10/20 on its local machine is 10/20 and has access to 1 devices!
Rank 12/20 on its local machine is 12/20 and has access to 1 devices!
Rank 19/20 on its local machine is 19/20 and has access to 1 devices!
Rank 18/20 on its local machine is 18/20 and has access to 1 devices!
Rank 5/20 on its local machine is 5/20 and has access to 1 devices!
Rank 16/20 on its local machine is 16/20 and has access to 1 devices!
Rank 3/20 on its local machine is 3/20 and has access to 1 devices!
Rank 1/20 on its local machine is 1/20 and has access to 1 devices!
Rank 0/20 on its local machine is 0/20 and has access to 1 devices!
Rank 0/20 on its local machine is 0/20 is the GPU controller!
Rank 13/20 on its local machine is 13/20 and has access to 1 devices!
Rank 12/20 knows that there is a total of 1 GPUs across all systems
Rank 17/20 knows that there is a total of 1 GPUs across all systems
Rank 4/20 knows that there is a total of 1 GPUs across all systems
Rank 11/20 knows that there is a total of 1 GPUs across all systems
Rank 7/20 knows that there is a total of 1 GPUs across all systems
Rank 14/20 knows that there is a total of 1 GPUs across all systems
Rank 18/20 knows that there is a total of 1 GPUs across all systems
Rank 2/20 knows that there is a total of 1 GPUs across all systems
Rank 8/20 knows that there is a total of 1 GPUs across all systems
Rank 6/20 knows that there is a total of 1 GPUs across all systems
Rank 15/20 knows that there is a total of 1 GPUs across all systems
Rank 16/20 knows that there is a total of 1 GPUs across all systems
Rank 3/20 knows that there is a total of 1 GPUs across all systems
Rank 10/20 knows that there is a total of 1 GPUs across all systems
Rank 0/20 knows that there is a total of 1 GPUs across all systems
Rank 13/20 knows that there is a total of 1 GPUs across all systems
Rank 5/20 knows that there is a total of 1 GPUs across all systems
Rank 19/20 knows that there is a total of 1 GPUs across all systems
Rank 1/20 knows that there is a total of 1 GPUs across all systems
Rank 9/20 knows that there is a total of 1 GPUs across all systems
Rank 11/20 will be in group 0 order 12
Rank 18/20 will be in group 0 order 19
Rank 2/20 will be in group 0 order 3
Rank 16/20 will be in group 0 order 17
Rank 3/20 will be in group 0 order 4
Rank 10/20 will be in group 0 order 11
Rank 9/20 will be in group 0 order 10
Rank 0/20 will be in group 0 order 0
Rank 17/20 will be in group 0 order 18
Rank 4/20 will be in group 0 order 5
Rank 13/20 will be in group 0 order 14
Rank 5/20 will be in group 0 order 6
Rank 19/20 will be in group 0 order 20
Rank 1/20 will be in group 0 order 2
Rank 12/20 will be in group 0 order 13
Rank 7/20 will be in group 0 order 8
Rank 14/20 will be in group 0 order 15
Rank 8/20 will be in group 0 order 9
Rank 6/20 will be in group 0 order 7
Rank 15/20 will be in group 0 order 16
Rank 0/20 got id of 0/20
Rank 17/20 got id of 17/20
Rank 10/20 got id of 10/20
Rank 12/20 got id of 12/20
Rank 7/20 got id of 7/20
Rank 11/20 got id of 11/20
Rank 18/20 got id of 18/20
Rank 14/20 got id of 14/20
Rank 8/20 got id of 8/20
Rank 6/20 got id of 6/20
Rank 2/20 got id of 2/20
Rank 16/20 got id of 16/20
Rank 3/20 got id of 3/20
Rank 15/20 got id of 15/20
Rank 4/20 got id of 4/20
Rank 13/20 got id of 13/20
Rank 5/20 got id of 5/20
Rank 19/20 got id of 19/20
Rank 9/20 got id of 9/20
Rank 1/20 got id of 1/20
CMI initialized successfully. Starting benchmark steps...

AIxeleratorService: gathering input data
AIxeleratorService: inference on device
AIxeleratorService: inference on host
AIxeleratorService: scattering output data
STEP_TIMING step=1 latency_ms=306.58 min_ms=299.28 avg_ms=302.89 total_samples=2000000 throughput_samples_sec=6523509
AIxeleratorService: gathering input data
AIxeleratorService: inference on device
AIxeleratorService: inference on host
AIxeleratorService: scattering output data
STEP_TIMING step=2 latency_ms=39.85 min_ms=38.92 avg_ms=39.46 total_samples=2000000 throughput_samples_sec=50189221
AIxeleratorService: gathering input data
AIxeleratorService: inference on device
AIxeleratorService: inference on host
AIxeleratorService: scattering output data
STEP_TIMING step=3 latency_ms=37.48 min_ms=36.64 avg_ms=37.13 total_samples=2000000 throughput_samples_sec=53366321
AIxeleratorService: gathering input data
AIxeleratorService: inference on device
AIxeleratorService: inference on host
AIxeleratorService: scattering output data
STEP_TIMING step=4 latency_ms=34.97 min_ms=34.18 avg_ms=34.64 total_samples=2000000 throughput_samples_sec=57184953
AIxeleratorService: gathering input data
AIxeleratorService: inference on device
AIxeleratorService: inference on host
AIxeleratorService: scattering output data
STEP_TIMING step=5 latency_ms=34.40 min_ms=33.60 avg_ms=34.07 total_samples=2000000 throughput_samples_sec=58133470
AIxeleratorService: gathering input data
AIxeleratorService: inference on device
AIxeleratorService: inference on host
AIxeleratorService: scattering output data
STEP_TIMING step=6 latency_ms=34.29 min_ms=33.46 avg_ms=33.95 total_samples=2000000 throughput_samples_sec=58334043
AIxeleratorService: gathering input data
AIxeleratorService: inference on device
AIxeleratorService: inference on host
AIxeleratorService: scattering output data
STEP_TIMING step=7 latency_ms=34.19 min_ms=33.37 avg_ms=33.85 total_samples=2000000 throughput_samples_sec=58495560
AIxeleratorService: gathering input data
AIxeleratorService: inference on device
AIxeleratorService: inference on host
AIxeleratorService: scattering output data
STEP_TIMING step=8 latency_ms=34.06 min_ms=33.25 avg_ms=33.72 total_samples=2000000 throughput_samples_sec=58715774
AIxeleratorService: gathering input data
AIxeleratorService: inference on device
AIxeleratorService: inference on host
AIxeleratorService: scattering output data
STEP_TIMING step=9 latency_ms=35.36 min_ms=34.53 avg_ms=35.01 total_samples=2000000 throughput_samples_sec=56567621
AIxeleratorService: gathering input data
AIxeleratorService: inference on device
AIxeleratorService: inference on host
AIxeleratorService: scattering output data
STEP_TIMING step=10 latency_ms=34.09 min_ms=33.27 avg_ms=33.75 total_samples=2000000 throughput_samples_sec=58674136
AIxeleratorService: gathering input data
AIxeleratorService: inference on device
AIxeleratorService: inference on host
AIxeleratorService: scattering output data
STEP_TIMING step=11 latency_ms=34.00 min_ms=33.19 avg_ms=33.66 total_samples=2000000 throughput_samples_sec=58815683
AIxeleratorService: gathering input data
AIxeleratorService: inference on device
AIxeleratorService: inference on host
AIxeleratorService: scattering output data
STEP_TIMING step=12 latency_ms=33.89 min_ms=33.07 avg_ms=33.55 total_samples=2000000 throughput_samples_sec=59019032

=================================================================
=== Benchmark Summary (Steady-State Steps 3 to 12) ===
=================================================================
Steady Step Count:   10
Median Latency:      34.29 ms
Mean Latency:        34.67 ms
Min Latency:         33.89 ms
Max Latency:         37.48 ms
Median Throughput:   58334043 samples/sec
=================================================================
=== Finished aix_collective (b=2000000). Log: /rwthfs/rz/cluster/hpcwork/ro092286/smartsim/batch_memory_benchmark/logs/bench_aix_collective_b2000000_3053473_aix_collective_b2000000.log | Telemetry: /rwthfs/rz/cluster/hpcwork/ro092286/smartsim/batch_memory_benchmark/logs/bench_aix_collective_b2000000_3053473_aix_collective_b2000000_gpu_telemetry.csv ===

>>> Running Provider: aix_pipelined | Batch Size: 100000 <<<
=================================================================
=== Running Case: aix_pipelined | Batch: 100000 | ID: 3053473_aix_pipelined_b100000 ===
=================================================================
=================================================================
=== CMI Batch & Memory Calibration Benchmark Harness          ===
=================================================================
Provider:           aix
Config:             /rwthfs/rz/cluster/hpcwork/ro092286/smartsim/batch_memory_benchmark/configs/aix.toml
Model Path:         /rwthfs/rz/cluster/hpcwork/ro092286/smartsim/batch_memory_benchmark/../mini_app/train_models/model_a/watercnn_cuda.pt
Solver Ranks:       20 (World size: 20)
Samples per Rank:   100000
Total Work/Step:    2000000 samples
Target Batch Size:  100000
SmartSim Min Batch: 0 (timeout=0 ms)
Total Steps:        12 (Warmup: 2)
=================================================================

AIxeleratorService: suffix = .pt
AIxeleratorService: suffix = .pt
AIxeleratorService: suffix = .pt
AIxeleratorService: suffix = .pt
AIxeleratorService: suffix = .pt
AIxeleratorService: suffix = .pt
AIxeleratorService: suffix = .pt
AIxeleratorService: suffix = .pt
AIxeleratorService: suffix = .pt
AIxeleratorService: suffix = .pt
AIxeleratorService: suffix = .pt
AIxeleratorService: suffix = .pt
AIxeleratorService: suffix = .pt
AIxeleratorService: suffix = .pt
AIxeleratorService: suffix = .pt
AIxeleratorService: suffix = .pt
AIxeleratorService: suffix = .pt
AIxeleratorService: suffix = .pt
AIxeleratorService: suffix = .pt
AIxeleratorService: suffix = .pt
Rank 19/20 on its local machine is 19/20
Rank 18/20 on its local machine is 18/20
Rank 0/20 on its local machine is 0/20
Rank 9/20 on its local machine is 9/20
Rank 12/20 on its local machine is 12/20
Rank 2/20 on its local machine is 2/20
Rank 6/20 on its local machine is 6/20
Rank 16/20 on its local machine is 16/20
Rank 15/20 on its local machine is 15/20
Rank 11/20 on its local machine is 11/20
Rank 14/20 on its local machine is 14/20
Rank 13/20 on its local machine is 13/20
Rank 10/20 on its local machine is 10/20
Rank 4/20 on its local machine is 4/20
Rank 1/20 on its local machine is 1/20
Rank 3/20 on its local machine is 3/20
Rank 7/20 on its local machine is 7/20
Rank 8/20 on its local machine is 8/20
Rank 5/20 on its local machine is 5/20
Rank 17/20 on its local machine is 17/20
Rank 2/20 on its local machine is 2/20 and has access to 1 devices!
Rank 3/20 on its local machine is 3/20 and has access to 1 devices!
Rank 18/20 on its local machine is 18/20 and has access to 1 devices!
Rank 7/20 on its local machine is 7/20 and has access to 1 devices!
Rank 8/20 on its local machine is 8/20 and has access to 1 devices!
Rank 0/20 on its local machine is 0/20 and has access to 1 devices!
Rank 0/20 on its local machine is 0/20 is the GPU controller!
Rank 4/20 on its local machine is 4/20 and has access to 1 devices!
Rank 16/20 on its local machine is 16/20 and has access to 1 devices!
Rank 11/20 on its local machine is 11/20 and has access to 1 devices!
Rank 14/20 on its local machine is 14/20 and has access to 1 devices!
Rank 17/20 on its local machine is 17/20 and has access to 1 devices!
Rank 19/20 on its local machine is 19/20 and has access to 1 devices!
Rank 5/20 on its local machine is 5/20 and has access to 1 devices!
Rank 12/20 on its local machine is 12/20 and has access to 1 devices!
Rank 1/20 on its local machine is 1/20 and has access to 1 devices!
Rank 6/20 on its local machine is 6/20 and has access to 1 devices!
Rank 10/20 on its local machine is 10/20 and has access to 1 devices!
Rank 15/20 on its local machine is 15/20 and has access to 1 devices!
Rank 9/20 on its local machine is 9/20 and has access to 1 devices!
Rank 13/20 on its local machine is 13/20 and has access to 1 devices!
Rank 8/20 knows that there is a total of 1 GPUs across all systems
Rank 12/20 knows that there is a total of 1 GPUs across all systems
Rank 18/20 knows that there is a total of 1 GPUs across all systems
Rank 7/20 knows that there is a total of 1 GPUs across all systems
Rank 19/20 knows that there is a total of 1 GPUs across all systems
Rank 5/20 knows that there is a total of 1 GPUs across all systems
Rank 17/20 knows that there is a total of 1 GPUs across all systems
Rank 3/20 knows that there is a total of 1 GPUs across all systems
Rank 13/20 knows that there is a total of 1 GPUs across all systems
Rank 15/20 knows that there is a total of 1 GPUs across all systems
Rank 14/20 knows that there is a total of 1 GPUs across all systems
Rank 1/20 knows that there is a total of 1 GPUs across all systems
Rank 4/20 knows that there is a total of 1 GPUs across all systems
Rank 10/20 knows that there is a total of 1 GPUs across all systems
Rank 16/20 knows that there is a total of 1 GPUs across all systems
Rank 0/20 knows that there is a total of 1 GPUs across all systems
Rank 11/20 knows that there is a total of 1 GPUs across all systems
Rank 6/20 knows that there is a total of 1 GPUs across all systems
Rank 2/20 knows that there is a total of 1 GPUs across all systems
Rank 9/20 knows that there is a total of 1 GPUs across all systems
Rank 5/20 will be in group 0 order 6
Rank 17/20 will be in group 0 order 18
Rank 3/20 will be in group 0 order 4
Rank 13/20 will be in group 0 order 14
Rank 15/20 will be in group 0 order 16
Rank 14/20 will be in group 0 order 15
Rank 1/20 will be in group 0 order 2
Rank 4/20 will be in group 0 order 5
Rank 10/20 will be in group 0 order 11
Rank 0/20 will be in group 0 order 0
Rank 2/20 will be in group 0 order 3
Rank 11/20 will be in group 0 order 12
Rank 16/20 will be in group 0 order 17
Rank 8/20 will be in group 0 order 9
Rank 6/20 will be in group 0 order 7
Rank 12/20 will be in group 0 order 13
Rank 18/20 will be in group 0 order 19
Rank 7/20 will be in group 0 order 8
Rank 19/20 will be in group 0 order 20
Rank 9/20 will be in group 0 order 10
Rank 6/20 got id of 6/20
Rank 12/20 got id of 12/20
Rank 18/20 got id of 18/20
Rank 7/20 got id of 7/20
Rank 19/20 got id of 19/20
Rank 5/20 got id of 5/20
Rank 17/20 got id of 17/20
Rank 3/20 got id of 3/20
Rank 9/20 got id of 9/20
Rank 13/20 got id of 13/20
Rank 15/20 got id of 15/20
Rank 14/20 got id of 14/20
Rank 1/20 got id of 1/20
Rank 4/20 got id of 4/20
Rank 10/20 got id of 10/20
Rank 0/20 got id of 0/20
Rank 2/20 got id of 2/20
Rank 11/20 got id of 11/20
Rank 16/20 got id of 16/20
Rank 8/20 got id of 8/20
CMI initialized successfully. Starting benchmark steps...

STEP_TIMING step=1 latency_ms=272.66 min_ms=271.26 avg_ms=271.79 total_samples=2000000 throughput_samples_sec=7335050
STEP_TIMING step=2 latency_ms=33.09 min_ms=32.14 avg_ms=32.38 total_samples=2000000 throughput_samples_sec=60436739
STEP_TIMING step=3 latency_ms=31.69 min_ms=30.64 avg_ms=30.94 total_samples=2000000 throughput_samples_sec=63111459
STEP_TIMING step=4 latency_ms=30.64 min_ms=29.54 avg_ms=29.85 total_samples=2000000 throughput_samples_sec=65267041
STEP_TIMING step=5 latency_ms=31.13 min_ms=30.03 avg_ms=30.31 total_samples=2000000 throughput_samples_sec=64247031
STEP_TIMING step=6 latency_ms=29.98 min_ms=28.87 avg_ms=29.19 total_samples=2000000 throughput_samples_sec=66702368
STEP_TIMING step=7 latency_ms=30.09 min_ms=28.97 avg_ms=29.26 total_samples=2000000 throughput_samples_sec=66477293
STEP_TIMING step=8 latency_ms=29.87 min_ms=28.75 avg_ms=29.05 total_samples=2000000 throughput_samples_sec=66953751
STEP_TIMING step=9 latency_ms=29.89 min_ms=28.77 avg_ms=29.04 total_samples=2000000 throughput_samples_sec=66902643
STEP_TIMING step=10 latency_ms=29.62 min_ms=28.51 avg_ms=28.80 total_samples=2000000 throughput_samples_sec=67511173
STEP_TIMING step=11 latency_ms=29.68 min_ms=28.57 avg_ms=28.88 total_samples=2000000 throughput_samples_sec=67395043
STEP_TIMING step=12 latency_ms=29.58 min_ms=28.48 avg_ms=28.78 total_samples=2000000 throughput_samples_sec=67603288

=================================================================
=== Benchmark Summary (Steady-State Steps 3 to 12) ===
=================================================================
Steady Step Count:   10
Median Latency:      29.98 ms
Mean Latency:        30.22 ms
Min Latency:         29.58 ms
Max Latency:         31.69 ms
Median Throughput:   66702368 samples/sec
=================================================================
=== Finished aix_pipelined (b=100000). Log: /rwthfs/rz/cluster/hpcwork/ro092286/smartsim/batch_memory_benchmark/logs/bench_aix_pipelined_b100000_3053473_aix_pipelined_b100000.log | Telemetry: /rwthfs/rz/cluster/hpcwork/ro092286/smartsim/batch_memory_benchmark/logs/bench_aix_pipelined_b100000_3053473_aix_pipelined_b100000_gpu_telemetry.csv ===

>>> Running Provider: aix_pipelined | Batch Size: 500000 <<<
=================================================================
=== Running Case: aix_pipelined | Batch: 500000 | ID: 3053473_aix_pipelined_b500000 ===
=================================================================
=================================================================
=== CMI Batch & Memory Calibration Benchmark Harness          ===
=================================================================
Provider:           aix
Config:             /rwthfs/rz/cluster/hpcwork/ro092286/smartsim/batch_memory_benchmark/configs/aix.toml
Model Path:         /rwthfs/rz/cluster/hpcwork/ro092286/smartsim/batch_memory_benchmark/../mini_app/train_models/model_a/watercnn_cuda.pt
Solver Ranks:       20 (World size: 20)
Samples per Rank:   100000
Total Work/Step:    2000000 samples
Target Batch Size:  500000
SmartSim Min Batch: 0 (timeout=0 ms)
Total Steps:        12 (Warmup: 2)
=================================================================

AIxeleratorService: suffix = .pt
AIxeleratorService: suffix = .pt
AIxeleratorService: suffix = .pt
AIxeleratorService: suffix = .pt
AIxeleratorService: suffix = .pt
AIxeleratorService: suffix = .pt
AIxeleratorService: suffix = .pt
AIxeleratorService: suffix = .pt
AIxeleratorService: suffix = .pt
AIxeleratorService: suffix = .pt
AIxeleratorService: suffix = .pt
AIxeleratorService: suffix = .pt
AIxeleratorService: suffix = .pt
AIxeleratorService: suffix = .pt
AIxeleratorService: suffix = .pt
AIxeleratorService: suffix = .pt
AIxeleratorService: suffix = .pt
AIxeleratorService: suffix = .pt
AIxeleratorService: suffix = .pt
AIxeleratorService: suffix = .pt
Rank 4/20 on its local machine is 4/20
Rank 6/20 on its local machine is 6/20
Rank 3/20 on its local machine is 3/20
Rank 1/20 on its local machine is 1/20
Rank 11/20 on its local machine is 11/20
Rank 16/20 on its local machine is 16/20
Rank 7/20 on its local machine is 7/20
Rank 14/20 on its local machine is 14/20
Rank 17/20 on its local machine is 17/20
Rank 13/20 on its local machine is 13/20
Rank 0/20 on its local machine is 0/20
Rank 15/20 on its local machine is 15/20
Rank 19/20 on its local machine is 19/20
Rank 9/20 on its local machine is 9/20
Rank 2/20 on its local machine is 2/20
Rank 8/20 on its local machine is 8/20
Rank 12/20 on its local machine is 12/20
Rank 5/20 on its local machine is 5/20
Rank 18/20 on its local machine is 18/20
Rank 10/20 on its local machine is 10/20
Rank 13/20 on its local machine is 13/20 and has access to 1 devices!
Rank 17/20 on its local machine is 17/20 and has access to 1 devices!
Rank 15/20 on its local machine is 15/20 and has access to 1 devices!
Rank 9/20 on its local machine is 9/20 and has access to 1 devices!
Rank 0/20 on its local machine is 0/20 and has access to 1 devices!
Rank 0/20 on its local machine is 0/20 is the GPU controller!
Rank 8/20 on its local machine is 8/20 and has access to 1 devices!
Rank 3/20 on its local machine is 3/20 and has access to 1 devices!
Rank 2/20 on its local machine is 2/20 and has access to 1 devices!
Rank 10/20 on its local machine is 10/20 and has access to 1 devices!
Rank 4/20 on its local machine is 4/20 and has access to 1 devices!
Rank 5/20 on its local machine is 5/20 and has access to 1 devices!
Rank 14/20 on its local machine is 14/20 and has access to 1 devices!
Rank 18/20 on its local machine is 18/20 and has access to 1 devices!
Rank 7/20 on its local machine is 7/20 and has access to 1 devices!
Rank 12/20 on its local machine is 12/20 and has access to 1 devices!
Rank 16/20 on its local machine is 16/20 and has access to 1 devices!
Rank 6/20 on its local machine is 6/20 and has access to 1 devices!
Rank 1/20 on its local machine is 1/20 and has access to 1 devices!
Rank 19/20 on its local machine is 19/20 and has access to 1 devices!
Rank 11/20 on its local machine is 11/20 and has access to 1 devices!
Rank 11/20 knows that there is a total of 1 GPUs across all systems
Rank 17/20 knows that there is a total of 1 GPUs across all systems
Rank 15/20 knows that there is a total of 1 GPUs across all systems
Rank 3/20 knows that there is a total of 1 GPUs across all systems
Rank 7/20 knows that there is a total of 1 GPUs across all systems
Rank 2/20 knows that there is a total of 1 GPUs across all systems
Rank 6/20 knows that there is a total of 1 GPUs across all systems
Rank 19/20 knows that there is a total of 1 GPUs across all systems
Rank 13/20 knows that there is a total of 1 GPUs across all systems
Rank 9/20 knows that there is a total of 1 GPUs across all systems
Rank 10/20 knows that there is a total of 1 GPUs across all systems
Rank 16/20 knows that there is a total of 1 GPUs across all systems
Rank 12/20 knows that there is a total of 1 GPUs across all systems
Rank 18/20 knows that there is a total of 1 GPUs across all systems
Rank 5/20 knows that there is a total of 1 GPUs across all systems
Rank 1/20 knows that there is a total of 1 GPUs across all systems
Rank 0/20 knows that there is a total of 1 GPUs across all systems
Rank 4/20 knows that there is a total of 1 GPUs across all systems
Rank 14/20 knows that there is a total of 1 GPUs across all systems
Rank 8/20 knows that there is a total of 1 GPUs across all systems
Rank 16/20 will be in group 0 order 17
Rank 12/20 will be in group 0 order 13
Rank 18/20 will be in group 0 order 19
Rank 11/20 will be in group 0 order 12
Rank 5/20 will be in group 0 order 6
Rank 1/20 will be in group 0 order 2
Rank 3/20 will be in group 0 order 4
Rank 0/20 will be in group 0 order 0
Rank 4/20 will be in group 0 order 5
Rank 7/20 will be in group 0 order 8
Rank 9/20 will be in group 0 order 10
Rank 14/20 will be in group 0 order 15
Rank 2/20 will be in group 0 order 3
Rank 6/20 will be in group 0 order 7
Rank 8/20 will be in group 0 order 9
Rank 13/20 will be in group 0 order 14
Rank 17/20 will be in group 0 order 18
Rank 15/20 will be in group 0 order 16
Rank 10/20 will be in group 0 order 11
Rank 19/20 will be in group 0 order 20
Rank 8/20 got id of 8/20
Rank 18/20 got id of 18/20
Rank 11/20 got id of 11/20
Rank 13/20 got id of 13/20
Rank 17/20 got id of 17/20
Rank 5/20 got id of 5/20
Rank 1/20 got id of 1/20
Rank 3/20 got id of 3/20
Rank 0/20 got id of 0/20
Rank 4/20 got id of 4/20
Rank 7/20 got id of 7/20
Rank 15/20 got id of 15/20
Rank 9/20 got id of 9/20
Rank 14/20 got id of 14/20
Rank 2/20 got id of 2/20
Rank 6/20 got id of 6/20
Rank 16/20 got id of 16/20
Rank 12/20 got id of 12/20
Rank 10/20 got id of 10/20
Rank 19/20 got id of 19/20
CMI initialized successfully. Starting benchmark steps...

STEP_TIMING step=1 latency_ms=269.72 min_ms=268.28 avg_ms=268.77 total_samples=2000000 throughput_samples_sec=7415152
STEP_TIMING step=2 latency_ms=33.00 min_ms=31.92 avg_ms=32.33 total_samples=2000000 throughput_samples_sec=60601780
STEP_TIMING step=3 latency_ms=31.60 min_ms=30.47 avg_ms=30.81 total_samples=2000000 throughput_samples_sec=63296359
STEP_TIMING step=4 latency_ms=30.16 min_ms=28.98 avg_ms=29.32 total_samples=2000000 throughput_samples_sec=66323636
STEP_TIMING step=5 latency_ms=30.78 min_ms=29.61 avg_ms=29.96 total_samples=2000000 throughput_samples_sec=64973450
STEP_TIMING step=6 latency_ms=29.41 min_ms=28.22 avg_ms=28.57 total_samples=2000000 throughput_samples_sec=68010946
STEP_TIMING step=7 latency_ms=29.31 min_ms=28.15 avg_ms=28.48 total_samples=2000000 throughput_samples_sec=68245990
STEP_TIMING step=8 latency_ms=29.09 min_ms=27.91 avg_ms=28.24 total_samples=2000000 throughput_samples_sec=68751721
STEP_TIMING step=9 latency_ms=29.11 min_ms=27.90 avg_ms=28.24 total_samples=2000000 throughput_samples_sec=68706583
STEP_TIMING step=10 latency_ms=28.99 min_ms=27.83 avg_ms=28.16 total_samples=2000000 throughput_samples_sec=68978328
STEP_TIMING step=11 latency_ms=29.03 min_ms=27.86 avg_ms=28.22 total_samples=2000000 throughput_samples_sec=68901306
STEP_TIMING step=12 latency_ms=28.92 min_ms=27.71 avg_ms=28.06 total_samples=2000000 throughput_samples_sec=69151284

=================================================================
=== Benchmark Summary (Steady-State Steps 3 to 12) ===
=================================================================
Steady Step Count:   10
Median Latency:      29.31 ms
Mean Latency:        29.64 ms
Min Latency:         28.92 ms
Max Latency:         31.60 ms
Median Throughput:   68245990 samples/sec
=================================================================
=== Finished aix_pipelined (b=500000). Log: /rwthfs/rz/cluster/hpcwork/ro092286/smartsim/batch_memory_benchmark/logs/bench_aix_pipelined_b500000_3053473_aix_pipelined_b500000.log | Telemetry: /rwthfs/rz/cluster/hpcwork/ro092286/smartsim/batch_memory_benchmark/logs/bench_aix_pipelined_b500000_3053473_aix_pipelined_b500000_gpu_telemetry.csv ===

>>> Running Provider: aix_pipelined | Batch Size: 2000000 <<<
=================================================================
=== Running Case: aix_pipelined | Batch: 2000000 | ID: 3053473_aix_pipelined_b2000000 ===
=================================================================
=================================================================
=== CMI Batch & Memory Calibration Benchmark Harness          ===
=================================================================
Provider:           aix
Config:             /rwthfs/rz/cluster/hpcwork/ro092286/smartsim/batch_memory_benchmark/configs/aix.toml
Model Path:         /rwthfs/rz/cluster/hpcwork/ro092286/smartsim/batch_memory_benchmark/../mini_app/train_models/model_a/watercnn_cuda.pt
Solver Ranks:       20 (World size: 20)
Samples per Rank:   100000
Total Work/Step:    2000000 samples
Target Batch Size:  2000000
SmartSim Min Batch: 0 (timeout=0 ms)
Total Steps:        12 (Warmup: 2)
=================================================================

AIxeleratorService: suffix = .pt
AIxeleratorService: suffix = .pt
AIxeleratorService: suffix = .pt
AIxeleratorService: suffix = .pt
AIxeleratorService: suffix = .pt
AIxeleratorService: suffix = .pt
AIxeleratorService: suffix = .pt
AIxeleratorService: suffix = .pt
AIxeleratorService: suffix = .pt
AIxeleratorService: suffix = .pt
AIxeleratorService: suffix = .pt
AIxeleratorService: suffix = .pt
AIxeleratorService: suffix = .pt
AIxeleratorService: suffix = .pt
AIxeleratorService: suffix = .pt
AIxeleratorService: suffix = .pt
AIxeleratorService: suffix = .pt
AIxeleratorService: suffix = .pt
AIxeleratorService: suffix = .pt
AIxeleratorService: suffix = .pt
Rank 18/20 on its local machine is 18/20
Rank 16/20 on its local machine is 16/20
Rank 2/20 on its local machine is 2/20
Rank 10/20 on its local machine is 10/20
Rank 12/20 on its local machine is 12/20
Rank 7/20 on its local machine is 7/20
Rank 5/20 on its local machine is 5/20
Rank 0/20 on its local machine is 0/20
Rank 8/20 on its local machine is 8/20
Rank 1/20 on its local machine is 1/20
Rank 14/20 on its local machine is 14/20
Rank 9/20 on its local machine is 9/20
Rank 13/20 on its local machine is 13/20
Rank 15/20 on its local machine is 15/20
Rank 11/20 on its local machine is 11/20
Rank 4/20 on its local machine is 4/20
Rank 17/20 on its local machine is 17/20
Rank 6/20 on its local machine is 6/20
Rank 3/20 on its local machine is 3/20
Rank 19/20 on its local machine is 19/20
Rank 17/20 on its local machine is 17/20 and has access to 1 devices!
Rank 18/20 on its local machine is 18/20 and has access to 1 devices!
Rank 19/20 on its local machine is 19/20 and has access to 1 devices!
Rank 3/20 on its local machine is 3/20 and has access to 1 devices!
Rank 0/20 on its local machine is 0/20 and has access to 1 devices!
Rank 0/20 on its local machine is 0/20 is the GPU controller!
Rank 2/20 on its local machine is 2/20 and has access to 1 devices!
Rank 10/20 on its local machine is 10/20 and has access to 1 devices!
Rank 16/20 on its local machine is 16/20 and has access to 1 devices!
Rank 14/20 on its local machine is 14/20 and has access to 1 devices!
Rank 7/20 on its local machine is 7/20 and has access to 1 devices!
Rank 8/20 on its local machine is 8/20 and has access to 1 devices!
Rank 1/20 on its local machine is 1/20 and has access to 1 devices!
Rank 11/20 on its local machine is 11/20 and has access to 1 devices!
Rank 4/20 on its local machine is 4/20 and has access to 1 devices!
Rank 9/20 on its local machine is 9/20 and has access to 1 devices!
Rank 15/20 on its local machine is 15/20 and has access to 1 devices!
Rank 5/20 on its local machine is 5/20 and has access to 1 devices!
Rank 6/20 on its local machine is 6/20 and has access to 1 devices!
Rank 13/20 on its local machine is 13/20 and has access to 1 devices!
Rank 12/20 on its local machine is 12/20 and has access to 1 devices!
Rank 14/20 knows that there is a total of 1 GPUs across all systems
Rank 8/20 knows that there is a total of 1 GPUs across all systems
Rank 16/20 knows that there is a total of 1 GPUs across all systems
Rank 4/20 knows that there is a total of 1 GPUs across all systems
Rank 1/20 knows that there is a total of 1 GPUs across all systems
Rank 12/20 knows that there is a total of 1 GPUs across all systems
Rank 0/20 knows that there is a total of 1 GPUs across all systems
Rank 5/20 knows that there is a total of 1 GPUs across all systems
Rank 18/20 knows that there is a total of 1 GPUs across all systems
Rank 10/20 knows that there is a total of 1 GPUs across all systems
Rank 17/20 knows that there is a total of 1 GPUs across all systems
Rank 2/20 knows that there is a total of 1 GPUs across all systems
Rank 13/20 knows that there is a total of 1 GPUs across all systems
Rank 15/20 knows that there is a total of 1 GPUs across all systems
Rank 3/20 knows that there is a total of 1 GPUs across all systems
Rank 7/20 knows that there is a total of 1 GPUs across all systems
Rank 6/20 knows that there is a total of 1 GPUs across all systems
Rank 9/20 knows that there is a total of 1 GPUs across all systems
Rank 11/20 knows that there is a total of 1 GPUs across all systems
Rank 19/20 knows that there is a total of 1 GPUs across all systems
Rank 15/20 will be in group 0 order 16
Rank 3/20 will be in group 0 order 4
Rank 14/20 will be in group 0 order 15
Rank 8/20 will be in group 0 order 9
Rank 16/20 will be in group 0 order 17
Rank 7/20 will be in group 0 order 8
Rank 6/20 will be in group 0 order 7
Rank 4/20 will be in group 0 order 5
Rank 9/20 will be in group 0 order 10
Rank 19/20 will be in group 0 order 20
Rank 11/20 will be in group 0 order 12
Rank 5/20 will be in group 0 order 6
Rank 10/20 will be in group 0 order 11
Rank 18/20 will be in group 0 order 19
Rank 12/20 will be in group 0 order 13
Rank 17/20 will be in group 0 order 18
Rank 2/20 will be in group 0 order 3
Rank 1/20 will be in group 0 order 2
Rank 0/20 will be in group 0 order 0
Rank 13/20 will be in group 0 order 14
Rank 7/20 got id of 7/20
Rank 6/20 got id of 6/20
Rank 4/20 got id of 4/20
Rank 13/20 got id of 13/20
Rank 1/20 got id of 1/20
Rank 19/20 got id of 19/20
Rank 11/20 got id of 11/20
Rank 5/20 got id of 5/20
Rank 10/20 got id of 10/20
Rank 18/20 got id of 18/20
Rank 12/20 got id of 12/20
Rank 17/20 got id of 17/20
Rank 2/20 got id of 2/20
Rank 0/20 got id of 0/20
Rank 9/20 got id of 9/20
Rank 15/20 got id of 15/20
Rank 3/20 got id of 3/20
Rank 14/20 got id of 14/20
Rank 8/20 got id of 8/20
Rank 16/20 got id of 16/20
CMI initialized successfully. Starting benchmark steps...

STEP_TIMING step=1 latency_ms=265.94 min_ms=264.67 avg_ms=265.10 total_samples=2000000 throughput_samples_sec=7520444
STEP_TIMING step=2 latency_ms=34.15 min_ms=33.11 avg_ms=33.37 total_samples=2000000 throughput_samples_sec=58557890
STEP_TIMING step=3 latency_ms=32.72 min_ms=31.63 avg_ms=31.90 total_samples=2000000 throughput_samples_sec=61124891
STEP_TIMING step=4 latency_ms=30.33 min_ms=29.17 avg_ms=29.46 total_samples=2000000 throughput_samples_sec=65951350
STEP_TIMING step=5 latency_ms=29.97 min_ms=28.85 avg_ms=29.15 total_samples=2000000 throughput_samples_sec=66741646
STEP_TIMING step=6 latency_ms=29.39 min_ms=28.22 avg_ms=28.50 total_samples=2000000 throughput_samples_sec=68053875
STEP_TIMING step=7 latency_ms=29.29 min_ms=28.12 avg_ms=28.40 total_samples=2000000 throughput_samples_sec=68285432
STEP_TIMING step=8 latency_ms=29.22 min_ms=28.06 avg_ms=28.35 total_samples=2000000 throughput_samples_sec=68440798
STEP_TIMING step=9 latency_ms=29.20 min_ms=28.03 avg_ms=28.31 total_samples=2000000 throughput_samples_sec=68485519
STEP_TIMING step=10 latency_ms=29.15 min_ms=27.98 avg_ms=28.27 total_samples=2000000 throughput_samples_sec=68615001
STEP_TIMING step=11 latency_ms=29.09 min_ms=27.95 avg_ms=28.22 total_samples=2000000 throughput_samples_sec=68746744
STEP_TIMING step=12 latency_ms=29.12 min_ms=27.95 avg_ms=28.23 total_samples=2000000 throughput_samples_sec=68685680

=================================================================
=== Benchmark Summary (Steady-State Steps 3 to 12) ===
=================================================================
Steady Step Count:   10
Median Latency:      29.29 ms
Mean Latency:        29.75 ms
Min Latency:         29.09 ms
Max Latency:         32.72 ms
Median Throughput:   68285432 samples/sec
=================================================================
=== Finished aix_pipelined (b=2000000). Log: /rwthfs/rz/cluster/hpcwork/ro092286/smartsim/batch_memory_benchmark/logs/bench_aix_pipelined_b2000000_3053473_aix_pipelined_b2000000.log | Telemetry: /rwthfs/rz/cluster/hpcwork/ro092286/smartsim/batch_memory_benchmark/logs/bench_aix_pipelined_b2000000_3053473_aix_pipelined_b2000000_gpu_telemetry.csv ===

>>> Running Provider: phydll_cpp | Batch Size: 100000 <<<
=================================================================
=== Running Case: phydll_cpp | Batch: 100000 | ID: 3053473_phydll_cpp_b100000 ===
=================================================================
=================================================================
=== CMI Batch & Memory Calibration Benchmark Harness          ===
=================================================================
Provider:           phydll
Config:             /rwthfs/rz/cluster/hpcwork/ro092286/smartsim/batch_memory_benchmark/configs/phydll_uniform.toml
Model Path:         /rwthfs/rz/cluster/hpcwork/ro092286/smartsim/batch_memory_benchmark/../mini_app/train_models/model_a/watercnn_cuda.pt
Solver Ranks:       20 (World size: 21)
Samples per Rank:   100000
Total Work/Step:    2000000 samples
Target Batch Size:  100000
SmartSim Min Batch: 0 (timeout=0 ms)
Total Steps:        12 (Warmup: 2)
=================================================================

[PHYDLL:PHY] before phydll_init
[PHYDLL:PHY] before phydll_init
[PHYDLL:PHY] before phydll_init
[PHYDLL:PHY] before phydll_init
[PHYDLL:PHY] before phydll_init
[PHYDLL:PHY] before phydll_init
[PHYDLL:PHY] before phydll_init
[PHYDLL:PHY] before phydll_init
[PHYDLL:PHY] before phydll_init
[PHYDLL:PHY] before phydll_init
[PHYDLL:PHY] before phydll_init
[PHYDLL:PHY] before phydll_init
[PHYDLL:PHY] before phydll_init
[PHYDLL:PHY] before phydll_init
[PHYDLL:PHY] before phydll_init
[PHYDLL:PHY] before phydll_init
[PHYDLL:PHY] before phydll_init
[PHYDLL:PHY] before phydll_init
[PHYDLL:PHY] before phydll_init
[PHYDLL:PHY] before phydll_init
[PHYDLL:DL] client started argv0=/rwthfs/rz/cluster/hpcwork/ro092286/smartsim/batch_memory_benchmark/../CPP-ML-Interface/dl_clients/build-miniapp/phydll_dl_client dl_count=1 torch=on
[PHYDLL:DL] torch threads: intra=1, inter=96
[PHYDLL:DL] runtime before phydll_init
[PHYDLL:CORE] kernel_init split instance=physical gl_rank=18 gl_size=21 color=0 comm_rank=18 comm_size=20
[PHYDLL:CORE] phydll_init instance=physical kernel_init complete gl_rank=18 gl_size=21 comm_rank=18 comm_size=20
[PHYDLL:CORE] kernel_init split instance=physical gl_rank=14 gl_size=21 color=0 comm_rank=14 comm_size=20
[PHYDLL:CORE] phydll_init instance=physical kernel_init complete gl_rank=14 gl_size=21 comm_rank=14 comm_size=20
[PHYDLL:CORE] kernel_init split instance=physical gl_rank=6 gl_size=21 color=0 comm_rank=6 comm_size=20
[PHYDLL:CORE] phydll_init instance=physical kernel_init complete gl_rank=6 gl_size=21 comm_rank=6 comm_size=20
[PHYDLL:CORE] kernel_init split instance=physical gl_rank=11 gl_size=21 color=0 comm_rank=11 comm_size=20
[PHYDLL:CORE] phydll_init instance=physical kernel_init complete gl_rank=11 gl_size=21 comm_rank=11 comm_size=20
[PHYDLL:CORE] kernel_init split instance=physical gl_rank=10 gl_size=21 color=0 comm_rank=10 comm_size=20
[PHYDLL:CORE] phydll_init instance=physical kernel_init complete gl_rank=10 gl_size=21 comm_rank=10 comm_size=20
[PHYDLL:CORE] kernel_init split instance=physical gl_rank=16 gl_size=21 color=0 comm_rank=16 comm_size=20
[PHYDLL:CORE] phydll_init instance=physical kernel_init complete gl_rank=16 gl_size=21 comm_rank=16 comm_size=20
[PHYDLL:CORE] kernel_init split instance=physical gl_rank=2 gl_size=21 color=0 comm_rank=2 comm_size=20
[PHYDLL:CORE] phydll_init instance=physical kernel_init complete gl_rank=2 gl_size=21 comm_rank=2 comm_size=20
[PHYDLL:CORE] kernel_init split instance=physical gl_rank=1 gl_size=21 color=0 comm_rank=1 comm_size=20
[PHYDLL:CORE] phydll_init instance=physical kernel_init complete gl_rank=1 gl_size=21 comm_rank=1 comm_size=20
[PHYDLL:CORE] kernel_init split instance=physical gl_rank=4 gl_size=21 color=0 comm_rank=4 comm_size=20
[PHYDLL:CORE] phydll_init instance=physical kernel_init complete gl_rank=4 gl_size=21 comm_rank=4 comm_size=20
[PHYDLL:CORE] kernel_init split instance=physical gl_rank=17 gl_size=21 color=0 comm_rank=17 comm_size=20
[PHYDLL:CORE] phydll_init instance=physical kernel_init complete gl_rank=17 gl_size=21 comm_rank=17 comm_size=20
[PHYDLL:CORE] kernel_init split instance=physical gl_rank=8 gl_size=21 color=0 comm_rank=8 comm_size=20
[PHYDLL:CORE] phydll_init instance=physical kernel_init complete gl_rank=8 gl_size=21 comm_rank=8 comm_size=20
[PHYDLL:CORE] kernel_init split instance=dl gl_rank=20 gl_size=21 color=1 comm_rank=0 comm_size=1
[PHYDLL:CORE] phydll_init instance=dl kernel_init complete gl_rank=20 gl_size=21 comm_rank=0 comm_size=1
[PHYDLL:CORE] kernel_init split instance=physical gl_rank=7 gl_size=21 color=0 comm_rank=7 comm_size=20
[PHYDLL:CORE] phydll_init instance=physical kernel_init complete gl_rank=7 gl_size=21 comm_rank=7 comm_size=20
[PHYDLL:CORE] kernel_init split instance=physical gl_rank=5 gl_size=21 color=0 comm_rank=5 comm_size=20
[PHYDLL:CORE] phydll_init instance=physical kernel_init complete gl_rank=5 gl_size=21 comm_rank=5 comm_size=20
[PHYDLL:CORE] kernel_init split instance=physical gl_rank=19 gl_size=21 color=0 comm_rank=19 comm_size=20
[PHYDLL:CORE] phydll_init instance=physical kernel_init complete gl_rank=19 gl_size=21 comm_rank=19 comm_size=20
[PHYDLL:CORE] kernel_init split instance=physical gl_rank=13 gl_size=21 color=0 comm_rank=13 comm_size=20
[PHYDLL:CORE] phydll_init instance=physical kernel_init complete gl_rank=13 gl_size=21 comm_rank=13 comm_size=20
[PHYDLL:CORE] kernel_init split instance=physical gl_rank=12 gl_size=21 color=0 comm_rank=12 comm_size=20
[PHYDLL:CORE] phydll_init instance=physical kernel_init complete gl_rank=12 gl_size=21 comm_rank=12 comm_size=20
[PHYDLL:CORE] kernel_init split instance=physical gl_rank=3 gl_size=21 color=0 comm_rank=3 comm_size=20
[PHYDLL:CORE] kernel_init split instance=physical gl_rank=0 gl_size=21 color=0 comm_rank=0 comm_size=20
[PHYDLL:CORE] phydll_init instance=physical kernel_init complete gl_rank=0 gl_size=21 comm_rank=0 comm_size=20
[PHYDLL:CORE] kernel_init split instance=physical gl_rank=15 gl_size=21 color=0 comm_rank=15 comm_size=20
[PHYDLL:CORE] phydll_init instance=physical kernel_init complete gl_rank=15 gl_size=21 comm_rank=15 comm_size=20
[PHYDLL:CORE] kernel_init split instance=physical gl_rank=9 gl_size=21 color=0 comm_rank=9 comm_size=20
[PHYDLL:CORE] phydll_init instance=physical kernel_init complete gl_rank=9 gl_size=21 comm_rank=9 comm_size=20
*******************************************************************************
************************** <<< Welcome to PhyDLL >>> **************************
*******************************************************************************
[PHYDLL:CORE] phydll_init instance=physical kernel_init complete gl_rank=3 gl_size=21 comm_rank=3 comm_size=20
*******************************************************************************
************************** <<< Welcome to PhyDLL >>> **************************
[PHYDLL:CORE] phydll_init instance=physical logfile complete
[PHYDLL:CORE] phydll_init instance=physical mapping complete ndest=1
[PHYDLL:PHY] after phydll_init
[PHYDLL:CORE] phydll_init instance=physical logfile complete
[PHYDLL:CORE] phydll_init instance=physical logfile complete
[PHYDLL:CORE] phydll_init instance=physical logfile complete
[PHYDLL:CORE] phydll_init instance=physical logfile complete
[PHYDLL:CORE] phydll_init instance=physical logfile complete
[PHYDLL:CORE] phydll_init instance=physical logfile complete
[PHYDLL:CORE] phydll_init instance=physical logfile complete
[PHYDLL:CORE] phydll_init instance=physical logfile complete
[PHYDLL:CORE] phydll_init instance=physical logfile complete
[PHYDLL:CORE] phydll_init instance=physical logfile complete
[PHYDLL:CORE] phydll_init instance=physical logfile complete
[PHYDLL:CORE] phydll_init instance=physical logfile complete
[PHYDLL:CORE] phydll_init instance=physical logfile complete
[PHYDLL:CORE] phydll_init instance=physical logfile complete
[PHYDLL:CORE] phydll_init instance=physical logfile complete
[PHYDLL:CORE] phydll_init instance=physical logfile complete
[PHYDLL:CORE] phydll_init instance=physical mapping complete ndest=1
[PHYDLL:PHY] after phydll_init
[PHYDLL:PHY] uniform_chunks layout: total_input=1800000 total_output=100000 gcd=100000 phy_count=18 dl_count=1
[PHYDLL:CORE] phydll_init instance=physical logfile complete
[PHYDLL:CORE] phydll_init instance=physical logfile complete
[PHYDLL:PHY] uniform_chunks layout: total_input=1800000 total_output=100000 gcd=100000 phy_count=18 dl_count=1
[PHYDLL:CORE] phydll_init instance=physical mapping complete ndest=1
[PHYDLL:PHY] after phydll_init
[PHYDLL:PHY] uniform_chunks layout: total_input=1800000 total_output=100000 gcd=100000 phy_count=18 dl_count=1
[PHYDLL:CORE] phydll_init instance=physical mapping complete ndest=1
[PHYDLL:PHY] after phydll_init
[PHYDLL:PHY] uniform_chunks layout: total_input=1800000 total_output=100000 gcd=100000 phy_count=18 dl_count=1
[PHYDLL:CORE] phydll_init instance=physical mapping complete ndest=1
[PHYDLL:PHY] after phydll_init
[PHYDLL:PHY] uniform_chunks layout: total_input=1800000 total_output=100000 gcd=100000 phy_count=18 dl_count=1
*******************************************************************************
[PHYDLL:CORE] phydll_init instance=physical mapping complete ndest=1
[PHYDLL:PHY] after phydll_init
[PHYDLL:PHY] uniform_chunks layout: total_input=1800000 total_output=100000 gcd=100000 phy_count=18 dl_count=1
[PHYDLL:CORE] phydll_init instance=physical mapping complete ndest=1
[PHYDLL:PHY] after phydll_init
[PHYDLL:PHY] uniform_chunks layout: total_input=1800000 total_output=100000 gcd=100000 phy_count=18 dl_count=1
[PHYDLL:CORE] phydll_init instance=physical mapping complete ndest=1
[PHYDLL:PHY] after phydll_init
[PHYDLL:PHY] uniform_chunks layout: total_input=1800000 total_output=100000 gcd=100000 phy_count=18 dl_count=1
[PHYDLL:CORE] phydll_init instance=physical mapping complete ndest=1
[PHYDLL:PHY] after phydll_init
[PHYDLL:CORE] phydll_init instance=physical mapping complete ndest=1
[PHYDLL:PHY] after phydll_init
[PHYDLL:PHY] uniform_chunks layout: total_input=1800000 total_output=100000 gcd=100000 phy_count=18 dl_count=1[PHYDLL:CORE] phydll_init instance=physical mapping complete ndest=1
[PHYDLL:PHY] after phydll_init
[PHYDLL:CORE] phydll_init instance=physical mapping complete ndest=1
[PHYDLL:PHY] after phydll_init
[PHYDLL:CORE] phydll_init instance=physical mapping complete ndest=1
[PHYDLL:PHY] after phydll_init
[PHYDLL:CORE] phydll_init instance=physical mapping complete ndest=1
[PHYDLL:PHY] after phydll_init
[PHYDLL:CORE] phydll_init instance=physical mapping complete ndest=1
[PHYDLL:PHY] after phydll_init
[PHYDLL:CORE] phydll_init instance=physical mapping complete ndest=1
[PHYDLL:PHY] after phydll_init
[PHYDLL:CORE] phydll_init instance=physical mapping complete ndest=1
[PHYDLL:PHY] after phydll_init

[PHYDLL:PHY] uniform_chunks layout: total_input=1800000 total_output=100000 gcd=100000 phy_count=18 dl_count=1
[PHYDLL:CORE] phydll_init instance=physical mapping complete ndest=1
[PHYDLL:PHY] after phydll_init
[PHYDLL:CORE] phydll_init instance=physical mapping complete ndest=1
[PHYDLL:PHY] after phydll_init
[PHYDLL:PHY] uniform_chunks layout: total_input=1800000 total_output=100000 gcd=100000 phy_count=18 dl_count=1
[PHYDLL:PHY] uniform_chunks layout: total_input=1800000 total_output=100000 gcd=100000 phy_count=18 dl_count=1
[PHYDLL:PHY] uniform_chunks layout: total_input=1800000 total_output=100000 gcd=100000 phy_count=18 dl_count=1
[PHYDLL:PHY] uniform_chunks layout: total_input=1800000 total_output=100000 gcd=100000 phy_count=18 dl_count=1[PHYDLL:PHY] uniform_chunks layout: total_input=1800000 total_output=100000 gcd=100000 phy_count=[PHYDLL:PHY] uniform_chunks layout: total_input=1800000 total_output=100000 gcd=100000 phy_count=18 dl_count=1

[PHYDLL:PHY] uniform_chunks layout: total_input=1800000 total_output=100000 gcd=100000 phy_count=18 dl_count=1
[PHYDLL:PHY] uniform_chunks layout: total_input=1800000 total_output=100000 gcd=100000 phy_count=18 dl_count=1
18 dl_count=1
[PHYDLL:PHY] uniform_chunks layout: total_input=1800000 total_output=100000 gcd=100000 phy_count=18 dl_count=1
[PHYDLL:CORE] phydll_init instance=physical logfile complete
[PHYDLL:CORE] phydll_init instance=physical mapping complete ndest=1
[PHYDLL:PHY] after phydll_init
[PHYDLL:PHY] uniform_chunks layout: total_input=1800000 total_output=100000 gcd=100000 phy_count=18 dl_count=1
[PHYDLL:PHY] before phydll_define_phy count=18 field_size=100000
[PHYDLL:PHY] before phydll_define_phy count=18 field_size=100000
[PHYDLL:PHY] before phydll_define_phy count=18 field_size=100000
[PHYDLL:PHY] before phydll_define_phy count=18 field_size=100000
[PHYDLL:PHY] before phydll_define_phy count=18 field_size=100000
[PHYDLL:PHY] before phydll_define_phy count=18 field_size=100000
[PHYDLL:PHY] before phydll_define_phy count=18 field_size=100000
[PHYDLL:PHY] before phydll_define_phy count=18 field_size=100000
[PHYDLL:PHY] before phydll_define_phy count=18 field_size=100000
[PHYDLL:PHY] before phydll_define_phy count=18 field_size=100000
[PHYDLL:PHY] before phydll_define_phy count=18 field_size=100000
[PHYDLL:PHY] before phydll_define_phy count=[PHYDLL:PHY] before phydll_define_phy count=18 field_size=100000
[PHYDLL:PHY] before phydll_define_phy count=18 field_size=100000
[PHYDLL:PHY] before phydll_define_phy count=18 field_size=100000
[PHYDLL:PHY] before phydll_define_phy count=18 field_size=100000
[PHYDLL:PHY] before phydll_define_phy count=18 field_size=100000
[PHYDLL:PHY] before phydll_define_phy count=18 field_size=100000
[PHYDLL:PHY] before phydll_define_phy count=18 field_size=100000
[PHYDLL:PHY] before phydll_define_phy count=18 field_size=100000
(PhyDLL) ----> OPTION: Coupling with loop = True
18[PHYDLL:CORE] _kernel_alloc_fields begin gl_rank=18 phy_bcast_root=0 dl_bcast_root=20
[PHYDLL:CORE] _kernel_alloc_fields begin gl_rank=9 phy_bcast_root=0 dl_bcast_root=20
[PHYDLL:CORE] _kernel_alloc_fields begin gl_rank=8 phy_bcast_root=0 dl_bcast_root=20
[PHYDLL:CORE] _kernel_alloc_fields begin gl_rank=6 phy_bcast_root=0 dl_bcast_root=20
[PHYDLL:CORE] _kernel_alloc_fields begin gl_rank=11 phy_bcast_root=0 dl_bcast_root=20
[PHYDLL:CORE] _kernel_alloc_fields begin gl_rank=3 phy_bcast_root=0 dl_bcast_root=20
[PHYDLL:CORE] _kernel_alloc_fields begin gl_rank=1 phy_bcast_root=0 dl_bcast_root=20
[PHYDLL:CORE] _kernel_alloc_fields begin gl_rank=4 phy_bcast_root=0 dl_bcast_root=20
[PHYDLL:CORE] _kernel_alloc_fields begin gl_rank=2 phy_bcast_root=0 dl_bcast_root=20
[PHYDLL:CORE] _kernel_alloc_fields begin gl_rank=0 phy_bcast_root=0 dl_bcast_root=20
[PHYDLL:CORE] _kernel_alloc_fields begin gl_rank=17 phy_bcast_root=0 dl_bcast_root=20
[PHYDLL:CORE] _kernel_alloc_fields begin gl_rank=7 phy_bcast_root=0 dl_bcast_root=20
[PHYDLL:CORE] _kernel_alloc_fields begin gl_rank=10 phy_bcast_root=0 dl_bcast_root=20
[PHYDLL:CORE] _kernel_alloc_fields begin gl_rank=5 phy_bcast_root=0 dl_bcast_root=20
[PHYDLL:CORE] _kernel_alloc_fields begin gl_rank=19 phy_bcast_root=0 dl_bcast_root=20
[PHYDLL:CORE] _kernel_alloc_fields begin gl_rank=16 phy_bcast_root=0 dl_bcast_root=20
 field_size=100000
[PHYDLL:CORE] _kernel_alloc_fields begin gl_rank=15 phy_bcast_root=0 dl_bcast_root=20
[PHYDLL:CORE] _kernel_alloc_fields begin gl_rank=14 phy_bcast_root=0 dl_bcast_root=20
[PHYDLL:CORE] _kernel_alloc_fields begin gl_rank=13 phy_bcast_root=0 dl_bcast_root=20
[PHYDLL:CORE] _kernel_alloc_fields begin gl_rank=12 phy_bcast_root=0 dl_bcast_root=20
[PHYDLL:CORE] phydll_init instance=dl logfile complete
[PHYDLL:CORE] kernel_ds_mapping DL before allgather gl_rank=20 comm_rank=0 comm_size=1 ndest=20
[PHYDLL:CORE] kernel_ds_mapping DL complete gl_rank=20 ndest=20
[PHYDLL:CORE] phydll_init instance=dl mapping complete ndest=20
[PHYDLL:DL] runtime after phydll_init
[PHYDLL:DL] runtime before phydll_define_dl count=1
[PHYDLL:CORE] kernel_alloc_dl_fields before mesh broadcast gl_rank=20
[PHYDLL:CORE] kernel_alloc_dl_fields after mesh broadcast gl_rank=20
[PHYDLL:CORE] kernel_alloc_dl_fields after field-size exchange gl_rank=20
[PHYDLL:CORE] _kernel_agg_field_sizes ndest=20 gl_rank=20
[PHYDLL:CORE]   sizes_list[0]=100000 -> accum=100000
[PHYDLL:CORE]   sizes_list[1]=100000 -> accum=200000
[PHYDLL:CORE]   sizes_list[2]=100000 -> accum=300000
[PHYDLL:CORE]   sizes_list[3]=100000 -> accum=400000
[PHYDLL:CORE]   sizes_list[4]=100000 -> accum=500000
[PHYDLL:CORE]   sizes_list[5]=100000 -> accum=600000
[PHYDLL:CORE]   sizes_list[6]=100000 -> accum=700000
[PHYDLL:CORE]   sizes_list[7]=100000 -> accum=800000
[PHYDLL:CORE]   sizes_list[8]=100000 -> accum=900000
[PHYDLL:CORE]   sizes_list[9]=100000 -> accum=1000000
[PHYDLL:CORE]   sizes_list[10]=100000 -> accum=1100000
[PHYDLL:CORE]   sizes_list[11]=100000 -> accum=1200000
[PHYDLL:CORE]   sizes_list[12]=100000 -> accum=1300000
[PHYDLL:CORE]   sizes_list[13]=100000 -> accum=1400000
[PHYDLL:CORE]   sizes_list[14]=100000 -> accum=1500000
[PHYDLL:CORE]   sizes_list[15]=100000 -> accum=1600000
[PHYDLL:CORE]   sizes_list[16]=100000 -> accum=1700000
[PHYDLL:CORE]   sizes_list[17]=100000 -> accum=1800000
[PHYDLL:CORE]   sizes_list[18]=100000 -> accum=1900000
[PHYDLL:CORE]   sizes_list[19]=100000 -> accum=2000000
[PHYDLL:CORE] _kernel_alloc_fields begin gl_rank=20 phy_bcast_root=0 dl_bcast_root=20
[PHYDLL:CORE] _kernel_alloc_fields bcasts done gl_rank=12 phy_count=18 dl_count=1 size=100000
[PHYDLL:CORE] _kernel_alloc_fields field_t arrays alloc done gl_rank=12 phy_ptr=0x4690100 dl_ptr=0x456db10
[PHYDLL:CORE]   allocating phy_field[0] size=100000 bytes=800000
[PHYDLL:CORE] _kernel_alloc_fields bcasts done gl_rank=11 phy_count=18 dl_count=1 size=100000
[PHYDLL:CORE] _kernel_alloc_fields field_t arrays alloc done gl_rank=11 phy_ptr=0x46e0890 dl_ptr=0x4296490
[PHYDLL:CORE]   allocating phy_field[0] size=100000 bytes=800000
[PHYDLL:CORE] _kernel_alloc_fields bcasts done gl_rank=1 phy_count=18 dl_count=1 size=100000
[PHYDLL:CORE] _kernel_alloc_fields field_t arrays alloc done gl_rank=1 phy_ptr=0x40e86e0 dl_ptr=0x4533c00
[PHYDLL:CORE]   allocating phy_field[0] size=100000 bytes=800000
[PHYDLL:CORE] _kernel_alloc_fields bcasts done gl_rank=10 phy_count=18 dl_count=1 size=100000
[PHYDLL:CORE] _kernel_alloc_fields field_t arrays alloc done gl_rank=10 phy_ptr=0x46f1e00 dl_ptr=0x4380df0
[PHYDLL:CORE]   allocating phy_field[0] size=100000 bytes=800000
[PHYDLL:CORE] _kernel_alloc_fields bcasts done gl_rank=5 phy_count=18 dl_count=1 size=100000
[PHYDLL:CORE] _kernel_alloc_fields field_t arrays alloc done gl_rank=5 phy_ptr=0x46e0940 dl_ptr=0x4296720
[PHYDLL:CORE]   allocating phy_field[0] size=100000 bytes=800000
[PHYDLL:CORE] _kernel_alloc_fields bcasts done gl_rank=19 phy_count=18 dl_count=1 size=100000
[PHYDLL:CORE] _kernel_alloc_fields field_t arrays alloc done gl_rank=19 phy_ptr=0x46e06a0 dl_ptr=0x4596c80
[PHYDLL:CORE]   allocating phy_field[0] size=100000 bytes=800000
[PHYDLL:CORE] _kernel_alloc_fields bcasts done gl_rank=4 phy_count=18 dl_count=1 size=100000
[PHYDLL:CORE] _kernel_alloc_fields field_t arrays alloc done gl_rank=4 phy_ptr=0x456d160 dl_ptr=0x4191250
[PHYDLL:CORE]   allocating phy_field[0] size=100000 bytes=800000
[PHYDLL:CORE] _kernel_alloc_fields bcasts done gl_rank=16 phy_count=18 dl_count=1 size=100000
[PHYDLL:CORE] _kernel_alloc_fields field_t arrays alloc done gl_rank=16 phy_ptr=0x4691700 dl_ptr=0x468f330
[PHYDLL:CORE]   allocating phy_field[0] size=100000 bytes=800000
[PHYDLL:CORE] _kernel_alloc_fields bcasts done gl_rank=13 phy_count=18 dl_count=1 size=100000
[PHYDLL:CORE] _kernel_alloc_fields field_t arrays alloc done gl_rank=13 phy_ptr=0x456c6b0 dl_ptr=0x46e0f40
[PHYDLL:CORE]   allocating phy_field[0] size=100000 bytes=800000
[PHYDLL:CORE] _kernel_alloc_fields bcasts done gl_rank=2 phy_count=18 dl_count=1 size=100000
[PHYDLL:CORE] _kernel_alloc_fields field_t arrays alloc done gl_rank=2 phy_ptr=0x4380010 dl_ptr=0x461acc0
[PHYDLL:CORE]   allocating phy_field[0] size=100000 bytes=800000
[PHYDLL:CORE] _kernel_alloc_fields bcasts done gl_rank=18 phy_count=18 dl_count=1 size=100000
[PHYDLL:CORE] _kernel_alloc_fields field_t arrays alloc done gl_rank=18 phy_ptr=0x4180950 dl_ptr=0x461a3c0
[PHYDLL:CORE]   allocating phy_field[0] size=100000 bytes=800000
[PHYDLL:CORE] _kernel_alloc_fields bcasts done gl_rank=3 phy_count=18 dl_count=1 size=100000
[PHYDLL:CORE] _kernel_alloc_fields field_t arrays alloc done gl_rank=3 phy_ptr=0x43806a0 dl_ptr=0x46e0380
[PHYDLL:CORE]   allocating phy_field[0] size=100000 bytes=800000
[PHYDLL:CORE] _kernel_alloc_fields bcasts done gl_rank=0 phy_count=18 dl_count=1 size=100000
[PHYDLL:CORE] _kernel_alloc_fields field_t arrays alloc done gl_rank=0 phy_ptr=0x456de40 dl_ptr=0x4297f50
[PHYDLL:CORE]   allocating phy_field[0] size=100000 bytes=800000
[PHYDLL:CORE] _kernel_alloc_fields bcasts done gl_rank=7 phy_count=18 dl_count=1 size=100000
[PHYDLL:CORE] _kernel_alloc_fields field_t arrays alloc done gl_rank=7 phy_ptr=0x4380940 dl_ptr=0x46e0930
[PHYDLL:CORE]   allocating phy_field[0] size=100000 bytes=800000
[PHYDLL:CORE] _kernel_alloc_fields bcasts done gl_rank=9 phy_count=18 dl_count=1 size=100000
[PHYDLL:CORE] _kernel_alloc_fields field_t arrays alloc done gl_rank=9 phy_ptr=0x46b0190 dl_ptr=0x456cb60
[PHYDLL:CORE]   allocating phy_field[0] size=100000 bytes=800000
[PHYDLL:CORE] _kernel_alloc_fields bcasts done gl_rank=15 phy_count=18 dl_count=1 size=100000
[PHYDLL:CORE] _kernel_alloc_fields field_t arrays alloc done gl_rank=15 phy_ptr=0x46d0860 dl_ptr=0x4380b40
[PHYDLL:CORE]   allocating phy_field[0] size=100000 bytes=800000
[PHYDLL:CORE] _kernel_alloc_fields bcasts done gl_rank=17 phy_count=18 dl_count=1 size=100000
[PHYDLL:CORE] _kernel_alloc_fields field_t arrays alloc done gl_rank=17 phy_ptr=0x46e0010 dl_ptr=0x41e6e80
[PHYDLL:CORE]   allocating phy_field[0] size=100000 bytes=800000
[PHYDLL:CORE] _kernel_alloc_fields bcasts done gl_rank=14 phy_count=18 dl_count=1 size=100000
[PHYDLL:CORE] _kernel_alloc_fields field_t arrays alloc done gl_rank=14 phy_ptr=0x4380010 dl_ptr=0x461ae80
[PHYDLL:CORE]   allocating phy_field[0] size=100000 bytes=800000
[PHYDLL:CORE] _kernel_alloc_fields bcasts done gl_rank=8 phy_count=18 dl_count=1 size=100000
[PHYDLL:CORE] _kernel_alloc_fields field_t arrays alloc done gl_rank=8 phy_ptr=0x4380ac0 dl_ptr=0x4296a10
[PHYDLL:CORE]   allocating phy_field[0] size=100000 bytes=800000
[PHYDLL:CORE] _kernel_alloc_fields bcasts done gl_rank=6 phy_count=18 dl_count=1 size=100000
[PHYDLL:CORE] _kernel_alloc_fields field_t arrays alloc done gl_rank=6 phy_ptr=0x47a68b0 dl_ptr=0x4296240
[PHYDLL:CORE]   allocating phy_field[0] size=100000 bytes=800000
[PHYDLL:CORE] _kernel_alloc_fields bcasts done gl_rank=20 phy_count=18 dl_count=1 size=2000000
[PHYDLL:CORE] _kernel_alloc_fields field_t arrays alloc done gl_rank=20 phy_ptr=0x44b9010 dl_ptr=0x43d1f70
[PHYDLL:CORE]   allocating phy_field[0] size=2000000 bytes=16000000
[PHYDLL:CORE]   allocating phy_field[1] size=100000 bytes=800000
[PHYDLL:CORE]   allocating phy_field[1] size=100000 bytes=800000
[PHYDLL:CORE]   allocating phy_field[1] size=100000 bytes=800000
[PHYDLL:CORE]   allocating phy_field[1] size=100000 bytes=800000
[PHYDLL:CORE]   allocating phy_field[1] size=100000 bytes=800000
[PHYDLL:CORE]   allocating phy_field[1] size=100000 bytes=800000
[PHYDLL:CORE]   allocating phy_field[1] size=100000 bytes=800000
[PHYDLL:CORE]   allocating phy_field[1] size=100000 bytes=800000
[PHYDLL:CORE]   allocating phy_field[1] size=100000 bytes=800000
[PHYDLL:CORE]   allocating phy_field[1] size=100000 bytes=800000
[PHYDLL:CORE]   allocating phy_field[1] size=100000 bytes=800000
[PHYDLL:CORE]   allocating phy_field[1] size=100000 bytes=800000
[PHYDLL:CORE]   allocating phy_field[1] size=100000 bytes=800000
[PHYDLL:CORE]   allocating phy_field[1] size=100000 bytes=800000
[PHYDLL:CORE]   allocating phy_field[1] size=100000 bytes=800000
[PHYDLL:CORE]   allocating phy_field[1] size=100000 bytes=800000
[PHYDLL:CORE]   allocating phy_field[1] size=100000 bytes=800000
[PHYDLL:CORE]   allocating phy_field[1] size=100000 bytes=800000
[PHYDLL:CORE]   allocating phy_field[1] size=100000 bytes=800000
[PHYDLL:CORE]   allocating phy_field[2] size=100000 bytes=800000
[PHYDLL:CORE]   allocating phy_field[2] size=100000 bytes=800000
[PHYDLL:CORE]   allocating phy_field[2] size=100000 bytes=800000
[PHYDLL:CORE]   allocating phy_field[2] size=100000 bytes=800000
[PHYDLL:CORE]   allocating phy_field[2] size=100000 bytes=800000
[PHYDLL:CORE]   allocating phy_field[2] size=100000 bytes=800000
[PHYDLL:CORE]   allocating phy_field[2] size=100000 bytes=800000
[PHYDLL:CORE]   allocating phy_field[2] size=100000 bytes=800000
[PHYDLL:CORE]   allocating phy_field[2] size=100000 bytes=800000
[PHYDLL:CORE]   allocating phy_field[2] size=100000 bytes=800000
[PHYDLL:CORE]   allocating phy_field[2] size=100000 bytes=800000
[PHYDLL:CORE]   allocating phy_field[2] size=100000 bytes=800000
[PHYDLL:CORE]   allocating phy_field[2] size=100000 bytes=800000
[PHYDLL:CORE]   allocating phy_field[2] size=100000 bytes=800000
[PHYDLL:CORE]   allocating phy_field[2] size=100000 bytes=800000
[PHYDLL:CORE]   allocating phy_field[2] size=100000 bytes=800000
[PHYDLL:CORE]   allocating phy_field[2] size=100000 bytes=800000
[PHYDLL:CORE]   allocating phy_field[2] size=100000 bytes=800000
[PHYDLL:CORE]   allocating phy_field[2] size=100000 bytes=800000
[PHYDLL:CORE]   allocating phy_field[3] size=100000 bytes=800000
[PHYDLL:CORE]   allocating phy_field[3] size=100000 bytes=800000
[PHYDLL:CORE]   allocating phy_field[3] size=100000 bytes=800000
[PHYDLL:CORE]   allocating phy_field[3] size=100000 bytes=800000
[PHYDLL:CORE]   allocating phy_field[3] size=100000 bytes=800000
[PHYDLL:CORE]   allocating phy_field[3] size=100000 bytes=800000
[PHYDLL:CORE]   allocating phy_field[3] size=100000 bytes=800000
[PHYDLL:CORE]   allocating phy_field[3] size=100000 bytes=800000
[PHYDLL:CORE]   allocating phy_field[3] size=100000 bytes=800000
[PHYDLL:CORE]   allocating phy_field[3] size=100000 bytes=800000
[PHYDLL:CORE]   allocating phy_field[3] size=100000 bytes=800000
[PHYDLL:CORE]   allocating phy_field[3] size=100000 bytes=800000
[PHYDLL:CORE]   allocating phy_field[3] size=100000 bytes=800000
[PHYDLL:CORE]   allocating phy_field[3] size=100000 bytes=800000
[PHYDLL:CORE]   allocating phy_field[3] size=100000 bytes=800000
[PHYDLL:CORE]   allocating phy_field[3] size=100000 bytes=800000
[PHYDLL:CORE]   allocating phy_field[3] size=100000 bytes=800000
[PHYDLL:CORE]   allocating phy_field[3] size=100000 bytes=800000
[PHYDLL:CORE]   allocating phy_field[3] size=100000 bytes=800000
[PHYDLL:CORE]   allocating phy_field[4] size=100000 bytes=800000
[PHYDLL:CORE]   allocating phy_field[4] size=100000 bytes=800000
[PHYDLL:CORE]   allocating phy_field[4] size=100000 bytes=800000
[PHYDLL:CORE]   allocating phy_field[4] size=100000 bytes=800000
[PHYDLL:CORE]   allocating phy_field[4] size=100000 bytes=800000
[PHYDLL:CORE]   allocating phy_field[4] size=100000 bytes=800000
[PHYDLL:CORE]   allocating phy_field[4] size=100000 bytes=800000
[PHYDLL:CORE]   allocating phy_field[4] size=100000 bytes=800000
[PHYDLL:CORE]   allocating phy_field[4] size=100000 bytes=800000
[PHYDLL:CORE]   allocating phy_field[4] size=100000 bytes=800000
[PHYDLL:CORE]   allocating phy_field[4] size=100000 bytes=800000
[PHYDLL:CORE]   allocating phy_field[4] size=100000 bytes=800000
[PHYDLL:CORE]   allocating phy_field[4] size=100000 bytes=800000
[PHYDLL:CORE]   allocating phy_field[4] size=100000 bytes=800000
[PHYDLL:CORE]   allocating phy_field[4] size=100000 bytes=800000
[PHYDLL:CORE]   allocating phy_field[4] size=100000 bytes=800000
[PHYDLL:CORE]   allocating phy_field[4] size=100000 bytes=800000
[PHYDLL:CORE]   allocating phy_field[4] size=100000 bytes=800000
[PHYDLL:CORE]   allocating phy_field[1] size=100000 bytes=800000
[PHYDLL:CORE]   allocating phy_field[4] size=100000 bytes=800000
[PHYDLL:CORE]   allocating phy_field[5] size=100000 bytes=800000
[PHYDLL:CORE]   allocating phy_field[5] size=100000 bytes=800000
[PHYDLL:CORE]   allocating phy_field[5] size=100000 bytes=800000
[PHYDLL:CORE]   allocating phy_field[5] size=100000 bytes=800000
[PHYDLL:CORE]   allocating phy_field[5] size=100000 bytes=800000
[PHYDLL:CORE]   allocating phy_field[5] size=100000 bytes=800000
[PHYDLL:CORE]   allocating phy_field[5] size=100000 bytes=800000
[PHYDLL:CORE]   allocating phy_field[5] size=100000 bytes=800000
[PHYDLL:CORE]   allocating phy_field[5] size=100000 bytes=800000
[PHYDLL:CORE]   allocating phy_field[5] size=100000 bytes=800000
[PHYDLL:CORE]   allocating phy_field[5] size=100000 bytes=800000
[PHYDLL:CORE]   allocating phy_field[5] size=100000 bytes=800000
[PHYDLL:CORE]   allocating phy_field[5] size=100000 bytes=800000
[PHYDLL:CORE]   allocating phy_field[5] size=100000 bytes=800000
[PHYDLL:CORE]   allocating phy_field[5] size=100000 bytes=800000
[PHYDLL:CORE]   allocating phy_field[5] size=100000 bytes=800000
[PHYDLL:CORE]   allocating phy_field[5] size=100000 bytes=800000
[PHYDLL:CORE]   allocating phy_field[5] size=100000 bytes=800000
[PHYDLL:CORE]   allocating phy_field[5] size=100000 bytes=800000
[PHYDLL:CORE]   allocating phy_field[2] size=100000 bytes=800000
[PHYDLL:CORE]   allocating phy_field[6] size=100000 bytes=800000
[PHYDLL:CORE]   allocating phy_field[6] size=100000 bytes=800000
[PHYDLL:CORE]   allocating phy_field[6] size=100000 bytes=800000
[PHYDLL:CORE]   allocating phy_field[6] size=100000 bytes=800000
[PHYDLL:CORE]   allocating phy_field[6] size=100000 bytes=800000
[PHYDLL:CORE]   allocating phy_field[6] size=100000 bytes=800000
[PHYDLL:CORE]   allocating phy_field[6] size=100000 bytes=800000
[PHYDLL:CORE]   allocating phy_field[6] size=100000 bytes=800000
[PHYDLL:CORE]   allocating phy_field[6] size=100000 bytes=800000
[PHYDLL:CORE]   allocating phy_field[6] size=100000 bytes=800000
[PHYDLL:CORE]   allocating phy_field[6] size=100000 bytes=800000
[PHYDLL:CORE]   allocating phy_field[6] size=100000 bytes=800000
[PHYDLL:CORE]   allocating phy_field[6] size=100000 bytes=800000
[PHYDLL:CORE]   allocating phy_field[6] size=100000 bytes=800000
[PHYDLL:CORE]   allocating phy_field[6] size=100000 bytes=800000
[PHYDLL:CORE]   allocating phy_field[6] size=100000 bytes=800000
[PHYDLL:CORE]   allocating phy_field[6] size=100000 bytes=800000
[PHYDLL:CORE]   allocating phy_field[6] size=100000 bytes=800000
[PHYDLL:CORE]   allocating phy_field[3] size=100000 bytes=800000
[PHYDLL:CORE]   allocating phy_field[6] size=100000 bytes=800000
[PHYDLL:CORE]   allocating phy_field[7] size=100000 bytes=800000
[PHYDLL:CORE]   allocating phy_field[7] size=100000 bytes=800000
[PHYDLL:CORE]   allocating phy_field[7] size=100000 bytes=800000
[PHYDLL:CORE]   allocating phy_field[7] size=100000 bytes=800000
[PHYDLL:CORE]   allocating phy_field[7] size=100000 bytes=800000
[PHYDLL:CORE]   allocating phy_field[7] size=100000 bytes=800000
[PHYDLL:CORE]   allocating phy_field[7] size=100000 bytes=800000
[PHYDLL:CORE]   allocating phy_field[7] size=100000 bytes=800000
[PHYDLL:CORE]   allocating phy_field[7] size=100000 bytes=800000
[PHYDLL:CORE]   allocating phy_field[7] size=100000 bytes=800000
[PHYDLL:CORE]   allocating phy_field[7] size=100000 bytes=800000
[PHYDLL:CORE]   allocating phy_field[7] size=100000 bytes=800000
[PHYDLL:CORE]   allocating phy_field[7] size=100000 bytes=800000
[PHYDLL:CORE]   allocating phy_field[7] size=100000 bytes=800000
[PHYDLL:CORE]   allocating phy_field[7] size=100000 bytes=800000
[PHYDLL:CORE]   allocating phy_field[7] size=100000 bytes=800000
[PHYDLL:CORE]   allocating phy_field[7] size=100000 bytes=800000
[PHYDLL:CORE]   allocating phy_field[7] size=100000 bytes=800000
[PHYDLL:CORE]   allocating phy_field[4] size=100000 bytes=800000
[PHYDLL:CORE]   allocating phy_field[7] size=100000 bytes=800000
[PHYDLL:CORE]   allocating phy_field[8] size=100000 bytes=800000
[PHYDLL:CORE]   allocating phy_field[8] size=100000 bytes=800000
[PHYDLL:CORE]   allocating phy_field[8] size=100000 bytes=800000
[PHYDLL:CORE]   allocating phy_field[8] size=100000 bytes=800000
[PHYDLL:CORE]   allocating phy_field[8] size=100000 bytes=800000
[PHYDLL:CORE]   allocating phy_field[8] size=100000 bytes=800000
[PHYDLL:CORE]   allocating phy_field[8] size=100000 bytes=800000
[PHYDLL:CORE]   allocating phy_field[8] size=100000 bytes=800000
[PHYDLL:CORE]   allocating phy_field[8] size=100000 bytes=800000
[PHYDLL:CORE]   allocating phy_field[8] size=100000 bytes=800000
[PHYDLL:CORE]   allocating phy_field[8] size=100000 bytes=800000
[PHYDLL:CORE]   allocating phy_field[8] size=100000 bytes=800000
[PHYDLL:CORE]   allocating phy_field[8] size=100000 bytes=800000
[PHYDLL:CORE]   allocating phy_field[8] size=100000 bytes=800000
[PHYDLL:CORE]   allocating phy_field[8] size=100000 bytes=800000
[PHYDLL:CORE]   allocating phy_field[8] size=100000 bytes=800000
[PHYDLL:CORE]   allocating phy_field[8] size=100000 bytes=800000
[PHYDLL:CORE]   allocating phy_field[8] size=100000 bytes=800000
[PHYDLL:CORE]   allocating phy_field[5] size=100000 bytes=800000
[PHYDLL:CORE]   allocating phy_field[9] size=100000 bytes=800000
[PHYDLL:CORE]   allocating phy_field[8] size=100000 bytes=800000
[PHYDLL:CORE]   allocating phy_field[9] size=100000 bytes=800000
[PHYDLL:CORE]   allocating phy_field[9] size=100000 bytes=800000
[PHYDLL:CORE]   allocating phy_field[9] size=100000 bytes=800000
[PHYDLL:CORE]   allocating phy_field[9] size=100000 bytes=800000
[PHYDLL:CORE]   allocating phy_field[9] size=100000 bytes=800000
[PHYDLL:CORE]   allocating phy_field[9] size=100000 bytes=800000
[PHYDLL:CORE]   allocating phy_field[9] size=100000 bytes=800000
[PHYDLL:CORE]   allocating phy_field[9] size=100000 bytes=800000
[PHYDLL:CORE]   allocating phy_field[9] size=100000 bytes=800000
[PHYDLL:CORE]   allocating phy_field[9] size=100000 bytes=800000
[PHYDLL:CORE]   allocating phy_field[9] size=100000 bytes=800000
[PHYDLL:CORE]   allocating phy_field[9] size=100000 bytes=800000
[PHYDLL:CORE]   allocating phy_field[9] size=100000 bytes=800000
[PHYDLL:CORE]   allocating phy_field[9] size=100000 bytes=800000
[PHYDLL:CORE]   allocating phy_field[9] size=100000 bytes=800000
[PHYDLL:CORE]   allocating phy_field[9] size=100000 bytes=800000
[PHYDLL:CORE]   allocating phy_field[9] size=100000 bytes=800000
[PHYDLL:CORE]   allocating phy_field[6] size=100000 bytes=800000
[PHYDLL:CORE]   allocating phy_field[10] size=100000 bytes=800000
[PHYDLL:CORE]   allocating phy_field[9] size=100000 bytes=800000
[PHYDLL:CORE]   allocating phy_field[10] size=100000 bytes=800000
[PHYDLL:CORE]   allocating phy_field[10] size=100000 bytes=800000
[PHYDLL:CORE]   allocating phy_field[10] size=100000 bytes=800000
[PHYDLL:CORE]   allocating phy_field[10] size=100000 bytes=800000
[PHYDLL:CORE]   allocating phy_field[10] size=100000 bytes=800000
[PHYDLL:CORE]   allocating phy_field[10] size=100000 bytes=800000
[PHYDLL:CORE]   allocating phy_field[10] size=100000 bytes=800000
[PHYDLL:CORE]   allocating phy_field[10] size=100000 bytes=800000
[PHYDLL:CORE]   allocating phy_field[10] size=100000 bytes=800000
[PHYDLL:CORE]   allocating phy_field[10] size=100000 bytes=800000
[PHYDLL:CORE]   allocating phy_field[10] size=100000 bytes=800000
[PHYDLL:CORE]   allocating phy_field[10] size=100000 bytes=800000
[PHYDLL:CORE]   allocating phy_field[10] size=100000 bytes=800000
[PHYDLL:CORE]   allocating phy_field[10] size=100000 bytes=800000
[PHYDLL:CORE]   allocating phy_field[10] size=100000 bytes=800000
[PHYDLL:CORE]   allocating phy_field[10] size=100000 bytes=800000
[PHYDLL:CORE]   allocating phy_field[10] size=100000 bytes=800000
[PHYDLL:CORE]   allocating phy_field[11] size=100000 bytes=800000
[PHYDLL:CORE]   allocating phy_field[7] size=100000 bytes=800000
[PHYDLL:CORE]   allocating phy_field[10] size=100000 bytes=800000
[PHYDLL:CORE]   allocating phy_field[11] size=100000 bytes=800000
[PHYDLL:CORE]   allocating phy_field[11] size=100000 bytes=800000
[PHYDLL:CORE]   allocating phy_field[11] size=100000 bytes=800000
[PHYDLL:CORE]   allocating phy_field[11] size=100000 bytes=800000
[PHYDLL:CORE]   allocating phy_field[11] size=100000 bytes=800000
[PHYDLL:CORE]   allocating phy_field[11] size=100000 bytes=800000
[PHYDLL:CORE]   allocating phy_field[11] size=100000 bytes=800000
[PHYDLL:CORE]   allocating phy_field[11] size=100000 bytes=800000
[PHYDLL:CORE]   allocating phy_field[11] size=100000 bytes=800000
[PHYDLL:CORE]   allocating phy_field[11] size=100000 bytes=800000
[PHYDLL:CORE]   allocating phy_field[11] size=100000 bytes=800000
[PHYDLL:CORE]   allocating phy_field[11] size=100000 bytes=800000
[PHYDLL:CORE]   allocating phy_field[11] size=100000 bytes=800000
[PHYDLL:CORE]   allocating phy_field[11] size=100000 bytes=800000
[PHYDLL:CORE]   allocating phy_field[11] size=100000 bytes=800000
[PHYDLL:CORE]   allocating phy_field[11] size=100000 bytes=800000
[PHYDLL:CORE]   allocating phy_field[11] size=100000 bytes=800000
[PHYDLL:CORE]   allocating phy_field[12] size=100000 bytes=800000
[PHYDLL:CORE]   allocating phy_field[8] size=100000 bytes=800000
[PHYDLL:CORE]   allocating phy_field[12] size=100000 bytes=800000
[PHYDLL:CORE]   allocating phy_field[12] size=100000 bytes=800000
[PHYDLL:CORE]   allocating phy_field[12] size=100000 bytes=800000
[PHYDLL:CORE]   allocating phy_field[12] size=100000 bytes=800000
[PHYDLL:CORE]   allocating phy_field[11] size=100000 bytes=800000
[PHYDLL:CORE]   allocating phy_field[12] size=100000 bytes=800000
[PHYDLL:CORE]   allocating phy_field[12] size=100000 bytes=800000
[PHYDLL:CORE]   allocating phy_field[12] size=100000 bytes=800000
[PHYDLL:CORE]   allocating phy_field[12] size=100000 bytes=800000
[PHYDLL:CORE]   allocating phy_field[12] size=100000 bytes=800000
[PHYDLL:CORE]   allocating phy_field[12] size=100000 bytes=800000
[PHYDLL:CORE]   allocating phy_field[12] size=100000 bytes=800000
[PHYDLL:CORE]   allocating phy_field[12] size=100000 bytes=800000
[PHYDLL:CORE]   allocating phy_field[12] size=100000 bytes=800000
[PHYDLL:CORE]   allocating phy_field[12] size=100000 bytes=800000
[PHYDLL:CORE]   allocating phy_field[12] size=100000 bytes=800000
[PHYDLL:CORE]   allocating phy_field[1] size=2000000 bytes=16000000
[PHYDLL:CORE]   allocating phy_field[12] size=100000 bytes=800000
[PHYDLL:CORE]   allocating phy_field[12] size=100000 bytes=800000
[PHYDLL:CORE]   allocating phy_field[13] size=100000 bytes=800000
[PHYDLL:CORE]   allocating phy_field[9] size=100000 bytes=800000
[PHYDLL:CORE]   allocating phy_field[13] size=100000 bytes=800000
[PHYDLL:CORE]   allocating phy_field[13] size=100000 bytes=800000
[PHYDLL:CORE]   allocating phy_field[13] size=100000 bytes=800000
[PHYDLL:CORE]   allocating phy_field[13] size=100000 bytes=800000
[PHYDLL:CORE]   allocating phy_field[13] size=100000 bytes=800000
[PHYDLL:CORE]   allocating phy_field[13] size=100000 bytes=800000
[PHYDLL:CORE]   allocating phy_field[13] size=100000 bytes=800000
[PHYDLL:CORE]   allocating phy_field[13] size=100000 bytes=800000
[PHYDLL:CORE]   allocating phy_field[12] size=100000 bytes=800000
[PHYDLL:CORE]   allocating phy_field[13] size=100000 bytes=800000
[PHYDLL:CORE]   allocating phy_field[13] size=100000 bytes=800000
[PHYDLL:CORE]   allocating phy_field[13] size=100000 bytes=800000
[PHYDLL:CORE]   allocating phy_field[13] size=100000 bytes=800000
[PHYDLL:CORE]   allocating phy_field[13] size=100000 bytes=800000
[PHYDLL:CORE]   allocating phy_field[13] size=100000 bytes=800000
[PHYDLL:CORE]   allocating phy_field[13] size=100000 bytes=800000
[PHYDLL:CORE]   allocating phy_field[13] size=100000 bytes=800000
[PHYDLL:CORE]   allocating phy_field[14] size=100000 bytes=800000
[PHYDLL:CORE]   allocating phy_field[13] size=100000 bytes=800000
[PHYDLL:CORE]   allocating phy_field[10] size=100000 bytes=800000
[PHYDLL:CORE]   allocating phy_field[14] size=100000 bytes=800000
[PHYDLL:CORE]   allocating phy_field[14] size=100000 bytes=800000
[PHYDLL:CORE]   allocating phy_field[14] size=100000 bytes=800000
[PHYDLL:CORE]   allocating phy_field[14] size=100000 bytes=800000
[PHYDLL:CORE]   allocating phy_field[14] size=100000 bytes=800000
[PHYDLL:CORE]   allocating phy_field[14] size=100000 bytes=800000
[PHYDLL:CORE]   allocating phy_field[14] size=100000 bytes=800000
[PHYDLL:CORE]   allocating phy_field[14] size=100000 bytes=800000
[PHYDLL:CORE]   allocating phy_field[14] size=100000 bytes=800000
[PHYDLL:CORE]   allocating phy_field[14] size=100000 bytes=800000
[PHYDLL:CORE]   allocating phy_field[14] size=100000 bytes=800000
[PHYDLL:CORE]   allocating phy_field[13] size=100000 bytes=800000
[PHYDLL:CORE]   allocating phy_field[14] size=100000 bytes=800000
[PHYDLL:CORE]   allocating phy_field[14] size=100000 bytes=800000
[PHYDLL:CORE]   allocating phy_field[14] size=100000 bytes=800000
[PHYDLL:CORE]   allocating phy_field[14] size=100000 bytes=800000
[PHYDLL:CORE]   allocating phy_field[14] size=100000 bytes=800000
[PHYDLL:CORE]   allocating phy_field[15] size=100000 bytes=800000
[PHYDLL:CORE]   allocating phy_field[14] size=100000 bytes=800000
[PHYDLL:CORE]   allocating phy_field[15] size=100000 bytes=800000
[PHYDLL:CORE]   allocating phy_field[15] size=100000 bytes=800000
[PHYDLL:CORE]   allocating phy_field[11] size=100000 bytes=800000
[PHYDLL:CORE]   allocating phy_field[15] size=100000 bytes=800000
[PHYDLL:CORE]   allocating phy_field[15] size=100000 bytes=800000
[PHYDLL:CORE]   allocating phy_field[15] size=100000 bytes=800000
[PHYDLL:CORE]   allocating phy_field[15] size=100000 bytes=800000
[PHYDLL:CORE]   allocating phy_field[15] size=100000 bytes=800000
[PHYDLL:CORE]   allocating phy_field[15] size=100000 bytes=800000
[PHYDLL:CORE]   allocating phy_field[15] size=100000 bytes=800000
[PHYDLL:CORE]   allocating phy_field[15] size=100000 bytes=800000
[PHYDLL:CORE]   allocating phy_field[15] size=100000 bytes=800000
[PHYDLL:CORE]   allocating phy_field[15] size=100000 bytes=800000
[PHYDLL:CORE]   allocating phy_field[14] size=100000 bytes=800000
[PHYDLL:CORE]   allocating phy_field[15] size=100000 bytes=800000
[PHYDLL:CORE]   allocating phy_field[15] size=100000 bytes=800000
[PHYDLL:CORE]   allocating phy_field[16] size=100000 bytes=800000
[PHYDLL:CORE]   allocating phy_field[15] size=100000 bytes=800000
[PHYDLL:CORE]   allocating phy_field[15] size=100000 bytes=800000
[PHYDLL:CORE]   allocating phy_field[15] size=100000 bytes=800000
[PHYDLL:CORE]   allocating phy_field[16] size=100000 bytes=800000
[PHYDLL:CORE]   allocating phy_field[16] size=100000 bytes=800000
[PHYDLL:CORE]   allocating phy_field[12] size=100000 bytes=800000
[PHYDLL:CORE]   allocating phy_field[16] size=100000 bytes=800000
[PHYDLL:CORE]   allocating phy_field[16] size=100000 bytes=800000
[PHYDLL:CORE]   allocating phy_field[16] size=100000 bytes=800000
[PHYDLL:CORE]   allocating phy_field[16] size=100000 bytes=800000
[PHYDLL:CORE]   allocating phy_field[16] size=100000 bytes=800000
[PHYDLL:CORE]   allocating phy_field[16] size=100000 bytes=800000
[PHYDLL:CORE]   allocating phy_field[16] size=100000 bytes=800000
[PHYDLL:CORE]   allocating phy_field[16] size=100000 bytes=800000
[PHYDLL:CORE]   allocating phy_field[16] size=100000 bytes=800000
[PHYDLL:CORE]   allocating phy_field[16] size=100000 bytes=800000
[PHYDLL:CORE]   allocating phy_field[16] size=100000 bytes=800000
[PHYDLL:CORE]   allocating phy_field[15] size=100000 bytes=800000
[PHYDLL:CORE]   allocating phy_field[17] size=100000 bytes=800000
[PHYDLL:CORE]   allocating phy_field[16] size=100000 bytes=800000
[PHYDLL:CORE]   allocating phy_field[16] size=100000 bytes=800000
[PHYDLL:CORE]   allocating phy_field[16] size=100000 bytes=800000
[PHYDLL:CORE]   allocating phy_field[16] size=100000 bytes=800000
[PHYDLL:CORE]   allocating phy_field[17] size=100000 bytes=800000
[PHYDLL:CORE]   allocating phy_field[17] size=100000 bytes=800000
[PHYDLL:CORE]   allocating phy_field[17] size=100000 bytes=800000
[PHYDLL:CORE]   allocating phy_field[17] size=100000 bytes=800000
[PHYDLL:CORE]   allocating phy_field[17] size=100000 bytes=800000
[PHYDLL:CORE]   allocating phy_field[13] size=100000 bytes=800000
[PHYDLL:CORE]   allocating phy_field[17] size=100000 bytes=800000
[PHYDLL:CORE]   allocating phy_field[17] size=100000 bytes=800000
[PHYDLL:CORE]   allocating phy_field[17] size=100000 bytes=800000
[PHYDLL:CORE]   allocating phy_field[17] size=100000 bytes=800000
[PHYDLL:CORE]   allocating phy_field[17] size=100000 bytes=800000
[PHYDLL:CORE]   allocating phy_field[17] size=100000 bytes=800000
[PHYDLL:CORE]   allocating phy_field[17] size=100000 bytes=800000
[PHYDLL:CORE]   allocating phy_field[16] size=100000 bytes=800000
[PHYDLL:CORE]   allocating phy_field[17] size=100000 bytes=800000
[PHYDLL:CORE]   allocating dl_field[0] size=100000 bytes=800000
[PHYDLL:CORE]   allocating phy_field[17] size=100000 bytes=800000
[PHYDLL:CORE]   allocating phy_field[17] size=100000 bytes=800000
[PHYDLL:CORE]   allocating phy_field[17] size=100000 bytes=800000
[PHYDLL:CORE]   allocating phy_field[17] size=100000 bytes=800000
[PHYDLL:CORE]   allocating dl_field[0] size=100000 bytes=800000
[PHYDLL:CORE]   allocating dl_field[0] size=100000 bytes=800000
[PHYDLL:CORE]   allocating dl_field[0] size=100000 bytes=800000
[PHYDLL:CORE]   allocating dl_field[0] size=100000 bytes=800000
[PHYDLL:CORE]   allocating dl_field[0] size=100000 bytes=800000
[PHYDLL:CORE]   allocating dl_field[0] size=100000 bytes=800000
[PHYDLL:CORE]   allocating phy_field[14] size=100000 bytes=800000
[PHYDLL:CORE]   allocating dl_field[0] size=100000 bytes=800000
[PHYDLL:CORE]   allocating dl_field[0] size=100000 bytes=800000
[PHYDLL:CORE]   allocating dl_field[0] size=100000 bytes=800000
[PHYDLL:CORE]   allocating dl_field[0] size=100000 bytes=800000
[PHYDLL:CORE]   allocating dl_field[0] size=100000 bytes=800000
[PHYDLL:CORE]   allocating dl_field[0] size=100000 bytes=800000
[PHYDLL:CORE] _kernel_alloc_fields complete gl_rank=11
[PHYDLL:PHY] after phydll_define_phy
[PHYDLL:CORE]   allocating dl_field[0] size=100000 bytes=800000
[PHYDLL:CORE]   allocating phy_field[17] size=100000 bytes=800000
[PHYDLL:CORE]   allocating dl_field[0] size=100000 bytes=800000
[PHYDLL:CORE]   allocating dl_field[0] size=100000 bytes=800000
[PHYDLL:CORE]   allocating dl_field[0] size=100000 bytes=800000
[PHYDLL:CORE] _kernel_alloc_fields complete gl_rank=15
[PHYDLL:CORE] _kernel_alloc_fields complete gl_rank=17
[PHYDLL:PHY] after phydll_define_phy
[PHYDLL:PHY] after phydll_define_phy[PHYDLL:CORE]   allocating phy_field[15] size=100000 bytes=800000
[PHYDLL:CORE] _kernel_alloc_fields complete gl_rank=9
[PHYDLL:PHY] after phydll_define_phy
[PHYDLL:CORE] _kernel_alloc_fields complete gl_rank=19
[PHYDLL:PHY] after phydll_define_phy

[PHYDLL:CORE] _kernel_alloc_fields complete gl_rank=18
[PHYDLL:PHY] after phydll_define_phy
[PHYDLL:CORE] _kernel_alloc_fields complete gl_rank=0
[PHYDLL:PHY] after phydll_define_phy
[PHYDLL:CORE] _kernel_alloc_fields complete gl_rank=12
[PHYDLL:PHY] after phydll_define_phy
[PHYDLL:PHY] Rank 0 starting metadata handshake. Synchronizing with DL side...
[PHYDLL:PHY] Handshake synchronization complete.
[PHYDLL:CORE] _kernel_alloc_fields complete gl_rank=14
[PHYDLL:PHY] after phydll_define_phy
[PHYDLL:CORE] _kernel_alloc_fields complete gl_rank=3
[PHYDLL:PHY] after phydll_define_phy
[PHYDLL:CORE] _kernel_alloc_fields complete gl_rank=5
[PHYDLL:PHY] after phydll_define_phy
[PHYDLL:CORE] _kernel_alloc_fields complete gl_rank=4
[PHYDLL:PHY] after phydll_define_phy
[PHYDLL:CORE] _kernel_alloc_fields complete gl_rank=6
[PHYDLL:CORE]   allocating dl_field[0] size=100000 bytes=800000
[PHYDLL:CORE] _kernel_alloc_fields complete gl_rank=13
[PHYDLL:CORE] _kernel_alloc_fields complete gl_rank=10
[PHYDLL:PHY] after phydll_define_phy
[PHYDLL:PHY] after phydll_define_phy
[PHYDLL:CORE] _kernel_alloc_fields complete gl_rank=2
[PHYDLL:PHY] after phydll_define_phy
[PHYDLL:PHY] after phydll_define_phy
[PHYDLL:CORE] _kernel_alloc_fields complete gl_rank=1
[PHYDLL:PHY] after phydll_define_phy
[PHYDLL:CORE]   allocating phy_field[16] size=100000 bytes=800000
[PHYDLL:CORE] _kernel_alloc_fields complete gl_rank=16
[PHYDLL:PHY] after phydll_define_phy
[PHYDLL:CORE]   allocating phy_field[17] size=100000 bytes=800000
[PHYDLL:CORE]   allocating dl_field[0] size=100000 bytes=800000
[PHYDLL:CORE] _kernel_alloc_fields complete gl_rank=7
[PHYDLL:PHY] after phydll_define_phy
[PHYDLL:CORE]   allocating dl_field[0] size=100000 bytes=800000
[PHYDLL:CORE] _kernel_alloc_fields complete gl_rank=8
[PHYDLL:PHY] after phydll_define_phy
[PHYDLL:CORE]   allocating phy_field[2] size=2000000 bytes=16000000
CMI initialized successfully. Starting benchmark steps...

[PHYDLL:CORE]   allocating phy_field[3] size=2000000 bytes=16000000
[PHYDLL:CORE]   allocating phy_field[4] size=2000000 bytes=16000000
(PhyDLL:PHY) ----> SET... Physical field: (0) 'PHY-IN-000' ...done
(PhyDLL:PHY) ----> SET... Physical field: (1) 'PHY-IN-001' ...done
(PhyDLL:PHY) ----> SET... Physical field: (2) 'PHY-IN-002' ...done
(PhyDLL:PHY) ----> SET... Physical field: (3) 'PHY-IN-003' ...done
(PhyDLL:PHY) ----> SET... Physical field: (4) 'PHY-IN-004' ...done
(PhyDLL:PHY) ----> SET... Physical field: (5) 'PHY-IN-005' ...done
(PhyDLL:PHY) ----> SET... Physical field: (6) 'PHY-IN-006' ...done
(PhyDLL:PHY) ----> SET... Physical field: (7) 'PHY-IN-007' ...done
(PhyDLL:PHY) ----> SET... Physical field: (8) 'PHY-IN-008' ...done
(PhyDLL:PHY) ----> SET... Physical field: (9) 'PHY-IN-009' ...done
(PhyDLL:PHY) ----> SET... Physical field: (10) 'PHY-IN-010' ...done
(PhyDLL:PHY) ----> SET... Physical field: (11) 'PHY-IN-011' ...done
(PhyDLL:PHY) ----> SET... Physical field: (12) 'PHY-IN-012' ...done
(PhyDLL:PHY) ----> SET... Physical field: (13) 'PHY-IN-013' ...done
(PhyDLL:PHY) ----> SET... Physical field: (14) 'PHY-IN-014' ...done
(PhyDLL:PHY) ----> SET... Physical field: (15) 'PHY-IN-015' ...done
(PhyDLL:PHY) ----> SET... Physical field: (16) 'PHY-IN-016' ...done
(PhyDLL:PHY) ----> SET... Physical field: (17) 'PHY-IN-017' ...done
(PhyDLL:PHY) ----> ITE (PHY ITE) = 1 (1)
[PHYDLL:CORE]   allocating phy_field[5] size=2000000 bytes=16000000
[PHYDLL:CORE]   allocating phy_field[6] size=2000000 bytes=16000000
[PHYDLL:CORE]   allocating phy_field[7] size=2000000 bytes=16000000
[PHYDLL:CORE]   allocating phy_field[8] size=2000000 bytes=16000000
[PHYDLL:CORE]   allocating phy_field[9] size=2000000 bytes=16000000
[PHYDLL:CORE]   allocating phy_field[10] size=2000000 bytes=16000000
[PHYDLL:CORE]   allocating phy_field[11] size=2000000 bytes=16000000
[PHYDLL:CORE]   allocating phy_field[12] size=2000000 bytes=16000000
[PHYDLL:CORE]   allocating phy_field[13] size=2000000 bytes=16000000
[PHYDLL:CORE]   allocating phy_field[14] size=2000000 bytes=16000000
[PHYDLL:CORE]   allocating phy_field[15] size=2000000 bytes=16000000
[PHYDLL:CORE]   allocating phy_field[16] size=2000000 bytes=16000000
[PHYDLL:CORE]   allocating phy_field[17] size=2000000 bytes=16000000
[PHYDLL:CORE]   allocating dl_field[0] size=2000000 bytes=16000000
[PHYDLL:CORE] _kernel_alloc_fields complete gl_rank=20
[PHYDLL:DL] runtime after phydll_define_dl
[PHYDLL:DL] getting ndest
[PHYDLL:DL] ndest=20, dests=0x44f3f10
[PHYDLL:DL] receiving metadata from dests[0] = 0
[PHYDLL:DL] MPI_Recv header from source_rank=0
[PHYDLL:DL] MPI_Recv header from source_rank=0 DONE (magic=4d4c434d)
[PHYDLL:DL] Allocating payload size 165
[PHYDLL:DL] MPI_Recv payload from source_rank=0
[PHYDLL:DL] MPI_Recv payload from source_rank=0 DONE
[PHYDLL:DL] receiving metadata from dests[1] = 1
[PHYDLL:DL] MPI_Recv header from source_rank=1
[PHYDLL:DL] MPI_Recv header from source_rank=1 DONE (magic=4d4c434d)
[PHYDLL:DL] Allocating payload size 165
[PHYDLL:DL] MPI_Recv payload from source_rank=1
[PHYDLL:DL] MPI_Recv payload from source_rank=1 DONE
[PHYDLL:DL] receiving metadata from dests[2] = 2
[PHYDLL:DL] MPI_Recv header from source_rank=2
[PHYDLL:DL] MPI_Recv header from source_rank=2 DONE (magic=4d4c434d)
[PHYDLL:DL] Allocating payload size 165
[PHYDLL:DL] MPI_Recv payload from source_rank=2
[PHYDLL:DL] MPI_Recv payload from source_rank=2 DONE
[PHYDLL:DL] receiving metadata from dests[3] = 3
[PHYDLL:DL] MPI_Recv header from source_rank=3
[PHYDLL:DL] MPI_Recv header from source_rank=3 DONE (magic=4d4c434d)
[PHYDLL:DL] Allocating payload size 165
[PHYDLL:DL] MPI_Recv payload from source_rank=3
[PHYDLL:DL] MPI_Recv payload from source_rank=3 DONE
[PHYDLL:DL] receiving metadata from dests[4] = 4
[PHYDLL:DL] MPI_Recv header from source_rank=4
[PHYDLL:DL] MPI_Recv header from source_rank=4 DONE (magic=4d4c434d)
[PHYDLL:DL] Allocating payload size 165
[PHYDLL:DL] MPI_Recv payload from source_rank=4
[PHYDLL:DL] MPI_Recv payload from source_rank=4 DONE
[PHYDLL:DL] receiving metadata from dests[5] = 5
[PHYDLL:DL] MPI_Recv header from source_rank=5
[PHYDLL:DL] MPI_Recv header from source_rank=5 DONE (magic=4d4c434d)
[PHYDLL:DL] Allocating payload size 165
[PHYDLL:DL] MPI_Recv payload from source_rank=5
[PHYDLL:DL] MPI_Recv payload from source_rank=5 DONE
[PHYDLL:DL] receiving metadata from dests[6] = 6
[PHYDLL:DL] MPI_Recv header from source_rank=6
[PHYDLL:DL] MPI_Recv header from source_rank=6 DONE (magic=4d4c434d)
[PHYDLL:DL] Allocating payload size 165
[PHYDLL:DL] MPI_Recv payload from source_rank=6
[PHYDLL:DL] MPI_Recv payload from source_rank=6 DONE
[PHYDLL:DL] receiving metadata from dests[7] = 7
[PHYDLL:DL] MPI_Recv header from source_rank=7
[PHYDLL:DL] MPI_Recv header from source_rank=7 DONE (magic=4d4c434d)
[PHYDLL:DL] Allocating payload size 165
[PHYDLL:DL] MPI_Recv payload from source_rank=7
[PHYDLL:DL] MPI_Recv payload from source_rank=7 DONE
[PHYDLL:DL] receiving metadata from dests[8] = 8
[PHYDLL:DL] MPI_Recv header from source_rank=8
[PHYDLL:DL] MPI_Recv header from source_rank=8 DONE (magic=4d4c434d)
[PHYDLL:DL] Allocating payload size 165
[PHYDLL:DL] MPI_Recv payload from source_rank=8
[PHYDLL:DL] MPI_Recv payload from source_rank=8 DONE
[PHYDLL:DL] receiving metadata from dests[9] = 9
[PHYDLL:DL] MPI_Recv header from source_rank=9
[PHYDLL:DL] MPI_Recv header from source_rank=9 DONE (magic=4d4c434d)
[PHYDLL:DL] Allocating payload size 165
[PHYDLL:DL] MPI_Recv payload from source_rank=9
[PHYDLL:DL] MPI_Recv payload from source_rank=9 DONE
[PHYDLL:DL] receiving metadata from dests[10] = 10
[PHYDLL:DL] MPI_Recv header from source_rank=10
[PHYDLL:DL] MPI_Recv header from source_rank=10 DONE (magic=4d4c434d)
[PHYDLL:DL] Allocating payload size 165
[PHYDLL:DL] MPI_Recv payload from source_rank=10
[PHYDLL:DL] MPI_Recv payload from source_rank=10 DONE
[PHYDLL:DL] receiving metadata from dests[11] = 11
[PHYDLL:DL] MPI_Recv header from source_rank=11
[PHYDLL:DL] MPI_Recv header from source_rank=11 DONE (magic=4d4c434d)
[PHYDLL:DL] Allocating payload size 165
[PHYDLL:DL] MPI_Recv payload from source_rank=11
[PHYDLL:DL] MPI_Recv payload from source_rank=11 DONE
[PHYDLL:DL] receiving metadata from dests[12] = 12
[PHYDLL:DL] MPI_Recv header from source_rank=12
[PHYDLL:DL] MPI_Recv header from source_rank=12 DONE (magic=4d4c434d)
[PHYDLL:DL] Allocating payload size 165
[PHYDLL:DL] MPI_Recv payload from source_rank=12
[PHYDLL:DL] MPI_Recv payload from source_rank=12 DONE
[PHYDLL:DL] receiving metadata from dests[13] = 13
[PHYDLL:DL] MPI_Recv header from source_rank=13
[PHYDLL:DL] MPI_Recv header from source_rank=13 DONE (magic=4d4c434d)
[PHYDLL:DL] Allocating payload size 165
[PHYDLL:DL] MPI_Recv payload from source_rank=13
[PHYDLL:DL] MPI_Recv payload from source_rank=13 DONE
[PHYDLL:DL] receiving metadata from dests[14] = 14
[PHYDLL:DL] MPI_Recv header from source_rank=14
[PHYDLL:DL] MPI_Recv header from source_rank=14 DONE (magic=4d4c434d)
[PHYDLL:DL] Allocating payload size 165
[PHYDLL:DL] MPI_Recv payload from source_rank=14
[PHYDLL:DL] MPI_Recv payload from source_rank=14 DONE
[PHYDLL:DL] receiving metadata from dests[15] = 15
[PHYDLL:DL] MPI_Recv header from source_rank=15
[PHYDLL:DL] MPI_Recv header from source_rank=15 DONE (magic=4d4c434d)
[PHYDLL:DL] Allocating payload size 165
[PHYDLL:DL] MPI_Recv payload from source_rank=15
[PHYDLL:DL] MPI_Recv payload from source_rank=15 DONE
[PHYDLL:DL] receiving metadata from dests[16] = 16
[PHYDLL:DL] MPI_Recv header from source_rank=16
[PHYDLL:DL] MPI_Recv header from source_rank=16 DONE (magic=4d4c434d)
[PHYDLL:DL] Allocating payload size 165
[PHYDLL:DL] MPI_Recv payload from source_rank=16
[PHYDLL:DL] MPI_Recv payload from source_rank=16 DONE
[PHYDLL:DL] receiving metadata from dests[17] = 17
[PHYDLL:DL] MPI_Recv header from source_rank=17
[PHYDLL:DL] MPI_Recv header from source_rank=17 DONE (magic=4d4c434d)
[PHYDLL:DL] Allocating payload size 165
[PHYDLL:DL] MPI_Recv payload from source_rank=17
[PHYDLL:DL] MPI_Recv payload from source_rank=17 DONE
[PHYDLL:DL] receiving metadata from dests[18] = 18
[PHYDLL:DL] MPI_Recv header from source_rank=18
[PHYDLL:DL] MPI_Recv header from source_rank=18 DONE (magic=4d4c434d)
[PHYDLL:DL] Allocating payload size 165
[PHYDLL:DL] MPI_Recv payload from source_rank=18
[PHYDLL:DL] MPI_Recv payload from source_rank=18 DONE
[PHYDLL:DL] receiving metadata from dests[19] = 19
[PHYDLL:DL] MPI_Recv header from source_rank=19
[PHYDLL:DL] MPI_Recv header from source_rank=19 DONE (magic=4d4c434d)
[PHYDLL:DL] Allocating payload size 165
[PHYDLL:DL] MPI_Recv payload from source_rank=19
[PHYDLL:DL] MPI_Recv payload from source_rank=19 DONE
[PHYDLL:DL] Finished receiving metadata from all 20 sources
[PHYDLL:DL] Waiting for frame 0
(PhyDLL:DL) ----> ITE (PHY ITE) = 1 (1)
(PhyDLL:DL) ----> RECV...<<<... Physical fields ...done
(PhyDLL:PHY) ----> SEND...>>>... Physical fields ...done
(PhyDLL:DL) ----> GET... Physical field: (0) 'PHY-IN-000' ...done
(PhyDLL:DL) ----> GET... Physical field: (1) 'PHY-IN-001' ...done
(PhyDLL:DL) ----> GET... Physical field: (2) 'PHY-IN-002' ...done
(PhyDLL:DL) ----> GET... Physical field: (3) 'PHY-IN-003' ...done
(PhyDLL:DL) ----> GET... Physical field: (4) 'PHY-IN-004' ...done
(PhyDLL:DL) ----> GET... Physical field: (5) 'PHY-IN-005' ...done
(PhyDLL:DL) ----> GET... Physical field: (6) 'PHY-IN-006' ...done
(PhyDLL:DL) ----> GET... Physical field: (7) 'PHY-IN-007' ...done
(PhyDLL:DL) ----> GET... Physical field: (8) 'PHY-IN-008' ...done
(PhyDLL:DL) ----> GET... Physical field: (9) 'PHY-IN-009' ...done
(PhyDLL:DL) ----> GET... Physical field: (10) 'PHY-IN-010' ...done
(PhyDLL:DL) ----> GET... Physical field: (11) 'PHY-IN-011' ...done
(PhyDLL:DL) ----> GET... Physical field: (12) 'PHY-IN-012' ...done
(PhyDLL:DL) ----> GET... Physical field: (13) 'PHY-IN-013' ...done
(PhyDLL:DL) ----> GET... Physical field: (14) 'PHY-IN-014' ...done
(PhyDLL:DL) ----> GET... Physical field: (15) 'PHY-IN-015' ...done
(PhyDLL:DL) ----> GET... Physical field: (16) 'PHY-IN-016' ...done
(PhyDLL:DL) ----> GET... Physical field: (17) 'PHY-IN-017' ...done
[PHYDLL:DL] Received frame 0 (has_meta=0, data_size=36000000)
[PHYDLL:DL] Using local DL rank 0 mapped to GPU device index: 0
[PHYDLL:DL] model loaded
[PHYDLL:DL] meta init model_path='/rwthfs/rz/cluster/hpcwork/ro092286/smartsim/batch_memory_benchmark/../mini_app/train_models/model_a/watercnn_cuda.pt' total_input=36000000 total_output=2000000
[PHYDLL:DL] Frame 0 extracting data: total_input_size=36000000, batch=2000000, field/rank=100000, used/rank=18
[PHYDLL:DL] Frame 0 running inference
(PhyDLL:DL) ----> SET... DL field: (0) 'DL-OUT' ...done
[PHYDLL:DL] sent output for frame 0
(PhyDLL:DL) ----> SEND...>>>... DL fields ...done
(PhyDLL:PHY) ----> RECV...<<<... DL fields ...done
(PhyDLL:PHY) ----> GET... DL field: (0) 'DL-OUT' ...done
STEP_TIMING step=1 latency_ms=14506.65 min_ms=14505.98 avg_ms=14506.12 total_samples=2000000 throughput_samples_sec=137868
(PhyDLL:PHY) ----> SET... Physical field: (0) 'PHY-IN-000' ...done
(PhyDLL:PHY) ----> SET... Physical field: (1) 'PHY-IN-001' ...done
(PhyDLL:PHY) ----> SET... Physical field: (2) 'PHY-IN-002' ...done
(PhyDLL:PHY) ----> SET... Physical field: (3) 'PHY-IN-003' ...done
(PhyDLL:PHY) ----> SET... Physical field: (4) 'PHY-IN-004' ...done
(PhyDLL:PHY) ----> SET... Physical field: (5) 'PHY-IN-005' ...done
(PhyDLL:PHY) ----> SET... Physical field: (6) 'PHY-IN-006' ...done
(PhyDLL:PHY) ----> SET... Physical field: (7) 'PHY-IN-007' ...done
(PhyDLL:PHY) ----> SET... Physical field: (8) 'PHY-IN-008' ...done
(PhyDLL:PHY) ----> SET... Physical field: (9) 'PHY-IN-009' ...done
(PhyDLL:PHY) ----> SET... Physical field: (10) 'PHY-IN-010' ...done
(PhyDLL:PHY) ----> SET... Physical field: (11) 'PHY-IN-011' ...done
(PhyDLL:PHY) ----> SET... Physical field: (12) 'PHY-IN-012' ...done
(PhyDLL:PHY) ----> SET... Physical field: (13) 'PHY-IN-013' ...done
(PhyDLL:PHY) ----> SET... Physical field: (14) 'PHY-IN-014' ...done
(PhyDLL:PHY) ----> SET... Physical field: (15) 'PHY-IN-015' ...done
(PhyDLL:PHY) ----> SET... Physical field: (16) 'PHY-IN-016' ...done
(PhyDLL:PHY) ----> SET... Physical field: (17) 'PHY-IN-017' ...done
(PhyDLL:DL) ----> ITE (PHY ITE) = 2 (2)
(PhyDLL:PHY) ----> ITE (PHY ITE) = 2 (2)
[PHYDLL:DL] Waiting for frame 1
(PhyDLL:PHY) ----> SEND...>>>... Physical fields ...done
(PhyDLL:DL) ----> RECV...<<<... Physical fields ...done
(PhyDLL:DL) ----> GET... Physical field: (0) 'PHY-IN-000' ...done
(PhyDLL:DL) ----> GET... Physical field: (1) 'PHY-IN-001' ...done
(PhyDLL:DL) ----> GET... Physical field: (2) 'PHY-IN-002' ...done
(PhyDLL:DL) ----> GET... Physical field: (3) 'PHY-IN-003' ...done
(PhyDLL:DL) ----> GET... Physical field: (4) 'PHY-IN-004' ...done
(PhyDLL:DL) ----> GET... Physical field: (5) 'PHY-IN-005' ...done
(PhyDLL:DL) ----> GET... Physical field: (6) 'PHY-IN-006' ...done
(PhyDLL:DL) ----> GET... Physical field: (7) 'PHY-IN-007' ...done
(PhyDLL:DL) ----> GET... Physical field: (8) 'PHY-IN-008' ...done
(PhyDLL:DL) ----> GET... Physical field: (9) 'PHY-IN-009' ...done
(PhyDLL:DL) ----> GET... Physical field: (10) 'PHY-IN-010' ...done
(PhyDLL:DL) ----> GET... Physical field: (11) 'PHY-IN-011' ...done
(PhyDLL:DL) ----> GET... Physical field: (12) 'PHY-IN-012' ...done
(PhyDLL:DL) ----> GET... Physical field: (13) 'PHY-IN-013' ...done
(PhyDLL:DL) ----> GET... Physical field: (14) 'PHY-IN-014' ...done
(PhyDLL:DL) ----> GET... Physical field: (15) 'PHY-IN-015' ...done
(PhyDLL:DL) ----> GET... Physical field: (16) 'PHY-IN-016' ...done
(PhyDLL:DL) ----> GET... Physical field: (17) 'PHY-IN-017' ...done
[PHYDLL:DL] Received frame 1 (has_meta=0, data_size=36000000)
[PHYDLL:DL] Frame 1 extracting data: total_input_size=36000000, batch=2000000, field/rank=100000, used/rank=18
[PHYDLL:DL] Frame 1 running inference
(PhyDLL:DL) ----> SET... DL field: (0) 'DL-OUT' ...done
[PHYDLL:DL] sent output for frame 1
(PhyDLL:PHY) ----> RECV...<<<... DL fields ...done
(PhyDLL:DL) ----> SEND...>>>... DL fields ...done
(PhyDLL:PHY) ----> GET... DL field: (0) 'DL-OUT' ...done
STEP_TIMING step=2 latency_ms=528.26 min_ms=528.16 avg_ms=528.21 total_samples=2000000 throughput_samples_sec=3785998
(PhyDLL:PHY) ----> SET... Physical field: (0) 'PHY-IN-000' ...done
(PhyDLL:PHY) ----> SET... Physical field: (1) 'PHY-IN-001' ...done
(PhyDLL:PHY) ----> SET... Physical field: (2) 'PHY-IN-002' ...done
(PhyDLL:PHY) ----> SET... Physical field: (3) 'PHY-IN-003' ...done
(PhyDLL:PHY) ----> SET... Physical field: (4) 'PHY-IN-004' ...done
(PhyDLL:PHY) ----> SET... Physical field: (5) 'PHY-IN-005' ...done
(PhyDLL:PHY) ----> SET... Physical field: (6) 'PHY-IN-006' ...done
(PhyDLL:PHY) ----> SET... Physical field: (7) 'PHY-IN-007' ...done
(PhyDLL:PHY) ----> SET... Physical field: (8) 'PHY-IN-008' ...done
(PhyDLL:PHY) ----> SET... Physical field: (9) 'PHY-IN-009' ...done
(PhyDLL:PHY) ----> SET... Physical field: (10) 'PHY-IN-010' ...done
(PhyDLL:PHY) ----> SET... Physical field: (11) 'PHY-IN-011' ...done
(PhyDLL:PHY) ----> SET... Physical field: (12) 'PHY-IN-012' ...done
(PhyDLL:PHY) ----> SET... Physical field: (13) 'PHY-IN-013' ...done
(PhyDLL:PHY) ----> SET... Physical field: (14) 'PHY-IN-014' ...done
(PhyDLL:PHY) ----> SET... Physical field: (15) 'PHY-IN-015' ...done
(PhyDLL:PHY) ----> SET... Physical field: (16) 'PHY-IN-016' ...done
(PhyDLL:PHY) ----> SET... Physical field: (17) 'PHY-IN-017' ...done
(PhyDLL:PHY) ----> ITE (PHY ITE) = 3 (3)
(PhyDLL:DL) ----> ITE (PHY ITE) = 3 (3)
[PHYDLL:DL] Waiting for frame 2
(PhyDLL:PHY) ----> SEND...>>>... Physical fields ...done
(PhyDLL:DL) ----> RECV...<<<... Physical fields ...done
(PhyDLL:DL) ----> GET... Physical field: (0) 'PHY-IN-000' ...done
(PhyDLL:DL) ----> GET... Physical field: (1) 'PHY-IN-001' ...done
(PhyDLL:DL) ----> GET... Physical field: (2) 'PHY-IN-002' ...done
(PhyDLL:DL) ----> GET... Physical field: (3) 'PHY-IN-003' ...done
(PhyDLL:DL) ----> GET... Physical field: (4) 'PHY-IN-004' ...done
(PhyDLL:DL) ----> GET... Physical field: (5) 'PHY-IN-005' ...done
(PhyDLL:DL) ----> GET... Physical field: (6) 'PHY-IN-006' ...done
(PhyDLL:DL) ----> GET... Physical field: (7) 'PHY-IN-007' ...done
(PhyDLL:DL) ----> GET... Physical field: (8) 'PHY-IN-008' ...done
(PhyDLL:DL) ----> GET... Physical field: (9) 'PHY-IN-009' ...done
(PhyDLL:DL) ----> GET... Physical field: (10) 'PHY-IN-010' ...done
(PhyDLL:DL) ----> GET... Physical field: (11) 'PHY-IN-011' ...done
(PhyDLL:DL) ----> GET... Physical field: (12) 'PHY-IN-012' ...done
(PhyDLL:DL) ----> GET... Physical field: (13) 'PHY-IN-013' ...done
(PhyDLL:DL) ----> GET... Physical field: (14) 'PHY-IN-014' ...done
(PhyDLL:DL) ----> GET... Physical field: (15) 'PHY-IN-015' ...done
(PhyDLL:DL) ----> GET... Physical field: (16) 'PHY-IN-016' ...done
(PhyDLL:DL) ----> GET... Physical field: (17) 'PHY-IN-017' ...done
[PHYDLL:DL] Received frame 2 (has_meta=0, data_size=36000000)
[PHYDLL:DL] Frame 2 extracting data: total_input_size=36000000, batch=2000000, field/rank=100000, used/rank=18
[PHYDLL:DL] Frame 2 running inference
(PhyDLL:DL) ----> SET... DL field: (0) 'DL-OUT' ...done
[PHYDLL:DL] sent output for frame 2
(PhyDLL:DL) ----> SEND...>>>... DL fields ...done
(PhyDLL:PHY) ----> RECV...<<<... DL fields ...done
(PhyDLL:PHY) ----> GET... DL field: (0) 'DL-OUT' ...done
STEP_TIMING step=3 latency_ms=531.87 min_ms=531.43 avg_ms=531.54 total_samples=2000000 throughput_samples_sec=3760327
(PhyDLL:PHY) ----> SET... Physical field: (0) 'PHY-IN-000' ...done
(PhyDLL:PHY) ----> SET... Physical field: (1) 'PHY-IN-001' ...done
(PhyDLL:PHY) ----> SET... Physical field: (2) 'PHY-IN-002' ...done
(PhyDLL:PHY) ----> SET... Physical field: (3) 'PHY-IN-003' ...done
(PhyDLL:PHY) ----> SET... Physical field: (4) 'PHY-IN-004' ...done
(PhyDLL:PHY) ----> SET... Physical field: (5) 'PHY-IN-005' ...done
(PhyDLL:PHY) ----> SET... Physical field: (6) 'PHY-IN-006' ...done
(PhyDLL:PHY) ----> SET... Physical field: (7) 'PHY-IN-007' ...done
(PhyDLL:PHY) ----> SET... Physical field: (8) 'PHY-IN-008' ...done
(PhyDLL:PHY) ----> SET... Physical field: (9) 'PHY-IN-009' ...done
(PhyDLL:PHY) ----> SET... Physical field: (10) 'PHY-IN-010' ...done
(PhyDLL:PHY) ----> SET... Physical field: (11) 'PHY-IN-011' ...done
(PhyDLL:PHY) ----> SET... Physical field: (12) 'PHY-IN-012' ...done
(PhyDLL:PHY) ----> SET... Physical field: (13) 'PHY-IN-013' ...done
(PhyDLL:PHY) ----> SET... Physical field: (14) 'PHY-IN-014' ...done
(PhyDLL:PHY) ----> SET... Physical field: (15) 'PHY-IN-015' ...done
(PhyDLL:PHY) ----> SET... Physical field: (16) 'PHY-IN-016' ...done
(PhyDLL:PHY) ----> SET... Physical field: (17) 'PHY-IN-017' ...done
(PhyDLL:PHY) ----> ITE (PHY ITE) = 4 (4)
(PhyDLL:DL) ----> ITE (PHY ITE) = 4 (4)
[PHYDLL:DL] Waiting for frame 3
(PhyDLL:PHY) ----> SEND...>>>... Physical fields ...done
(PhyDLL:DL) ----> RECV...<<<... Physical fields ...done
(PhyDLL:DL) ----> GET... Physical field: (0) 'PHY-IN-000' ...done
(PhyDLL:DL) ----> GET... Physical field: (1) 'PHY-IN-001' ...done
(PhyDLL:DL) ----> GET... Physical field: (2) 'PHY-IN-002' ...done
(PhyDLL:DL) ----> GET... Physical field: (3) 'PHY-IN-003' ...done
(PhyDLL:DL) ----> GET... Physical field: (4) 'PHY-IN-004' ...done
(PhyDLL:DL) ----> GET... Physical field: (5) 'PHY-IN-005' ...done
(PhyDLL:DL) ----> GET... Physical field: (6) 'PHY-IN-006' ...done
(PhyDLL:DL) ----> GET... Physical field: (7) 'PHY-IN-007' ...done
(PhyDLL:DL) ----> GET... Physical field: (8) 'PHY-IN-008' ...done
(PhyDLL:DL) ----> GET... Physical field: (9) 'PHY-IN-009' ...done
(PhyDLL:DL) ----> GET... Physical field: (10) 'PHY-IN-010' ...done
(PhyDLL:DL) ----> GET... Physical field: (11) 'PHY-IN-011' ...done
(PhyDLL:DL) ----> GET... Physical field: (12) 'PHY-IN-012' ...done
(PhyDLL:DL) ----> GET... Physical field: (13) 'PHY-IN-013' ...done
(PhyDLL:DL) ----> GET... Physical field: (14) 'PHY-IN-014' ...done
(PhyDLL:DL) ----> GET... Physical field: (15) 'PHY-IN-015' ...done
(PhyDLL:DL) ----> GET... Physical field: (16) 'PHY-IN-016' ...done
(PhyDLL:DL) ----> GET... Physical field: (17) 'PHY-IN-017' ...done
[PHYDLL:DL] Received frame 3 (has_meta=0, data_size=36000000)
[PHYDLL:DL] Frame 3 extracting data: total_input_size=36000000, batch=2000000, field/rank=100000, used/rank=18
[PHYDLL:DL] Frame 3 running inference
(PhyDLL:DL) ----> SET... DL field: (0) 'DL-OUT' ...done
(PhyDLL:DL) ----> SEND...>>>... DL fields ...done
[PHYDLL:DL] sent output for frame 3
(PhyDLL:PHY) ----> RECV...<<<... DL fields ...done
(PhyDLL:PHY) ----> GET... DL field: (0) 'DL-OUT' ...done
STEP_TIMING step=4 latency_ms=519.51 min_ms=519.15 avg_ms=519.25 total_samples=2000000 throughput_samples_sec=3849793
(PhyDLL:PHY) ----> SET... Physical field: (0) 'PHY-IN-000' ...done
(PhyDLL:PHY) ----> SET... Physical field: (1) 'PHY-IN-001' ...done
(PhyDLL:PHY) ----> SET... Physical field: (2) 'PHY-IN-002' ...done
(PhyDLL:PHY) ----> SET... Physical field: (3) 'PHY-IN-003' ...done
(PhyDLL:PHY) ----> SET... Physical field: (4) 'PHY-IN-004' ...done
(PhyDLL:PHY) ----> SET... Physical field: (5) 'PHY-IN-005' ...done
(PhyDLL:PHY) ----> SET... Physical field: (6) 'PHY-IN-006' ...done
(PhyDLL:PHY) ----> SET... Physical field: (7) 'PHY-IN-007' ...done
(PhyDLL:PHY) ----> SET... Physical field: (8) 'PHY-IN-008' ...done
(PhyDLL:PHY) ----> SET... Physical field: (9) 'PHY-IN-009' ...done
(PhyDLL:PHY) ----> SET... Physical field: (10) 'PHY-IN-010' ...done
(PhyDLL:PHY) ----> SET... Physical field: (11) 'PHY-IN-011' ...done
(PhyDLL:PHY) ----> SET... Physical field: (12) 'PHY-IN-012' ...done
(PhyDLL:PHY) ----> SET... Physical field: (13) 'PHY-IN-013' ...done
(PhyDLL:PHY) ----> SET... Physical field: (14) 'PHY-IN-014' ...done
(PhyDLL:PHY) ----> SET... Physical field: (15) 'PHY-IN-015' ...done
(PhyDLL:PHY) ----> SET... Physical field: (16) 'PHY-IN-016' ...done
(PhyDLL:PHY) ----> SET... Physical field: (17) 'PHY-IN-017' ...done
(PhyDLL:DL) ----> ITE (PHY ITE) = 5 (5)
(PhyDLL:PHY) ----> ITE (PHY ITE) = 5 (5)
[PHYDLL:DL] Waiting for frame 4
(PhyDLL:PHY) ----> SEND...>>>... Physical fields ...done
(PhyDLL:DL) ----> RECV...<<<... Physical fields ...done
(PhyDLL:DL) ----> GET... Physical field: (0) 'PHY-IN-000' ...done
(PhyDLL:DL) ----> GET... Physical field: (1) 'PHY-IN-001' ...done
(PhyDLL:DL) ----> GET... Physical field: (2) 'PHY-IN-002' ...done
(PhyDLL:DL) ----> GET... Physical field: (3) 'PHY-IN-003' ...done
(PhyDLL:DL) ----> GET... Physical field: (4) 'PHY-IN-004' ...done
(PhyDLL:DL) ----> GET... Physical field: (5) 'PHY-IN-005' ...done
(PhyDLL:DL) ----> GET... Physical field: (6) 'PHY-IN-006' ...done
(PhyDLL:DL) ----> GET... Physical field: (7) 'PHY-IN-007' ...done
(PhyDLL:DL) ----> GET... Physical field: (8) 'PHY-IN-008' ...done
(PhyDLL:DL) ----> GET... Physical field: (9) 'PHY-IN-009' ...done
(PhyDLL:DL) ----> GET... Physical field: (10) 'PHY-IN-010' ...done
(PhyDLL:DL) ----> GET... Physical field: (11) 'PHY-IN-011' ...done
(PhyDLL:DL) ----> GET... Physical field: (12) 'PHY-IN-012' ...done
(PhyDLL:DL) ----> GET... Physical field: (13) 'PHY-IN-013' ...done
(PhyDLL:DL) ----> GET... Physical field: (14) 'PHY-IN-014' ...done
(PhyDLL:DL) ----> GET... Physical field: (15) 'PHY-IN-015' ...done
(PhyDLL:DL) ----> GET... Physical field: (16) 'PHY-IN-016' ...done
(PhyDLL:DL) ----> GET... Physical field: (17) 'PHY-IN-017' ...done
[PHYDLL:DL] Received frame 4 (has_meta=0, data_size=36000000)
[PHYDLL:DL] Frame 4 extracting data: total_input_size=36000000, batch=2000000, field/rank=100000, used/rank=18
[PHYDLL:DL] Frame 4 running inference
(PhyDLL:DL) ----> SET... DL field: (0) 'DL-OUT' ...done
(PhyDLL:DL) ----> SEND...>>>... DL fields ...done
[PHYDLL:DL] sent output for frame 4
(PhyDLL:PHY) ----> RECV...<<<... DL fields ...done
(PhyDLL:PHY) ----> GET... DL field: (0) 'DL-OUT' ...done
STEP_TIMING step=5 latency_ms=524.97 min_ms=524.55 avg_ms=524.72 total_samples=2000000 throughput_samples_sec=3809754
(PhyDLL:PHY) ----> SET... Physical field: (0) 'PHY-IN-000' ...done
(PhyDLL:PHY) ----> SET... Physical field: (1) 'PHY-IN-001' ...done
(PhyDLL:PHY) ----> SET... Physical field: (2) 'PHY-IN-002' ...done
(PhyDLL:PHY) ----> SET... Physical field: (3) 'PHY-IN-003' ...done
(PhyDLL:PHY) ----> SET... Physical field: (4) 'PHY-IN-004' ...done
(PhyDLL:PHY) ----> SET... Physical field: (5) 'PHY-IN-005' ...done
(PhyDLL:PHY) ----> SET... Physical field: (6) 'PHY-IN-006' ...done
(PhyDLL:PHY) ----> SET... Physical field: (7) 'PHY-IN-007' ...done
(PhyDLL:PHY) ----> SET... Physical field: (8) 'PHY-IN-008' ...done
(PhyDLL:PHY) ----> SET... Physical field: (9) 'PHY-IN-009' ...done
(PhyDLL:PHY) ----> SET... Physical field: (10) 'PHY-IN-010' ...done
(PhyDLL:PHY) ----> SET... Physical field: (11) 'PHY-IN-011' ...done
(PhyDLL:PHY) ----> SET... Physical field: (12) 'PHY-IN-012' ...done
(PhyDLL:PHY) ----> SET... Physical field: (13) 'PHY-IN-013' ...done
(PhyDLL:PHY) ----> SET... Physical field: (14) 'PHY-IN-014' ...done
(PhyDLL:PHY) ----> SET... Physical field: (15) 'PHY-IN-015' ...done
(PhyDLL:PHY) ----> SET... Physical field: (16) 'PHY-IN-016' ...done
(PhyDLL:PHY) ----> SET... Physical field: (17) 'PHY-IN-017' ...done
(PhyDLL:PHY) ----> ITE (PHY ITE) = 6 (6)
(PhyDLL:DL) ----> ITE (PHY ITE) = 6 (6)
[PHYDLL:DL] Waiting for frame 5
(PhyDLL:PHY) ----> SEND...>>>... Physical fields ...done
(PhyDLL:DL) ----> RECV...<<<... Physical fields ...done
(PhyDLL:DL) ----> GET... Physical field: (0) 'PHY-IN-000' ...done
(PhyDLL:DL) ----> GET... Physical field: (1) 'PHY-IN-001' ...done
(PhyDLL:DL) ----> GET... Physical field: (2) 'PHY-IN-002' ...done
(PhyDLL:DL) ----> GET... Physical field: (3) 'PHY-IN-003' ...done
(PhyDLL:DL) ----> GET... Physical field: (4) 'PHY-IN-004' ...done
(PhyDLL:DL) ----> GET... Physical field: (5) 'PHY-IN-005' ...done
(PhyDLL:DL) ----> GET... Physical field: (6) 'PHY-IN-006' ...done
(PhyDLL:DL) ----> GET... Physical field: (7) 'PHY-IN-007' ...done
(PhyDLL:DL) ----> GET... Physical field: (8) 'PHY-IN-008' ...done
(PhyDLL:DL) ----> GET... Physical field: (9) 'PHY-IN-009' ...done
(PhyDLL:DL) ----> GET... Physical field: (10) 'PHY-IN-010' ...done
(PhyDLL:DL) ----> GET... Physical field: (11) 'PHY-IN-011' ...done
(PhyDLL:DL) ----> GET... Physical field: (12) 'PHY-IN-012' ...done
(PhyDLL:DL) ----> GET... Physical field: (13) 'PHY-IN-013' ...done
(PhyDLL:DL) ----> GET... Physical field: (14) 'PHY-IN-014' ...done
(PhyDLL:DL) ----> GET... Physical field: (15) 'PHY-IN-015' ...done
(PhyDLL:DL) ----> GET... Physical field: (16) 'PHY-IN-016' ...done
(PhyDLL:DL) ----> GET... Physical field: (17) 'PHY-IN-017' ...done
[PHYDLL:DL] Received frame 5 (has_meta=0, data_size=36000000)
[PHYDLL:DL] Frame 5 extracting data: total_input_size=36000000, batch=2000000, field/rank=100000, used/rank=18
[PHYDLL:DL] Frame 5 running inference
(PhyDLL:DL) ----> SET... DL field: (0) 'DL-OUT' ...done
(PhyDLL:DL) ----> SEND...>>>... DL fields ...done
[PHYDLL:DL] sent output for frame 5
(PhyDLL:PHY) ----> RECV...<<<... DL fields ...done
(PhyDLL:PHY) ----> GET... DL field: (0) 'DL-OUT' ...done
STEP_TIMING step=6 latency_ms=517.05 min_ms=516.62 avg_ms=516.71 total_samples=2000000 throughput_samples_sec=3868104
(PhyDLL:PHY) ----> SET... Physical field: (0) 'PHY-IN-000' ...done
(PhyDLL:PHY) ----> SET... Physical field: (1) 'PHY-IN-001' ...done
(PhyDLL:PHY) ----> SET... Physical field: (2) 'PHY-IN-002' ...done
(PhyDLL:PHY) ----> SET... Physical field: (3) 'PHY-IN-003' ...done
(PhyDLL:PHY) ----> SET... Physical field: (4) 'PHY-IN-004' ...done
(PhyDLL:PHY) ----> SET... Physical field: (5) 'PHY-IN-005' ...done
(PhyDLL:PHY) ----> SET... Physical field: (6) 'PHY-IN-006' ...done
(PhyDLL:PHY) ----> SET... Physical field: (7) 'PHY-IN-007' ...done
(PhyDLL:PHY) ----> SET... Physical field: (8) 'PHY-IN-008' ...done
(PhyDLL:PHY) ----> SET... Physical field: (9) 'PHY-IN-009' ...done
(PhyDLL:PHY) ----> SET... Physical field: (10) 'PHY-IN-010' ...done
(PhyDLL:PHY) ----> SET... Physical field: (11) 'PHY-IN-011' ...done
(PhyDLL:PHY) ----> SET... Physical field: (12) 'PHY-IN-012' ...done
(PhyDLL:PHY) ----> SET... Physical field: (13) 'PHY-IN-013' ...done
(PhyDLL:PHY) ----> SET... Physical field: (14) 'PHY-IN-014' ...done
(PhyDLL:PHY) ----> SET... Physical field: (15) 'PHY-IN-015' ...done
(PhyDLL:PHY) ----> SET... Physical field: (16) 'PHY-IN-016' ...done
(PhyDLL:PHY) ----> SET... Physical field: (17) 'PHY-IN-017' ...done
(PhyDLL:PHY) ----> ITE (PHY ITE) = 7 (7)
(PhyDLL:DL) ----> ITE (PHY ITE) = 7 (7)
[PHYDLL:DL] Waiting for frame 6
(PhyDLL:PHY) ----> SEND...>>>... Physical fields ...done
(PhyDLL:DL) ----> RECV...<<<... Physical fields ...done
(PhyDLL:DL) ----> GET... Physical field: (0) 'PHY-IN-000' ...done
(PhyDLL:DL) ----> GET... Physical field: (1) 'PHY-IN-001' ...done
(PhyDLL:DL) ----> GET... Physical field: (2) 'PHY-IN-002' ...done
(PhyDLL:DL) ----> GET... Physical field: (3) 'PHY-IN-003' ...done
(PhyDLL:DL) ----> GET... Physical field: (4) 'PHY-IN-004' ...done
(PhyDLL:DL) ----> GET... Physical field: (5) 'PHY-IN-005' ...done
(PhyDLL:DL) ----> GET... Physical field: (6) 'PHY-IN-006' ...done
(PhyDLL:DL) ----> GET... Physical field: (7) 'PHY-IN-007' ...done
(PhyDLL:DL) ----> GET... Physical field: (8) 'PHY-IN-008' ...done
(PhyDLL:DL) ----> GET... Physical field: (9) 'PHY-IN-009' ...done
(PhyDLL:DL) ----> GET... Physical field: (10) 'PHY-IN-010' ...done
(PhyDLL:DL) ----> GET... Physical field: (11) 'PHY-IN-011' ...done
(PhyDLL:DL) ----> GET... Physical field: (12) 'PHY-IN-012' ...done
(PhyDLL:DL) ----> GET... Physical field: (13) 'PHY-IN-013' ...done
(PhyDLL:DL) ----> GET... Physical field: (14) 'PHY-IN-014' ...done
(PhyDLL:DL) ----> GET... Physical field: (15) 'PHY-IN-015' ...done
(PhyDLL:DL) ----> GET... Physical field: (16) 'PHY-IN-016' ...done
(PhyDLL:DL) ----> GET... Physical field: (17) 'PHY-IN-017' ...done
[PHYDLL:DL] Received frame 6 (has_meta=0, data_size=36000000)
[PHYDLL:DL] Frame 6 extracting data: total_input_size=36000000, batch=2000000, field/rank=100000, used/rank=18
[PHYDLL:DL] Frame 6 running inference
(PhyDLL:DL) ----> SET... DL field: (0) 'DL-OUT' ...done
[PHYDLL:DL] sent output for frame 6
(PhyDLL:PHY) ----> RECV...<<<... DL fields ...done
(PhyDLL:DL) ----> SEND...>>>... DL fields ...done
(PhyDLL:PHY) ----> GET... DL field: (0) 'DL-OUT' ...done
STEP_TIMING step=7 latency_ms=518.29 min_ms=518.19 avg_ms=518.22 total_samples=2000000 throughput_samples_sec=3858853
(PhyDLL:PHY) ----> SET... Physical field: (0) 'PHY-IN-000' ...done
(PhyDLL:PHY) ----> SET... Physical field: (1) 'PHY-IN-001' ...done
(PhyDLL:PHY) ----> SET... Physical field: (2) 'PHY-IN-002' ...done
(PhyDLL:PHY) ----> SET... Physical field: (3) 'PHY-IN-003' ...done
(PhyDLL:PHY) ----> SET... Physical field: (4) 'PHY-IN-004' ...done
(PhyDLL:PHY) ----> SET... Physical field: (5) 'PHY-IN-005' ...done
(PhyDLL:PHY) ----> SET... Physical field: (6) 'PHY-IN-006' ...done
(PhyDLL:PHY) ----> SET... Physical field: (7) 'PHY-IN-007' ...done
(PhyDLL:PHY) ----> SET... Physical field: (8) 'PHY-IN-008' ...done
(PhyDLL:PHY) ----> SET... Physical field: (9) 'PHY-IN-009' ...done
(PhyDLL:PHY) ----> SET... Physical field: (10) 'PHY-IN-010' ...done
(PhyDLL:PHY) ----> SET... Physical field: (11) 'PHY-IN-011' ...done
(PhyDLL:PHY) ----> SET... Physical field: (12) 'PHY-IN-012' ...done
(PhyDLL:PHY) ----> SET... Physical field: (13) 'PHY-IN-013' ...done
(PhyDLL:PHY) ----> SET... Physical field: (14) 'PHY-IN-014' ...done
(PhyDLL:PHY) ----> SET... Physical field: (15) 'PHY-IN-015' ...done
(PhyDLL:PHY) ----> SET... Physical field: (16) 'PHY-IN-016' ...done
(PhyDLL:PHY) ----> SET... Physical field: (17) 'PHY-IN-017' ...done
[PHYDLL:DL] Waiting for frame 7
(PhyDLL:PHY) ----> ITE (PHY ITE) = 8 (8)
(PhyDLL:DL) ----> ITE (PHY ITE) = 8 (8)
(PhyDLL:PHY) ----> SEND...>>>... Physical fields ...done
(PhyDLL:DL) ----> RECV...<<<... Physical fields ...done
(PhyDLL:DL) ----> GET... Physical field: (0) 'PHY-IN-000' ...done
(PhyDLL:DL) ----> GET... Physical field: (1) 'PHY-IN-001' ...done
(PhyDLL:DL) ----> GET... Physical field: (2) 'PHY-IN-002' ...done
(PhyDLL:DL) ----> GET... Physical field: (3) 'PHY-IN-003' ...done
(PhyDLL:DL) ----> GET... Physical field: (4) 'PHY-IN-004' ...done
(PhyDLL:DL) ----> GET... Physical field: (5) 'PHY-IN-005' ...done
(PhyDLL:DL) ----> GET... Physical field: (6) 'PHY-IN-006' ...done
(PhyDLL:DL) ----> GET... Physical field: (7) 'PHY-IN-007' ...done
(PhyDLL:DL) ----> GET... Physical field: (8) 'PHY-IN-008' ...done
(PhyDLL:DL) ----> GET... Physical field: (9) 'PHY-IN-009' ...done
(PhyDLL:DL) ----> GET... Physical field: (10) 'PHY-IN-010' ...done
(PhyDLL:DL) ----> GET... Physical field: (11) 'PHY-IN-011' ...done
(PhyDLL:DL) ----> GET... Physical field: (12) 'PHY-IN-012' ...done
(PhyDLL:DL) ----> GET... Physical field: (13) 'PHY-IN-013' ...done
(PhyDLL:DL) ----> GET... Physical field: (14) 'PHY-IN-014' ...done
(PhyDLL:DL) ----> GET... Physical field: (15) 'PHY-IN-015' ...done
(PhyDLL:DL) ----> GET... Physical field: (16) 'PHY-IN-016' ...done
(PhyDLL:DL) ----> GET... Physical field: (17) 'PHY-IN-017' ...done
[PHYDLL:DL] Received frame 7 (has_meta=0, data_size=36000000)
[PHYDLL:DL] Frame 7 extracting data: total_input_size=36000000, batch=2000000, field/rank=100000, used/rank=18
[PHYDLL:DL] Frame 7 running inference
(PhyDLL:DL) ----> SET... DL field: (0) 'DL-OUT' ...done
(PhyDLL:DL) ----> SEND...>>>... DL fields ...done
[PHYDLL:DL] sent output for frame 7
(PhyDLL:PHY) ----> RECV...<<<... DL fields ...done
(PhyDLL:PHY) ----> GET... DL field: (0) 'DL-OUT' ...done
STEP_TIMING step=8 latency_ms=521.42 min_ms=520.97 avg_ms=521.08 total_samples=2000000 throughput_samples_sec=3835682
(PhyDLL:PHY) ----> SET... Physical field: (0) 'PHY-IN-000' ...done
(PhyDLL:PHY) ----> SET... Physical field: (1) 'PHY-IN-001' ...done
(PhyDLL:PHY) ----> SET... Physical field: (2) 'PHY-IN-002' ...done
(PhyDLL:PHY) ----> SET... Physical field: (3) 'PHY-IN-003' ...done
(PhyDLL:PHY) ----> SET... Physical field: (4) 'PHY-IN-004' ...done
(PhyDLL:PHY) ----> SET... Physical field: (5) 'PHY-IN-005' ...done
(PhyDLL:PHY) ----> SET... Physical field: (6) 'PHY-IN-006' ...done
(PhyDLL:PHY) ----> SET... Physical field: (7) 'PHY-IN-007' ...done
(PhyDLL:PHY) ----> SET... Physical field: (8) 'PHY-IN-008' ...done
(PhyDLL:PHY) ----> SET... Physical field: (9) 'PHY-IN-009' ...done
(PhyDLL:PHY) ----> SET... Physical field: (10) 'PHY-IN-010' ...done
(PhyDLL:PHY) ----> SET... Physical field: (11) 'PHY-IN-011' ...done
(PhyDLL:PHY) ----> SET... Physical field: (12) 'PHY-IN-012' ...done
(PhyDLL:PHY) ----> SET... Physical field: (13) 'PHY-IN-013' ...done
(PhyDLL:PHY) ----> SET... Physical field: (14) 'PHY-IN-014' ...done
(PhyDLL:PHY) ----> SET... Physical field: (15) 'PHY-IN-015' ...done
(PhyDLL:PHY) ----> SET... Physical field: (16) 'PHY-IN-016' ...done
(PhyDLL:PHY) ----> SET... Physical field: (17) 'PHY-IN-017' ...done
(PhyDLL:PHY) ----> ITE (PHY ITE) = 9 (9)
(PhyDLL:DL) ----> ITE (PHY ITE) = 9 (9)
[PHYDLL:DL] Waiting for frame 8
(PhyDLL:PHY) ----> SEND...>>>... Physical fields ...done
(PhyDLL:DL) ----> RECV...<<<... Physical fields ...done
(PhyDLL:DL) ----> GET... Physical field: (0) 'PHY-IN-000' ...done
(PhyDLL:DL) ----> GET... Physical field: (1) 'PHY-IN-001' ...done
(PhyDLL:DL) ----> GET... Physical field: (2) 'PHY-IN-002' ...done
(PhyDLL:DL) ----> GET... Physical field: (3) 'PHY-IN-003' ...done
(PhyDLL:DL) ----> GET... Physical field: (4) 'PHY-IN-004' ...done
(PhyDLL:DL) ----> GET... Physical field: (5) 'PHY-IN-005' ...done
(PhyDLL:DL) ----> GET... Physical field: (6) 'PHY-IN-006' ...done
(PhyDLL:DL) ----> GET... Physical field: (7) 'PHY-IN-007' ...done
(PhyDLL:DL) ----> GET... Physical field: (8) 'PHY-IN-008' ...done
(PhyDLL:DL) ----> GET... Physical field: (9) 'PHY-IN-009' ...done
(PhyDLL:DL) ----> GET... Physical field: (10) 'PHY-IN-010' ...done
(PhyDLL:DL) ----> GET... Physical field: (11) 'PHY-IN-011' ...done
(PhyDLL:DL) ----> GET... Physical field: (12) 'PHY-IN-012' ...done
(PhyDLL:DL) ----> GET... Physical field: (13) 'PHY-IN-013' ...done
(PhyDLL:DL) ----> GET... Physical field: (14) 'PHY-IN-014' ...done
(PhyDLL:DL) ----> GET... Physical field: (15) 'PHY-IN-015' ...done
(PhyDLL:DL) ----> GET... Physical field: (16) 'PHY-IN-016' ...done
(PhyDLL:DL) ----> GET... Physical field: (17) 'PHY-IN-017' ...done
[PHYDLL:DL] Received frame 8 (has_meta=0, data_size=36000000)
[PHYDLL:DL] Frame 8 extracting data: total_input_size=36000000, batch=2000000, field/rank=100000, used/rank=18
[PHYDLL:DL] Frame 8 running inference
(PhyDLL:DL) ----> SET... DL field: (0) 'DL-OUT' ...done
(PhyDLL:DL) ----> SEND...>>>... DL fields ...done
[PHYDLL:DL] sent output for frame 8
(PhyDLL:PHY) ----> RECV...<<<... DL fields ...done
(PhyDLL:PHY) ----> GET... DL field: (0) 'DL-OUT' ...done
STEP_TIMING step=9 latency_ms=518.26 min_ms=517.91 avg_ms=517.98 total_samples=2000000 throughput_samples_sec=3859035
(PhyDLL:PHY) ----> SET... Physical field: (0) 'PHY-IN-000' ...done
(PhyDLL:PHY) ----> SET... Physical field: (1) 'PHY-IN-001' ...done
(PhyDLL:PHY) ----> SET... Physical field: (2) 'PHY-IN-002' ...done
(PhyDLL:PHY) ----> SET... Physical field: (3) 'PHY-IN-003' ...done
(PhyDLL:PHY) ----> SET... Physical field: (4) 'PHY-IN-004' ...done
(PhyDLL:PHY) ----> SET... Physical field: (5) 'PHY-IN-005' ...done
(PhyDLL:PHY) ----> SET... Physical field: (6) 'PHY-IN-006' ...done
(PhyDLL:PHY) ----> SET... Physical field: (7) 'PHY-IN-007' ...done
(PhyDLL:PHY) ----> SET... Physical field: (8) 'PHY-IN-008' ...done
(PhyDLL:PHY) ----> SET... Physical field: (9) 'PHY-IN-009' ...done
(PhyDLL:PHY) ----> SET... Physical field: (10) 'PHY-IN-010' ...done
(PhyDLL:PHY) ----> SET... Physical field: (11) 'PHY-IN-011' ...done
(PhyDLL:PHY) ----> SET... Physical field: (12) 'PHY-IN-012' ...done
(PhyDLL:PHY) ----> SET... Physical field: (13) 'PHY-IN-013' ...done
(PhyDLL:PHY) ----> SET... Physical field: (14) 'PHY-IN-014' ...done
(PhyDLL:PHY) ----> SET... Physical field: (15) 'PHY-IN-015' ...done
(PhyDLL:PHY) ----> SET... Physical field: (16) 'PHY-IN-016' ...done
(PhyDLL:PHY) ----> SET... Physical field: (17) 'PHY-IN-017' ...done
(PhyDLL:PHY) ----> ITE (PHY ITE) = 10 (10)
(PhyDLL:DL) ----> ITE (PHY ITE) = 10 (10)
[PHYDLL:DL] Waiting for frame 9
(PhyDLL:PHY) ----> SEND...>>>... Physical fields ...done
(PhyDLL:DL) ----> RECV...<<<... Physical fields ...done
(PhyDLL:DL) ----> GET... Physical field: (0) 'PHY-IN-000' ...done
(PhyDLL:DL) ----> GET... Physical field: (1) 'PHY-IN-001' ...done
(PhyDLL:DL) ----> GET... Physical field: (2) 'PHY-IN-002' ...done
(PhyDLL:DL) ----> GET... Physical field: (3) 'PHY-IN-003' ...done
(PhyDLL:DL) ----> GET... Physical field: (4) 'PHY-IN-004' ...done
(PhyDLL:DL) ----> GET... Physical field: (5) 'PHY-IN-005' ...done
(PhyDLL:DL) ----> GET... Physical field: (6) 'PHY-IN-006' ...done
(PhyDLL:DL) ----> GET... Physical field: (7) 'PHY-IN-007' ...done
(PhyDLL:DL) ----> GET... Physical field: (8) 'PHY-IN-008' ...done
(PhyDLL:DL) ----> GET... Physical field: (9) 'PHY-IN-009' ...done
(PhyDLL:DL) ----> GET... Physical field: (10) 'PHY-IN-010' ...done
(PhyDLL:DL) ----> GET... Physical field: (11) 'PHY-IN-011' ...done
(PhyDLL:DL) ----> GET... Physical field: (12) 'PHY-IN-012' ...done
(PhyDLL:DL) ----> GET... Physical field: (13) 'PHY-IN-013' ...done
(PhyDLL:DL) ----> GET... Physical field: (14) 'PHY-IN-014' ...done
(PhyDLL:DL) ----> GET... Physical field: (15) 'PHY-IN-015' ...done
(PhyDLL:DL) ----> GET... Physical field: (16) 'PHY-IN-016' ...done
(PhyDLL:DL) ----> GET... Physical field: (17) 'PHY-IN-017' ...done
[PHYDLL:DL] Received frame 9 (has_meta=0, data_size=36000000)
[PHYDLL:DL] Frame 9 extracting data: total_input_size=36000000, batch=2000000, field/rank=100000, used/rank=18
[PHYDLL:DL] Frame 9 running inference
(PhyDLL:DL) ----> SET... DL field: (0) 'DL-OUT' ...done
[PHYDLL:DL] sent output for frame 9
(PhyDLL:DL) ----> SEND...>>>... DL fields ...done
(PhyDLL:PHY) ----> RECV...<<<... DL fields ...done
(PhyDLL:PHY) ----> GET... DL field: (0) 'DL-OUT' ...done
STEP_TIMING step=10 latency_ms=514.37 min_ms=513.94 avg_ms=514.08 total_samples=2000000 throughput_samples_sec=3888248
(PhyDLL:PHY) ----> SET... Physical field: (0) 'PHY-IN-000' ...done
(PhyDLL:PHY) ----> SET... Physical field: (1) 'PHY-IN-001' ...done
(PhyDLL:PHY) ----> SET... Physical field: (2) 'PHY-IN-002' ...done
(PhyDLL:PHY) ----> SET... Physical field: (3) 'PHY-IN-003' ...done
(PhyDLL:PHY) ----> SET... Physical field: (4) 'PHY-IN-004' ...done
(PhyDLL:PHY) ----> SET... Physical field: (5) 'PHY-IN-005' ...done
(PhyDLL:PHY) ----> SET... Physical field: (6) 'PHY-IN-006' ...done
(PhyDLL:PHY) ----> SET... Physical field: (7) 'PHY-IN-007' ...done
(PhyDLL:PHY) ----> SET... Physical field: (8) 'PHY-IN-008' ...done
(PhyDLL:PHY) ----> SET... Physical field: (9) 'PHY-IN-009' ...done
(PhyDLL:PHY) ----> SET... Physical field: (10) 'PHY-IN-010' ...done
(PhyDLL:PHY) ----> SET... Physical field: (11) 'PHY-IN-011' ...done
(PhyDLL:PHY) ----> SET... Physical field: (12) 'PHY-IN-012' ...done
(PhyDLL:PHY) ----> SET... Physical field: (13) 'PHY-IN-013' ...done
(PhyDLL:PHY) ----> SET... Physical field: (14) 'PHY-IN-014' ...done
(PhyDLL:PHY) ----> SET... Physical field: (15) 'PHY-IN-015' ...done
(PhyDLL:PHY) ----> SET... Physical field: (16) 'PHY-IN-016' ...done
(PhyDLL:PHY) ----> SET... Physical field: (17) 'PHY-IN-017' ...done
(PhyDLL:DL) ----> ITE (PHY ITE) = 11 (11)
(PhyDLL:PHY) ----> ITE (PHY ITE) = 11 (11)
[PHYDLL:DL] Waiting for frame 10
(PhyDLL:PHY) ----> SEND...>>>... Physical fields ...done
(PhyDLL:DL) ----> RECV...<<<... Physical fields ...done
(PhyDLL:DL) ----> GET... Physical field: (0) 'PHY-IN-000' ...done
(PhyDLL:DL) ----> GET... Physical field: (1) 'PHY-IN-001' ...done
(PhyDLL:DL) ----> GET... Physical field: (2) 'PHY-IN-002' ...done
(PhyDLL:DL) ----> GET... Physical field: (3) 'PHY-IN-003' ...done
(PhyDLL:DL) ----> GET... Physical field: (4) 'PHY-IN-004' ...done
(PhyDLL:DL) ----> GET... Physical field: (5) 'PHY-IN-005' ...done
(PhyDLL:DL) ----> GET... Physical field: (6) 'PHY-IN-006' ...done
(PhyDLL:DL) ----> GET... Physical field: (7) 'PHY-IN-007' ...done
(PhyDLL:DL) ----> GET... Physical field: (8) 'PHY-IN-008' ...done
(PhyDLL:DL) ----> GET... Physical field: (9) 'PHY-IN-009' ...done
(PhyDLL:DL) ----> GET... Physical field: (10) 'PHY-IN-010' ...done
(PhyDLL:DL) ----> GET... Physical field: (11) 'PHY-IN-011' ...done
(PhyDLL:DL) ----> GET... Physical field: (12) 'PHY-IN-012' ...done
(PhyDLL:DL) ----> GET... Physical field: (13) 'PHY-IN-013' ...done
(PhyDLL:DL) ----> GET... Physical field: (14) 'PHY-IN-014' ...done
(PhyDLL:DL) ----> GET... Physical field: (15) 'PHY-IN-015' ...done
(PhyDLL:DL) ----> GET... Physical field: (16) 'PHY-IN-016' ...done
(PhyDLL:DL) ----> GET... Physical field: (17) 'PHY-IN-017' ...done
[PHYDLL:DL] Received frame 10 (has_meta=0, data_size=36000000)
[PHYDLL:DL] Frame 10 extracting data: total_input_size=36000000, batch=2000000, field/rank=100000, used/rank=18
[PHYDLL:DL] Frame 10 running inference
(PhyDLL:DL) ----> SET... DL field: (0) 'DL-OUT' ...done
[PHYDLL:DL] sent output for frame 10
(PhyDLL:DL) ----> SEND...>>>... DL fields ...done
(PhyDLL:PHY) ----> RECV...<<<... DL fields ...done
(PhyDLL:PHY) ----> GET... DL field: (0) 'DL-OUT' ...done
STEP_TIMING step=11 latency_ms=519.41 min_ms=519.04 avg_ms=519.12 total_samples=2000000 throughput_samples_sec=3850494
(PhyDLL:PHY) ----> SET... Physical field: (0) 'PHY-IN-000' ...done
(PhyDLL:PHY) ----> SET... Physical field: (1) 'PHY-IN-001' ...done
(PhyDLL:PHY) ----> SET... Physical field: (2) 'PHY-IN-002' ...done
(PhyDLL:PHY) ----> SET... Physical field: (3) 'PHY-IN-003' ...done
(PhyDLL:PHY) ----> SET... Physical field: (4) 'PHY-IN-004' ...done
(PhyDLL:PHY) ----> SET... Physical field: (5) 'PHY-IN-005' ...done
(PhyDLL:PHY) ----> SET... Physical field: (6) 'PHY-IN-006' ...done
(PhyDLL:PHY) ----> SET... Physical field: (7) 'PHY-IN-007' ...done
(PhyDLL:PHY) ----> SET... Physical field: (8) 'PHY-IN-008' ...done
(PhyDLL:PHY) ----> SET... Physical field: (9) 'PHY-IN-009' ...done
(PhyDLL:PHY) ----> SET... Physical field: (10) 'PHY-IN-010' ...done
(PhyDLL:PHY) ----> SET... Physical field: (11) 'PHY-IN-011' ...done
(PhyDLL:PHY) ----> SET... Physical field: (12) 'PHY-IN-012' ...done
(PhyDLL:PHY) ----> SET... Physical field: (13) 'PHY-IN-013' ...done
(PhyDLL:PHY) ----> SET... Physical field: (14) 'PHY-IN-014' ...done
(PhyDLL:PHY) ----> SET... Physical field: (15) 'PHY-IN-015' ...done
(PhyDLL:PHY) ----> SET... Physical field: (16) 'PHY-IN-016' ...done
(PhyDLL:PHY) ----> SET... Physical field: (17) 'PHY-IN-017' ...done
(PhyDLL:PHY) ----> ITE (PHY ITE) = 12 (12)
(PhyDLL:DL) ----> ITE (PHY ITE) = 12 (12)
[PHYDLL:DL] Waiting for frame 11
(PhyDLL:PHY) ----> SEND...>>>... Physical fields ...done
(PhyDLL:DL) ----> RECV...<<<... Physical fields ...done
(PhyDLL:DL) ----> GET... Physical field: (0) 'PHY-IN-000' ...done
(PhyDLL:DL) ----> GET... Physical field: (1) 'PHY-IN-001' ...done
(PhyDLL:DL) ----> GET... Physical field: (2) 'PHY-IN-002' ...done
(PhyDLL:DL) ----> GET... Physical field: (3) 'PHY-IN-003' ...done
(PhyDLL:DL) ----> GET... Physical field: (4) 'PHY-IN-004' ...done
(PhyDLL:DL) ----> GET... Physical field: (5) 'PHY-IN-005' ...done
(PhyDLL:DL) ----> GET... Physical field: (6) 'PHY-IN-006' ...done
(PhyDLL:DL) ----> GET... Physical field: (7) 'PHY-IN-007' ...done
(PhyDLL:DL) ----> GET... Physical field: (8) 'PHY-IN-008' ...done
(PhyDLL:DL) ----> GET... Physical field: (9) 'PHY-IN-009' ...done
(PhyDLL:DL) ----> GET... Physical field: (10) 'PHY-IN-010' ...done
(PhyDLL:DL) ----> GET... Physical field: (11) 'PHY-IN-011' ...done
(PhyDLL:DL) ----> GET... Physical field: (12) 'PHY-IN-012' ...done
(PhyDLL:DL) ----> GET... Physical field: (13) 'PHY-IN-013' ...done
(PhyDLL:DL) ----> GET... Physical field: (14) 'PHY-IN-014' ...done
(PhyDLL:DL) ----> GET... Physical field: (15) 'PHY-IN-015' ...done
(PhyDLL:DL) ----> GET... Physical field: (16) 'PHY-IN-016' ...done
(PhyDLL:DL) ----> GET... Physical field: (17) 'PHY-IN-017' ...done
[PHYDLL:DL] Received frame 11 (has_meta=0, data_size=36000000)
[PHYDLL:DL] Frame 11 extracting data: total_input_size=36000000, batch=2000000, field/rank=100000, used/rank=18
[PHYDLL:DL] Frame 11 running inference
(PhyDLL:DL) ----> SET... DL field: (0) 'DL-OUT' ...done
(PhyDLL:DL) ----> SEND...>>>... DL fields ...done
[PHYDLL:DL] sent output for frame 11
(PhyDLL:PHY) ----> RECV...<<<... DL fields ...done
(PhyDLL:PHY) ----> GET... DL field: (0) 'DL-OUT' ...done
STEP_TIMING step=12 latency_ms=520.24 min_ms=519.80 avg_ms=519.88 total_samples=2000000 throughput_samples_sec=3844406

=================================================================
=== Benchmark Summary (Steady-State Steps 3 to 12) ===
=================================================================
Steady Step Count:   10
Median Latency:      519.51 ms
Mean Latency:        520.54 ms
Min Latency:         514.37 ms
Max Latency:         531.87 ms
Median Throughput:   3849793 samples/sec
=================================================================
[PHYDLL:DL] exited main loop after 12 frames
(PhyDLL:PHY) ----> Finalize... ...done
[PHYDLL:DL] waiting for solver teardown
(PhyDLL:DL) ----> Finalize... ...done
[2026-08-18T19:29:37.286] error: *** JOB 3053473 ON r23g0004 CANCELLED AT 2026-08-18T19:29:37 DUE to SIGNAL Terminated ***
