timestamp,index,name,utilization.gpu,utilization.memory,memory.used,memory.free
2026/08/18 19:10:31.930, 0, NVIDIA H100, 0, 0, 0, 95320
2026/08/18 19:10:31.988, 0, NVIDIA H100, 0, 0, 0, 95320
2026/08/18 19:10:32.038, 0, NVIDIA H100, 0, 0, 0, 95320
2026/08/18 19:10:32.088, 0, NVIDIA H100, 0, 0, 0, 95320
2026/08/18 19:10:32.138, 0, NVIDIA H100, 0, 0, 0, 95320
2026/08/18 19:10:32.189, 0, NVIDIA H100, 0, 0, 0, 95320
2026/08/18 19:10:32.239, 0, NVIDIA H100, 0, 0, 0, 95320
2026/08/18 19:10:32.289, 0, NVIDIA H100, 0, 0, 0, 95320
2026/08/18 19:10:32.340, 0, NVIDIA H100, 0, 0, 0, 95320
2026/08/18 19:10:32.390, 0, NVIDIA H100, 0, 0, 0, 95320
2026/08/18 19:10:32.440, 0, NVIDIA H100, 0, 0, 0, 95320
2026/08/18 19:10:32.491, 0, NVIDIA H100, 0, 0, 0, 95320
2026/08/18 19:10:32.541, 0, NVIDIA H100, 0, 0, 0, 95320
2026/08/18 19:10:32.591, 0, NVIDIA H100, 0, 0, 0, 95320
2026/08/18 19:10:32.641, 0, NVIDIA H100, 0, 0, 0, 95320
2026/08/18 19:10:32.692, 0, NVIDIA H100, 0, 0, 0, 95320
2026/08/18 19:10:32.742, 0, NVIDIA H100, 0, 0, 0, 95320
2026/08/18 19:10:32.792, 0, NVIDIA H100, 0, 0, 0, 95320
2026/08/18 19:10:32.843, 0, NVIDIA H100, 0, 0, 0, 95320
2026/08/18 19:10:32.893, 0, NVIDIA H100, 0, 0, 0, 95320
2026/08/18 19:10:32.943, 0, NVIDIA H100, 0, 0, 0, 95320
2026/08/18 19:10:32.994, 0, NVIDIA H100, 0, 0, 0, 95320
2026/08/18 19:10:33.044, 0, NVIDIA H100, 0, 0, 0, 95320
2026/08/18 19:10:33.094, 0, NVIDIA H100, 0, 0, 0, 95320
2026/08/18 19:10:33.145, 0, NVIDIA H100, 0, 0, 0, 95320
2026/08/18 19:10:33.195, 0, NVIDIA H100, 0, 0, 0, 95320
2026/08/18 19:10:33.246, 0, NVIDIA H100, 0, 0, 0, 95320
2026/08/18 19:10:33.296, 0, NVIDIA H100, 0, 0, 0, 95320
2026/08/18 19:10:33.346, 0, NVIDIA H100, 0, 0, 0, 95320
2026/08/18 19:10:33.397, 0, NVIDIA H100, 0, 0, 0, 95320
2026/08/18 19:10:33.447, 0, NVIDIA H100, 0, 0, 0, 95320
2026/08/18 19:10:33.498, 0, NVIDIA H100, 0, 0, 0, 95320
2026/08/18 19:10:33.548, 0, NVIDIA H100, 0, 0, 0, 95320
2026/08/18 19:10:33.599, 0, NVIDIA H100, 0, 0, 0, 95320
2026/08/18 19:10:33.649, 0, NVIDIA H100, 0, 0, 0, 95320
2026/08/18 19:10:33.699, 0, NVIDIA H100, 0, 0, 0, 95320
2026/08/18 19:10:33.750, 0, NVIDIA H100, 0, 0, 0, 95320
2026/08/18 19:10:33.800, 0, NVIDIA H100, 0, 0, 0, 95320
2026/08/18 19:10:33.850, 0, NVIDIA H100, 0, 0, 0, 95320
2026/08/18 19:10:33.901, 0, NVIDIA H100, 0, 0, 0, 95320
2026/08/18 19:10:33.951, 0, NVIDIA H100, 0, 0, 0, 95320
2026/08/18 19:10:34.001, 0, NVIDIA H100, 0, 0, 0, 95320
2026/08/18 19:10:34.052, 0, NVIDIA H100, 0, 0, 0, 95320
2026/08/18 19:10:34.102, 0, NVIDIA H100, 0, 0, 0, 95320
2026/08/18 19:10:34.153, 0, NVIDIA H100, 0, 0, 0, 95320
2026/08/18 19:10:34.203, 0, NVIDIA H100, 0, 0, 0, 95320
2026/08/18 19:10:34.253, 0, NVIDIA H100, 0, 0, 0, 95320
2026/08/18 19:10:34.304, 0, NVIDIA H100, 0, 0, 0, 95320
2026/08/18 19:10:34.354, 0, NVIDIA H100, 0, 0, 0, 95320
2026/08/18 19:10:34.404, 0, NVIDIA H100, 0, 0, 0, 95320
2026/08/18 19:10:34.455, 0, NVIDIA H100, 0, 0, 0, 95320
2026/08/18 19:10:34.505, 0, NVIDIA H100, 0, 0, 0, 95320
2026/08/18 19:10:34.555, 0, NVIDIA H100, 0, 0, 0, 95320
2026/08/18 19:10:34.605, 0, NVIDIA H100, 0, 0, 0, 95320
2026/08/18 19:10:34.656, 0, NVIDIA H100, 0, 0, 0, 95320
2026/08/18 19:10:34.706, 0, NVIDIA H100, 0, 0, 0, 95320
2026/08/18 19:10:34.762, 0, NVIDIA H100, 0, 0, 1, 95320
2026/08/18 19:10:34.918, 0, NVIDIA H100, 0, 0, 2, 95318
2026/08/18 19:10:34.968, 0, NVIDIA H100, 0, 0, 4, 95316
2026/08/18 19:10:35.056, 0, NVIDIA H100, 0, 0, 4, 95316
2026/08/18 19:10:35.116, 0, NVIDIA H100, 0, 0, 4, 95316
2026/08/18 19:10:35.220, 0, NVIDIA H100, 0, 0, 4, 95316
2026/08/18 19:10:35.317, 0, NVIDIA H100, 0, 0, 4, 95316
2026/08/18 19:10:35.373, 0, NVIDIA H100, 0, 0, 4, 95316
2026/08/18 19:10:35.465, 0, NVIDIA H100, 0, 0, 4, 95316
2026/08/18 19:10:35.548, 0, NVIDIA H100, 0, 0, 4, 95316
2026/08/18 19:10:35.599, 0, NVIDIA H100, 0, 0, 4, 95316
2026/08/18 19:10:35.649, 0, NVIDIA H100, 0, 0, 4, 95316
2026/08/18 19:10:35.699, 0, NVIDIA H100, 0, 0, 4, 95316
2026/08/18 19:10:35.750, 0, NVIDIA H100, 0, 0, 4, 95316
2026/08/18 19:10:35.800, 0, NVIDIA H100, 0, 0, 4, 95316
2026/08/18 19:10:35.850, 0, NVIDIA H100, 0, 0, 4, 95316
2026/08/18 19:10:35.901, 0, NVIDIA H100, 0, 0, 4, 95316
2026/08/18 19:10:35.951, 0, NVIDIA H100, 0, 0, 4, 95316
2026/08/18 19:10:36.001, 0, NVIDIA H100, 0, 0, 4, 95316
2026/08/18 19:10:36.051, 0, NVIDIA H100, 0, 0, 4, 95316
2026/08/18 19:10:36.102, 0, NVIDIA H100, 0, 0, 4, 95316
2026/08/18 19:10:36.152, 0, NVIDIA H100, 0, 0, 4, 95316
2026/08/18 19:10:36.202, 0, NVIDIA H100, 0, 0, 4, 95316
2026/08/18 19:10:36.252, 0, NVIDIA H100, 0, 0, 4, 95316
2026/08/18 19:10:36.303, 0, NVIDIA H100, 0, 0, 4, 95316
2026/08/18 19:10:36.353, 0, NVIDIA H100, 0, 0, 4, 95316
2026/08/18 19:10:36.403, 0, NVIDIA H100, 0, 0, 4, 95316
2026/08/18 19:10:36.454, 0, NVIDIA H100, 0, 0, 4, 95316
2026/08/18 19:10:36.504, 0, NVIDIA H100, 0, 0, 4, 95316
2026/08/18 19:10:36.554, 0, NVIDIA H100, 0, 0, 4, 95316
2026/08/18 19:10:36.604, 0, NVIDIA H100, 0, 0, 4, 95316
2026/08/18 19:10:36.655, 0, NVIDIA H100, 0, 0, 4, 95316
2026/08/18 19:10:36.705, 0, NVIDIA H100, 0, 0, 4, 95316
2026/08/18 19:10:36.755, 0, NVIDIA H100, 0, 0, 4, 95316
2026/08/18 19:10:36.806, 0, NVIDIA H100, 0, 0, 4, 95316
2026/08/18 19:10:36.856, 0, NVIDIA H100, 0, 0, 4, 95316
2026/08/18 19:10:36.906, 0, NVIDIA H100, 0, 0, 4, 95316
2026/08/18 19:10:36.956, 0, NVIDIA H100, 0, 0, 4, 95316
2026/08/18 19:10:37.007, 0, NVIDIA H100, 0, 0, 4, 95316
2026/08/18 19:10:37.057, 0, NVIDIA H100, 0, 0, 4, 95316
2026/08/18 19:10:37.107, 0, NVIDIA H100, 0, 0, 4, 95316
2026/08/18 19:10:37.158, 0, NVIDIA H100, 0, 0, 4, 95316
2026/08/18 19:10:37.208, 0, NVIDIA H100, 0, 0, 4, 95316
2026/08/18 19:10:37.258, 0, NVIDIA H100, 0, 0, 4, 95316
2026/08/18 19:10:37.308, 0, NVIDIA H100, 0, 0, 4, 95316
2026/08/18 19:10:37.359, 0, NVIDIA H100, 0, 0, 23, 95298
2026/08/18 19:10:37.432, 0, NVIDIA H100, 0, 0, 24, 95297
2026/08/18 19:10:37.483, 0, NVIDIA H100, 0, 0, 531, 94790
2026/08/18 19:10:37.533, 0, NVIDIA H100, 0, 0, 531, 94790
2026/08/18 19:10:37.583, 0, NVIDIA H100, 0, 0, 531, 94790
2026/08/18 19:10:37.633, 0, NVIDIA H100, 0, 0, 531, 94790
2026/08/18 19:10:37.684, 0, NVIDIA H100, 0, 0, 531, 94790
2026/08/18 19:10:37.734, 0, NVIDIA H100, 0, 0, 531, 94790
2026/08/18 19:10:37.784, 0, NVIDIA H100, 0, 0, 531, 94790
2026/08/18 19:10:37.835, 0, NVIDIA H100, 0, 0, 531, 94790
2026/08/18 19:10:37.885, 0, NVIDIA H100, 0, 0, 531, 94790
2026/08/18 19:10:37.935, 0, NVIDIA H100, 0, 0, 531, 94790
2026/08/18 19:10:37.985, 0, NVIDIA H100, 0, 0, 531, 94790
2026/08/18 19:10:38.036, 0, NVIDIA H100, 0, 0, 531, 94790
2026/08/18 19:10:38.086, 0, NVIDIA H100, 0, 0, 531, 94790
2026/08/18 19:10:38.136, 0, NVIDIA H100, 0, 0, 531, 94790
2026/08/18 19:10:38.187, 0, NVIDIA H100, 0, 0, 531, 94790
2026/08/18 19:10:38.237, 0, NVIDIA H100, 0, 0, 531, 94790
2026/08/18 19:10:38.287, 0, NVIDIA H100, 0, 0, 531, 94790
2026/08/18 19:10:38.338, 0, NVIDIA H100, 0, 0, 531, 94790
2026/08/18 19:10:38.388, 0, NVIDIA H100, 0, 0, 531, 94790
2026/08/18 19:10:38.438, 0, NVIDIA H100, 0, 0, 531, 94790
2026/08/18 19:10:38.488, 0, NVIDIA H100, 0, 0, 531, 94790
2026/08/18 19:10:38.539, 0, NVIDIA H100, 0, 0, 531, 94790
2026/08/18 19:10:38.589, 0, NVIDIA H100, 0, 0, 531, 94790
2026/08/18 19:10:38.639, 0, NVIDIA H100, 0, 0, 531, 94790
2026/08/18 19:10:38.690, 0, NVIDIA H100, 0, 0, 531, 94790
2026/08/18 19:10:38.740, 0, NVIDIA H100, 0, 0, 531, 94790
2026/08/18 19:10:38.790, 0, NVIDIA H100, 0, 0, 531, 94790
2026/08/18 19:10:38.841, 0, NVIDIA H100, 0, 0, 531, 94790
2026/08/18 19:10:38.891, 0, NVIDIA H100, 0, 0, 531, 94790
2026/08/18 19:10:38.941, 0, NVIDIA H100, 0, 0, 531, 94790
2026/08/18 19:10:38.991, 0, NVIDIA H100, 0, 0, 531, 94790
2026/08/18 19:10:39.042, 0, NVIDIA H100, 0, 0, 531, 94790
2026/08/18 19:10:39.092, 0, NVIDIA H100, 0, 0, 531, 94790
2026/08/18 19:10:39.142, 0, NVIDIA H100, 0, 0, 531, 94790
2026/08/18 19:10:39.193, 0, NVIDIA H100, 0, 0, 531, 94790
2026/08/18 19:10:39.243, 0, NVIDIA H100, 0, 0, 531, 94790
2026/08/18 19:10:39.293, 0, NVIDIA H100, 0, 0, 531, 94790
2026/08/18 19:10:39.343, 0, NVIDIA H100, 0, 0, 531, 94790
2026/08/18 19:10:39.394, 0, NVIDIA H100, 0, 0, 531, 94790
2026/08/18 19:10:39.444, 0, NVIDIA H100, 0, 0, 531, 94790
2026/08/18 19:10:39.494, 0, NVIDIA H100, 0, 0, 531, 94790
2026/08/18 19:10:39.545, 0, NVIDIA H100, 0, 0, 531, 94790
2026/08/18 19:10:39.595, 0, NVIDIA H100, 0, 0, 531, 94790
2026/08/18 19:10:39.646, 0, NVIDIA H100, 0, 0, 531, 94790
2026/08/18 19:10:39.696, 0, NVIDIA H100, 0, 0, 531, 94790
2026/08/18 19:10:39.746, 0, NVIDIA H100, 0, 0, 531, 94790
2026/08/18 19:10:39.796, 0, NVIDIA H100, 0, 0, 531, 94790
2026/08/18 19:10:39.847, 0, NVIDIA H100, 0, 0, 531, 94790
2026/08/18 19:10:39.897, 0, NVIDIA H100, 0, 0, 531, 94790
2026/08/18 19:10:39.947, 0, NVIDIA H100, 0, 0, 531, 94790
2026/08/18 19:10:39.998, 0, NVIDIA H100, 0, 0, 669, 94652
2026/08/18 19:10:40.048, 0, NVIDIA H100, 0, 0, 669, 94652
2026/08/18 19:10:40.098, 0, NVIDIA H100, 2, 0, 669, 94652
2026/08/18 19:10:40.148, 0, NVIDIA H100, 2, 0, 669, 94652
2026/08/18 19:10:40.199, 0, NVIDIA H100, 2, 0, 669, 94652
2026/08/18 19:10:40.249, 0, NVIDIA H100, 2, 0, 669, 94652
2026/08/18 19:10:40.299, 0, NVIDIA H100, 0, 0, 689, 94632
2026/08/18 19:10:40.350, 0, NVIDIA H100, 0, 0, 689, 94632
2026/08/18 19:10:40.400, 0, NVIDIA H100, 0, 0, 689, 94632
2026/08/18 19:10:40.450, 0, NVIDIA H100, 0, 0, 689, 94632
2026/08/18 19:10:40.501, 0, NVIDIA H100, 0, 0, 781, 94540
2026/08/18 19:10:40.551, 0, NVIDIA H100, 0, 0, 781, 94540
2026/08/18 19:10:40.601, 0, NVIDIA H100, 0, 0, 781, 94540
2026/08/18 19:10:40.651, 0, NVIDIA H100, 0, 0, 781, 94540
2026/08/18 19:10:40.702, 0, NVIDIA H100, 1, 0, 781, 94540
2026/08/18 19:10:40.752, 0, NVIDIA H100, 1, 0, 781, 94540
2026/08/18 19:10:40.802, 0, NVIDIA H100, 1, 0, 791, 94530
2026/08/18 19:10:40.853, 0, NVIDIA H100, 1, 0, 791, 94530
2026/08/18 19:10:40.903, 0, NVIDIA H100, 0, 0, 791, 94530
2026/08/18 19:10:40.953, 0, NVIDIA H100, 0, 0, 791, 94530
2026/08/18 19:10:41.003, 0, NVIDIA H100, 0, 0, 791, 94530
2026/08/18 19:10:41.054, 0, NVIDIA H100, 0, 0, 791, 94530
2026/08/18 19:10:41.104, 0, NVIDIA H100, 0, 0, 791, 94530
2026/08/18 19:10:41.154, 0, NVIDIA H100, 0, 0, 791, 94530
2026/08/18 19:10:41.205, 0, NVIDIA H100, 0, 0, 791, 94530
2026/08/18 19:10:41.255, 0, NVIDIA H100, 0, 0, 791, 94530
2026/08/18 19:10:41.305, 0, NVIDIA H100, 0, 0, 791, 94530
2026/08/18 19:10:41.355, 0, NVIDIA H100, 0, 0, 791, 94530
2026/08/18 19:10:41.406, 0, NVIDIA H100, 0, 0, 791, 94530
2026/08/18 19:10:41.456, 0, NVIDIA H100, 0, 0, 791, 94530
2026/08/18 19:10:41.506, 0, NVIDIA H100, 0, 0, 791, 94530
2026/08/18 19:10:41.557, 0, NVIDIA H100, 0, 0, 791, 94530
2026/08/18 19:10:41.607, 0, NVIDIA H100, 0, 0, 791, 94530
2026/08/18 19:10:41.657, 0, NVIDIA H100, 0, 0, 791, 94530
2026/08/18 19:10:41.707, 0, NVIDIA H100, 0, 0, 791, 94530
2026/08/18 19:10:41.758, 0, NVIDIA H100, 0, 0, 791, 94530
2026/08/18 19:10:41.808, 0, NVIDIA H100, 0, 0, 791, 94530
2026/08/18 19:10:41.858, 0, NVIDIA H100, 0, 0, 791, 94530
2026/08/18 19:10:41.909, 0, NVIDIA H100, 0, 0, 791, 94530
2026/08/18 19:10:41.959, 0, NVIDIA H100, 0, 0, 791, 94530
2026/08/18 19:10:42.009, 0, NVIDIA H100, 0, 0, 791, 94530
2026/08/18 19:10:42.059, 0, NVIDIA H100, 0, 0, 791, 94530
2026/08/18 19:10:42.110, 0, NVIDIA H100, 0, 0, 791, 94530
2026/08/18 19:10:42.160, 0, NVIDIA H100, 0, 0, 791, 94530
2026/08/18 19:10:42.210, 0, NVIDIA H100, 0, 0, 791, 94530
2026/08/18 19:10:42.261, 0, NVIDIA H100, 0, 0, 791, 94530
2026/08/18 19:10:42.311, 0, NVIDIA H100, 0, 0, 791, 94530
2026/08/18 19:10:42.361, 0, NVIDIA H100, 0, 0, 791, 94530
2026/08/18 19:10:42.411, 0, NVIDIA H100, 0, 0, 791, 94530
2026/08/18 19:10:42.462, 0, NVIDIA H100, 0, 0, 791, 94530
2026/08/18 19:10:42.512, 0, NVIDIA H100, 0, 0, 791, 94530
2026/08/18 19:10:42.562, 0, NVIDIA H100, 0, 0, 791, 94530
2026/08/18 19:10:42.613, 0, NVIDIA H100, 0, 0, 791, 94530
2026/08/18 19:10:42.663, 0, NVIDIA H100, 0, 0, 791, 94530
2026/08/18 19:10:42.713, 0, NVIDIA H100, 0, 0, 791, 94530
2026/08/18 19:10:42.764, 0, NVIDIA H100, 0, 0, 791, 94530
2026/08/18 19:10:42.814, 0, NVIDIA H100, 0, 0, 791, 94530
2026/08/18 19:10:42.864, 0, NVIDIA H100, 0, 0, 791, 94530
2026/08/18 19:10:42.915, 0, NVIDIA H100, 0, 0, 791, 94530
2026/08/18 19:10:42.965, 0, NVIDIA H100, 0, 0, 791, 94530
2026/08/18 19:10:43.015, 0, NVIDIA H100, 0, 0, 791, 94530
2026/08/18 19:10:43.066, 0, NVIDIA H100, 0, 0, 791, 94530
2026/08/18 19:10:43.116, 0, NVIDIA H100, 0, 0, 791, 94530
2026/08/18 19:10:43.166, 0, NVIDIA H100, 0, 0, 791, 94530
2026/08/18 19:10:43.216, 0, NVIDIA H100, 0, 0, 791, 94530
2026/08/18 19:10:43.267, 0, NVIDIA H100, 0, 0, 791, 94530
2026/08/18 19:10:43.317, 0, NVIDIA H100, 0, 0, 791, 94530
2026/08/18 19:10:43.367, 0, NVIDIA H100, 0, 0, 791, 94530
2026/08/18 19:10:43.418, 0, NVIDIA H100, 0, 0, 791, 94530
2026/08/18 19:10:43.468, 0, NVIDIA H100, 0, 0, 791, 94530
2026/08/18 19:10:43.518, 0, NVIDIA H100, 0, 0, 791, 94530
2026/08/18 19:10:43.569, 0, NVIDIA H100, 0, 0, 791, 94530
2026/08/18 19:10:43.619, 0, NVIDIA H100, 0, 0, 791, 94530
2026/08/18 19:10:43.669, 0, NVIDIA H100, 0, 0, 791, 94530
2026/08/18 19:10:43.719, 0, NVIDIA H100, 0, 0, 791, 94530
2026/08/18 19:10:43.770, 0, NVIDIA H100, 0, 0, 791, 94530
2026/08/18 19:10:43.820, 0, NVIDIA H100, 0, 0, 791, 94530
2026/08/18 19:10:43.870, 0, NVIDIA H100, 0, 0, 791, 94530
2026/08/18 19:10:43.921, 0, NVIDIA H100, 0, 0, 791, 94530
2026/08/18 19:10:43.971, 0, NVIDIA H100, 0, 0, 791, 94530
2026/08/18 19:10:44.021, 0, NVIDIA H100, 0, 0, 791, 94530
2026/08/18 19:10:44.072, 0, NVIDIA H100, 0, 0, 791, 94530
2026/08/18 19:10:44.122, 0, NVIDIA H100, 0, 0, 791, 94530
2026/08/18 19:10:44.172, 0, NVIDIA H100, 0, 0, 791, 94530
2026/08/18 19:10:44.222, 0, NVIDIA H100, 0, 0, 791, 94530
2026/08/18 19:10:44.273, 0, NVIDIA H100, 0, 0, 791, 94530
2026/08/18 19:10:44.323, 0, NVIDIA H100, 0, 0, 791, 94530
2026/08/18 19:10:44.373, 0, NVIDIA H100, 0, 0, 791, 94530
2026/08/18 19:10:44.424, 0, NVIDIA H100, 0, 0, 791, 94530
2026/08/18 19:10:44.474, 0, NVIDIA H100, 0, 0, 791, 94530
2026/08/18 19:10:44.524, 0, NVIDIA H100, 0, 0, 791, 94530
2026/08/18 19:10:44.575, 0, NVIDIA H100, 0, 0, 791, 94530
2026/08/18 19:10:44.625, 0, NVIDIA H100, 0, 0, 791, 94530
2026/08/18 19:10:44.675, 0, NVIDIA H100, 0, 0, 791, 94530
2026/08/18 19:10:44.725, 0, NVIDIA H100, 0, 0, 791, 94530
2026/08/18 19:10:44.776, 0, NVIDIA H100, 0, 0, 791, 94530
2026/08/18 19:10:44.826, 0, NVIDIA H100, 0, 0, 791, 94530
2026/08/18 19:10:44.876, 0, NVIDIA H100, 0, 0, 791, 94530
2026/08/18 19:10:44.927, 0, NVIDIA H100, 0, 0, 791, 94530
2026/08/18 19:10:44.977, 0, NVIDIA H100, 0, 0, 791, 94530
2026/08/18 19:10:45.027, 0, NVIDIA H100, 0, 0, 791, 94530
2026/08/18 19:10:45.077, 0, NVIDIA H100, 0, 0, 791, 94530
2026/08/18 19:10:45.128, 0, NVIDIA H100, 0, 0, 791, 94530
2026/08/18 19:10:45.178, 0, NVIDIA H100, 0, 0, 791, 94530
2026/08/18 19:10:45.228, 0, NVIDIA H100, 0, 0, 791, 94530
2026/08/18 19:10:45.279, 0, NVIDIA H100, 0, 0, 791, 94530
2026/08/18 19:10:45.329, 0, NVIDIA H100, 0, 0, 791, 94530
2026/08/18 19:10:45.379, 0, NVIDIA H100, 0, 0, 791, 94530
2026/08/18 19:10:45.429, 0, NVIDIA H100, 0, 0, 791, 94530
2026/08/18 19:10:45.480, 0, NVIDIA H100, 0, 0, 791, 94530
2026/08/18 19:10:45.530, 0, NVIDIA H100, 0, 0, 791, 94530
2026/08/18 19:10:45.580, 0, NVIDIA H100, 0, 0, 791, 94530
2026/08/18 19:10:45.631, 0, NVIDIA H100, 0, 0, 791, 94530
2026/08/18 19:10:45.681, 0, NVIDIA H100, 0, 0, 791, 94530
2026/08/18 19:10:45.731, 0, NVIDIA H100, 0, 0, 791, 94530
2026/08/18 19:10:45.782, 0, NVIDIA H100, 0, 0, 791, 94530
2026/08/18 19:10:45.832, 0, NVIDIA H100, 0, 0, 791, 94530
2026/08/18 19:10:45.882, 0, NVIDIA H100, 0, 0, 791, 94530
2026/08/18 19:10:45.933, 0, NVIDIA H100, 0, 0, 791, 94530
2026/08/18 19:10:45.983, 0, NVIDIA H100, 0, 0, 791, 94530
2026/08/18 19:10:46.033, 0, NVIDIA H100, 0, 0, 791, 94530
2026/08/18 19:10:46.083, 0, NVIDIA H100, 0, 0, 791, 94530
2026/08/18 19:10:46.134, 0, NVIDIA H100, 0, 0, 791, 94530
2026/08/18 19:10:46.184, 0, NVIDIA H100, 0, 0, 791, 94530
2026/08/18 19:10:46.234, 0, NVIDIA H100, 0, 0, 791, 94530
2026/08/18 19:10:46.285, 0, NVIDIA H100, 0, 0, 791, 94530
2026/08/18 19:10:46.335, 0, NVIDIA H100, 0, 0, 791, 94530
2026/08/18 19:10:46.385, 0, NVIDIA H100, 0, 0, 791, 94530
2026/08/18 19:10:46.436, 0, NVIDIA H100, 0, 0, 791, 94530
2026/08/18 19:10:46.486, 0, NVIDIA H100, 0, 0, 791, 94530
2026/08/18 19:10:46.536, 0, NVIDIA H100, 0, 0, 791, 94530
2026/08/18 19:10:46.587, 0, NVIDIA H100, 0, 0, 791, 94530
2026/08/18 19:10:46.637, 0, NVIDIA H100, 0, 0, 791, 94530
2026/08/18 19:10:46.687, 0, NVIDIA H100, 0, 0, 791, 94530
2026/08/18 19:10:46.737, 0, NVIDIA H100, 0, 0, 791, 94530
2026/08/18 19:10:46.788, 0, NVIDIA H100, 0, 0, 791, 94530
2026/08/18 19:10:46.838, 0, NVIDIA H100, 0, 0, 791, 94530
2026/08/18 19:10:46.888, 0, NVIDIA H100, 0, 0, 791, 94530
2026/08/18 19:10:46.939, 0, NVIDIA H100, 0, 0, 791, 94530
2026/08/18 19:10:46.989, 0, NVIDIA H100, 0, 0, 791, 94530
2026/08/18 19:10:47.039, 0, NVIDIA H100, 0, 0, 791, 94530
2026/08/18 19:10:47.090, 0, NVIDIA H100, 0, 0, 791, 94530
2026/08/18 19:10:47.140, 0, NVIDIA H100, 0, 0, 791, 94530
2026/08/18 19:10:47.190, 0, NVIDIA H100, 0, 0, 791, 94530
2026/08/18 19:10:47.240, 0, NVIDIA H100, 0, 0, 791, 94530
2026/08/18 19:10:47.291, 0, NVIDIA H100, 0, 0, 791, 94530
2026/08/18 19:10:47.341, 0, NVIDIA H100, 0, 0, 791, 94530
2026/08/18 19:10:47.391, 0, NVIDIA H100, 0, 0, 791, 94530
2026/08/18 19:10:47.442, 0, NVIDIA H100, 0, 0, 791, 94530
2026/08/18 19:10:47.492, 0, NVIDIA H100, 0, 0, 791, 94530
2026/08/18 19:10:47.542, 0, NVIDIA H100, 0, 0, 791, 94530
2026/08/18 19:10:47.592, 0, NVIDIA H100, 0, 0, 791, 94530
2026/08/18 19:10:47.643, 0, NVIDIA H100, 0, 0, 791, 94530
2026/08/18 19:10:47.693, 0, NVIDIA H100, 0, 0, 791, 94530
2026/08/18 19:10:47.743, 0, NVIDIA H100, 0, 0, 791, 94530
2026/08/18 19:10:47.794, 0, NVIDIA H100, 0, 0, 791, 94530
2026/08/18 19:10:47.844, 0, NVIDIA H100, 0, 0, 791, 94530
2026/08/18 19:10:47.894, 0, NVIDIA H100, 0, 0, 791, 94530
2026/08/18 19:10:47.944, 0, NVIDIA H100, 0, 0, 791, 94530
2026/08/18 19:10:47.995, 0, NVIDIA H100, 0, 0, 791, 94530
2026/08/18 19:10:48.045, 0, NVIDIA H100, 0, 0, 791, 94530
2026/08/18 19:10:48.095, 0, NVIDIA H100, 0, 0, 791, 94530
2026/08/18 19:10:48.146, 0, NVIDIA H100, 0, 0, 791, 94530
2026/08/18 19:10:48.196, 0, NVIDIA H100, 0, 0, 791, 94530
2026/08/18 19:10:48.246, 0, NVIDIA H100, 0, 0, 791, 94530
2026/08/18 19:10:48.297, 0, NVIDIA H100, 0, 0, 791, 94530
2026/08/18 19:10:48.347, 0, NVIDIA H100, 0, 0, 791, 94530
2026/08/18 19:10:48.397, 0, NVIDIA H100, 0, 0, 791, 94530
2026/08/18 19:10:48.448, 0, NVIDIA H100, 0, 0, 791, 94530
2026/08/18 19:10:48.498, 0, NVIDIA H100, 0, 0, 791, 94530
2026/08/18 19:10:48.548, 0, NVIDIA H100, 0, 0, 791, 94530
2026/08/18 19:10:48.599, 0, NVIDIA H100, 0, 0, 791, 94530
2026/08/18 19:10:48.649, 0, NVIDIA H100, 0, 0, 791, 94530
2026/08/18 19:10:48.699, 0, NVIDIA H100, 0, 0, 791, 94530
2026/08/18 19:10:48.750, 0, NVIDIA H100, 0, 0, 791, 94530
2026/08/18 19:10:48.800, 0, NVIDIA H100, 0, 0, 791, 94530
2026/08/18 19:10:48.850, 0, NVIDIA H100, 0, 0, 791, 94530
2026/08/18 19:10:48.901, 0, NVIDIA H100, 0, 0, 791, 94530
2026/08/18 19:10:48.951, 0, NVIDIA H100, 0, 0, 791, 94530
2026/08/18 19:10:49.001, 0, NVIDIA H100, 0, 0, 791, 94530
2026/08/18 19:10:49.052, 0, NVIDIA H100, 0, 0, 791, 94530
2026/08/18 19:10:49.102, 0, NVIDIA H100, 0, 0, 791, 94530
2026/08/18 19:10:49.152, 0, NVIDIA H100, 0, 0, 791, 94530
2026/08/18 19:10:49.202, 0, NVIDIA H100, 0, 0, 791, 94530
2026/08/18 19:10:49.253, 0, NVIDIA H100, 0, 0, 791, 94530
2026/08/18 19:10:49.303, 0, NVIDIA H100, 0, 0, 791, 94530
2026/08/18 19:10:49.353, 0, NVIDIA H100, 0, 0, 791, 94530
2026/08/18 19:10:49.404, 0, NVIDIA H100, 0, 0, 791, 94530
2026/08/18 19:10:49.454, 0, NVIDIA H100, 0, 0, 791, 94530
2026/08/18 19:10:49.504, 0, NVIDIA H100, 0, 0, 791, 94530
2026/08/18 19:10:49.555, 0, NVIDIA H100, 0, 0, 791, 94530
2026/08/18 19:10:49.605, 0, NVIDIA H100, 0, 0, 791, 94530
2026/08/18 19:10:49.655, 0, NVIDIA H100, 0, 0, 791, 94530
2026/08/18 19:10:49.706, 0, NVIDIA H100, 0, 0, 791, 94530
2026/08/18 19:10:49.756, 0, NVIDIA H100, 0, 0, 791, 94530
2026/08/18 19:10:49.806, 0, NVIDIA H100, 0, 0, 791, 94530
2026/08/18 19:10:49.856, 0, NVIDIA H100, 0, 0, 791, 94530
2026/08/18 19:10:49.907, 0, NVIDIA H100, 0, 0, 819, 94502
2026/08/18 19:10:49.957, 0, NVIDIA H100, 0, 0, 819, 94502
2026/08/18 19:10:50.007, 0, NVIDIA H100, 0, 0, 819, 94502
2026/08/18 19:10:50.058, 0, NVIDIA H100, 0, 0, 819, 94502
2026/08/18 19:10:50.108, 0, NVIDIA H100, 0, 0, 819, 94502
2026/08/18 19:10:50.158, 0, NVIDIA H100, 0, 0, 819, 94502
2026/08/18 19:10:50.209, 0, NVIDIA H100, 0, 0, 819, 94502
2026/08/18 19:10:50.259, 0, NVIDIA H100, 0, 0, 819, 94502
2026/08/18 19:10:50.309, 0, NVIDIA H100, 0, 0, 819, 94502
2026/08/18 19:10:50.360, 0, NVIDIA H100, 0, 0, 819, 94502
2026/08/18 19:10:50.410, 0, NVIDIA H100, 0, 0, 819, 94502
2026/08/18 19:10:50.460, 0, NVIDIA H100, 0, 0, 819, 94502
2026/08/18 19:10:50.510, 0, NVIDIA H100, 0, 0, 819, 94502
2026/08/18 19:10:50.561, 0, NVIDIA H100, 0, 0, 819, 94502
2026/08/18 19:10:50.611, 0, NVIDIA H100, 0, 0, 819, 94502
2026/08/18 19:10:50.661, 0, NVIDIA H100, 0, 0, 819, 94502
2026/08/18 19:10:50.712, 0, NVIDIA H100, 0, 0, 819, 94502
2026/08/18 19:10:50.762, 0, NVIDIA H100, 0, 0, 819, 94502
2026/08/18 19:10:50.812, 0, NVIDIA H100, 0, 0, 819, 94502
2026/08/18 19:10:50.863, 0, NVIDIA H100, 0, 0, 819, 94502
2026/08/18 19:10:50.913, 0, NVIDIA H100, 0, 0, 819, 94502
2026/08/18 19:10:50.963, 0, NVIDIA H100, 0, 0, 819, 94502
2026/08/18 19:10:51.014, 0, NVIDIA H100, 0, 0, 819, 94502
2026/08/18 19:10:51.064, 0, NVIDIA H100, 0, 0, 819, 94502
2026/08/18 19:10:51.114, 0, NVIDIA H100, 0, 0, 819, 94502
2026/08/18 19:10:51.165, 0, NVIDIA H100, 0, 0, 819, 94502
2026/08/18 19:10:51.215, 0, NVIDIA H100, 0, 0, 819, 94502
2026/08/18 19:10:51.265, 0, NVIDIA H100, 0, 0, 819, 94502
2026/08/18 19:10:51.316, 0, NVIDIA H100, 0, 0, 819, 94502
2026/08/18 19:10:51.366, 0, NVIDIA H100, 0, 0, 819, 94502
2026/08/18 19:10:51.416, 0, NVIDIA H100, 0, 0, 819, 94502
2026/08/18 19:10:51.466, 0, NVIDIA H100, 0, 0, 819, 94502
2026/08/18 19:10:51.517, 0, NVIDIA H100, 0, 0, 819, 94502
2026/08/18 19:10:51.567, 0, NVIDIA H100, 0, 0, 819, 94502
2026/08/18 19:10:51.617, 0, NVIDIA H100, 0, 0, 819, 94502
2026/08/18 19:10:51.668, 0, NVIDIA H100, 0, 0, 819, 94502
2026/08/18 19:10:51.718, 0, NVIDIA H100, 0, 0, 819, 94502
2026/08/18 19:10:51.768, 0, NVIDIA H100, 0, 0, 819, 94502
2026/08/18 19:10:51.819, 0, NVIDIA H100, 0, 0, 819, 94502
2026/08/18 19:10:51.869, 0, NVIDIA H100, 0, 0, 819, 94502
2026/08/18 19:10:51.919, 0, NVIDIA H100, 0, 0, 819, 94502
2026/08/18 19:10:51.969, 0, NVIDIA H100, 0, 0, 819, 94502
2026/08/18 19:10:52.020, 0, NVIDIA H100, 0, 0, 819, 94502
2026/08/18 19:10:52.070, 0, NVIDIA H100, 0, 0, 819, 94502
2026/08/18 19:10:52.120, 0, NVIDIA H100, 0, 0, 819, 94502
2026/08/18 19:10:52.171, 0, NVIDIA H100, 0, 0, 819, 94502
2026/08/18 19:10:52.221, 0, NVIDIA H100, 0, 0, 819, 94502
2026/08/18 19:10:52.271, 0, NVIDIA H100, 0, 0, 819, 94502
2026/08/18 19:10:52.322, 0, NVIDIA H100, 0, 0, 819, 94502
2026/08/18 19:10:52.372, 0, NVIDIA H100, 0, 0, 819, 94502
2026/08/18 19:10:52.422, 0, NVIDIA H100, 0, 0, 819, 94502
2026/08/18 19:10:52.473, 0, NVIDIA H100, 0, 0, 819, 94502
2026/08/18 19:10:52.523, 0, NVIDIA H100, 0, 0, 821, 94500
2026/08/18 19:10:52.573, 0, NVIDIA H100, 0, 0, 849, 94472
2026/08/18 19:10:52.624, 0, NVIDIA H100, 0, 0, 849, 94472
2026/08/18 19:10:52.674, 0, NVIDIA H100, 0, 0, 849, 94472
2026/08/18 19:10:52.724, 0, NVIDIA H100, 0, 0, 849, 94472
2026/08/18 19:10:52.775, 0, NVIDIA H100, 0, 0, 849, 94472
2026/08/18 19:10:52.825, 0, NVIDIA H100, 0, 0, 849, 94472
2026/08/18 19:10:52.875, 0, NVIDIA H100, 0, 0, 849, 94472
2026/08/18 19:10:52.926, 0, NVIDIA H100, 0, 0, 849, 94472
2026/08/18 19:10:52.976, 0, NVIDIA H100, 0, 0, 849, 94472
2026/08/18 19:10:53.026, 0, NVIDIA H100, 0, 0, 849, 94472
2026/08/18 19:10:53.077, 0, NVIDIA H100, 0, 0, 849, 94472
2026/08/18 19:10:53.127, 0, NVIDIA H100, 0, 0, 849, 94472
2026/08/18 19:10:53.177, 0, NVIDIA H100, 0, 0, 945, 94376
2026/08/18 19:10:53.227, 0, NVIDIA H100, 0, 0, 945, 94376
2026/08/18 19:10:53.278, 0, NVIDIA H100, 0, 0, 945, 94376
2026/08/18 19:10:53.328, 0, NVIDIA H100, 0, 0, 945, 94376
2026/08/18 19:10:53.378, 0, NVIDIA H100, 0, 0, 945, 94376
2026/08/18 19:10:53.429, 0, NVIDIA H100, 0, 0, 953, 94368
2026/08/18 19:10:53.479, 0, NVIDIA H100, 0, 0, 953, 94368
2026/08/18 19:10:53.530, 0, NVIDIA H100, 0, 0, 953, 94368
2026/08/18 19:10:53.580, 0, NVIDIA H100, 0, 0, 953, 94368
2026/08/18 19:10:53.630, 0, NVIDIA H100, 0, 0, 953, 94368
2026/08/18 19:10:53.681, 0, NVIDIA H100, 0, 0, 953, 94368
2026/08/18 19:10:53.731, 0, NVIDIA H100, 0, 0, 953, 94368
2026/08/18 19:10:53.782, 0, NVIDIA H100, 0, 0, 953, 94368
2026/08/18 19:10:53.832, 0, NVIDIA H100, 0, 0, 953, 94368
2026/08/18 19:10:53.882, 0, NVIDIA H100, 0, 0, 953, 94368
2026/08/18 19:10:53.933, 0, NVIDIA H100, 0, 0, 953, 94368
2026/08/18 19:10:53.983, 0, NVIDIA H100, 0, 0, 953, 94368
2026/08/18 19:10:54.033, 0, NVIDIA H100, 0, 0, 953, 94368
2026/08/18 19:10:54.084, 0, NVIDIA H100, 14, 2, 953, 94368
2026/08/18 19:10:54.134, 0, NVIDIA H100, 14, 2, 953, 94368
2026/08/18 19:10:54.185, 0, NVIDIA H100, 14, 2, 953, 94368
2026/08/18 19:10:54.235, 0, NVIDIA H100, 14, 2, 953, 94368
2026/08/18 19:10:54.285, 0, NVIDIA H100, 0, 0, 953, 94368
2026/08/18 19:10:54.336, 0, NVIDIA H100, 0, 0, 953, 94368
2026/08/18 19:10:54.386, 0, NVIDIA H100, 0, 0, 953, 94368
2026/08/18 19:10:54.436, 0, NVIDIA H100, 0, 0, 953, 94368
2026/08/18 19:10:54.487, 0, NVIDIA H100, 0, 0, 953, 94368
2026/08/18 19:10:54.537, 0, NVIDIA H100, 0, 0, 953, 94368
2026/08/18 19:10:54.588, 0, NVIDIA H100, 0, 0, 953, 94368
2026/08/18 19:10:54.638, 0, NVIDIA H100, 0, 0, 953, 94368
2026/08/18 19:10:54.688, 0, NVIDIA H100, 0, 0, 953, 94368
2026/08/18 19:10:54.739, 0, NVIDIA H100, 0, 0, 953, 94368
2026/08/18 19:10:54.789, 0, NVIDIA H100, 0, 0, 953, 94368
2026/08/18 19:10:54.839, 0, NVIDIA H100, 0, 0, 953, 94368
2026/08/18 19:10:54.890, 0, NVIDIA H100, 0, 0, 953, 94368
2026/08/18 19:10:54.940, 0, NVIDIA H100, 0, 0, 953, 94368
2026/08/18 19:10:54.991, 0, NVIDIA H100, 0, 0, 953, 94368
2026/08/18 19:10:55.041, 0, NVIDIA H100, 0, 0, 953, 94368
2026/08/18 19:10:55.091, 0, NVIDIA H100, 14, 2, 953, 94368
2026/08/18 19:10:55.142, 0, NVIDIA H100, 14, 2, 953, 94368
2026/08/18 19:10:55.192, 0, NVIDIA H100, 14, 2, 953, 94368
2026/08/18 19:10:55.243, 0, NVIDIA H100, 14, 2, 953, 94368
2026/08/18 19:10:55.293, 0, NVIDIA H100, 0, 0, 953, 94368
2026/08/18 19:10:55.343, 0, NVIDIA H100, 0, 0, 953, 94368
2026/08/18 19:10:55.394, 0, NVIDIA H100, 0, 0, 953, 94368
2026/08/18 19:10:55.444, 0, NVIDIA H100, 0, 0, 953, 94368
2026/08/18 19:10:55.494, 0, NVIDIA H100, 0, 0, 953, 94368
2026/08/18 19:10:55.545, 0, NVIDIA H100, 0, 0, 953, 94368
2026/08/18 19:10:55.595, 0, NVIDIA H100, 0, 0, 953, 94368
2026/08/18 19:10:55.646, 0, NVIDIA H100, 0, 0, 953, 94368
2026/08/18 19:10:55.696, 0, NVIDIA H100, 11, 2, 953, 94368
2026/08/18 19:10:55.746, 0, NVIDIA H100, 11, 2, 953, 94368
2026/08/18 19:10:55.797, 0, NVIDIA H100, 11, 2, 953, 94368
2026/08/18 19:10:55.847, 0, NVIDIA H100, 11, 2, 953, 94368
2026/08/18 19:10:55.898, 0, NVIDIA H100, 0, 0, 953, 94368
2026/08/18 19:10:55.948, 0, NVIDIA H100, 0, 0, 953, 94368
2026/08/18 19:10:55.998, 0, NVIDIA H100, 0, 0, 953, 94368
2026/08/18 19:10:56.049, 0, NVIDIA H100, 0, 0, 953, 94368
2026/08/18 19:10:56.099, 0, NVIDIA H100, 0, 0, 953, 94368
2026/08/18 19:10:56.150, 0, NVIDIA H100, 0, 0, 953, 94368
2026/08/18 19:10:56.200, 0, NVIDIA H100, 0, 0, 953, 94368
2026/08/18 19:10:56.250, 0, NVIDIA H100, 0, 0, 953, 94368
2026/08/18 19:10:56.301, 0, NVIDIA H100, 0, 0, 953, 94368
2026/08/18 19:10:56.351, 0, NVIDIA H100, 0, 0, 953, 94368
2026/08/18 19:10:56.401, 0, NVIDIA H100, 0, 0, 953, 94368
2026/08/18 19:10:56.452, 0, NVIDIA H100, 0, 0, 953, 94368
2026/08/18 19:10:56.502, 0, NVIDIA H100, 0, 0, 953, 94368
2026/08/18 19:10:56.552, 0, NVIDIA H100, 0, 0, 953, 94368
2026/08/18 19:10:56.603, 0, NVIDIA H100, 0, 0, 953, 94368
2026/08/18 19:10:56.653, 0, NVIDIA H100, 0, 0, 953, 94368
2026/08/18 19:10:56.704, 0, NVIDIA H100, 14, 2, 953, 94368
2026/08/18 19:10:56.754, 0, NVIDIA H100, 14, 2, 953, 94368
2026/08/18 19:10:56.805, 0, NVIDIA H100, 14, 2, 953, 94368
2026/08/18 19:10:56.855, 0, NVIDIA H100, 14, 2, 953, 94368
2026/08/18 19:10:56.905, 0, NVIDIA H100, 0, 0, 953, 94368
2026/08/18 19:10:56.956, 0, NVIDIA H100, 0, 0, 953, 94368
2026/08/18 19:10:57.006, 0, NVIDIA H100, 0, 0, 953, 94368
2026/08/18 19:10:57.057, 0, NVIDIA H100, 0, 0, 953, 94368
2026/08/18 19:10:57.107, 0, NVIDIA H100, 0, 0, 953, 94368
2026/08/18 19:10:57.157, 0, NVIDIA H100, 0, 0, 953, 94368
2026/08/18 19:10:57.208, 0, NVIDIA H100, 0, 0, 953, 94368
2026/08/18 19:10:57.258, 0, NVIDIA H100, 0, 0, 953, 94368
2026/08/18 19:10:57.309, 0, NVIDIA H100, 0, 0, 953, 94368
2026/08/18 19:10:57.359, 0, NVIDIA H100, 0, 0, 953, 94368
2026/08/18 19:10:57.409, 0, NVIDIA H100, 0, 0, 953, 94368
2026/08/18 19:10:57.460, 0, NVIDIA H100, 0, 0, 953, 94368
2026/08/18 19:10:57.510, 0, NVIDIA H100, 0, 0, 953, 94368
2026/08/18 19:10:57.560, 0, NVIDIA H100, 0, 0, 953, 94368
2026/08/18 19:10:57.611, 0, NVIDIA H100, 0, 0, 953, 94368
2026/08/18 19:10:57.661, 0, NVIDIA H100, 0, 0, 953, 94368
2026/08/18 19:10:57.712, 0, NVIDIA H100, 14, 2, 953, 94368
2026/08/18 19:10:57.762, 0, NVIDIA H100, 14, 2, 953, 94368
2026/08/18 19:10:57.812, 0, NVIDIA H100, 14, 2, 953, 94368
2026/08/18 19:10:57.863, 0, NVIDIA H100, 14, 2, 953, 94368
2026/08/18 19:10:57.913, 0, NVIDIA H100, 0, 0, 953, 94368
2026/08/18 19:10:57.963, 0, NVIDIA H100, 0, 0, 953, 94368
2026/08/18 19:10:58.014, 0, NVIDIA H100, 0, 0, 953, 94368
2026/08/18 19:10:58.064, 0, NVIDIA H100, 0, 0, 953, 94368
2026/08/18 19:10:58.115, 0, NVIDIA H100, 0, 0, 953, 94368
2026/08/18 19:10:58.165, 0, NVIDIA H100, 0, 0, 953, 94368
2026/08/18 19:10:58.215, 0, NVIDIA H100, 0, 0, 953, 94368
2026/08/18 19:10:58.266, 0, NVIDIA H100, 0, 0, 953, 94368
2026/08/18 19:10:58.316, 0, NVIDIA H100, 5, 1, 953, 94368
2026/08/18 19:10:58.367, 0, NVIDIA H100, 5, 1, 953, 94368
2026/08/18 19:10:58.417, 0, NVIDIA H100, 5, 1, 953, 94368
2026/08/18 19:10:58.467, 0, NVIDIA H100, 5, 1, 953, 94368
2026/08/18 19:10:58.518, 0, NVIDIA H100, 0, 0, 953, 94368
2026/08/18 19:10:58.568, 0, NVIDIA H100, 0, 0, 953, 94368
2026/08/18 19:10:58.618, 0, NVIDIA H100, 0, 0, 953, 94368
2026/08/18 19:10:58.669, 0, NVIDIA H100, 0, 0, 953, 94368
2026/08/18 19:10:58.719, 0, NVIDIA H100, 1, 0, 953, 94368
2026/08/18 19:10:58.770, 0, NVIDIA H100, 1, 0, 953, 94368
2026/08/18 19:10:58.820, 0, NVIDIA H100, 1, 0, 953, 94368
2026/08/18 19:10:58.870, 0, NVIDIA H100, 1, 0, 953, 94368
2026/08/18 19:10:58.921, 0, NVIDIA H100, 0, 0, 953, 94368
2026/08/18 19:10:58.971, 0, NVIDIA H100, 0, 0, 953, 94368
2026/08/18 19:10:59.022, 0, NVIDIA H100, 0, 0, 953, 94368
2026/08/18 19:10:59.072, 0, NVIDIA H100, 0, 0, 953, 94368
2026/08/18 19:10:59.122, 0, NVIDIA H100, 0, 0, 953, 94368
2026/08/18 19:10:59.173, 0, NVIDIA H100, 0, 0, 953, 94368
2026/08/18 19:10:59.223, 0, NVIDIA H100, 0, 0, 953, 94368
2026/08/18 19:10:59.273, 0, NVIDIA H100, 0, 0, 953, 94368
2026/08/18 19:10:59.324, 0, NVIDIA H100, 14, 2, 953, 94368
2026/08/18 19:10:59.374, 0, NVIDIA H100, 14, 2, 953, 94368
2026/08/18 19:10:59.424, 0, NVIDIA H100, 14, 2, 953, 94368
2026/08/18 19:10:59.474, 0, NVIDIA H100, 0, 0, 953, 94368
2026/08/18 19:10:59.525, 0, NVIDIA H100, 0, 0, 953, 94368
2026/08/18 19:10:59.575, 0, NVIDIA H100, 0, 0, 953, 94368
2026/08/18 19:10:59.625, 0, NVIDIA H100, 0, 0, 953, 94368
2026/08/18 19:10:59.676, 0, NVIDIA H100, 0, 0, 953, 94368
2026/08/18 19:10:59.726, 0, NVIDIA H100, 0, 0, 953, 94368
2026/08/18 19:10:59.776, 0, NVIDIA H100, 0, 0, 953, 94368
2026/08/18 19:10:59.826, 0, NVIDIA H100, 0, 0, 953, 94368
2026/08/18 19:10:59.877, 0, NVIDIA H100, 0, 0, 953, 94368
2026/08/18 19:10:59.927, 0, NVIDIA H100, 0, 0, 953, 94368
2026/08/18 19:10:59.977, 0, NVIDIA H100, 0, 0, 953, 94368
2026/08/18 19:11:00.028, 0, NVIDIA H100, 0, 0, 953, 94368
2026/08/18 19:11:00.078, 0, NVIDIA H100, 0, 0, 953, 94368
2026/08/18 19:11:00.128, 0, NVIDIA H100, 0, 0, 953, 94368
2026/08/18 19:11:00.179, 0, NVIDIA H100, 0, 0, 953, 94368
2026/08/18 19:11:00.229, 0, NVIDIA H100, 0, 0, 953, 94368
2026/08/18 19:11:00.279, 0, NVIDIA H100, 0, 0, 953, 94368
2026/08/18 19:11:00.329, 0, NVIDIA H100, 0, 0, 953, 94368
2026/08/18 19:11:00.380, 0, NVIDIA H100, 0, 0, 953, 94368
2026/08/18 19:11:00.430, 0, NVIDIA H100, 0, 0, 953, 94368
2026/08/18 19:11:00.480, 0, NVIDIA H100, 0, 0, 953, 94368
2026/08/18 19:11:00.531, 0, NVIDIA H100, 0, 0, 953, 94368
2026/08/18 19:11:00.581, 0, NVIDIA H100, 0, 0, 953, 94368
2026/08/18 19:11:00.631, 0, NVIDIA H100, 0, 0, 953, 94368
2026/08/18 19:11:00.681, 0, NVIDIA H100, 0, 0, 953, 94368
2026/08/18 19:11:00.732, 0, NVIDIA H100, 0, 0, 953, 94368
2026/08/18 19:11:00.782, 0, NVIDIA H100, 0, 0, 953, 94368
2026/08/18 19:11:00.832, 0, NVIDIA H100, 0, 0, 953, 94368
2026/08/18 19:11:00.883, 0, NVIDIA H100, 0, 0, 953, 94368
2026/08/18 19:11:00.933, 0, NVIDIA H100, 0, 0, 953, 94368
2026/08/18 19:11:00.983, 0, NVIDIA H100, 0, 0, 953, 94368
2026/08/18 19:11:01.034, 0, NVIDIA H100, 0, 0, 953, 94368
2026/08/18 19:11:01.084, 0, NVIDIA H100, 0, 0, 953, 94368
2026/08/18 19:11:01.134, 0, NVIDIA H100, 0, 0, 953, 94368
2026/08/18 19:11:01.184, 0, NVIDIA H100, 0, 0, 953, 94368
2026/08/18 19:11:01.235, 0, NVIDIA H100, 0, 0, 953, 94368
2026/08/18 19:11:01.285, 0, NVIDIA H100, 0, 0, 953, 94368
2026/08/18 19:11:01.335, 0, NVIDIA H100, 0, 0, 953, 94368
2026/08/18 19:11:01.386, 0, NVIDIA H100, 0, 0, 953, 94368
2026/08/18 19:11:01.436, 0, NVIDIA H100, 0, 0, 953, 94368
2026/08/18 19:11:01.486, 0, NVIDIA H100, 0, 0, 953, 94368
2026/08/18 19:11:01.536, 0, NVIDIA H100, 0, 0, 953, 94368
2026/08/18 19:11:01.587, 0, NVIDIA H100, 0, 0, 953, 94368
2026/08/18 19:11:01.637, 0, NVIDIA H100, 0, 0, 953, 94368
2026/08/18 19:11:01.687, 0, NVIDIA H100, 0, 0, 953, 94368
2026/08/18 19:11:01.738, 0, NVIDIA H100, 0, 0, 953, 94368
2026/08/18 19:11:01.788, 0, NVIDIA H100, 0, 0, 953, 94368
2026/08/18 19:11:01.838, 0, NVIDIA H100, 0, 0, 953, 94368
2026/08/18 19:11:01.889, 0, NVIDIA H100, 0, 0, 953, 94368
2026/08/18 19:11:01.939, 0, NVIDIA H100, 0, 0, 953, 94368
2026/08/18 19:11:01.989, 0, NVIDIA H100, 0, 0, 953, 94368
2026/08/18 19:11:02.040, 0, NVIDIA H100, 0, 0, 953, 94368
2026/08/18 19:11:02.090, 0, NVIDIA H100, 0, 0, 953, 94368
2026/08/18 19:11:02.140, 0, NVIDIA H100, 0, 0, 953, 94368
2026/08/18 19:11:02.190, 0, NVIDIA H100, 0, 0, 953, 94368
2026/08/18 19:11:02.241, 0, NVIDIA H100, 0, 0, 953, 94368
2026/08/18 19:11:02.291, 0, NVIDIA H100, 0, 0, 953, 94368
2026/08/18 19:11:02.341, 0, NVIDIA H100, 0, 0, 953, 94368
2026/08/18 19:11:02.391, 0, NVIDIA H100, 0, 0, 953, 94368
2026/08/18 19:11:02.442, 0, NVIDIA H100, 0, 0, 953, 94368
2026/08/18 19:11:02.492, 0, NVIDIA H100, 0, 0, 953, 94368
2026/08/18 19:11:02.542, 0, NVIDIA H100, 0, 0, 953, 94368
2026/08/18 19:11:02.593, 0, NVIDIA H100, 0, 0, 953, 94368
2026/08/18 19:11:02.643, 0, NVIDIA H100, 0, 0, 953, 94368
2026/08/18 19:11:02.693, 0, NVIDIA H100, 0, 0, 953, 94368
2026/08/18 19:11:02.744, 0, NVIDIA H100, 0, 0, 953, 94368
2026/08/18 19:11:02.794, 0, NVIDIA H100, 0, 0, 953, 94368
2026/08/18 19:11:02.844, 0, NVIDIA H100, 0, 0, 953, 94368
2026/08/18 19:11:02.894, 0, NVIDIA H100, 0, 0, 953, 94368
2026/08/18 19:11:02.945, 0, NVIDIA H100, 0, 0, 953, 94368
2026/08/18 19:11:02.995, 0, NVIDIA H100, 0, 0, 953, 94368
2026/08/18 19:11:03.045, 0, NVIDIA H100, 0, 0, 953, 94368
2026/08/18 19:11:03.095, 0, NVIDIA H100, 0, 0, 953, 94368
2026/08/18 19:11:03.146, 0, NVIDIA H100, 0, 0, 953, 94368
2026/08/18 19:11:03.196, 0, NVIDIA H100, 0, 0, 953, 94368
2026/08/18 19:11:03.246, 0, NVIDIA H100, 0, 0, 953, 94368
2026/08/18 19:11:03.297, 0, NVIDIA H100, 0, 0, 953, 94368
2026/08/18 19:11:03.347, 0, NVIDIA H100, 0, 0, 953, 94368
2026/08/18 19:11:03.397, 0, NVIDIA H100, 0, 0, 953, 94368
2026/08/18 19:11:03.447, 0, NVIDIA H100, 0, 0, 953, 94368
2026/08/18 19:11:03.498, 0, NVIDIA H100, 0, 0, 953, 94368
2026/08/18 19:11:03.548, 0, NVIDIA H100, 0, 0, 953, 94368
2026/08/18 19:11:03.598, 0, NVIDIA H100, 0, 0, 953, 94368
2026/08/18 19:11:03.649, 0, NVIDIA H100, 0, 0, 953, 94368
2026/08/18 19:11:03.699, 0, NVIDIA H100, 0, 0, 953, 94368
2026/08/18 19:11:03.749, 0, NVIDIA H100, 0, 0, 953, 94368
2026/08/18 19:11:03.799, 0, NVIDIA H100, 0, 0, 953, 94368
2026/08/18 19:11:03.850, 0, NVIDIA H100, 0, 0, 953, 94368
2026/08/18 19:11:03.900, 0, NVIDIA H100, 0, 0, 953, 94368
2026/08/18 19:11:03.950, 0, NVIDIA H100, 0, 0, 953, 94368
2026/08/18 19:11:04.001, 0, NVIDIA H100, 0, 0, 953, 94368
2026/08/18 19:11:04.051, 0, NVIDIA H100, 0, 0, 953, 94368
2026/08/18 19:11:04.101, 0, NVIDIA H100, 0, 0, 953, 94368
2026/08/18 19:11:04.152, 0, NVIDIA H100, 0, 0, 953, 94368
2026/08/18 19:11:04.202, 0, NVIDIA H100, 0, 0, 953, 94368
2026/08/18 19:11:04.252, 0, NVIDIA H100, 0, 0, 953, 94368
2026/08/18 19:11:04.302, 0, NVIDIA H100, 0, 0, 953, 94368
2026/08/18 19:11:04.353, 0, NVIDIA H100, 0, 0, 953, 94368
2026/08/18 19:11:04.403, 0, NVIDIA H100, 0, 0, 953, 94368
2026/08/18 19:11:04.453, 0, NVIDIA H100, 0, 0, 953, 94368
2026/08/18 19:11:04.504, 0, NVIDIA H100, 0, 0, 953, 94368
2026/08/18 19:11:04.554, 0, NVIDIA H100, 0, 0, 953, 94368
2026/08/18 19:11:04.604, 0, NVIDIA H100, 0, 0, 953, 94368
2026/08/18 19:11:04.654, 0, NVIDIA H100, 0, 0, 953, 94368
2026/08/18 19:11:04.705, 0, NVIDIA H100, 0, 0, 953, 94368
2026/08/18 19:11:04.755, 0, NVIDIA H100, 0, 0, 953, 94368
2026/08/18 19:11:04.805, 0, NVIDIA H100, 0, 0, 953, 94368
2026/08/18 19:11:04.856, 0, NVIDIA H100, 0, 0, 953, 94368
2026/08/18 19:11:04.906, 0, NVIDIA H100, 0, 0, 953, 94368
2026/08/18 19:11:04.956, 0, NVIDIA H100, 0, 0, 953, 94368
2026/08/18 19:11:05.007, 0, NVIDIA H100, 0, 0, 953, 94368
2026/08/18 19:11:05.057, 0, NVIDIA H100, 0, 0, 953, 94368
2026/08/18 19:11:05.107, 0, NVIDIA H100, 0, 0, 953, 94368
2026/08/18 19:11:05.157, 0, NVIDIA H100, 0, 0, 953, 94368
2026/08/18 19:11:05.208, 0, NVIDIA H100, 0, 0, 953, 94368
2026/08/18 19:11:05.258, 0, NVIDIA H100, 0, 0, 953, 94368
2026/08/18 19:11:05.308, 0, NVIDIA H100, 0, 0, 953, 94368
2026/08/18 19:11:05.359, 0, NVIDIA H100, 0, 0, 953, 94368
2026/08/18 19:11:05.409, 0, NVIDIA H100, 0, 0, 953, 94368
2026/08/18 19:11:05.459, 0, NVIDIA H100, 0, 0, 953, 94368
2026/08/18 19:11:05.509, 0, NVIDIA H100, 0, 0, 953, 94368
2026/08/18 19:11:05.560, 0, NVIDIA H100, 0, 0, 953, 94368
2026/08/18 19:11:05.610, 0, NVIDIA H100, 0, 0, 953, 94368
2026/08/18 19:11:05.660, 0, NVIDIA H100, 0, 0, 953, 94368
2026/08/18 19:11:05.711, 0, NVIDIA H100, 0, 0, 953, 94368
2026/08/18 19:11:05.761, 0, NVIDIA H100, 0, 0, 953, 94368
2026/08/18 19:11:05.811, 0, NVIDIA H100, 0, 0, 953, 94368
2026/08/18 19:11:05.861, 0, NVIDIA H100, 0, 0, 953, 94368
2026/08/18 19:11:05.912, 0, NVIDIA H100, 0, 0, 953, 94368
2026/08/18 19:11:05.962, 0, NVIDIA H100, 0, 0, 953, 94368
2026/08/18 19:11:06.012, 0, NVIDIA H100, 0, 0, 953, 94368
2026/08/18 19:11:06.063, 0, NVIDIA H100, 0, 0, 953, 94368
2026/08/18 19:11:06.113, 0, NVIDIA H100, 0, 0, 953, 94368
2026/08/18 19:11:06.163, 0, NVIDIA H100, 0, 0, 953, 94368
2026/08/18 19:11:06.214, 0, NVIDIA H100, 0, 0, 953, 94368
2026/08/18 19:11:06.264, 0, NVIDIA H100, 0, 0, 953, 94368
2026/08/18 19:11:06.314, 0, NVIDIA H100, 0, 0, 953, 94368
2026/08/18 19:11:06.364, 0, NVIDIA H100, 0, 0, 953, 94368
2026/08/18 19:11:06.415, 0, NVIDIA H100, 0, 0, 953, 94368
2026/08/18 19:11:06.465, 0, NVIDIA H100, 0, 0, 953, 94368
2026/08/18 19:11:06.515, 0, NVIDIA H100, 0, 0, 953, 94368
2026/08/18 19:11:06.566, 0, NVIDIA H100, 0, 0, 953, 94368
2026/08/18 19:11:06.616, 0, NVIDIA H100, 0, 0, 953, 94368
2026/08/18 19:11:06.666, 0, NVIDIA H100, 0, 0, 953, 94368
2026/08/18 19:11:06.716, 0, NVIDIA H100, 0, 0, 953, 94368
2026/08/18 19:11:06.767, 0, NVIDIA H100, 0, 0, 953, 94368
2026/08/18 19:11:06.817, 0, NVIDIA H100, 0, 0, 953, 94368
2026/08/18 19:11:06.867, 0, NVIDIA H100, 0, 0, 953, 94368
2026/08/18 19:11:06.918, 0, NVIDIA H100, 0, 0, 953, 94368
2026/08/18 19:11:06.968, 0, NVIDIA H100, 0, 0, 953, 94368
2026/08/18 19:11:07.018, 0, NVIDIA H100, 0, 0, 953, 94368
2026/08/18 19:11:07.068, 0, NVIDIA H100, 0, 0, 953, 94368
2026/08/18 19:11:07.119, 0, NVIDIA H100, 0, 0, 953, 94368
2026/08/18 19:11:07.169, 0, NVIDIA H100, 0, 0, 953, 94368
2026/08/18 19:11:07.219, 0, NVIDIA H100, 0, 0, 953, 94368
2026/08/18 19:11:07.270, 0, NVIDIA H100, 0, 0, 953, 94368
2026/08/18 19:11:07.320, 0, NVIDIA H100, 0, 0, 953, 94368
2026/08/18 19:11:07.370, 0, NVIDIA H100, 0, 0, 953, 94368
2026/08/18 19:11:07.421, 0, NVIDIA H100, 0, 0, 953, 94368
2026/08/18 19:11:07.471, 0, NVIDIA H100, 0, 0, 953, 94368
2026/08/18 19:11:07.521, 0, NVIDIA H100, 0, 0, 953, 94368
2026/08/18 19:11:07.571, 0, NVIDIA H100, 0, 0, 953, 94368
2026/08/18 19:11:07.622, 0, NVIDIA H100, 0, 0, 953, 94368
2026/08/18 19:11:07.672, 0, NVIDIA H100, 0, 0, 953, 94368
2026/08/18 19:11:07.722, 0, NVIDIA H100, 0, 0, 953, 94368
2026/08/18 19:11:07.773, 0, NVIDIA H100, 0, 0, 953, 94368
2026/08/18 19:11:07.823, 0, NVIDIA H100, 0, 0, 953, 94368
2026/08/18 19:11:07.873, 0, NVIDIA H100, 0, 0, 953, 94368
2026/08/18 19:11:07.923, 0, NVIDIA H100, 0, 0, 953, 94368
2026/08/18 19:11:07.974, 0, NVIDIA H100, 0, 0, 953, 94368
2026/08/18 19:11:08.024, 0, NVIDIA H100, 0, 0, 953, 94368
2026/08/18 19:11:08.074, 0, NVIDIA H100, 0, 0, 953, 94368
2026/08/18 19:11:08.125, 0, NVIDIA H100, 0, 0, 953, 94368
2026/08/18 19:11:08.175, 0, NVIDIA H100, 0, 0, 953, 94368
2026/08/18 19:11:08.225, 0, NVIDIA H100, 0, 0, 953, 94368
2026/08/18 19:11:08.275, 0, NVIDIA H100, 0, 0, 953, 94368
2026/08/18 19:11:08.326, 0, NVIDIA H100, 0, 0, 953, 94368
2026/08/18 19:11:08.376, 0, NVIDIA H100, 0, 0, 953, 94368
2026/08/18 19:11:08.426, 0, NVIDIA H100, 0, 0, 953, 94368
2026/08/18 19:11:08.477, 0, NVIDIA H100, 0, 0, 953, 94368
2026/08/18 19:11:08.527, 0, NVIDIA H100, 0, 0, 953, 94368
2026/08/18 19:11:08.577, 0, NVIDIA H100, 0, 0, 953, 94368
2026/08/18 19:11:08.627, 0, NVIDIA H100, 0, 0, 953, 94368
2026/08/18 19:11:08.678, 0, NVIDIA H100, 0, 0, 953, 94368
2026/08/18 19:11:08.728, 0, NVIDIA H100, 0, 0, 953, 94368
2026/08/18 19:11:08.778, 0, NVIDIA H100, 0, 0, 953, 94368
2026/08/18 19:11:08.829, 0, NVIDIA H100, 0, 0, 953, 94368
2026/08/18 19:11:08.879, 0, NVIDIA H100, 0, 0, 953, 94368
2026/08/18 19:11:08.929, 0, NVIDIA H100, 0, 0, 953, 94368
2026/08/18 19:11:08.979, 0, NVIDIA H100, 0, 0, 953, 94368
2026/08/18 19:11:09.030, 0, NVIDIA H100, 0, 0, 953, 94368
2026/08/18 19:11:09.080, 0, NVIDIA H100, 0, 0, 953, 94368
2026/08/18 19:11:09.130, 0, NVIDIA H100, 0, 0, 953, 94368
2026/08/18 19:11:09.181, 0, NVIDIA H100, 0, 0, 953, 94368
2026/08/18 19:11:09.231, 0, NVIDIA H100, 0, 0, 953, 94368
2026/08/18 19:11:09.281, 0, NVIDIA H100, 0, 0, 953, 94368
2026/08/18 19:11:09.332, 0, NVIDIA H100, 0, 0, 953, 94368
2026/08/18 19:11:09.382, 0, NVIDIA H100, 0, 0, 953, 94368
2026/08/18 19:11:09.432, 0, NVIDIA H100, 0, 0, 953, 94368
2026/08/18 19:11:09.482, 0, NVIDIA H100, 0, 0, 953, 94368
2026/08/18 19:11:09.533, 0, NVIDIA H100, 0, 0, 953, 94368
2026/08/18 19:11:09.583, 0, NVIDIA H100, 0, 0, 953, 94368
2026/08/18 19:11:09.633, 0, NVIDIA H100, 0, 0, 953, 94368
2026/08/18 19:11:09.683, 0, NVIDIA H100, 0, 0, 953, 94368
2026/08/18 19:11:09.734, 0, NVIDIA H100, 0, 0, 953, 94368
2026/08/18 19:11:09.784, 0, NVIDIA H100, 0, 0, 953, 94368
2026/08/18 19:11:09.834, 0, NVIDIA H100, 0, 0, 953, 94368
2026/08/18 19:11:09.885, 0, NVIDIA H100, 0, 0, 953, 94368
2026/08/18 19:11:09.935, 0, NVIDIA H100, 0, 0, 953, 94368
2026/08/18 19:11:09.985, 0, NVIDIA H100, 0, 0, 953, 94368
2026/08/18 19:11:10.035, 0, NVIDIA H100, 0, 0, 953, 94368
2026/08/18 19:11:10.086, 0, NVIDIA H100, 0, 0, 953, 94368
2026/08/18 19:11:10.136, 0, NVIDIA H100, 0, 0, 953, 94368
2026/08/18 19:11:10.186, 0, NVIDIA H100, 0, 0, 953, 94368
2026/08/18 19:11:10.237, 0, NVIDIA H100, 0, 0, 953, 94368
2026/08/18 19:11:10.287, 0, NVIDIA H100, 0, 0, 953, 94368
2026/08/18 19:11:10.337, 0, NVIDIA H100, 0, 0, 953, 94368
2026/08/18 19:11:10.388, 0, NVIDIA H100, 0, 0, 953, 94368
2026/08/18 19:11:10.438, 0, NVIDIA H100, 0, 0, 953, 94368
2026/08/18 19:11:10.488, 0, NVIDIA H100, 0, 0, 953, 94368
2026/08/18 19:11:10.538, 0, NVIDIA H100, 0, 0, 953, 94368
2026/08/18 19:11:10.589, 0, NVIDIA H100, 0, 0, 953, 94368
2026/08/18 19:11:10.639, 0, NVIDIA H100, 0, 0, 953, 94368
2026/08/18 19:11:10.689, 0, NVIDIA H100, 0, 0, 953, 94368
2026/08/18 19:11:10.740, 0, NVIDIA H100, 0, 0, 953, 94368
2026/08/18 19:11:10.790, 0, NVIDIA H100, 0, 0, 953, 94368
2026/08/18 19:11:10.840, 0, NVIDIA H100, 0, 0, 953, 94368
2026/08/18 19:11:10.890, 0, NVIDIA H100, 0, 0, 953, 94368
2026/08/18 19:11:10.941, 0, NVIDIA H100, 0, 0, 953, 94368
2026/08/18 19:11:10.991, 0, NVIDIA H100, 0, 0, 953, 94368
2026/08/18 19:11:11.041, 0, NVIDIA H100, 0, 0, 953, 94368
2026/08/18 19:11:11.092, 0, NVIDIA H100, 0, 0, 953, 94368
2026/08/18 19:11:11.142, 0, NVIDIA H100, 0, 0, 953, 94368
2026/08/18 19:11:11.192, 0, NVIDIA H100, 0, 0, 953, 94368
2026/08/18 19:11:11.243, 0, NVIDIA H100, 0, 0, 953, 94368
2026/08/18 19:11:11.293, 0, NVIDIA H100, 0, 0, 953, 94368
2026/08/18 19:11:11.343, 0, NVIDIA H100, 0, 0, 953, 94368
2026/08/18 19:11:11.393, 0, NVIDIA H100, 0, 0, 953, 94368
2026/08/18 19:11:11.444, 0, NVIDIA H100, 0, 0, 953, 94368
2026/08/18 19:11:11.494, 0, NVIDIA H100, 0, 0, 953, 94368
2026/08/18 19:11:11.544, 0, NVIDIA H100, 0, 0, 953, 94368
2026/08/18 19:11:11.595, 0, NVIDIA H100, 0, 0, 953, 94368
2026/08/18 19:11:11.645, 0, NVIDIA H100, 0, 0, 953, 94368
2026/08/18 19:11:11.695, 0, NVIDIA H100, 0, 0, 953, 94368
2026/08/18 19:11:11.745, 0, NVIDIA H100, 0, 0, 953, 94368
2026/08/18 19:11:11.796, 0, NVIDIA H100, 0, 0, 953, 94368
2026/08/18 19:11:11.846, 0, NVIDIA H100, 0, 0, 953, 94368
2026/08/18 19:11:11.896, 0, NVIDIA H100, 0, 0, 953, 94368
2026/08/18 19:11:11.947, 0, NVIDIA H100, 0, 0, 953, 94368
2026/08/18 19:11:11.997, 0, NVIDIA H100, 0, 0, 953, 94368
2026/08/18 19:11:12.047, 0, NVIDIA H100, 0, 0, 953, 94368
2026/08/18 19:11:12.097, 0, NVIDIA H100, 0, 0, 953, 94368
2026/08/18 19:11:12.148, 0, NVIDIA H100, 0, 0, 953, 94368
2026/08/18 19:11:12.198, 0, NVIDIA H100, 0, 0, 953, 94368
2026/08/18 19:11:12.248, 0, NVIDIA H100, 0, 0, 953, 94368
2026/08/18 19:11:12.299, 0, NVIDIA H100, 0, 0, 953, 94368
2026/08/18 19:11:12.349, 0, NVIDIA H100, 0, 0, 953, 94368
2026/08/18 19:11:12.399, 0, NVIDIA H100, 0, 0, 953, 94368
2026/08/18 19:11:12.449, 0, NVIDIA H100, 0, 0, 953, 94368
2026/08/18 19:11:12.500, 0, NVIDIA H100, 0, 0, 953, 94368
2026/08/18 19:11:12.550, 0, NVIDIA H100, 0, 0, 953, 94368
2026/08/18 19:11:12.600, 0, NVIDIA H100, 0, 0, 953, 94368
2026/08/18 19:11:12.651, 0, NVIDIA H100, 0, 0, 953, 94368
2026/08/18 19:11:12.701, 0, NVIDIA H100, 0, 0, 953, 94368
2026/08/18 19:11:12.751, 0, NVIDIA H100, 0, 0, 953, 94368
2026/08/18 19:11:12.802, 0, NVIDIA H100, 0, 0, 953, 94368
2026/08/18 19:11:12.852, 0, NVIDIA H100, 0, 0, 953, 94368
2026/08/18 19:11:12.902, 0, NVIDIA H100, 0, 0, 953, 94368
2026/08/18 19:11:12.952, 0, NVIDIA H100, 0, 0, 953, 94368
2026/08/18 19:11:13.003, 0, NVIDIA H100, 0, 0, 953, 94368
2026/08/18 19:11:13.053, 0, NVIDIA H100, 0, 0, 953, 94368
2026/08/18 19:11:13.103, 0, NVIDIA H100, 0, 0, 953, 94368
2026/08/18 19:11:13.154, 0, NVIDIA H100, 0, 0, 953, 94368
2026/08/18 19:11:13.204, 0, NVIDIA H100, 0, 0, 953, 94368
2026/08/18 19:11:13.254, 0, NVIDIA H100, 0, 0, 953, 94368
2026/08/18 19:11:13.304, 0, NVIDIA H100, 0, 0, 953, 94368
2026/08/18 19:11:13.355, 0, NVIDIA H100, 0, 0, 953, 94368
2026/08/18 19:11:13.405, 0, NVIDIA H100, 0, 0, 953, 94368
2026/08/18 19:11:13.455, 0, NVIDIA H100, 0, 0, 953, 94368
2026/08/18 19:11:13.506, 0, NVIDIA H100, 0, 0, 953, 94368
2026/08/18 19:11:13.556, 0, NVIDIA H100, 0, 0, 953, 94368
2026/08/18 19:11:13.606, 0, NVIDIA H100, 0, 0, 953, 94368
2026/08/18 19:11:13.656, 0, NVIDIA H100, 0, 0, 953, 94368
2026/08/18 19:11:13.707, 0, NVIDIA H100, 0, 0, 953, 94368
2026/08/18 19:11:13.757, 0, NVIDIA H100, 0, 0, 953, 94368
2026/08/18 19:11:13.807, 0, NVIDIA H100, 0, 0, 953, 94368
2026/08/18 19:11:13.858, 0, NVIDIA H100, 0, 0, 953, 94368
2026/08/18 19:11:13.908, 0, NVIDIA H100, 0, 0, 953, 94368
2026/08/18 19:11:13.958, 0, NVIDIA H100, 0, 0, 953, 94368
2026/08/18 19:11:14.009, 0, NVIDIA H100, 0, 0, 953, 94368
2026/08/18 19:11:14.059, 0, NVIDIA H100, 0, 0, 953, 94368
2026/08/18 19:11:14.109, 0, NVIDIA H100, 0, 0, 953, 94368
2026/08/18 19:11:14.159, 0, NVIDIA H100, 0, 0, 953, 94368
2026/08/18 19:11:14.210, 0, NVIDIA H100, 0, 0, 953, 94368
2026/08/18 19:11:14.260, 0, NVIDIA H100, 0, 0, 953, 94368
2026/08/18 19:11:14.310, 0, NVIDIA H100, 0, 0, 953, 94368
2026/08/18 19:11:14.361, 0, NVIDIA H100, 0, 0, 953, 94368
2026/08/18 19:11:14.411, 0, NVIDIA H100, 0, 0, 953, 94368
2026/08/18 19:11:14.461, 0, NVIDIA H100, 0, 0, 953, 94368
2026/08/18 19:11:14.511, 0, NVIDIA H100, 0, 0, 953, 94368
2026/08/18 19:11:14.562, 0, NVIDIA H100, 0, 0, 953, 94368
2026/08/18 19:11:14.612, 0, NVIDIA H100, 0, 0, 953, 94368
2026/08/18 19:11:14.662, 0, NVIDIA H100, 0, 0, 953, 94368
2026/08/18 19:11:14.712, 0, NVIDIA H100, 0, 0, 953, 94368
2026/08/18 19:11:14.763, 0, NVIDIA H100, 0, 0, 953, 94368
2026/08/18 19:11:14.813, 0, NVIDIA H100, 0, 0, 953, 94368
2026/08/18 19:11:14.863, 0, NVIDIA H100, 0, 0, 953, 94368
2026/08/18 19:11:14.914, 0, NVIDIA H100, 0, 0, 953, 94368
2026/08/18 19:11:14.964, 0, NVIDIA H100, 0, 0, 953, 94368
2026/08/18 19:11:15.014, 0, NVIDIA H100, 0, 0, 953, 94368
2026/08/18 19:11:15.065, 0, NVIDIA H100, 0, 0, 953, 94368
2026/08/18 19:11:15.115, 0, NVIDIA H100, 0, 0, 953, 94368
2026/08/18 19:11:15.165, 0, NVIDIA H100, 0, 0, 953, 94368
2026/08/18 19:11:15.215, 0, NVIDIA H100, 0, 0, 953, 94368
2026/08/18 19:11:15.266, 0, NVIDIA H100, 0, 0, 953, 94368
2026/08/18 19:11:15.316, 0, NVIDIA H100, 0, 0, 953, 94368
2026/08/18 19:11:15.366, 0, NVIDIA H100, 0, 0, 953, 94368
2026/08/18 19:11:15.417, 0, NVIDIA H100, 0, 0, 953, 94368
2026/08/18 19:11:15.467, 0, NVIDIA H100, 0, 0, 953, 94368
2026/08/18 19:11:15.517, 0, NVIDIA H100, 0, 0, 953, 94368
2026/08/18 19:11:15.568, 0, NVIDIA H100, 0, 0, 953, 94368
2026/08/18 19:11:15.618, 0, NVIDIA H100, 0, 0, 953, 94368
2026/08/18 19:11:15.668, 0, NVIDIA H100, 0, 0, 953, 94368
2026/08/18 19:11:15.718, 0, NVIDIA H100, 0, 0, 953, 94368
2026/08/18 19:11:15.769, 0, NVIDIA H100, 0, 0, 953, 94368
2026/08/18 19:11:15.819, 0, NVIDIA H100, 0, 0, 953, 94368
2026/08/18 19:11:15.869, 0, NVIDIA H100, 0, 0, 953, 94368
2026/08/18 19:11:15.920, 0, NVIDIA H100, 0, 0, 953, 94368
2026/08/18 19:11:15.970, 0, NVIDIA H100, 0, 0, 953, 94368
2026/08/18 19:11:16.020, 0, NVIDIA H100, 0, 0, 953, 94368
2026/08/18 19:11:16.070, 0, NVIDIA H100, 0, 0, 953, 94368
2026/08/18 19:11:16.121, 0, NVIDIA H100, 0, 0, 953, 94368
2026/08/18 19:11:16.171, 0, NVIDIA H100, 0, 0, 953, 94368
2026/08/18 19:11:16.221, 0, NVIDIA H100, 0, 0, 953, 94368
2026/08/18 19:11:16.272, 0, NVIDIA H100, 0, 0, 953, 94368
2026/08/18 19:11:16.322, 0, NVIDIA H100, 0, 0, 953, 94368
2026/08/18 19:11:16.372, 0, NVIDIA H100, 0, 0, 953, 94368
2026/08/18 19:11:16.423, 0, NVIDIA H100, 0, 0, 953, 94368
2026/08/18 19:11:16.473, 0, NVIDIA H100, 0, 0, 953, 94368
2026/08/18 19:11:16.523, 0, NVIDIA H100, 0, 0, 953, 94368
2026/08/18 19:11:16.573, 0, NVIDIA H100, 0, 0, 953, 94368
2026/08/18 19:11:16.624, 0, NVIDIA H100, 0, 0, 953, 94368
2026/08/18 19:11:16.674, 0, NVIDIA H100, 0, 0, 953, 94368
2026/08/18 19:11:16.724, 0, NVIDIA H100, 0, 0, 953, 94368
2026/08/18 19:11:16.774, 0, NVIDIA H100, 0, 0, 953, 94368
2026/08/18 19:11:16.825, 0, NVIDIA H100, 0, 0, 953, 94368
2026/08/18 19:11:16.875, 0, NVIDIA H100, 0, 0, 953, 94368
2026/08/18 19:11:16.925, 0, NVIDIA H100, 0, 0, 953, 94368
2026/08/18 19:11:16.976, 0, NVIDIA H100, 0, 0, 953, 94368
2026/08/18 19:11:17.026, 0, NVIDIA H100, 0, 0, 953, 94368
2026/08/18 19:11:17.076, 0, NVIDIA H100, 0, 0, 953, 94368
2026/08/18 19:11:17.127, 0, NVIDIA H100, 0, 0, 953, 94368
2026/08/18 19:11:17.177, 0, NVIDIA H100, 0, 0, 953, 94368
2026/08/18 19:11:17.227, 0, NVIDIA H100, 0, 0, 953, 94368
2026/08/18 19:11:17.277, 0, NVIDIA H100, 0, 0, 953, 94368
2026/08/18 19:11:17.328, 0, NVIDIA H100, 0, 0, 953, 94368
2026/08/18 19:11:17.378, 0, NVIDIA H100, 0, 0, 953, 94368
2026/08/18 19:11:17.428, 0, NVIDIA H100, 0, 0, 953, 94368
2026/08/18 19:11:17.479, 0, NVIDIA H100, 0, 0, 953, 94368
2026/08/18 19:11:17.529, 0, NVIDIA H100, 0, 0, 953, 94368
2026/08/18 19:11:17.579, 0, NVIDIA H100, 0, 0, 953, 94368
2026/08/18 19:11:17.629, 0, NVIDIA H100, 0, 0, 953, 94368
2026/08/18 19:11:17.680, 0, NVIDIA H100, 0, 0, 953, 94368
2026/08/18 19:11:17.730, 0, NVIDIA H100, 0, 0, 953, 94368
2026/08/18 19:11:17.780, 0, NVIDIA H100, 0, 0, 953, 94368
2026/08/18 19:11:17.831, 0, NVIDIA H100, 0, 0, 953, 94368
2026/08/18 19:11:17.881, 0, NVIDIA H100, 0, 0, 953, 94368
2026/08/18 19:11:17.931, 0, NVIDIA H100, 0, 0, 953, 94368
2026/08/18 19:11:17.981, 0, NVIDIA H100, 0, 0, 953, 94368
2026/08/18 19:11:18.032, 0, NVIDIA H100, 0, 0, 953, 94368
2026/08/18 19:11:18.082, 0, NVIDIA H100, 0, 0, 953, 94368
2026/08/18 19:11:18.132, 0, NVIDIA H100, 0, 0, 953, 94368
2026/08/18 19:11:18.183, 0, NVIDIA H100, 0, 0, 953, 94368
2026/08/18 19:11:18.233, 0, NVIDIA H100, 0, 0, 953, 94368
2026/08/18 19:11:18.283, 0, NVIDIA H100, 0, 0, 953, 94368
2026/08/18 19:11:18.334, 0, NVIDIA H100, 0, 0, 953, 94368
2026/08/18 19:11:18.384, 0, NVIDIA H100, 0, 0, 953, 94368
2026/08/18 19:11:18.434, 0, NVIDIA H100, 0, 0, 953, 94368
2026/08/18 19:11:18.484, 0, NVIDIA H100, 0, 0, 953, 94368
2026/08/18 19:11:18.535, 0, NVIDIA H100, 0, 0, 953, 94368
2026/08/18 19:11:18.585, 0, NVIDIA H100, 0, 0, 953, 94368
2026/08/18 19:11:18.635, 0, NVIDIA H100, 0, 0, 953, 94368
2026/08/18 19:11:18.686, 0, NVIDIA H100, 0, 0, 953, 94368
2026/08/18 19:11:18.736, 0, NVIDIA H100, 0, 0, 953, 94368
2026/08/18 19:11:18.786, 0, NVIDIA H100, 0, 0, 953, 94368
2026/08/18 19:11:18.836, 0, NVIDIA H100, 0, 0, 953, 94368
2026/08/18 19:11:18.887, 0, NVIDIA H100, 0, 0, 953, 94368
2026/08/18 19:11:18.937, 0, NVIDIA H100, 0, 0, 953, 94368
2026/08/18 19:11:18.987, 0, NVIDIA H100, 0, 0, 953, 94368
2026/08/18 19:11:19.038, 0, NVIDIA H100, 0, 0, 953, 94368
2026/08/18 19:11:19.088, 0, NVIDIA H100, 0, 0, 953, 94368
2026/08/18 19:11:19.138, 0, NVIDIA H100, 0, 0, 953, 94368
2026/08/18 19:11:19.188, 0, NVIDIA H100, 0, 0, 953, 94368
2026/08/18 19:11:19.239, 0, NVIDIA H100, 0, 0, 953, 94368
2026/08/18 19:11:19.289, 0, NVIDIA H100, 0, 0, 953, 94368
2026/08/18 19:11:19.339, 0, NVIDIA H100, 0, 0, 953, 94368
2026/08/18 19:11:19.390, 0, NVIDIA H100, 0, 0, 953, 94368
2026/08/18 19:11:19.440, 0, NVIDIA H100, 0, 0, 953, 94368
2026/08/18 19:11:19.490, 0, NVIDIA H100, 0, 0, 953, 94368
2026/08/18 19:11:19.541, 0, NVIDIA H100, 0, 0, 953, 94368
2026/08/18 19:11:19.591, 0, NVIDIA H100, 0, 0, 953, 94368
2026/08/18 19:11:19.641, 0, NVIDIA H100, 0, 0, 953, 94368
2026/08/18 19:11:19.691, 0, NVIDIA H100, 0, 0, 953, 94368
2026/08/18 19:11:19.742, 0, NVIDIA H100, 0, 0, 953, 94368
2026/08/18 19:11:19.792, 0, NVIDIA H100, 0, 0, 953, 94368
2026/08/18 19:11:19.842, 0, NVIDIA H100, 0, 0, 953, 94368
2026/08/18 19:11:19.892, 0, NVIDIA H100, 0, 0, 953, 94368
2026/08/18 19:11:19.943, 0, NVIDIA H100, 0, 0, 953, 94368
2026/08/18 19:11:19.993, 0, NVIDIA H100, 0, 0, 953, 94368
2026/08/18 19:11:20.043, 0, NVIDIA H100, 0, 0, 953, 94368
2026/08/18 19:11:20.094, 0, NVIDIA H100, 0, 0, 953, 94368
2026/08/18 19:11:20.144, 0, NVIDIA H100, 0, 0, 953, 94368
2026/08/18 19:11:20.194, 0, NVIDIA H100, 0, 0, 953, 94368
2026/08/18 19:11:20.245, 0, NVIDIA H100, 0, 0, 953, 94368
2026/08/18 19:11:20.295, 0, NVIDIA H100, 0, 0, 953, 94368
2026/08/18 19:11:20.345, 0, NVIDIA H100, 0, 0, 953, 94368
2026/08/18 19:11:20.395, 0, NVIDIA H100, 0, 0, 953, 94368
2026/08/18 19:11:20.446, 0, NVIDIA H100, 0, 0, 953, 94368
2026/08/18 19:11:20.496, 0, NVIDIA H100, 0, 0, 953, 94368
2026/08/18 19:11:20.546, 0, NVIDIA H100, 0, 0, 953, 94368
2026/08/18 19:11:20.597, 0, NVIDIA H100, 0, 0, 953, 94368
2026/08/18 19:11:20.647, 0, NVIDIA H100, 0, 0, 953, 94368
2026/08/18 19:11:20.697, 0, NVIDIA H100, 0, 0, 953, 94368
2026/08/18 19:11:20.747, 0, NVIDIA H100, 0, 0, 953, 94368
2026/08/18 19:11:20.798, 0, NVIDIA H100, 0, 0, 953, 94368
2026/08/18 19:11:20.848, 0, NVIDIA H100, 0, 0, 953, 94368
2026/08/18 19:11:20.898, 0, NVIDIA H100, 0, 0, 953, 94368
2026/08/18 19:11:20.949, 0, NVIDIA H100, 0, 0, 953, 94368
2026/08/18 19:11:20.999, 0, NVIDIA H100, 0, 0, 953, 94368
2026/08/18 19:11:21.049, 0, NVIDIA H100, 0, 0, 953, 94368
2026/08/18 19:11:21.099, 0, NVIDIA H100, 0, 0, 953, 94368
2026/08/18 19:11:21.150, 0, NVIDIA H100, 0, 0, 953, 94368
2026/08/18 19:11:21.200, 0, NVIDIA H100, 0, 0, 953, 94368
2026/08/18 19:11:21.250, 0, NVIDIA H100, 0, 0, 953, 94368
2026/08/18 19:11:21.301, 0, NVIDIA H100, 0, 0, 953, 94368
2026/08/18 19:11:21.351, 0, NVIDIA H100, 0, 0, 953, 94368
2026/08/18 19:11:21.401, 0, NVIDIA H100, 0, 0, 953, 94368
2026/08/18 19:11:21.452, 0, NVIDIA H100, 0, 0, 953, 94368
2026/08/18 19:11:21.502, 0, NVIDIA H100, 0, 0, 953, 94368
2026/08/18 19:11:21.552, 0, NVIDIA H100, 0, 0, 953, 94368
2026/08/18 19:11:21.602, 0, NVIDIA H100, 0, 0, 953, 94368
2026/08/18 19:11:21.653, 0, NVIDIA H100, 0, 0, 953, 94368
2026/08/18 19:11:21.703, 0, NVIDIA H100, 0, 0, 953, 94368
2026/08/18 19:11:21.753, 0, NVIDIA H100, 0, 0, 953, 94368
2026/08/18 19:11:21.803, 0, NVIDIA H100, 0, 0, 953, 94368
2026/08/18 19:11:21.854, 0, NVIDIA H100, 0, 0, 953, 94368
2026/08/18 19:11:21.904, 0, NVIDIA H100, 0, 0, 953, 94368
2026/08/18 19:11:21.954, 0, NVIDIA H100, 0, 0, 953, 94368
2026/08/18 19:11:22.005, 0, NVIDIA H100, 0, 0, 953, 94368
2026/08/18 19:11:22.055, 0, NVIDIA H100, 0, 0, 953, 94368
2026/08/18 19:11:22.105, 0, NVIDIA H100, 0, 0, 953, 94368
2026/08/18 19:11:22.156, 0, NVIDIA H100, 0, 0, 953, 94368
2026/08/18 19:11:22.206, 0, NVIDIA H100, 0, 0, 953, 94368
2026/08/18 19:11:22.256, 0, NVIDIA H100, 0, 0, 953, 94368
2026/08/18 19:11:22.306, 0, NVIDIA H100, 0, 0, 953, 94368
2026/08/18 19:11:22.357, 0, NVIDIA H100, 0, 0, 953, 94368
2026/08/18 19:11:22.407, 0, NVIDIA H100, 0, 0, 953, 94368
2026/08/18 19:11:22.457, 0, NVIDIA H100, 0, 0, 953, 94368
2026/08/18 19:11:22.508, 0, NVIDIA H100, 0, 0, 953, 94368
2026/08/18 19:11:22.558, 0, NVIDIA H100, 0, 0, 953, 94368
2026/08/18 19:11:22.608, 0, NVIDIA H100, 0, 0, 953, 94368
2026/08/18 19:11:22.658, 0, NVIDIA H100, 0, 0, 953, 94368
2026/08/18 19:11:22.709, 0, NVIDIA H100, 0, 0, 953, 94368
2026/08/18 19:11:22.759, 0, NVIDIA H100, 0, 0, 953, 94368
2026/08/18 19:11:22.809, 0, NVIDIA H100, 0, 0, 953, 94368
2026/08/18 19:11:22.860, 0, NVIDIA H100, 0, 0, 953, 94368
2026/08/18 19:11:22.910, 0, NVIDIA H100, 0, 0, 953, 94368
2026/08/18 19:11:22.960, 0, NVIDIA H100, 0, 0, 953, 94368
2026/08/18 19:11:23.010, 0, NVIDIA H100, 0, 0, 953, 94368
2026/08/18 19:11:23.061, 0, NVIDIA H100, 0, 0, 953, 94368
2026/08/18 19:11:23.111, 0, NVIDIA H100, 0, 0, 953, 94368
2026/08/18 19:11:23.161, 0, NVIDIA H100, 0, 0, 953, 94368
2026/08/18 19:11:23.212, 0, NVIDIA H100, 0, 0, 953, 94368
2026/08/18 19:11:23.262, 0, NVIDIA H100, 0, 0, 953, 94368
2026/08/18 19:11:23.312, 0, NVIDIA H100, 0, 0, 953, 94368
2026/08/18 19:11:23.362, 0, NVIDIA H100, 0, 0, 953, 94368
2026/08/18 19:11:23.413, 0, NVIDIA H100, 0, 0, 953, 94368
2026/08/18 19:11:23.463, 0, NVIDIA H100, 0, 0, 953, 94368
2026/08/18 19:11:23.513, 0, NVIDIA H100, 0, 0, 953, 94368
2026/08/18 19:11:23.564, 0, NVIDIA H100, 0, 0, 953, 94368
2026/08/18 19:11:23.614, 0, NVIDIA H100, 0, 0, 953, 94368
2026/08/18 19:11:23.664, 0, NVIDIA H100, 0, 0, 953, 94368
2026/08/18 19:11:23.715, 0, NVIDIA H100, 0, 0, 953, 94368
2026/08/18 19:11:23.765, 0, NVIDIA H100, 0, 0, 953, 94368
2026/08/18 19:11:23.815, 0, NVIDIA H100, 0, 0, 953, 94368
2026/08/18 19:11:23.865, 0, NVIDIA H100, 0, 0, 953, 94368
2026/08/18 19:11:23.916, 0, NVIDIA H100, 0, 0, 953, 94368
2026/08/18 19:11:23.966, 0, NVIDIA H100, 0, 0, 953, 94368
2026/08/18 19:11:24.016, 0, NVIDIA H100, 0, 0, 953, 94368
2026/08/18 19:11:24.067, 0, NVIDIA H100, 0, 0, 953, 94368
2026/08/18 19:11:24.117, 0, NVIDIA H100, 0, 0, 953, 94368
2026/08/18 19:11:24.167, 0, NVIDIA H100, 0, 0, 953, 94368
2026/08/18 19:11:24.217, 0, NVIDIA H100, 0, 0, 953, 94368
2026/08/18 19:11:24.268, 0, NVIDIA H100, 0, 0, 953, 94368
2026/08/18 19:11:24.318, 0, NVIDIA H100, 0, 0, 953, 94368
2026/08/18 19:11:24.368, 0, NVIDIA H100, 0, 0, 953, 94368
2026/08/18 19:11:24.419, 0, NVIDIA H100, 0, 0, 953, 94368
2026/08/18 19:11:24.469, 0, NVIDIA H100, 0, 0, 953, 94368
2026/08/18 19:11:24.519, 0, NVIDIA H100, 0, 0, 953, 94368
2026/08/18 19:11:24.570, 0, NVIDIA H100, 0, 0, 953, 94368
2026/08/18 19:11:24.620, 0, NVIDIA H100, 0, 0, 953, 94368
2026/08/18 19:11:24.670, 0, NVIDIA H100, 0, 0, 953, 94368
2026/08/18 19:11:24.720, 0, NVIDIA H100, 0, 0, 953, 94368
2026/08/18 19:11:24.771, 0, NVIDIA H100, 0, 0, 953, 94368
2026/08/18 19:11:24.821, 0, NVIDIA H100, 0, 0, 953, 94368
2026/08/18 19:11:24.871, 0, NVIDIA H100, 0, 0, 953, 94368
2026/08/18 19:11:24.922, 0, NVIDIA H100, 0, 0, 953, 94368
2026/08/18 19:11:24.972, 0, NVIDIA H100, 0, 0, 953, 94368
2026/08/18 19:11:25.022, 0, NVIDIA H100, 0, 0, 953, 94368
2026/08/18 19:11:25.072, 0, NVIDIA H100, 0, 0, 953, 94368
2026/08/18 19:11:25.123, 0, NVIDIA H100, 0, 0, 953, 94368
2026/08/18 19:11:25.173, 0, NVIDIA H100, 0, 0, 953, 94368
2026/08/18 19:11:25.223, 0, NVIDIA H100, 0, 0, 953, 94368
2026/08/18 19:11:25.274, 0, NVIDIA H100, 0, 0, 953, 94368
2026/08/18 19:11:25.324, 0, NVIDIA H100, 0, 0, 953, 94368
2026/08/18 19:11:25.374, 0, NVIDIA H100, 0, 0, 953, 94368
2026/08/18 19:11:25.424, 0, NVIDIA H100, 0, 0, 953, 94368
2026/08/18 19:11:25.475, 0, NVIDIA H100, 0, 0, 953, 94368
2026/08/18 19:11:25.525, 0, NVIDIA H100, 0, 0, 953, 94368
2026/08/18 19:11:25.575, 0, NVIDIA H100, 0, 0, 953, 94368
2026/08/18 19:11:25.626, 0, NVIDIA H100, 0, 0, 953, 94368
2026/08/18 19:11:25.676, 0, NVIDIA H100, 0, 0, 953, 94368
2026/08/18 19:11:25.726, 0, NVIDIA H100, 0, 0, 953, 94368
2026/08/18 19:11:25.776, 0, NVIDIA H100, 0, 0, 953, 94368
2026/08/18 19:11:25.827, 0, NVIDIA H100, 0, 0, 953, 94368
2026/08/18 19:11:25.877, 0, NVIDIA H100, 0, 0, 953, 94368
2026/08/18 19:11:25.927, 0, NVIDIA H100, 0, 0, 953, 94368
2026/08/18 19:11:25.978, 0, NVIDIA H100, 0, 0, 953, 94368
2026/08/18 19:11:26.028, 0, NVIDIA H100, 0, 0, 953, 94368
2026/08/18 19:11:26.078, 0, NVIDIA H100, 0, 0, 953, 94368
2026/08/18 19:11:26.128, 0, NVIDIA H100, 0, 0, 953, 94368
2026/08/18 19:11:26.179, 0, NVIDIA H100, 0, 0, 953, 94368
2026/08/18 19:11:26.229, 0, NVIDIA H100, 0, 0, 953, 94368
2026/08/18 19:11:26.279, 0, NVIDIA H100, 0, 0, 953, 94368
2026/08/18 19:11:26.330, 0, NVIDIA H100, 0, 0, 953, 94368
2026/08/18 19:11:26.380, 0, NVIDIA H100, 0, 0, 953, 94368
2026/08/18 19:11:26.430, 0, NVIDIA H100, 0, 0, 953, 94368
2026/08/18 19:11:26.481, 0, NVIDIA H100, 0, 0, 953, 94368
2026/08/18 19:11:26.531, 0, NVIDIA H100, 0, 0, 953, 94368
2026/08/18 19:11:26.581, 0, NVIDIA H100, 0, 0, 953, 94368
2026/08/18 19:11:26.631, 0, NVIDIA H100, 0, 0, 953, 94368
2026/08/18 19:11:26.682, 0, NVIDIA H100, 0, 0, 953, 94368
2026/08/18 19:11:26.732, 0, NVIDIA H100, 0, 0, 953, 94368
2026/08/18 19:11:26.782, 0, NVIDIA H100, 0, 0, 953, 94368
2026/08/18 19:11:26.833, 0, NVIDIA H100, 0, 0, 953, 94368
2026/08/18 19:11:26.883, 0, NVIDIA H100, 0, 0, 953, 94368
2026/08/18 19:11:26.933, 0, NVIDIA H100, 0, 0, 953, 94368
2026/08/18 19:11:26.984, 0, NVIDIA H100, 0, 0, 953, 94368
2026/08/18 19:11:27.034, 0, NVIDIA H100, 0, 0, 953, 94368
2026/08/18 19:11:27.084, 0, NVIDIA H100, 0, 0, 953, 94368
2026/08/18 19:11:27.134, 0, NVIDIA H100, 0, 0, 953, 94368
2026/08/18 19:11:27.185, 0, NVIDIA H100, 0, 0, 953, 94368
2026/08/18 19:11:27.235, 0, NVIDIA H100, 0, 0, 953, 94368
2026/08/18 19:11:27.285, 0, NVIDIA H100, 0, 0, 953, 94368
2026/08/18 19:11:27.335, 0, NVIDIA H100, 0, 0, 953, 94368
2026/08/18 19:11:27.386, 0, NVIDIA H100, 0, 0, 953, 94368
2026/08/18 19:11:27.436, 0, NVIDIA H100, 0, 0, 953, 94368
2026/08/18 19:11:27.486, 0, NVIDIA H100, 0, 0, 953, 94368
2026/08/18 19:11:27.537, 0, NVIDIA H100, 0, 0, 953, 94368
2026/08/18 19:11:27.587, 0, NVIDIA H100, 0, 0, 953, 94368
2026/08/18 19:11:27.637, 0, NVIDIA H100, 0, 0, 953, 94368
2026/08/18 19:11:27.687, 0, NVIDIA H100, 0, 0, 953, 94368
2026/08/18 19:11:27.738, 0, NVIDIA H100, 0, 0, 953, 94368
2026/08/18 19:11:27.788, 0, NVIDIA H100, 0, 0, 953, 94368
2026/08/18 19:11:27.838, 0, NVIDIA H100, 0, 0, 953, 94368
2026/08/18 19:11:27.889, 0, NVIDIA H100, 0, 0, 953, 94368
2026/08/18 19:11:27.939, 0, NVIDIA H100, 0, 0, 953, 94368
2026/08/18 19:11:27.989, 0, NVIDIA H100, 0, 0, 953, 94368
2026/08/18 19:11:28.040, 0, NVIDIA H100, 0, 0, 953, 94368
2026/08/18 19:11:28.090, 0, NVIDIA H100, 0, 0, 953, 94368
2026/08/18 19:11:28.140, 0, NVIDIA H100, 0, 0, 953, 94368
2026/08/18 19:11:28.190, 0, NVIDIA H100, 0, 0, 953, 94368
2026/08/18 19:11:28.241, 0, NVIDIA H100, 0, 0, 953, 94368
2026/08/18 19:11:28.291, 0, NVIDIA H100, 0, 0, 953, 94368
2026/08/18 19:11:28.341, 0, NVIDIA H100, 0, 0, 953, 94368
2026/08/18 19:11:28.392, 0, NVIDIA H100, 0, 0, 953, 94368
2026/08/18 19:11:28.442, 0, NVIDIA H100, 0, 0, 953, 94368
2026/08/18 19:11:28.492, 0, NVIDIA H100, 0, 0, 953, 94368
2026/08/18 19:11:28.542, 0, NVIDIA H100, 0, 0, 953, 94368
2026/08/18 19:11:28.593, 0, NVIDIA H100, 0, 0, 953, 94368
2026/08/18 19:11:28.643, 0, NVIDIA H100, 0, 0, 953, 94368
2026/08/18 19:11:28.693, 0, NVIDIA H100, 0, 0, 953, 94368
2026/08/18 19:11:28.744, 0, NVIDIA H100, 0, 0, 953, 94368
2026/08/18 19:11:28.794, 0, NVIDIA H100, 0, 0, 953, 94368
2026/08/18 19:11:28.844, 0, NVIDIA H100, 0, 0, 953, 94368
2026/08/18 19:11:28.894, 0, NVIDIA H100, 0, 0, 953, 94368
2026/08/18 19:11:28.945, 0, NVIDIA H100, 0, 0, 953, 94368
2026/08/18 19:11:28.995, 0, NVIDIA H100, 0, 0, 953, 94368
2026/08/18 19:11:29.045, 0, NVIDIA H100, 0, 0, 953, 94368
2026/08/18 19:11:29.096, 0, NVIDIA H100, 0, 0, 953, 94368
2026/08/18 19:11:29.146, 0, NVIDIA H100, 0, 0, 953, 94368
2026/08/18 19:11:29.196, 0, NVIDIA H100, 0, 0, 953, 94368
2026/08/18 19:11:29.247, 0, NVIDIA H100, 0, 0, 953, 94368
2026/08/18 19:11:29.297, 0, NVIDIA H100, 0, 0, 953, 94368
2026/08/18 19:11:29.347, 0, NVIDIA H100, 0, 0, 953, 94368
2026/08/18 19:11:29.397, 0, NVIDIA H100, 0, 0, 953, 94368
2026/08/18 19:11:29.448, 0, NVIDIA H100, 0, 0, 953, 94368
2026/08/18 19:11:29.498, 0, NVIDIA H100, 0, 0, 953, 94368
2026/08/18 19:11:29.548, 0, NVIDIA H100, 0, 0, 953, 94368
2026/08/18 19:11:29.599, 0, NVIDIA H100, 0, 0, 953, 94368
2026/08/18 19:11:29.649, 0, NVIDIA H100, 0, 0, 953, 94368
2026/08/18 19:11:29.699, 0, NVIDIA H100, 0, 0, 953, 94368
2026/08/18 19:11:29.749, 0, NVIDIA H100, 0, 0, 953, 94368
2026/08/18 19:11:29.800, 0, NVIDIA H100, 0, 0, 953, 94368
2026/08/18 19:11:29.850, 0, NVIDIA H100, 0, 0, 953, 94368
2026/08/18 19:11:29.900, 0, NVIDIA H100, 0, 0, 953, 94368
2026/08/18 19:11:29.951, 0, NVIDIA H100, 0, 0, 953, 94368
2026/08/18 19:11:30.001, 0, NVIDIA H100, 0, 0, 953, 94368
2026/08/18 19:11:30.051, 0, NVIDIA H100, 0, 0, 953, 94368
2026/08/18 19:11:30.101, 0, NVIDIA H100, 0, 0, 953, 94368
2026/08/18 19:11:30.152, 0, NVIDIA H100, 0, 0, 953, 94368
2026/08/18 19:11:30.202, 0, NVIDIA H100, 0, 0, 953, 94368
2026/08/18 19:11:30.252, 0, NVIDIA H100, 0, 0, 953, 94368
2026/08/18 19:11:30.303, 0, NVIDIA H100, 0, 0, 953, 94368
2026/08/18 19:11:30.353, 0, NVIDIA H100, 0, 0, 953, 94368
2026/08/18 19:11:30.403, 0, NVIDIA H100, 0, 0, 953, 94368
2026/08/18 19:11:30.453, 0, NVIDIA H100, 0, 0, 953, 94368
2026/08/18 19:11:30.504, 0, NVIDIA H100, 0, 0, 953, 94368
2026/08/18 19:11:30.554, 0, NVIDIA H100, 0, 0, 953, 94368
2026/08/18 19:11:30.604, 0, NVIDIA H100, 0, 0, 953, 94368
2026/08/18 19:11:30.655, 0, NVIDIA H100, 0, 0, 953, 94368
2026/08/18 19:11:30.705, 0, NVIDIA H100, 0, 0, 953, 94368
2026/08/18 19:11:30.755, 0, NVIDIA H100, 0, 0, 953, 94368
2026/08/18 19:11:30.806, 0, NVIDIA H100, 0, 0, 953, 94368
2026/08/18 19:11:30.856, 0, NVIDIA H100, 0, 0, 953, 94368
2026/08/18 19:11:30.906, 0, NVIDIA H100, 0, 0, 953, 94368
2026/08/18 19:11:30.956, 0, NVIDIA H100, 0, 0, 953, 94368
2026/08/18 19:11:31.007, 0, NVIDIA H100, 0, 0, 953, 94368
2026/08/18 19:11:31.057, 0, NVIDIA H100, 0, 0, 953, 94368
2026/08/18 19:11:31.107, 0, NVIDIA H100, 0, 0, 953, 94368
2026/08/18 19:11:31.158, 0, NVIDIA H100, 0, 0, 953, 94368
2026/08/18 19:11:31.208, 0, NVIDIA H100, 0, 0, 953, 94368
2026/08/18 19:11:31.258, 0, NVIDIA H100, 0, 0, 953, 94368
2026/08/18 19:11:31.308, 0, NVIDIA H100, 0, 0, 953, 94368
2026/08/18 19:11:31.359, 0, NVIDIA H100, 0, 0, 953, 94368
2026/08/18 19:11:31.409, 0, NVIDIA H100, 0, 0, 953, 94368
2026/08/18 19:11:31.459, 0, NVIDIA H100, 0, 0, 953, 94368
2026/08/18 19:11:31.510, 0, NVIDIA H100, 0, 0, 953, 94368
2026/08/18 19:11:31.560, 0, NVIDIA H100, 0, 0, 953, 94368
2026/08/18 19:11:31.610, 0, NVIDIA H100, 0, 0, 953, 94368
2026/08/18 19:11:31.660, 0, NVIDIA H100, 0, 0, 953, 94368
2026/08/18 19:11:31.711, 0, NVIDIA H100, 0, 0, 953, 94368
2026/08/18 19:11:31.761, 0, NVIDIA H100, 0, 0, 953, 94368
2026/08/18 19:11:31.811, 0, NVIDIA H100, 0, 0, 953, 94368
2026/08/18 19:11:31.862, 0, NVIDIA H100, 0, 0, 953, 94368
2026/08/18 19:11:31.912, 0, NVIDIA H100, 0, 0, 953, 94368
2026/08/18 19:11:31.962, 0, NVIDIA H100, 0, 0, 953, 94368
2026/08/18 19:11:32.012, 0, NVIDIA H100, 0, 0, 953, 94368
2026/08/18 19:11:32.063, 0, NVIDIA H100, 0, 0, 953, 94368
2026/08/18 19:11:32.113, 0, NVIDIA H100, 0, 0, 953, 94368
2026/08/18 19:11:32.163, 0, NVIDIA H100, 0, 0, 953, 94368
2026/08/18 19:11:32.214, 0, NVIDIA H100, 0, 0, 953, 94368
2026/08/18 19:11:32.264, 0, NVIDIA H100, 0, 0, 953, 94368
2026/08/18 19:11:32.314, 0, NVIDIA H100, 0, 0, 953, 94368
2026/08/18 19:11:32.365, 0, NVIDIA H100, 0, 0, 953, 94368
2026/08/18 19:11:32.415, 0, NVIDIA H100, 0, 0, 953, 94368
2026/08/18 19:11:32.465, 0, NVIDIA H100, 0, 0, 953, 94368
2026/08/18 19:11:32.515, 0, NVIDIA H100, 0, 0, 953, 94368
2026/08/18 19:11:32.566, 0, NVIDIA H100, 0, 0, 953, 94368
2026/08/18 19:11:32.616, 0, NVIDIA H100, 0, 0, 953, 94368
2026/08/18 19:11:32.666, 0, NVIDIA H100, 0, 0, 953, 94368
2026/08/18 19:11:32.717, 0, NVIDIA H100, 0, 0, 953, 94368
2026/08/18 19:11:32.767, 0, NVIDIA H100, 0, 0, 953, 94368
2026/08/18 19:11:32.817, 0, NVIDIA H100, 0, 0, 953, 94368
2026/08/18 19:11:32.867, 0, NVIDIA H100, 0, 0, 953, 94368
2026/08/18 19:11:32.918, 0, NVIDIA H100, 0, 0, 953, 94368
2026/08/18 19:11:32.968, 0, NVIDIA H100, 0, 0, 953, 94368
2026/08/18 19:11:33.018, 0, NVIDIA H100, 0, 0, 953, 94368
2026/08/18 19:11:33.069, 0, NVIDIA H100, 0, 0, 953, 94368
2026/08/18 19:11:33.119, 0, NVIDIA H100, 0, 0, 953, 94368
2026/08/18 19:11:33.169, 0, NVIDIA H100, 0, 0, 953, 94368
2026/08/18 19:11:33.219, 0, NVIDIA H100, 0, 0, 953, 94368
2026/08/18 19:11:33.270, 0, NVIDIA H100, 0, 0, 953, 94368
2026/08/18 19:11:33.320, 0, NVIDIA H100, 0, 0, 953, 94368
2026/08/18 19:11:33.370, 0, NVIDIA H100, 0, 0, 953, 94368
2026/08/18 19:11:33.421, 0, NVIDIA H100, 0, 0, 953, 94368
2026/08/18 19:11:33.471, 0, NVIDIA H100, 0, 0, 953, 94368
2026/08/18 19:11:33.521, 0, NVIDIA H100, 0, 0, 953, 94368
2026/08/18 19:11:33.571, 0, NVIDIA H100, 0, 0, 953, 94368
2026/08/18 19:11:33.622, 0, NVIDIA H100, 0, 0, 953, 94368
2026/08/18 19:11:33.672, 0, NVIDIA H100, 0, 0, 953, 94368
2026/08/18 19:11:33.722, 0, NVIDIA H100, 0, 0, 953, 94368
2026/08/18 19:11:33.773, 0, NVIDIA H100, 0, 0, 953, 94368
2026/08/18 19:11:33.823, 0, NVIDIA H100, 0, 0, 953, 94368
2026/08/18 19:11:33.873, 0, NVIDIA H100, 0, 0, 953, 94368
2026/08/18 19:11:33.923, 0, NVIDIA H100, 0, 0, 953, 94368
2026/08/18 19:11:33.974, 0, NVIDIA H100, 0, 0, 953, 94368
2026/08/18 19:11:34.024, 0, NVIDIA H100, 0, 0, 953, 94368
2026/08/18 19:11:34.074, 0, NVIDIA H100, 0, 0, 953, 94368
2026/08/18 19:11:34.125, 0, NVIDIA H100, 0, 0, 953, 94368
2026/08/18 19:11:34.175, 0, NVIDIA H100, 0, 0, 953, 94368
2026/08/18 19:11:34.225, 0, NVIDIA H100, 0, 0, 953, 94368
2026/08/18 19:11:34.275, 0, NVIDIA H100, 0, 0, 953, 94368
2026/08/18 19:11:34.326, 0, NVIDIA H100, 0, 0, 953, 94368
2026/08/18 19:11:34.376, 0, NVIDIA H100, 0, 0, 953, 94368
2026/08/18 19:11:34.426, 0, NVIDIA H100, 0, 0, 953, 94368
2026/08/18 19:11:34.477, 0, NVIDIA H100, 0, 0, 953, 94368
2026/08/18 19:11:34.527, 0, NVIDIA H100, 0, 0, 953, 94368
2026/08/18 19:11:34.577, 0, NVIDIA H100, 0, 0, 953, 94368
2026/08/18 19:11:34.628, 0, NVIDIA H100, 0, 0, 953, 94368
2026/08/18 19:11:34.678, 0, NVIDIA H100, 0, 0, 953, 94368
2026/08/18 19:11:34.728, 0, NVIDIA H100, 0, 0, 953, 94368
2026/08/18 19:11:34.778, 0, NVIDIA H100, 0, 0, 953, 94368
2026/08/18 19:11:34.829, 0, NVIDIA H100, 0, 0, 953, 94368
2026/08/18 19:11:34.879, 0, NVIDIA H100, 0, 0, 953, 94368
2026/08/18 19:11:34.929, 0, NVIDIA H100, 0, 0, 953, 94368
2026/08/18 19:11:34.979, 0, NVIDIA H100, 0, 0, 953, 94368
2026/08/18 19:11:35.030, 0, NVIDIA H100, 0, 0, 953, 94368
2026/08/18 19:11:35.080, 0, NVIDIA H100, 0, 0, 953, 94368
2026/08/18 19:11:35.130, 0, NVIDIA H100, 0, 0, 953, 94368
2026/08/18 19:11:35.181, 0, NVIDIA H100, 0, 0, 953, 94368
2026/08/18 19:11:35.231, 0, NVIDIA H100, 0, 0, 953, 94368
2026/08/18 19:11:35.281, 0, NVIDIA H100, 0, 0, 953, 94368
2026/08/18 19:11:35.362, 0, NVIDIA H100, 0, 0, 953, 94368
2026/08/18 19:11:35.412, 0, NVIDIA H100, 0, 0, 953, 94368
2026/08/18 19:11:35.463, 0, NVIDIA H100, 0, 0, 953, 94368
2026/08/18 19:11:35.513, 0, NVIDIA H100, 0, 0, 953, 94368
2026/08/18 19:11:35.563, 0, NVIDIA H100, 0, 0, 953, 94368
2026/08/18 19:11:35.614, 0, NVIDIA H100, 0, 0, 953, 94368
2026/08/18 19:11:35.664, 0, NVIDIA H100, 0, 0, 953, 94368
2026/08/18 19:11:35.714, 0, NVIDIA H100, 0, 0, 953, 94368
2026/08/18 19:11:35.765, 0, NVIDIA H100, 0, 0, 953, 94368
2026/08/18 19:11:35.815, 0, NVIDIA H100, 0, 0, 953, 94368
2026/08/18 19:11:35.865, 0, NVIDIA H100, 0, 0, 953, 94368
2026/08/18 19:11:35.915, 0, NVIDIA H100, 0, 0, 953, 94368
2026/08/18 19:11:35.966, 0, NVIDIA H100, 0, 0, 953, 94368
2026/08/18 19:11:36.016, 0, NVIDIA H100, 0, 0, 953, 94368
2026/08/18 19:11:36.066, 0, NVIDIA H100, 0, 0, 953, 94368
2026/08/18 19:11:36.117, 0, NVIDIA H100, 0, 0, 953, 94368
2026/08/18 19:11:36.167, 0, NVIDIA H100, 0, 0, 953, 94368
2026/08/18 19:11:36.217, 0, NVIDIA H100, 0, 0, 953, 94368
2026/08/18 19:11:36.267, 0, NVIDIA H100, 0, 0, 953, 94368
2026/08/18 19:11:36.318, 0, NVIDIA H100, 0, 0, 953, 94368
2026/08/18 19:11:36.368, 0, NVIDIA H100, 0, 0, 953, 94368
2026/08/18 19:11:36.418, 0, NVIDIA H100, 0, 0, 953, 94368
2026/08/18 19:11:36.469, 0, NVIDIA H100, 0, 0, 953, 94368
2026/08/18 19:11:36.519, 0, NVIDIA H100, 0, 0, 953, 94368
2026/08/18 19:11:36.569, 0, NVIDIA H100, 0, 0, 953, 94368
2026/08/18 19:11:36.620, 0, NVIDIA H100, 0, 0, 953, 94368
2026/08/18 19:11:36.670, 0, NVIDIA H100, 0, 0, 953, 94368
2026/08/18 19:11:36.720, 0, NVIDIA H100, 0, 0, 953, 94368
2026/08/18 19:11:36.770, 0, NVIDIA H100, 0, 0, 953, 94368
2026/08/18 19:11:36.821, 0, NVIDIA H100, 0, 0, 953, 94368
2026/08/18 19:11:36.871, 0, NVIDIA H100, 0, 0, 953, 94368
2026/08/18 19:11:36.921, 0, NVIDIA H100, 0, 0, 953, 94368
2026/08/18 19:11:36.972, 0, NVIDIA H100, 0, 0, 953, 94368
2026/08/18 19:11:37.022, 0, NVIDIA H100, 0, 0, 953, 94368
2026/08/18 19:11:37.072, 0, NVIDIA H100, 0, 0, 953, 94368
2026/08/18 19:11:37.123, 0, NVIDIA H100, 0, 0, 953, 94368
2026/08/18 19:11:37.173, 0, NVIDIA H100, 0, 0, 953, 94368
2026/08/18 19:11:37.223, 0, NVIDIA H100, 0, 0, 953, 94368
2026/08/18 19:11:37.273, 0, NVIDIA H100, 0, 0, 953, 94368
2026/08/18 19:11:37.324, 0, NVIDIA H100, 0, 0, 953, 94368
2026/08/18 19:11:37.374, 0, NVIDIA H100, 0, 0, 953, 94368
2026/08/18 19:11:37.424, 0, NVIDIA H100, 0, 0, 953, 94368
2026/08/18 19:11:37.474, 0, NVIDIA H100, 0, 0, 953, 94368
2026/08/18 19:11:37.525, 0, NVIDIA H100, 0, 0, 953, 94368
2026/08/18 19:11:37.575, 0, NVIDIA H100, 0, 0, 953, 94368
2026/08/18 19:11:37.625, 0, NVIDIA H100, 0, 0, 953, 94368
2026/08/18 19:11:37.676, 0, NVIDIA H100, 0, 0, 953, 94368
2026/08/18 19:11:37.726, 0, NVIDIA H100, 0, 0, 953, 94368
2026/08/18 19:11:37.776, 0, NVIDIA H100, 0, 0, 953, 94368
2026/08/18 19:11:37.827, 0, NVIDIA H100, 0, 0, 953, 94368
2026/08/18 19:11:37.877, 0, NVIDIA H100, 0, 0, 953, 94368
2026/08/18 19:11:37.927, 0, NVIDIA H100, 0, 0, 953, 94368
2026/08/18 19:11:37.977, 0, NVIDIA H100, 0, 0, 953, 94368
2026/08/18 19:11:38.028, 0, NVIDIA H100, 0, 0, 953, 94368
2026/08/18 19:11:38.078, 0, NVIDIA H100, 0, 0, 953, 94368
2026/08/18 19:11:38.128, 0, NVIDIA H100, 0, 0, 953, 94368
2026/08/18 19:11:38.179, 0, NVIDIA H100, 0, 0, 953, 94368
2026/08/18 19:11:38.229, 0, NVIDIA H100, 0, 0, 953, 94368
2026/08/18 19:11:38.279, 0, NVIDIA H100, 0, 0, 953, 94368
2026/08/18 19:11:38.329, 0, NVIDIA H100, 0, 0, 953, 94368
2026/08/18 19:11:38.380, 0, NVIDIA H100, 0, 0, 953, 94368
2026/08/18 19:11:38.430, 0, NVIDIA H100, 0, 0, 953, 94368
2026/08/18 19:11:38.480, 0, NVIDIA H100, 0, 0, 953, 94368
2026/08/18 19:11:38.531, 0, NVIDIA H100, 0, 0, 953, 94368
2026/08/18 19:11:38.581, 0, NVIDIA H100, 0, 0, 953, 94368
2026/08/18 19:11:38.631, 0, NVIDIA H100, 0, 0, 953, 94368
2026/08/18 19:11:38.681, 0, NVIDIA H100, 0, 0, 953, 94368
2026/08/18 19:11:38.732, 0, NVIDIA H100, 0, 0, 953, 94368
2026/08/18 19:11:38.782, 0, NVIDIA H100, 0, 0, 953, 94368
2026/08/18 19:11:38.832, 0, NVIDIA H100, 0, 0, 953, 94368
2026/08/18 19:11:38.883, 0, NVIDIA H100, 0, 0, 953, 94368
2026/08/18 19:11:38.933, 0, NVIDIA H100, 0, 0, 953, 94368
2026/08/18 19:11:38.983, 0, NVIDIA H100, 0, 0, 953, 94368
2026/08/18 19:11:39.034, 0, NVIDIA H100, 0, 0, 953, 94368
2026/08/18 19:11:39.084, 0, NVIDIA H100, 0, 0, 953, 94368
2026/08/18 19:11:39.134, 0, NVIDIA H100, 0, 0, 953, 94368
2026/08/18 19:11:39.184, 0, NVIDIA H100, 0, 0, 953, 94368
2026/08/18 19:11:39.235, 0, NVIDIA H100, 0, 0, 953, 94368
2026/08/18 19:11:39.285, 0, NVIDIA H100, 0, 0, 953, 94368
2026/08/18 19:11:39.335, 0, NVIDIA H100, 0, 0, 953, 94368
2026/08/18 19:11:39.386, 0, NVIDIA H100, 0, 0, 953, 94368
2026/08/18 19:11:39.436, 0, NVIDIA H100, 0, 0, 953, 94368
2026/08/18 19:11:39.486, 0, NVIDIA H100, 0, 0, 953, 94368
2026/08/18 19:11:39.536, 0, NVIDIA H100, 0, 0, 953, 94368
2026/08/18 19:11:39.587, 0, NVIDIA H100, 0, 0, 953, 94368
2026/08/18 19:11:39.637, 0, NVIDIA H100, 0, 0, 953, 94368
2026/08/18 19:11:39.687, 0, NVIDIA H100, 0, 0, 953, 94368
2026/08/18 19:11:39.738, 0, NVIDIA H100, 0, 0, 953, 94368
2026/08/18 19:11:39.788, 0, NVIDIA H100, 0, 0, 953, 94368
2026/08/18 19:11:39.838, 0, NVIDIA H100, 0, 0, 953, 94368
2026/08/18 19:11:39.888, 0, NVIDIA H100, 0, 0, 953, 94368
2026/08/18 19:11:39.939, 0, NVIDIA H100, 0, 0, 953, 94368
2026/08/18 19:11:39.989, 0, NVIDIA H100, 0, 0, 953, 94368
2026/08/18 19:11:40.039, 0, NVIDIA H100, 0, 0, 953, 94368
2026/08/18 19:11:40.090, 0, NVIDIA H100, 0, 0, 953, 94368
2026/08/18 19:11:40.140, 0, NVIDIA H100, 0, 0, 953, 94368
2026/08/18 19:11:40.190, 0, NVIDIA H100, 0, 0, 953, 94368
2026/08/18 19:11:40.241, 0, NVIDIA H100, 0, 0, 953, 94368
2026/08/18 19:11:40.291, 0, NVIDIA H100, 0, 0, 953, 94368
2026/08/18 19:11:40.341, 0, NVIDIA H100, 0, 0, 953, 94368
2026/08/18 19:11:40.391, 0, NVIDIA H100, 0, 0, 953, 94368
2026/08/18 19:11:40.442, 0, NVIDIA H100, 0, 0, 953, 94368
2026/08/18 19:11:40.492, 0, NVIDIA H100, 0, 0, 953, 94368
2026/08/18 19:11:40.542, 0, NVIDIA H100, 0, 0, 953, 94368
2026/08/18 19:11:40.592, 0, NVIDIA H100, 0, 0, 953, 94368
2026/08/18 19:11:40.643, 0, NVIDIA H100, 0, 0, 953, 94368
2026/08/18 19:11:40.693, 0, NVIDIA H100, 0, 0, 953, 94368
2026/08/18 19:11:40.743, 0, NVIDIA H100, 0, 0, 953, 94368
2026/08/18 19:11:40.794, 0, NVIDIA H100, 0, 0, 953, 94368
2026/08/18 19:11:40.844, 0, NVIDIA H100, 0, 0, 953, 94368
2026/08/18 19:11:40.894, 0, NVIDIA H100, 0, 0, 953, 94368
2026/08/18 19:11:40.945, 0, NVIDIA H100, 0, 0, 953, 94368
2026/08/18 19:11:40.995, 0, NVIDIA H100, 0, 0, 953, 94368
2026/08/18 19:11:41.045, 0, NVIDIA H100, 0, 0, 953, 94368
2026/08/18 19:11:41.095, 0, NVIDIA H100, 0, 0, 953, 94368
2026/08/18 19:11:41.146, 0, NVIDIA H100, 0, 0, 953, 94368
2026/08/18 19:11:41.196, 0, NVIDIA H100, 0, 0, 953, 94368
2026/08/18 19:11:41.246, 0, NVIDIA H100, 0, 0, 953, 94368
2026/08/18 19:11:41.297, 0, NVIDIA H100, 0, 0, 953, 94368
2026/08/18 19:11:41.347, 0, NVIDIA H100, 0, 0, 953, 94368
2026/08/18 19:11:41.397, 0, NVIDIA H100, 0, 0, 953, 94368
2026/08/18 19:11:41.447, 0, NVIDIA H100, 0, 0, 953, 94368
2026/08/18 19:11:41.498, 0, NVIDIA H100, 0, 0, 953, 94368
2026/08/18 19:11:41.548, 0, NVIDIA H100, 0, 0, 953, 94368
2026/08/18 19:11:41.598, 0, NVIDIA H100, 0, 0, 953, 94368
2026/08/18 19:11:41.649, 0, NVIDIA H100, 0, 0, 953, 94368
2026/08/18 19:11:41.699, 0, NVIDIA H100, 0, 0, 953, 94368
2026/08/18 19:11:41.749, 0, NVIDIA H100, 0, 0, 953, 94368
2026/08/18 19:11:41.799, 0, NVIDIA H100, 0, 0, 953, 94368
2026/08/18 19:11:41.850, 0, NVIDIA H100, 0, 0, 953, 94368
2026/08/18 19:11:41.900, 0, NVIDIA H100, 0, 0, 953, 94368
2026/08/18 19:11:41.950, 0, NVIDIA H100, 0, 0, 953, 94368
2026/08/18 19:11:42.001, 0, NVIDIA H100, 0, 0, 953, 94368
2026/08/18 19:11:42.051, 0, NVIDIA H100, 0, 0, 953, 94368
2026/08/18 19:11:42.101, 0, NVIDIA H100, 0, 0, 953, 94368
2026/08/18 19:11:42.152, 0, NVIDIA H100, 0, 0, 953, 94368
2026/08/18 19:11:42.202, 0, NVIDIA H100, 0, 0, 953, 94368
2026/08/18 19:11:42.252, 0, NVIDIA H100, 0, 0, 953, 94368
2026/08/18 19:11:42.302, 0, NVIDIA H100, 0, 0, 953, 94368
2026/08/18 19:11:42.353, 0, NVIDIA H100, 0, 0, 953, 94368
2026/08/18 19:11:42.403, 0, NVIDIA H100, 0, 0, 953, 94368
2026/08/18 19:11:42.453, 0, NVIDIA H100, 0, 0, 953, 94368
2026/08/18 19:11:42.504, 0, NVIDIA H100, 0, 0, 953, 94368
2026/08/18 19:11:42.554, 0, NVIDIA H100, 0, 0, 953, 94368
2026/08/18 19:11:42.604, 0, NVIDIA H100, 0, 0, 953, 94368
2026/08/18 19:11:42.654, 0, NVIDIA H100, 0, 0, 953, 94368
2026/08/18 19:11:42.705, 0, NVIDIA H100, 0, 0, 953, 94368
2026/08/18 19:11:42.755, 0, NVIDIA H100, 0, 0, 953, 94368
2026/08/18 19:11:42.805, 0, NVIDIA H100, 0, 0, 953, 94368
2026/08/18 19:11:42.856, 0, NVIDIA H100, 0, 0, 953, 94368
2026/08/18 19:11:42.906, 0, NVIDIA H100, 0, 0, 953, 94368
2026/08/18 19:11:42.956, 0, NVIDIA H100, 0, 0, 953, 94368
2026/08/18 19:11:43.007, 0, NVIDIA H100, 0, 0, 953, 94368
2026/08/18 19:11:43.057, 0, NVIDIA H100, 0, 0, 953, 94368
2026/08/18 19:11:43.107, 0, NVIDIA H100, 0, 0, 953, 94368
2026/08/18 19:11:43.157, 0, NVIDIA H100, 0, 0, 953, 94368
2026/08/18 19:11:43.208, 0, NVIDIA H100, 0, 0, 953, 94368
2026/08/18 19:11:43.258, 0, NVIDIA H100, 0, 0, 953, 94368
2026/08/18 19:11:43.308, 0, NVIDIA H100, 0, 0, 953, 94368
2026/08/18 19:11:43.359, 0, NVIDIA H100, 0, 0, 953, 94368
2026/08/18 19:11:43.409, 0, NVIDIA H100, 0, 0, 953, 94368
2026/08/18 19:11:43.459, 0, NVIDIA H100, 0, 0, 953, 94368
2026/08/18 19:11:43.510, 0, NVIDIA H100, 0, 0, 953, 94368
2026/08/18 19:11:43.560, 0, NVIDIA H100, 0, 0, 953, 94368
2026/08/18 19:11:43.610, 0, NVIDIA H100, 0, 0, 953, 94368
2026/08/18 19:11:43.660, 0, NVIDIA H100, 0, 0, 953, 94368
2026/08/18 19:11:43.711, 0, NVIDIA H100, 0, 0, 953, 94368
2026/08/18 19:11:43.761, 0, NVIDIA H100, 0, 0, 953, 94368
2026/08/18 19:11:43.811, 0, NVIDIA H100, 0, 0, 953, 94368
2026/08/18 19:11:43.862, 0, NVIDIA H100, 0, 0, 953, 94368
2026/08/18 19:11:43.912, 0, NVIDIA H100, 0, 0, 953, 94368
2026/08/18 19:11:43.962, 0, NVIDIA H100, 0, 0, 953, 94368
2026/08/18 19:11:44.012, 0, NVIDIA H100, 0, 0, 953, 94368
2026/08/18 19:11:44.063, 0, NVIDIA H100, 0, 0, 953, 94368
2026/08/18 19:11:44.113, 0, NVIDIA H100, 0, 0, 953, 94368
2026/08/18 19:11:44.163, 0, NVIDIA H100, 0, 0, 953, 94368
2026/08/18 19:11:44.214, 0, NVIDIA H100, 0, 0, 953, 94368
2026/08/18 19:11:44.264, 0, NVIDIA H100, 0, 0, 953, 94368
2026/08/18 19:11:44.314, 0, NVIDIA H100, 0, 0, 953, 94368
2026/08/18 19:11:44.364, 0, NVIDIA H100, 0, 0, 953, 94368
2026/08/18 19:11:44.415, 0, NVIDIA H100, 0, 0, 953, 94368
2026/08/18 19:11:44.465, 0, NVIDIA H100, 0, 0, 953, 94368
2026/08/18 19:11:44.515, 0, NVIDIA H100, 0, 0, 953, 94368
2026/08/18 19:11:44.566, 0, NVIDIA H100, 0, 0, 953, 94368
2026/08/18 19:11:44.616, 0, NVIDIA H100, 0, 0, 953, 94368
2026/08/18 19:11:44.666, 0, NVIDIA H100, 0, 0, 953, 94368
2026/08/18 19:11:44.716, 0, NVIDIA H100, 0, 0, 953, 94368
2026/08/18 19:11:44.767, 0, NVIDIA H100, 0, 0, 953, 94368
2026/08/18 19:11:44.817, 0, NVIDIA H100, 0, 0, 953, 94368
2026/08/18 19:11:44.867, 0, NVIDIA H100, 0, 0, 953, 94368
2026/08/18 19:11:44.918, 0, NVIDIA H100, 0, 0, 953, 94368
2026/08/18 19:11:44.968, 0, NVIDIA H100, 0, 0, 953, 94368
2026/08/18 19:11:45.018, 0, NVIDIA H100, 0, 0, 953, 94368
2026/08/18 19:11:45.068, 0, NVIDIA H100, 0, 0, 953, 94368
2026/08/18 19:11:45.119, 0, NVIDIA H100, 0, 0, 953, 94368
2026/08/18 19:11:45.169, 0, NVIDIA H100, 0, 0, 953, 94368
2026/08/18 19:11:45.219, 0, NVIDIA H100, 0, 0, 953, 94368
2026/08/18 19:11:45.270, 0, NVIDIA H100, 0, 0, 953, 94368
2026/08/18 19:11:45.320, 0, NVIDIA H100, 0, 0, 953, 94368
2026/08/18 19:11:45.370, 0, NVIDIA H100, 0, 0, 953, 94368
2026/08/18 19:11:45.421, 0, NVIDIA H100, 0, 0, 953, 94368
2026/08/18 19:11:45.471, 0, NVIDIA H100, 0, 0, 953, 94368
2026/08/18 19:11:45.521, 0, NVIDIA H100, 0, 0, 953, 94368
2026/08/18 19:11:45.571, 0, NVIDIA H100, 0, 0, 953, 94368
2026/08/18 19:11:45.622, 0, NVIDIA H100, 0, 0, 953, 94368
2026/08/18 19:11:45.672, 0, NVIDIA H100, 0, 0, 953, 94368
2026/08/18 19:11:45.722, 0, NVIDIA H100, 0, 0, 953, 94368
2026/08/18 19:11:45.773, 0, NVIDIA H100, 0, 0, 953, 94368
2026/08/18 19:11:45.823, 0, NVIDIA H100, 0, 0, 953, 94368
2026/08/18 19:11:45.873, 0, NVIDIA H100, 0, 0, 953, 94368
2026/08/18 19:11:45.923, 0, NVIDIA H100, 0, 0, 953, 94368
2026/08/18 19:11:45.974, 0, NVIDIA H100, 0, 0, 953, 94368
2026/08/18 19:11:46.024, 0, NVIDIA H100, 0, 0, 953, 94368
2026/08/18 19:11:46.074, 0, NVIDIA H100, 0, 0, 953, 94368
2026/08/18 19:11:46.125, 0, NVIDIA H100, 0, 0, 953, 94368
2026/08/18 19:11:46.175, 0, NVIDIA H100, 0, 0, 953, 94368
2026/08/18 19:11:46.225, 0, NVIDIA H100, 0, 0, 953, 94368
2026/08/18 19:11:46.275, 0, NVIDIA H100, 0, 0, 953, 94368
2026/08/18 19:11:46.326, 0, NVIDIA H100, 0, 0, 953, 94368
2026/08/18 19:11:46.376, 0, NVIDIA H100, 0, 0, 953, 94368
2026/08/18 19:11:46.426, 0, NVIDIA H100, 0, 0, 953, 94368
2026/08/18 19:11:46.477, 0, NVIDIA H100, 0, 0, 953, 94368
2026/08/18 19:11:46.527, 0, NVIDIA H100, 0, 0, 953, 94368
2026/08/18 19:11:46.577, 0, NVIDIA H100, 0, 0, 953, 94368
2026/08/18 19:11:46.627, 0, NVIDIA H100, 0, 0, 953, 94368
2026/08/18 19:11:46.678, 0, NVIDIA H100, 0, 0, 953, 94368
2026/08/18 19:11:46.728, 0, NVIDIA H100, 0, 0, 953, 94368
2026/08/18 19:11:46.778, 0, NVIDIA H100, 0, 0, 953, 94368
2026/08/18 19:11:46.829, 0, NVIDIA H100, 0, 0, 953, 94368
2026/08/18 19:11:46.879, 0, NVIDIA H100, 0, 0, 953, 94368
2026/08/18 19:11:46.929, 0, NVIDIA H100, 0, 0, 953, 94368
2026/08/18 19:11:46.980, 0, NVIDIA H100, 0, 0, 953, 94368
2026/08/18 19:11:47.030, 0, NVIDIA H100, 0, 0, 953, 94368
2026/08/18 19:11:47.080, 0, NVIDIA H100, 0, 0, 953, 94368
2026/08/18 19:11:47.130, 0, NVIDIA H100, 0, 0, 953, 94368
2026/08/18 19:11:47.181, 0, NVIDIA H100, 0, 0, 953, 94368
2026/08/18 19:11:47.231, 0, NVIDIA H100, 0, 0, 953, 94368
2026/08/18 19:11:47.281, 0, NVIDIA H100, 0, 0, 953, 94368
2026/08/18 19:11:47.332, 0, NVIDIA H100, 0, 0, 953, 94368
2026/08/18 19:11:47.382, 0, NVIDIA H100, 0, 0, 953, 94368
2026/08/18 19:11:47.432, 0, NVIDIA H100, 0, 0, 953, 94368
2026/08/18 19:11:47.482, 0, NVIDIA H100, 0, 0, 953, 94368
2026/08/18 19:11:47.533, 0, NVIDIA H100, 0, 0, 953, 94368
2026/08/18 19:11:47.583, 0, NVIDIA H100, 0, 0, 953, 94368
2026/08/18 19:11:47.633, 0, NVIDIA H100, 0, 0, 953, 94368
2026/08/18 19:11:47.684, 0, NVIDIA H100, 0, 0, 953, 94368
2026/08/18 19:11:47.734, 0, NVIDIA H100, 0, 0, 953, 94368
2026/08/18 19:11:47.784, 0, NVIDIA H100, 0, 0, 953, 94368
2026/08/18 19:11:47.835, 0, NVIDIA H100, 0, 0, 953, 94368
2026/08/18 19:11:47.885, 0, NVIDIA H100, 0, 0, 953, 94368
2026/08/18 19:11:47.935, 0, NVIDIA H100, 0, 0, 953, 94368
2026/08/18 19:11:47.985, 0, NVIDIA H100, 0, 0, 953, 94368
2026/08/18 19:11:48.036, 0, NVIDIA H100, 0, 0, 953, 94368
2026/08/18 19:11:48.086, 0, NVIDIA H100, 0, 0, 953, 94368
2026/08/18 19:11:48.136, 0, NVIDIA H100, 0, 0, 953, 94368
2026/08/18 19:11:48.186, 0, NVIDIA H100, 0, 0, 953, 94368
2026/08/18 19:11:48.237, 0, NVIDIA H100, 0, 0, 953, 94368
2026/08/18 19:11:48.287, 0, NVIDIA H100, 0, 0, 953, 94368
2026/08/18 19:11:48.337, 0, NVIDIA H100, 0, 0, 953, 94368
2026/08/18 19:11:48.388, 0, NVIDIA H100, 0, 0, 953, 94368
2026/08/18 19:11:48.438, 0, NVIDIA H100, 0, 0, 953, 94368
2026/08/18 19:11:48.488, 0, NVIDIA H100, 0, 0, 953, 94368
2026/08/18 19:11:48.538, 0, NVIDIA H100, 0, 0, 953, 94368
2026/08/18 19:11:48.589, 0, NVIDIA H100, 0, 0, 953, 94368
2026/08/18 19:11:48.639, 0, NVIDIA H100, 0, 0, 953, 94368
2026/08/18 19:11:48.689, 0, NVIDIA H100, 0, 0, 953, 94368
2026/08/18 19:11:48.740, 0, NVIDIA H100, 0, 0, 953, 94368
2026/08/18 19:11:48.790, 0, NVIDIA H100, 0, 0, 953, 94368
2026/08/18 19:11:48.840, 0, NVIDIA H100, 0, 0, 953, 94368
2026/08/18 19:11:48.891, 0, NVIDIA H100, 0, 0, 953, 94368
2026/08/18 19:11:48.941, 0, NVIDIA H100, 0, 0, 953, 94368
2026/08/18 19:11:48.991, 0, NVIDIA H100, 0, 0, 953, 94368
2026/08/18 19:11:49.041, 0, NVIDIA H100, 0, 0, 953, 94368
2026/08/18 19:11:49.092, 0, NVIDIA H100, 0, 0, 953, 94368
2026/08/18 19:11:49.142, 0, NVIDIA H100, 0, 0, 953, 94368
2026/08/18 19:11:49.192, 0, NVIDIA H100, 0, 0, 953, 94368
2026/08/18 19:11:49.243, 0, NVIDIA H100, 0, 0, 953, 94368
2026/08/18 19:11:49.293, 0, NVIDIA H100, 0, 0, 953, 94368
2026/08/18 19:11:49.343, 0, NVIDIA H100, 0, 0, 953, 94368
2026/08/18 19:11:49.393, 0, NVIDIA H100, 0, 0, 953, 94368
2026/08/18 19:11:49.444, 0, NVIDIA H100, 0, 0, 953, 94368
2026/08/18 19:11:49.494, 0, NVIDIA H100, 0, 0, 953, 94368
2026/08/18 19:11:49.544, 0, NVIDIA H100, 0, 0, 953, 94368
2026/08/18 19:11:49.595, 0, NVIDIA H100, 0, 0, 953, 94368
2026/08/18 19:11:49.645, 0, NVIDIA H100, 0, 0, 953, 94368
2026/08/18 19:11:49.695, 0, NVIDIA H100, 0, 0, 953, 94368
2026/08/18 19:11:49.745, 0, NVIDIA H100, 0, 0, 953, 94368
2026/08/18 19:11:49.796, 0, NVIDIA H100, 0, 0, 953, 94368
2026/08/18 19:11:49.846, 0, NVIDIA H100, 0, 0, 953, 94368
2026/08/18 19:11:49.896, 0, NVIDIA H100, 0, 0, 953, 94368
2026/08/18 19:11:49.947, 0, NVIDIA H100, 0, 0, 953, 94368
2026/08/18 19:11:49.997, 0, NVIDIA H100, 0, 0, 953, 94368
2026/08/18 19:11:50.047, 0, NVIDIA H100, 0, 0, 953, 94368
2026/08/18 19:11:50.098, 0, NVIDIA H100, 0, 0, 953, 94368
2026/08/18 19:11:50.148, 0, NVIDIA H100, 0, 0, 953, 94368
2026/08/18 19:11:50.198, 0, NVIDIA H100, 0, 0, 953, 94368
2026/08/18 19:11:50.248, 0, NVIDIA H100, 0, 0, 953, 94368
2026/08/18 19:11:50.299, 0, NVIDIA H100, 0, 0, 953, 94368
2026/08/18 19:11:50.349, 0, NVIDIA H100, 0, 0, 953, 94368
2026/08/18 19:11:50.399, 0, NVIDIA H100, 0, 0, 953, 94368
2026/08/18 19:11:50.450, 0, NVIDIA H100, 0, 0, 953, 94368
2026/08/18 19:11:50.500, 0, NVIDIA H100, 0, 0, 953, 94368
2026/08/18 19:11:50.550, 0, NVIDIA H100, 0, 0, 953, 94368
2026/08/18 19:11:50.600, 0, NVIDIA H100, 0, 0, 953, 94368
2026/08/18 19:11:50.651, 0, NVIDIA H100, 0, 0, 953, 94368
2026/08/18 19:11:50.701, 0, NVIDIA H100, 0, 0, 953, 94368
2026/08/18 19:11:50.751, 0, NVIDIA H100, 0, 0, 953, 94368
2026/08/18 19:11:50.802, 0, NVIDIA H100, 0, 0, 953, 94368
2026/08/18 19:11:50.852, 0, NVIDIA H100, 0, 0, 953, 94368
2026/08/18 19:11:50.902, 0, NVIDIA H100, 0, 0, 953, 94368
2026/08/18 19:11:50.952, 0, NVIDIA H100, 0, 0, 953, 94368
2026/08/18 19:11:51.003, 0, NVIDIA H100, 0, 0, 953, 94368
2026/08/18 19:11:51.053, 0, NVIDIA H100, 0, 0, 953, 94368
2026/08/18 19:11:51.103, 0, NVIDIA H100, 0, 0, 953, 94368
2026/08/18 19:11:51.154, 0, NVIDIA H100, 0, 0, 953, 94368
2026/08/18 19:11:51.204, 0, NVIDIA H100, 0, 0, 953, 94368
2026/08/18 19:11:51.254, 0, NVIDIA H100, 0, 0, 953, 94368
2026/08/18 19:11:51.304, 0, NVIDIA H100, 0, 0, 953, 94368
2026/08/18 19:11:51.355, 0, NVIDIA H100, 0, 0, 953, 94368
2026/08/18 19:11:51.405, 0, NVIDIA H100, 0, 0, 953, 94368
2026/08/18 19:11:51.455, 0, NVIDIA H100, 0, 0, 953, 94368
2026/08/18 19:11:51.506, 0, NVIDIA H100, 0, 0, 953, 94368
2026/08/18 19:11:51.556, 0, NVIDIA H100, 0, 0, 953, 94368
2026/08/18 19:11:51.606, 0, NVIDIA H100, 0, 0, 953, 94368
2026/08/18 19:11:51.656, 0, NVIDIA H100, 0, 0, 953, 94368
2026/08/18 19:11:51.707, 0, NVIDIA H100, 0, 0, 953, 94368
2026/08/18 19:11:51.757, 0, NVIDIA H100, 0, 0, 953, 94368
2026/08/18 19:11:51.807, 0, NVIDIA H100, 0, 0, 953, 94368
2026/08/18 19:11:51.858, 0, NVIDIA H100, 0, 0, 953, 94368
2026/08/18 19:11:51.908, 0, NVIDIA H100, 0, 0, 953, 94368
2026/08/18 19:11:51.958, 0, NVIDIA H100, 0, 0, 953, 94368
2026/08/18 19:11:52.008, 0, NVIDIA H100, 0, 0, 953, 94368
2026/08/18 19:11:52.059, 0, NVIDIA H100, 0, 0, 953, 94368
2026/08/18 19:11:52.109, 0, NVIDIA H100, 0, 0, 953, 94368
2026/08/18 19:11:52.159, 0, NVIDIA H100, 0, 0, 953, 94368
2026/08/18 19:11:52.210, 0, NVIDIA H100, 0, 0, 953, 94368
2026/08/18 19:11:52.260, 0, NVIDIA H100, 0, 0, 953, 94368
2026/08/18 19:11:52.310, 0, NVIDIA H100, 0, 0, 953, 94368
2026/08/18 19:11:52.360, 0, NVIDIA H100, 0, 0, 953, 94368
2026/08/18 19:11:52.411, 0, NVIDIA H100, 0, 0, 953, 94368
2026/08/18 19:11:52.461, 0, NVIDIA H100, 0, 0, 953, 94368
2026/08/18 19:11:52.511, 0, NVIDIA H100, 0, 0, 953, 94368
2026/08/18 19:11:52.562, 0, NVIDIA H100, 0, 0, 953, 94368
2026/08/18 19:11:52.612, 0, NVIDIA H100, 0, 0, 953, 94368
2026/08/18 19:11:52.662, 0, NVIDIA H100, 0, 0, 953, 94368
2026/08/18 19:11:52.713, 0, NVIDIA H100, 0, 0, 953, 94368
2026/08/18 19:11:52.763, 0, NVIDIA H100, 0, 0, 953, 94368
2026/08/18 19:11:52.813, 0, NVIDIA H100, 0, 0, 953, 94368
2026/08/18 19:11:52.863, 0, NVIDIA H100, 0, 0, 953, 94368
2026/08/18 19:11:52.914, 0, NVIDIA H100, 0, 0, 953, 94368
2026/08/18 19:11:52.964, 0, NVIDIA H100, 0, 0, 953, 94368
2026/08/18 19:11:53.014, 0, NVIDIA H100, 0, 0, 953, 94368
2026/08/18 19:11:53.065, 0, NVIDIA H100, 0, 0, 953, 94368
2026/08/18 19:11:53.115, 0, NVIDIA H100, 0, 0, 953, 94368
2026/08/18 19:11:53.165, 0, NVIDIA H100, 0, 0, 953, 94368
2026/08/18 19:11:53.216, 0, NVIDIA H100, 0, 0, 953, 94368
2026/08/18 19:11:53.266, 0, NVIDIA H100, 0, 0, 953, 94368
2026/08/18 19:11:53.316, 0, NVIDIA H100, 0, 0, 953, 94368
2026/08/18 19:11:53.366, 0, NVIDIA H100, 0, 0, 953, 94368
2026/08/18 19:11:53.417, 0, NVIDIA H100, 0, 0, 953, 94368
2026/08/18 19:11:53.467, 0, NVIDIA H100, 0, 0, 953, 94368
2026/08/18 19:11:53.517, 0, NVIDIA H100, 0, 0, 953, 94368
2026/08/18 19:11:53.568, 0, NVIDIA H100, 0, 0, 953, 94368
2026/08/18 19:11:53.618, 0, NVIDIA H100, 0, 0, 953, 94368
2026/08/18 19:11:53.668, 0, NVIDIA H100, 0, 0, 953, 94368
2026/08/18 19:11:53.718, 0, NVIDIA H100, 0, 0, 953, 94368
2026/08/18 19:11:53.769, 0, NVIDIA H100, 0, 0, 953, 94368
2026/08/18 19:11:53.819, 0, NVIDIA H100, 0, 0, 953, 94368
2026/08/18 19:11:53.869, 0, NVIDIA H100, 0, 0, 953, 94368
2026/08/18 19:11:53.920, 0, NVIDIA H100, 0, 0, 953, 94368
2026/08/18 19:11:53.970, 0, NVIDIA H100, 0, 0, 953, 94368
2026/08/18 19:11:54.020, 0, NVIDIA H100, 0, 0, 953, 94368
2026/08/18 19:11:54.071, 0, NVIDIA H100, 0, 0, 953, 94368
2026/08/18 19:11:54.121, 0, NVIDIA H100, 0, 0, 953, 94368
2026/08/18 19:11:54.171, 0, NVIDIA H100, 0, 0, 953, 94368
2026/08/18 19:11:54.221, 0, NVIDIA H100, 0, 0, 953, 94368
2026/08/18 19:11:54.272, 0, NVIDIA H100, 0, 0, 953, 94368
2026/08/18 19:11:54.322, 0, NVIDIA H100, 0, 0, 953, 94368
2026/08/18 19:11:54.372, 0, NVIDIA H100, 0, 0, 953, 94368
2026/08/18 19:11:54.422, 0, NVIDIA H100, 0, 0, 953, 94368
2026/08/18 19:11:54.473, 0, NVIDIA H100, 0, 0, 953, 94368
2026/08/18 19:11:54.523, 0, NVIDIA H100, 0, 0, 953, 94368
2026/08/18 19:11:54.573, 0, NVIDIA H100, 0, 0, 953, 94368
2026/08/18 19:11:54.624, 0, NVIDIA H100, 0, 0, 953, 94368
2026/08/18 19:11:54.674, 0, NVIDIA H100, 0, 0, 953, 94368
2026/08/18 19:11:54.724, 0, NVIDIA H100, 0, 0, 953, 94368
2026/08/18 19:11:54.774, 0, NVIDIA H100, 0, 0, 953, 94368
2026/08/18 19:11:54.825, 0, NVIDIA H100, 0, 0, 953, 94368
2026/08/18 19:11:54.875, 0, NVIDIA H100, 0, 0, 953, 94368
2026/08/18 19:11:54.925, 0, NVIDIA H100, 0, 0, 953, 94368
2026/08/18 19:11:54.976, 0, NVIDIA H100, 0, 0, 953, 94368
2026/08/18 19:11:55.026, 0, NVIDIA H100, 0, 0, 953, 94368
2026/08/18 19:11:55.076, 0, NVIDIA H100, 0, 0, 953, 94368
2026/08/18 19:11:55.126, 0, NVIDIA H100, 0, 0, 953, 94368
2026/08/18 19:11:55.177, 0, NVIDIA H100, 0, 0, 953, 94368
2026/08/18 19:11:55.227, 0, NVIDIA H100, 0, 0, 953, 94368
2026/08/18 19:11:55.277, 0, NVIDIA H100, 0, 0, 953, 94368
2026/08/18 19:11:55.328, 0, NVIDIA H100, 0, 0, 953, 94368
2026/08/18 19:11:55.378, 0, NVIDIA H100, 0, 0, 953, 94368
2026/08/18 19:11:55.428, 0, NVIDIA H100, 0, 0, 953, 94368
2026/08/18 19:11:55.479, 0, NVIDIA H100, 0, 0, 953, 94368
2026/08/18 19:11:55.529, 0, NVIDIA H100, 0, 0, 953, 94368
2026/08/18 19:11:55.579, 0, NVIDIA H100, 0, 0, 953, 94368
2026/08/18 19:11:55.629, 0, NVIDIA H100, 0, 0, 953, 94368
2026/08/18 19:11:55.680, 0, NVIDIA H100, 0, 0, 953, 94368
2026/08/18 19:11:55.730, 0, NVIDIA H100, 0, 0, 953, 94368
2026/08/18 19:11:55.780, 0, NVIDIA H100, 0, 0, 953, 94368
2026/08/18 19:11:55.831, 0, NVIDIA H100, 0, 0, 953, 94368
2026/08/18 19:11:55.881, 0, NVIDIA H100, 0, 0, 953, 94368
2026/08/18 19:11:55.931, 0, NVIDIA H100, 0, 0, 953, 94368
2026/08/18 19:11:55.982, 0, NVIDIA H100, 0, 0, 953, 94368
2026/08/18 19:11:56.032, 0, NVIDIA H100, 0, 0, 953, 94368
2026/08/18 19:11:56.082, 0, NVIDIA H100, 0, 0, 953, 94368
2026/08/18 19:11:56.132, 0, NVIDIA H100, 0, 0, 953, 94368
2026/08/18 19:11:56.183, 0, NVIDIA H100, 0, 0, 953, 94368
2026/08/18 19:11:56.233, 0, NVIDIA H100, 0, 0, 953, 94368
2026/08/18 19:11:56.283, 0, NVIDIA H100, 0, 0, 953, 94368
2026/08/18 19:11:56.334, 0, NVIDIA H100, 0, 0, 953, 94368
2026/08/18 19:11:56.384, 0, NVIDIA H100, 0, 0, 953, 94368
2026/08/18 19:11:56.434, 0, NVIDIA H100, 0, 0, 953, 94368
2026/08/18 19:11:56.484, 0, NVIDIA H100, 0, 0, 953, 94368
2026/08/18 19:11:56.535, 0, NVIDIA H100, 0, 0, 953, 94368
2026/08/18 19:11:56.585, 0, NVIDIA H100, 0, 0, 953, 94368
2026/08/18 19:11:56.635, 0, NVIDIA H100, 0, 0, 953, 94368
2026/08/18 19:11:56.686, 0, NVIDIA H100, 0, 0, 953, 94368
2026/08/18 19:11:56.736, 0, NVIDIA H100, 0, 0, 953, 94368
2026/08/18 19:11:56.786, 0, NVIDIA H100, 0, 0, 953, 94368
2026/08/18 19:11:56.837, 0, NVIDIA H100, 0, 0, 953, 94368
2026/08/18 19:11:56.887, 0, NVIDIA H100, 0, 0, 953, 94368
2026/08/18 19:11:56.937, 0, NVIDIA H100, 0, 0, 953, 94368
2026/08/18 19:11:56.987, 0, NVIDIA H100, 0, 0, 953, 94368
2026/08/18 19:11:57.038, 0, NVIDIA H100, 0, 0, 953, 94368
2026/08/18 19:11:57.088, 0, NVIDIA H100, 0, 0, 953, 94368
2026/08/18 19:11:57.138, 0, NVIDIA H100, 0, 0, 953, 94368
2026/08/18 19:11:57.189, 0, NVIDIA H100, 0, 0, 953, 94368
2026/08/18 19:11:57.239, 0, NVIDIA H100, 0, 0, 953, 94368
2026/08/18 19:11:57.289, 0, NVIDIA H100, 0, 0, 953, 94368
2026/08/18 19:11:57.339, 0, NVIDIA H100, 0, 0, 953, 94368
2026/08/18 19:11:57.390, 0, NVIDIA H100, 0, 0, 953, 94368
2026/08/18 19:11:57.440, 0, NVIDIA H100, 0, 0, 953, 94368
2026/08/18 19:11:57.490, 0, NVIDIA H100, 0, 0, 953, 94368
2026/08/18 19:11:57.541, 0, NVIDIA H100, 0, 0, 953, 94368
2026/08/18 19:11:57.591, 0, NVIDIA H100, 0, 0, 953, 94368
2026/08/18 19:11:57.641, 0, NVIDIA H100, 0, 0, 953, 94368
2026/08/18 19:11:57.691, 0, NVIDIA H100, 0, 0, 953, 94368
2026/08/18 19:11:57.742, 0, NVIDIA H100, 0, 0, 953, 94368
2026/08/18 19:11:57.792, 0, NVIDIA H100, 0, 0, 953, 94368
2026/08/18 19:11:57.842, 0, NVIDIA H100, 0, 0, 953, 94368
2026/08/18 19:11:57.893, 0, NVIDIA H100, 0, 0, 953, 94368
2026/08/18 19:11:57.943, 0, NVIDIA H100, 0, 0, 953, 94368
2026/08/18 19:11:57.993, 0, NVIDIA H100, 0, 0, 953, 94368
2026/08/18 19:11:58.043, 0, NVIDIA H100, 0, 0, 953, 94368
2026/08/18 19:11:58.094, 0, NVIDIA H100, 0, 0, 953, 94368
2026/08/18 19:11:58.144, 0, NVIDIA H100, 0, 0, 953, 94368
2026/08/18 19:11:58.194, 0, NVIDIA H100, 0, 0, 953, 94368
2026/08/18 19:11:58.245, 0, NVIDIA H100, 0, 0, 953, 94368
2026/08/18 19:11:58.295, 0, NVIDIA H100, 0, 0, 953, 94368
2026/08/18 19:11:58.345, 0, NVIDIA H100, 0, 0, 953, 94368
2026/08/18 19:11:58.395, 0, NVIDIA H100, 0, 0, 953, 94368
2026/08/18 19:11:58.446, 0, NVIDIA H100, 0, 0, 953, 94368
2026/08/18 19:11:58.496, 0, NVIDIA H100, 0, 0, 953, 94368
2026/08/18 19:11:58.546, 0, NVIDIA H100, 0, 0, 953, 94368
2026/08/18 19:11:58.597, 0, NVIDIA H100, 0, 0, 953, 94368
2026/08/18 19:11:58.647, 0, NVIDIA H100, 0, 0, 953, 94368
2026/08/18 19:11:58.697, 0, NVIDIA H100, 0, 0, 953, 94368
2026/08/18 19:11:58.747, 0, NVIDIA H100, 0, 0, 953, 94368
2026/08/18 19:11:58.798, 0, NVIDIA H100, 0, 0, 953, 94368
2026/08/18 19:11:58.848, 0, NVIDIA H100, 0, 0, 953, 94368
2026/08/18 19:11:58.898, 0, NVIDIA H100, 0, 0, 953, 94368
2026/08/18 19:11:58.949, 0, NVIDIA H100, 0, 0, 953, 94368
2026/08/18 19:11:58.999, 0, NVIDIA H100, 0, 0, 953, 94368
2026/08/18 19:11:59.049, 0, NVIDIA H100, 0, 0, 953, 94368
2026/08/18 19:11:59.100, 0, NVIDIA H100, 0, 0, 953, 94368
2026/08/18 19:11:59.150, 0, NVIDIA H100, 0, 0, 953, 94368
2026/08/18 19:11:59.200, 0, NVIDIA H100, 0, 0, 953, 94368
2026/08/18 19:11:59.250, 0, NVIDIA H100, 0, 0, 953, 94368
2026/08/18 19:11:59.301, 0, NVIDIA H100, 0, 0, 953, 94368
2026/08/18 19:11:59.351, 0, NVIDIA H100, 0, 0, 953, 94368
2026/08/18 19:11:59.401, 0, NVIDIA H100, 0, 0, 953, 94368
2026/08/18 19:11:59.452, 0, NVIDIA H100, 0, 0, 953, 94368
2026/08/18 19:11:59.502, 0, NVIDIA H100, 0, 0, 953, 94368
2026/08/18 19:11:59.552, 0, NVIDIA H100, 0, 0, 953, 94368
2026/08/18 19:11:59.602, 0, NVIDIA H100, 0, 0, 953, 94368
2026/08/18 19:11:59.653, 0, NVIDIA H100, 0, 0, 953, 94368
2026/08/18 19:11:59.703, 0, NVIDIA H100, 0, 0, 953, 94368
2026/08/18 19:11:59.753, 0, NVIDIA H100, 0, 0, 953, 94368
2026/08/18 19:11:59.804, 0, NVIDIA H100, 0, 0, 953, 94368
2026/08/18 19:11:59.854, 0, NVIDIA H100, 0, 0, 953, 94368
2026/08/18 19:11:59.904, 0, NVIDIA H100, 0, 0, 953, 94368
2026/08/18 19:11:59.954, 0, NVIDIA H100, 0, 0, 953, 94368
2026/08/18 19:12:00.005, 0, NVIDIA H100, 0, 0, 953, 94368
2026/08/18 19:12:00.055, 0, NVIDIA H100, 0, 0, 953, 94368
2026/08/18 19:12:00.105, 0, NVIDIA H100, 0, 0, 953, 94368
2026/08/18 19:12:00.156, 0, NVIDIA H100, 0, 0, 953, 94368
2026/08/18 19:12:00.206, 0, NVIDIA H100, 0, 0, 953, 94368
2026/08/18 19:12:00.256, 0, NVIDIA H100, 0, 0, 953, 94368
2026/08/18 19:12:00.306, 0, NVIDIA H100, 0, 0, 953, 94368
2026/08/18 19:12:00.357, 0, NVIDIA H100, 0, 0, 953, 94368
2026/08/18 19:12:00.407, 0, NVIDIA H100, 0, 0, 953, 94368
2026/08/18 19:12:00.457, 0, NVIDIA H100, 0, 0, 953, 94368
2026/08/18 19:12:00.508, 0, NVIDIA H100, 0, 0, 953, 94368
2026/08/18 19:12:00.558, 0, NVIDIA H100, 0, 0, 953, 94368
2026/08/18 19:12:00.608, 0, NVIDIA H100, 0, 0, 953, 94368
2026/08/18 19:12:00.658, 0, NVIDIA H100, 0, 0, 953, 94368
2026/08/18 19:12:00.709, 0, NVIDIA H100, 0, 0, 953, 94368
2026/08/18 19:12:00.759, 0, NVIDIA H100, 0, 0, 953, 94368
2026/08/18 19:12:00.809, 0, NVIDIA H100, 0, 0, 953, 94368
2026/08/18 19:12:00.860, 0, NVIDIA H100, 0, 0, 953, 94368
2026/08/18 19:12:00.910, 0, NVIDIA H100, 0, 0, 953, 94368
2026/08/18 19:12:00.960, 0, NVIDIA H100, 0, 0, 953, 94368
2026/08/18 19:12:01.011, 0, NVIDIA H100, 0, 0, 953, 94368
2026/08/18 19:12:01.061, 0, NVIDIA H100, 0, 0, 953, 94368
2026/08/18 19:12:01.111, 0, NVIDIA H100, 0, 0, 953, 94368
2026/08/18 19:12:01.161, 0, NVIDIA H100, 0, 0, 953, 94368
2026/08/18 19:12:01.212, 0, NVIDIA H100, 0, 0, 953, 94368
2026/08/18 19:12:01.262, 0, NVIDIA H100, 0, 0, 953, 94368
2026/08/18 19:12:01.312, 0, NVIDIA H100, 0, 0, 953, 94368
2026/08/18 19:12:01.363, 0, NVIDIA H100, 0, 0, 953, 94368
2026/08/18 19:12:01.413, 0, NVIDIA H100, 0, 0, 953, 94368
2026/08/18 19:12:01.463, 0, NVIDIA H100, 0, 0, 953, 94368
2026/08/18 19:12:01.513, 0, NVIDIA H100, 0, 0, 953, 94368
2026/08/18 19:12:01.564, 0, NVIDIA H100, 0, 0, 953, 94368
2026/08/18 19:12:01.614, 0, NVIDIA H100, 0, 0, 953, 94368
2026/08/18 19:12:01.664, 0, NVIDIA H100, 0, 0, 953, 94368
2026/08/18 19:12:01.715, 0, NVIDIA H100, 0, 0, 953, 94368
2026/08/18 19:12:01.765, 0, NVIDIA H100, 0, 0, 953, 94368
2026/08/18 19:12:01.815, 0, NVIDIA H100, 0, 0, 953, 94368
2026/08/18 19:12:01.866, 0, NVIDIA H100, 0, 0, 953, 94368
2026/08/18 19:12:01.916, 0, NVIDIA H100, 0, 0, 953, 94368
2026/08/18 19:12:01.966, 0, NVIDIA H100, 0, 0, 953, 94368
2026/08/18 19:12:02.016, 0, NVIDIA H100, 0, 0, 953, 94368
2026/08/18 19:12:02.067, 0, NVIDIA H100, 0, 0, 953, 94368
2026/08/18 19:12:02.117, 0, NVIDIA H100, 0, 0, 953, 94368
2026/08/18 19:12:02.167, 0, NVIDIA H100, 0, 0, 953, 94368
2026/08/18 19:12:02.218, 0, NVIDIA H100, 0, 0, 953, 94368
2026/08/18 19:12:02.268, 0, NVIDIA H100, 0, 0, 953, 94368
2026/08/18 19:12:02.318, 0, NVIDIA H100, 0, 0, 953, 94368
2026/08/18 19:12:02.368, 0, NVIDIA H100, 0, 0, 953, 94368
2026/08/18 19:12:02.419, 0, NVIDIA H100, 0, 0, 953, 94368
2026/08/18 19:12:02.469, 0, NVIDIA H100, 0, 0, 953, 94368
2026/08/18 19:12:02.519, 0, NVIDIA H100, 0, 0, 953, 94368
2026/08/18 19:12:02.570, 0, NVIDIA H100, 0, 0, 953, 94368
2026/08/18 19:12:02.620, 0, NVIDIA H100, 0, 0, 953, 94368
2026/08/18 19:12:02.670, 0, NVIDIA H100, 0, 0, 953, 94368
2026/08/18 19:12:02.720, 0, NVIDIA H100, 0, 0, 953, 94368
2026/08/18 19:12:02.771, 0, NVIDIA H100, 0, 0, 953, 94368
2026/08/18 19:12:02.821, 0, NVIDIA H100, 0, 0, 953, 94368
2026/08/18 19:12:02.871, 0, NVIDIA H100, 0, 0, 953, 94368
2026/08/18 19:12:02.922, 0, NVIDIA H100, 0, 0, 953, 94368
2026/08/18 19:12:02.972, 0, NVIDIA H100, 0, 0, 953, 94368
2026/08/18 19:12:03.022, 0, NVIDIA H100, 0, 0, 953, 94368
2026/08/18 19:12:03.072, 0, NVIDIA H100, 0, 0, 953, 94368
2026/08/18 19:12:03.123, 0, NVIDIA H100, 0, 0, 953, 94368
2026/08/18 19:12:03.173, 0, NVIDIA H100, 0, 0, 953, 94368
2026/08/18 19:12:03.223, 0, NVIDIA H100, 0, 0, 953, 94368
2026/08/18 19:12:03.274, 0, NVIDIA H100, 0, 0, 953, 94368
2026/08/18 19:12:03.324, 0, NVIDIA H100, 0, 0, 953, 94368
2026/08/18 19:12:03.374, 0, NVIDIA H100, 0, 0, 953, 94368
2026/08/18 19:12:03.424, 0, NVIDIA H100, 0, 0, 953, 94368
2026/08/18 19:12:03.475, 0, NVIDIA H100, 0, 0, 953, 94368
2026/08/18 19:12:03.525, 0, NVIDIA H100, 0, 0, 953, 94368
2026/08/18 19:12:03.575, 0, NVIDIA H100, 0, 0, 953, 94368
2026/08/18 19:12:03.626, 0, NVIDIA H100, 0, 0, 953, 94368
2026/08/18 19:12:03.676, 0, NVIDIA H100, 0, 0, 953, 94368
2026/08/18 19:12:03.726, 0, NVIDIA H100, 0, 0, 953, 94368
2026/08/18 19:12:03.776, 0, NVIDIA H100, 0, 0, 953, 94368
2026/08/18 19:12:03.827, 0, NVIDIA H100, 0, 0, 953, 94368
2026/08/18 19:12:03.877, 0, NVIDIA H100, 0, 0, 953, 94368
2026/08/18 19:12:03.927, 0, NVIDIA H100, 0, 0, 953, 94368
2026/08/18 19:12:03.978, 0, NVIDIA H100, 0, 0, 953, 94368
2026/08/18 19:12:04.028, 0, NVIDIA H100, 0, 0, 953, 94368
2026/08/18 19:12:04.078, 0, NVIDIA H100, 0, 0, 953, 94368
2026/08/18 19:12:04.129, 0, NVIDIA H100, 0, 0, 953, 94368
2026/08/18 19:12:04.179, 0, NVIDIA H100, 0, 0, 953, 94368
2026/08/18 19:12:04.229, 0, NVIDIA H100, 0, 0, 953, 94368
2026/08/18 19:12:04.279, 0, NVIDIA H100, 0, 0, 953, 94368
2026/08/18 19:12:04.330, 0, NVIDIA H100, 0, 0, 953, 94368
2026/08/18 19:12:04.380, 0, NVIDIA H100, 0, 0, 953, 94368
2026/08/18 19:12:04.430, 0, NVIDIA H100, 0, 0, 953, 94368
2026/08/18 19:12:04.481, 0, NVIDIA H100, 0, 0, 953, 94368
2026/08/18 19:12:04.531, 0, NVIDIA H100, 0, 0, 953, 94368
2026/08/18 19:12:04.581, 0, NVIDIA H100, 0, 0, 953, 94368
2026/08/18 19:12:04.631, 0, NVIDIA H100, 0, 0, 953, 94368
2026/08/18 19:12:04.682, 0, NVIDIA H100, 0, 0, 953, 94368
2026/08/18 19:12:04.732, 0, NVIDIA H100, 0, 0, 953, 94368
2026/08/18 19:12:04.782, 0, NVIDIA H100, 0, 0, 953, 94368
2026/08/18 19:12:04.833, 0, NVIDIA H100, 0, 0, 953, 94368
2026/08/18 19:12:04.883, 0, NVIDIA H100, 0, 0, 953, 94368
2026/08/18 19:12:04.933, 0, NVIDIA H100, 0, 0, 953, 94368
2026/08/18 19:12:04.983, 0, NVIDIA H100, 0, 0, 953, 94368
2026/08/18 19:12:05.034, 0, NVIDIA H100, 0, 0, 953, 94368
2026/08/18 19:12:05.084, 0, NVIDIA H100, 0, 0, 953, 94368
2026/08/18 19:12:05.134, 0, NVIDIA H100, 0, 0, 953, 94368
2026/08/18 19:12:05.185, 0, NVIDIA H100, 0, 0, 953, 94368
2026/08/18 19:12:05.235, 0, NVIDIA H100, 0, 0, 953, 94368
2026/08/18 19:12:05.285, 0, NVIDIA H100, 0, 0, 953, 94368
2026/08/18 19:12:05.335, 0, NVIDIA H100, 0, 0, 953, 94368
2026/08/18 19:12:05.386, 0, NVIDIA H100, 0, 0, 953, 94368
2026/08/18 19:12:05.436, 0, NVIDIA H100, 0, 0, 953, 94368
2026/08/18 19:12:05.486, 0, NVIDIA H100, 0, 0, 953, 94368
2026/08/18 19:12:05.537, 0, NVIDIA H100, 0, 0, 953, 94368
2026/08/18 19:12:05.587, 0, NVIDIA H100, 0, 0, 953, 94368
2026/08/18 19:12:05.637, 0, NVIDIA H100, 0, 0, 953, 94368
2026/08/18 19:12:05.688, 0, NVIDIA H100, 0, 0, 953, 94368
2026/08/18 19:12:05.738, 0, NVIDIA H100, 0, 0, 953, 94368
2026/08/18 19:12:05.788, 0, NVIDIA H100, 0, 0, 953, 94368
2026/08/18 19:12:05.838, 0, NVIDIA H100, 0, 0, 953, 94368
2026/08/18 19:12:05.889, 0, NVIDIA H100, 0, 0, 953, 94368
2026/08/18 19:12:05.939, 0, NVIDIA H100, 0, 0, 953, 94368
2026/08/18 19:12:05.989, 0, NVIDIA H100, 0, 0, 953, 94368
2026/08/18 19:12:06.040, 0, NVIDIA H100, 0, 0, 953, 94368
2026/08/18 19:12:06.090, 0, NVIDIA H100, 0, 0, 953, 94368
2026/08/18 19:12:06.140, 0, NVIDIA H100, 0, 0, 953, 94368
2026/08/18 19:12:06.190, 0, NVIDIA H100, 0, 0, 953, 94368
2026/08/18 19:12:06.241, 0, NVIDIA H100, 0, 0, 953, 94368
2026/08/18 19:12:06.291, 0, NVIDIA H100, 0, 0, 953, 94368
2026/08/18 19:12:06.341, 0, NVIDIA H100, 0, 0, 953, 94368
2026/08/18 19:12:06.391, 0, NVIDIA H100, 0, 0, 953, 94368
2026/08/18 19:12:06.442, 0, NVIDIA H100, 0, 0, 953, 94368
2026/08/18 19:12:06.492, 0, NVIDIA H100, 0, 0, 953, 94368
2026/08/18 19:12:06.542, 0, NVIDIA H100, 0, 0, 953, 94368
2026/08/18 19:12:06.593, 0, NVIDIA H100, 0, 0, 953, 94368
2026/08/18 19:12:06.643, 0, NVIDIA H100, 0, 0, 953, 94368
2026/08/18 19:12:06.693, 0, NVIDIA H100, 0, 0, 953, 94368
2026/08/18 19:12:06.743, 0, NVIDIA H100, 0, 0, 953, 94368
2026/08/18 19:12:06.794, 0, NVIDIA H100, 0, 0, 953, 94368
2026/08/18 19:12:06.844, 0, NVIDIA H100, 0, 0, 953, 94368
2026/08/18 19:12:06.894, 0, NVIDIA H100, 0, 0, 953, 94368
2026/08/18 19:12:06.945, 0, NVIDIA H100, 0, 0, 953, 94368
2026/08/18 19:12:06.995, 0, NVIDIA H100, 0, 0, 953, 94368
2026/08/18 19:12:07.045, 0, NVIDIA H100, 0, 0, 953, 94368
2026/08/18 19:12:07.096, 0, NVIDIA H100, 0, 0, 953, 94368
2026/08/18 19:12:07.146, 0, NVIDIA H100, 0, 0, 953, 94368
2026/08/18 19:12:07.196, 0, NVIDIA H100, 0, 0, 953, 94368
2026/08/18 19:12:07.246, 0, NVIDIA H100, 0, 0, 953, 94368
2026/08/18 19:12:07.297, 0, NVIDIA H100, 0, 0, 953, 94368
2026/08/18 19:12:07.347, 0, NVIDIA H100, 0, 0, 953, 94368
2026/08/18 19:12:07.397, 0, NVIDIA H100, 0, 0, 953, 94368
2026/08/18 19:12:07.448, 0, NVIDIA H100, 0, 0, 953, 94368
2026/08/18 19:12:07.498, 0, NVIDIA H100, 0, 0, 953, 94368
2026/08/18 19:12:07.548, 0, NVIDIA H100, 0, 0, 953, 94368
2026/08/18 19:12:07.598, 0, NVIDIA H100, 0, 0, 953, 94368
2026/08/18 19:12:07.649, 0, NVIDIA H100, 0, 0, 953, 94368
2026/08/18 19:12:07.699, 0, NVIDIA H100, 0, 0, 953, 94368
2026/08/18 19:12:07.749, 0, NVIDIA H100, 0, 0, 953, 94368
2026/08/18 19:12:07.800, 0, NVIDIA H100, 0, 0, 953, 94368
2026/08/18 19:12:07.850, 0, NVIDIA H100, 0, 0, 953, 94368
2026/08/18 19:12:07.900, 0, NVIDIA H100, 0, 0, 953, 94368
2026/08/18 19:12:07.950, 0, NVIDIA H100, 0, 0, 953, 94368
2026/08/18 19:12:08.001, 0, NVIDIA H100, 0, 0, 953, 94368
2026/08/18 19:12:08.051, 0, NVIDIA H100, 0, 0, 953, 94368
2026/08/18 19:12:08.101, 0, NVIDIA H100, 0, 0, 953, 94368
2026/08/18 19:12:08.152, 0, NVIDIA H100, 0, 0, 953, 94368
2026/08/18 19:12:08.202, 0, NVIDIA H100, 0, 0, 953, 94368
2026/08/18 19:12:08.252, 0, NVIDIA H100, 0, 0, 953, 94368
2026/08/18 19:12:08.303, 0, NVIDIA H100, 0, 0, 953, 94368
2026/08/18 19:12:08.353, 0, NVIDIA H100, 0, 0, 953, 94368
2026/08/18 19:12:08.403, 0, NVIDIA H100, 0, 0, 953, 94368
2026/08/18 19:12:08.453, 0, NVIDIA H100, 0, 0, 953, 94368
2026/08/18 19:12:08.504, 0, NVIDIA H100, 0, 0, 953, 94368
2026/08/18 19:12:08.554, 0, NVIDIA H100, 0, 0, 953, 94368
2026/08/18 19:12:08.604, 0, NVIDIA H100, 0, 0, 953, 94368
2026/08/18 19:12:08.655, 0, NVIDIA H100, 0, 0, 953, 94368
2026/08/18 19:12:08.705, 0, NVIDIA H100, 0, 0, 953, 94368
2026/08/18 19:12:08.755, 0, NVIDIA H100, 0, 0, 953, 94368
2026/08/18 19:12:08.805, 0, NVIDIA H100, 0, 0, 953, 94368
2026/08/18 19:12:08.856, 0, NVIDIA H100, 0, 0, 953, 94368
2026/08/18 19:12:08.906, 0, NVIDIA H100, 0, 0, 953, 94368
2026/08/18 19:12:08.956, 0, NVIDIA H100, 0, 0, 953, 94368
2026/08/18 19:12:09.007, 0, NVIDIA H100, 0, 0, 953, 94368
2026/08/18 19:12:09.057, 0, NVIDIA H100, 0, 0, 953, 94368
2026/08/18 19:12:09.107, 0, NVIDIA H100, 0, 0, 953, 94368
2026/08/18 19:12:09.157, 0, NVIDIA H100, 0, 0, 953, 94368
2026/08/18 19:12:09.208, 0, NVIDIA H100, 0, 0, 953, 94368
2026/08/18 19:12:09.258, 0, NVIDIA H100, 0, 0, 953, 94368
2026/08/18 19:12:09.308, 0, NVIDIA H100, 0, 0, 953, 94368
2026/08/18 19:12:09.359, 0, NVIDIA H100, 0, 0, 953, 94368
2026/08/18 19:12:09.409, 0, NVIDIA H100, 0, 0, 953, 94368
2026/08/18 19:12:09.459, 0, NVIDIA H100, 0, 0, 953, 94368
2026/08/18 19:12:09.510, 0, NVIDIA H100, 0, 0, 953, 94368
2026/08/18 19:12:09.560, 0, NVIDIA H100, 0, 0, 953, 94368
2026/08/18 19:12:09.610, 0, NVIDIA H100, 0, 0, 953, 94368
2026/08/18 19:12:09.660, 0, NVIDIA H100, 0, 0, 953, 94368
2026/08/18 19:12:09.711, 0, NVIDIA H100, 0, 0, 953, 94368
2026/08/18 19:12:09.761, 0, NVIDIA H100, 0, 0, 953, 94368
2026/08/18 19:12:09.811, 0, NVIDIA H100, 0, 0, 953, 94368
2026/08/18 19:12:09.862, 0, NVIDIA H100, 0, 0, 953, 94368
2026/08/18 19:12:09.912, 0, NVIDIA H100, 0, 0, 953, 94368
2026/08/18 19:12:09.962, 0, NVIDIA H100, 0, 0, 953, 94368
2026/08/18 19:12:10.012, 0, NVIDIA H100, 0, 0, 953, 94368
2026/08/18 19:12:10.063, 0, NVIDIA H100, 0, 0, 953, 94368
2026/08/18 19:12:10.113, 0, NVIDIA H100, 0, 0, 953, 94368
2026/08/18 19:12:10.163, 0, NVIDIA H100, 0, 0, 953, 94368
2026/08/18 19:12:10.214, 0, NVIDIA H100, 0, 0, 953, 94368
2026/08/18 19:12:10.264, 0, NVIDIA H100, 0, 0, 953, 94368
2026/08/18 19:12:10.314, 0, NVIDIA H100, 0, 0, 953, 94368
2026/08/18 19:12:10.364, 0, NVIDIA H100, 0, 0, 953, 94368
2026/08/18 19:12:10.415, 0, NVIDIA H100, 0, 0, 953, 94368
2026/08/18 19:12:10.465, 0, NVIDIA H100, 0, 0, 953, 94368
2026/08/18 19:12:10.515, 0, NVIDIA H100, 0, 0, 953, 94368
2026/08/18 19:12:10.566, 0, NVIDIA H100, 0, 0, 953, 94368
2026/08/18 19:12:10.616, 0, NVIDIA H100, 0, 0, 953, 94368
2026/08/18 19:12:10.666, 0, NVIDIA H100, 0, 0, 953, 94368
2026/08/18 19:12:10.717, 0, NVIDIA H100, 0, 0, 953, 94368
2026/08/18 19:12:10.767, 0, NVIDIA H100, 0, 0, 953, 94368
2026/08/18 19:12:10.817, 0, NVIDIA H100, 0, 0, 953, 94368
2026/08/18 19:12:10.867, 0, NVIDIA H100, 0, 0, 953, 94368
2026/08/18 19:12:10.918, 0, NVIDIA H100, 0, 0, 953, 94368
2026/08/18 19:12:10.968, 0, NVIDIA H100, 0, 0, 953, 94368
2026/08/18 19:12:11.018, 0, NVIDIA H100, 0, 0, 953, 94368
2026/08/18 19:12:11.069, 0, NVIDIA H100, 0, 0, 953, 94368
2026/08/18 19:12:11.119, 0, NVIDIA H100, 0, 0, 953, 94368
2026/08/18 19:12:11.169, 0, NVIDIA H100, 0, 0, 953, 94368
2026/08/18 19:12:11.219, 0, NVIDIA H100, 0, 0, 953, 94368
2026/08/18 19:12:11.270, 0, NVIDIA H100, 0, 0, 953, 94368
2026/08/18 19:12:11.320, 0, NVIDIA H100, 0, 0, 953, 94368
2026/08/18 19:12:11.370, 0, NVIDIA H100, 0, 0, 953, 94368
2026/08/18 19:12:11.421, 0, NVIDIA H100, 0, 0, 953, 94368
2026/08/18 19:12:11.471, 0, NVIDIA H100, 0, 0, 953, 94368
2026/08/18 19:12:11.521, 0, NVIDIA H100, 0, 0, 953, 94368
2026/08/18 19:12:11.571, 0, NVIDIA H100, 0, 0, 953, 94368
2026/08/18 19:12:11.622, 0, NVIDIA H100, 0, 0, 953, 94368
2026/08/18 19:12:11.672, 0, NVIDIA H100, 0, 0, 953, 94368
2026/08/18 19:12:11.722, 0, NVIDIA H100, 0, 0, 953, 94368
2026/08/18 19:12:11.773, 0, NVIDIA H100, 0, 0, 953, 94368
2026/08/18 19:12:11.823, 0, NVIDIA H100, 0, 0, 953, 94368
2026/08/18 19:12:11.873, 0, NVIDIA H100, 0, 0, 953, 94368
2026/08/18 19:12:11.924, 0, NVIDIA H100, 0, 0, 953, 94368
2026/08/18 19:12:11.974, 0, NVIDIA H100, 0, 0, 953, 94368
2026/08/18 19:12:12.024, 0, NVIDIA H100, 0, 0, 953, 94368
2026/08/18 19:12:12.074, 0, NVIDIA H100, 0, 0, 953, 94368
2026/08/18 19:12:12.125, 0, NVIDIA H100, 0, 0, 953, 94368
2026/08/18 19:12:12.175, 0, NVIDIA H100, 0, 0, 953, 94368
2026/08/18 19:12:12.225, 0, NVIDIA H100, 0, 0, 953, 94368
2026/08/18 19:12:12.276, 0, NVIDIA H100, 0, 0, 953, 94368
2026/08/18 19:12:12.326, 0, NVIDIA H100, 0, 0, 953, 94368
2026/08/18 19:12:12.376, 0, NVIDIA H100, 0, 0, 953, 94368
2026/08/18 19:12:12.427, 0, NVIDIA H100, 0, 0, 953, 94368
2026/08/18 19:12:12.477, 0, NVIDIA H100, 0, 0, 953, 94368
2026/08/18 19:12:12.527, 0, NVIDIA H100, 0, 0, 953, 94368
2026/08/18 19:12:12.577, 0, NVIDIA H100, 0, 0, 953, 94368
2026/08/18 19:12:12.628, 0, NVIDIA H100, 0, 0, 953, 94368
2026/08/18 19:12:12.678, 0, NVIDIA H100, 0, 0, 953, 94368
2026/08/18 19:12:12.728, 0, NVIDIA H100, 0, 0, 953, 94368
2026/08/18 19:12:12.779, 0, NVIDIA H100, 0, 0, 953, 94368
2026/08/18 19:12:12.829, 0, NVIDIA H100, 0, 0, 953, 94368
2026/08/18 19:12:12.879, 0, NVIDIA H100, 0, 0, 953, 94368
2026/08/18 19:12:12.929, 0, NVIDIA H100, 0, 0, 953, 94368
2026/08/18 19:12:12.980, 0, NVIDIA H100, 0, 0, 953, 94368
2026/08/18 19:12:13.030, 0, NVIDIA H100, 0, 0, 953, 94368
2026/08/18 19:12:13.080, 0, NVIDIA H100, 0, 0, 953, 94368
2026/08/18 19:12:13.131, 0, NVIDIA H100, 0, 0, 953, 94368
2026/08/18 19:12:13.181, 0, NVIDIA H100, 0, 0, 953, 94368
2026/08/18 19:12:13.231, 0, NVIDIA H100, 0, 0, 953, 94368
2026/08/18 19:12:13.281, 0, NVIDIA H100, 0, 0, 953, 94368
2026/08/18 19:12:13.332, 0, NVIDIA H100, 0, 0, 953, 94368
2026/08/18 19:12:13.382, 0, NVIDIA H100, 0, 0, 953, 94368
2026/08/18 19:12:13.432, 0, NVIDIA H100, 0, 0, 953, 94368
2026/08/18 19:12:13.483, 0, NVIDIA H100, 0, 0, 953, 94368
2026/08/18 19:12:13.533, 0, NVIDIA H100, 0, 0, 953, 94368
2026/08/18 19:12:13.583, 0, NVIDIA H100, 0, 0, 953, 94368
2026/08/18 19:12:13.634, 0, NVIDIA H100, 0, 0, 953, 94368
2026/08/18 19:12:13.684, 0, NVIDIA H100, 0, 0, 953, 94368
2026/08/18 19:12:13.734, 0, NVIDIA H100, 0, 0, 953, 94368
2026/08/18 19:12:13.784, 0, NVIDIA H100, 0, 0, 953, 94368
2026/08/18 19:12:13.835, 0, NVIDIA H100, 0, 0, 953, 94368
2026/08/18 19:12:13.885, 0, NVIDIA H100, 0, 0, 953, 94368
2026/08/18 19:12:13.935, 0, NVIDIA H100, 0, 0, 953, 94368
2026/08/18 19:12:13.986, 0, NVIDIA H100, 0, 0, 953, 94368
2026/08/18 19:12:14.036, 0, NVIDIA H100, 0, 0, 953, 94368
2026/08/18 19:12:14.086, 0, NVIDIA H100, 0, 0, 953, 94368
2026/08/18 19:12:14.137, 0, NVIDIA H100, 0, 0, 953, 94368
2026/08/18 19:12:14.187, 0, NVIDIA H100, 0, 0, 953, 94368
2026/08/18 19:12:14.237, 0, NVIDIA H100, 0, 0, 953, 94368
2026/08/18 19:12:14.288, 0, NVIDIA H100, 0, 0, 953, 94368
2026/08/18 19:12:14.338, 0, NVIDIA H100, 0, 0, 953, 94368
2026/08/18 19:12:14.388, 0, NVIDIA H100, 0, 0, 953, 94368
2026/08/18 19:12:14.438, 0, NVIDIA H100, 0, 0, 953, 94368
2026/08/18 19:12:14.489, 0, NVIDIA H100, 0, 0, 953, 94368
2026/08/18 19:12:14.539, 0, NVIDIA H100, 0, 0, 953, 94368
2026/08/18 19:12:14.589, 0, NVIDIA H100, 0, 0, 953, 94368
2026/08/18 19:12:14.640, 0, NVIDIA H100, 0, 0, 953, 94368
2026/08/18 19:12:14.690, 0, NVIDIA H100, 0, 0, 953, 94368
2026/08/18 19:12:14.740, 0, NVIDIA H100, 0, 0, 953, 94368
2026/08/18 19:12:14.790, 0, NVIDIA H100, 0, 0, 953, 94368
2026/08/18 19:12:14.841, 0, NVIDIA H100, 0, 0, 953, 94368
2026/08/18 19:12:14.891, 0, NVIDIA H100, 0, 0, 953, 94368
2026/08/18 19:12:14.941, 0, NVIDIA H100, 0, 0, 953, 94368
2026/08/18 19:12:14.992, 0, NVIDIA H100, 0, 0, 953, 94368
2026/08/18 19:12:15.042, 0, NVIDIA H100, 0, 0, 953, 94368
2026/08/18 19:12:15.092, 0, NVIDIA H100, 0, 0, 953, 94368
2026/08/18 19:12:15.142, 0, NVIDIA H100, 0, 0, 953, 94368
2026/08/18 19:12:15.193, 0, NVIDIA H100, 0, 0, 953, 94368
2026/08/18 19:12:15.243, 0, NVIDIA H100, 0, 0, 953, 94368
2026/08/18 19:12:15.293, 0, NVIDIA H100, 0, 0, 953, 94368
2026/08/18 19:12:15.344, 0, NVIDIA H100, 0, 0, 953, 94368
2026/08/18 19:12:15.394, 0, NVIDIA H100, 0, 0, 953, 94368
2026/08/18 19:12:15.444, 0, NVIDIA H100, 0, 0, 953, 94368
2026/08/18 19:12:15.495, 0, NVIDIA H100, 0, 0, 953, 94368
2026/08/18 19:12:15.545, 0, NVIDIA H100, 0, 0, 953, 94368
2026/08/18 19:12:15.595, 0, NVIDIA H100, 0, 0, 953, 94368
2026/08/18 19:12:15.645, 0, NVIDIA H100, 0, 0, 953, 94368
2026/08/18 19:12:15.696, 0, NVIDIA H100, 0, 0, 953, 94368
2026/08/18 19:12:15.746, 0, NVIDIA H100, 0, 0, 953, 94368
2026/08/18 19:12:15.796, 0, NVIDIA H100, 0, 0, 953, 94368
2026/08/18 19:12:15.847, 0, NVIDIA H100, 0, 0, 953, 94368
2026/08/18 19:12:15.897, 0, NVIDIA H100, 0, 0, 953, 94368
2026/08/18 19:12:15.947, 0, NVIDIA H100, 0, 0, 953, 94368
2026/08/18 19:12:15.997, 0, NVIDIA H100, 0, 0, 953, 94368
2026/08/18 19:12:16.048, 0, NVIDIA H100, 0, 0, 953, 94368
2026/08/18 19:12:16.098, 0, NVIDIA H100, 0, 0, 953, 94368
2026/08/18 19:12:16.148, 0, NVIDIA H100, 0, 0, 953, 94368
2026/08/18 19:12:16.199, 0, NVIDIA H100, 0, 0, 953, 94368
2026/08/18 19:12:16.249, 0, NVIDIA H100, 0, 0, 953, 94368
2026/08/18 19:12:16.299, 0, NVIDIA H100, 0, 0, 953, 94368
2026/08/18 19:12:16.350, 0, NVIDIA H100, 0, 0, 953, 94368
2026/08/18 19:12:16.400, 0, NVIDIA H100, 0, 0, 953, 94368
2026/08/18 19:12:16.450, 0, NVIDIA H100, 0, 0, 953, 94368
2026/08/18 19:12:16.500, 0, NVIDIA H100, 0, 0, 953, 94368
2026/08/18 19:12:16.551, 0, NVIDIA H100, 0, 0, 953, 94368
2026/08/18 19:12:16.601, 0, NVIDIA H100, 0, 0, 953, 94368
2026/08/18 19:12:16.651, 0, NVIDIA H100, 0, 0, 953, 94368
2026/08/18 19:12:16.702, 0, NVIDIA H100, 0, 0, 953, 94368
2026/08/18 19:12:16.752, 0, NVIDIA H100, 0, 0, 953, 94368
2026/08/18 19:12:16.802, 0, NVIDIA H100, 0, 0, 953, 94368
2026/08/18 19:12:16.852, 0, NVIDIA H100, 0, 0, 953, 94368
2026/08/18 19:12:16.903, 0, NVIDIA H100, 0, 0, 953, 94368
2026/08/18 19:12:16.953, 0, NVIDIA H100, 0, 0, 953, 94368
2026/08/18 19:12:17.003, 0, NVIDIA H100, 0, 0, 953, 94368
2026/08/18 19:12:17.054, 0, NVIDIA H100, 0, 0, 953, 94368
2026/08/18 19:12:17.104, 0, NVIDIA H100, 0, 0, 953, 94368
2026/08/18 19:12:17.154, 0, NVIDIA H100, 0, 0, 953, 94368
2026/08/18 19:12:17.204, 0, NVIDIA H100, 0, 0, 953, 94368
2026/08/18 19:12:17.255, 0, NVIDIA H100, 0, 0, 953, 94368
2026/08/18 19:12:17.305, 0, NVIDIA H100, 0, 0, 953, 94368
2026/08/18 19:12:17.355, 0, NVIDIA H100, 0, 0, 953, 94368
2026/08/18 19:12:17.406, 0, NVIDIA H100, 0, 0, 953, 94368
2026/08/18 19:12:17.456, 0, NVIDIA H100, 0, 0, 953, 94368
2026/08/18 19:12:17.506, 0, NVIDIA H100, 0, 0, 953, 94368
2026/08/18 19:12:17.556, 0, NVIDIA H100, 0, 0, 953, 94368
2026/08/18 19:12:17.607, 0, NVIDIA H100, 0, 0, 953, 94368
2026/08/18 19:12:17.657, 0, NVIDIA H100, 0, 0, 953, 94368
2026/08/18 19:12:17.707, 0, NVIDIA H100, 0, 0, 953, 94368
2026/08/18 19:12:17.758, 0, NVIDIA H100, 0, 0, 953, 94368
2026/08/18 19:12:17.808, 0, NVIDIA H100, 0, 0, 953, 94368
2026/08/18 19:12:17.858, 0, NVIDIA H100, 0, 0, 953, 94368
2026/08/18 19:12:17.908, 0, NVIDIA H100, 0, 0, 953, 94368
2026/08/18 19:12:17.959, 0, NVIDIA H100, 0, 0, 953, 94368
2026/08/18 19:12:18.009, 0, NVIDIA H100, 0, 0, 953, 94368
2026/08/18 19:12:18.059, 0, NVIDIA H100, 0, 0, 953, 94368
2026/08/18 19:12:18.110, 0, NVIDIA H100, 0, 0, 953, 94368
2026/08/18 19:12:18.160, 0, NVIDIA H100, 0, 0, 953, 94368
2026/08/18 19:12:18.210, 0, NVIDIA H100, 0, 0, 953, 94368
2026/08/18 19:12:18.260, 0, NVIDIA H100, 0, 0, 953, 94368
2026/08/18 19:12:18.311, 0, NVIDIA H100, 0, 0, 953, 94368
2026/08/18 19:12:18.361, 0, NVIDIA H100, 0, 0, 953, 94368
2026/08/18 19:12:18.411, 0, NVIDIA H100, 0, 0, 953, 94368
2026/08/18 19:12:18.462, 0, NVIDIA H100, 0, 0, 953, 94368
2026/08/18 19:12:18.512, 0, NVIDIA H100, 0, 0, 953, 94368
2026/08/18 19:12:18.562, 0, NVIDIA H100, 0, 0, 953, 94368
2026/08/18 19:12:18.612, 0, NVIDIA H100, 0, 0, 953, 94368
2026/08/18 19:12:18.663, 0, NVIDIA H100, 0, 0, 953, 94368
2026/08/18 19:12:18.713, 0, NVIDIA H100, 0, 0, 953, 94368
2026/08/18 19:12:18.763, 0, NVIDIA H100, 0, 0, 953, 94368
2026/08/18 19:12:18.814, 0, NVIDIA H100, 0, 0, 953, 94368
2026/08/18 19:12:18.864, 0, NVIDIA H100, 0, 0, 953, 94368
2026/08/18 19:12:18.914, 0, NVIDIA H100, 0, 0, 953, 94368
2026/08/18 19:12:18.964, 0, NVIDIA H100, 0, 0, 953, 94368
2026/08/18 19:12:19.015, 0, NVIDIA H100, 0, 0, 953, 94368
2026/08/18 19:12:19.065, 0, NVIDIA H100, 0, 0, 953, 94368
2026/08/18 19:12:19.115, 0, NVIDIA H100, 0, 0, 953, 94368
2026/08/18 19:12:19.166, 0, NVIDIA H100, 0, 0, 953, 94368
2026/08/18 19:12:19.216, 0, NVIDIA H100, 0, 0, 953, 94368
2026/08/18 19:12:19.266, 0, NVIDIA H100, 0, 0, 953, 94368
2026/08/18 19:12:19.317, 0, NVIDIA H100, 0, 0, 953, 94368
2026/08/18 19:12:19.367, 0, NVIDIA H100, 0, 0, 953, 94368
2026/08/18 19:12:19.417, 0, NVIDIA H100, 0, 0, 953, 94368
2026/08/18 19:12:19.467, 0, NVIDIA H100, 0, 0, 953, 94368
2026/08/18 19:12:19.518, 0, NVIDIA H100, 0, 0, 953, 94368
2026/08/18 19:12:19.568, 0, NVIDIA H100, 0, 0, 953, 94368
2026/08/18 19:12:19.618, 0, NVIDIA H100, 0, 0, 953, 94368
2026/08/18 19:12:19.668, 0, NVIDIA H100, 0, 0, 953, 94368
2026/08/18 19:12:19.719, 0, NVIDIA H100, 0, 0, 953, 94368
2026/08/18 19:12:19.769, 0, NVIDIA H100, 0, 0, 953, 94368
2026/08/18 19:12:19.819, 0, NVIDIA H100, 0, 0, 953, 94368
2026/08/18 19:12:19.870, 0, NVIDIA H100, 0, 0, 953, 94368
2026/08/18 19:12:19.920, 0, NVIDIA H100, 0, 0, 953, 94368
2026/08/18 19:12:19.970, 0, NVIDIA H100, 0, 0, 953, 94368
2026/08/18 19:12:20.020, 0, NVIDIA H100, 0, 0, 953, 94368
2026/08/18 19:12:20.071, 0, NVIDIA H100, 0, 0, 953, 94368
2026/08/18 19:12:20.121, 0, NVIDIA H100, 0, 0, 953, 94368
2026/08/18 19:12:20.171, 0, NVIDIA H100, 0, 0, 953, 94368
2026/08/18 19:12:20.222, 0, NVIDIA H100, 0, 0, 953, 94368
2026/08/18 19:12:20.272, 0, NVIDIA H100, 0, 0, 953, 94368
2026/08/18 19:12:20.322, 0, NVIDIA H100, 0, 0, 953, 94368
2026/08/18 19:12:20.372, 0, NVIDIA H100, 0, 0, 953, 94368
2026/08/18 19:12:20.423, 0, NVIDIA H100, 0, 0, 953, 94368
2026/08/18 19:12:20.473, 0, NVIDIA H100, 0, 0, 953, 94368
2026/08/18 19:12:20.523, 0, NVIDIA H100, 0, 0, 953, 94368
2026/08/18 19:12:20.574, 0, NVIDIA H100, 0, 0, 953, 94368
2026/08/18 19:12:20.624, 0, NVIDIA H100, 0, 0, 953, 94368
2026/08/18 19:12:20.674, 0, NVIDIA H100, 0, 0, 953, 94368
2026/08/18 19:12:20.724, 0, NVIDIA H100, 0, 0, 953, 94368
2026/08/18 19:12:20.775, 0, NVIDIA H100, 0, 0, 953, 94368
2026/08/18 19:12:20.825, 0, NVIDIA H100, 0, 0, 953, 94368
2026/08/18 19:12:20.875, 0, NVIDIA H100, 0, 0, 953, 94368
2026/08/18 19:12:20.926, 0, NVIDIA H100, 0, 0, 953, 94368
2026/08/18 19:12:20.976, 0, NVIDIA H100, 0, 0, 953, 94368
2026/08/18 19:12:21.026, 0, NVIDIA H100, 0, 0, 953, 94368
2026/08/18 19:12:21.076, 0, NVIDIA H100, 0, 0, 953, 94368
2026/08/18 19:12:21.127, 0, NVIDIA H100, 0, 0, 953, 94368
2026/08/18 19:12:21.177, 0, NVIDIA H100, 0, 0, 953, 94368
2026/08/18 19:12:21.227, 0, NVIDIA H100, 0, 0, 953, 94368
2026/08/18 19:12:21.278, 0, NVIDIA H100, 0, 0, 953, 94368
2026/08/18 19:12:21.328, 0, NVIDIA H100, 0, 0, 953, 94368
2026/08/18 19:12:21.378, 0, NVIDIA H100, 0, 0, 953, 94368
2026/08/18 19:12:21.429, 0, NVIDIA H100, 0, 0, 953, 94368
2026/08/18 19:12:21.479, 0, NVIDIA H100, 0, 0, 953, 94368
2026/08/18 19:12:21.529, 0, NVIDIA H100, 0, 0, 953, 94368
2026/08/18 19:12:21.579, 0, NVIDIA H100, 0, 0, 953, 94368
2026/08/18 19:12:21.630, 0, NVIDIA H100, 0, 0, 953, 94368
2026/08/18 19:12:21.680, 0, NVIDIA H100, 0, 0, 953, 94368
2026/08/18 19:12:21.730, 0, NVIDIA H100, 0, 0, 953, 94368
2026/08/18 19:12:21.781, 0, NVIDIA H100, 0, 0, 953, 94368
2026/08/18 19:12:21.831, 0, NVIDIA H100, 0, 0, 953, 94368
2026/08/18 19:12:21.881, 0, NVIDIA H100, 0, 0, 953, 94368
2026/08/18 19:12:21.932, 0, NVIDIA H100, 0, 0, 953, 94368
2026/08/18 19:12:21.982, 0, NVIDIA H100, 0, 0, 953, 94368
2026/08/18 19:12:22.032, 0, NVIDIA H100, 0, 0, 953, 94368
2026/08/18 19:12:22.082, 0, NVIDIA H100, 0, 0, 953, 94368
2026/08/18 19:12:22.133, 0, NVIDIA H100, 0, 0, 953, 94368
2026/08/18 19:12:22.183, 0, NVIDIA H100, 0, 0, 953, 94368
2026/08/18 19:12:22.233, 0, NVIDIA H100, 0, 0, 953, 94368
2026/08/18 19:12:22.283, 0, NVIDIA H100, 0, 0, 953, 94368
2026/08/18 19:12:22.334, 0, NVIDIA H100, 0, 0, 953, 94368
2026/08/18 19:12:22.384, 0, NVIDIA H100, 0, 0, 953, 94368
2026/08/18 19:12:22.434, 0, NVIDIA H100, 0, 0, 953, 94368
2026/08/18 19:12:22.485, 0, NVIDIA H100, 0, 0, 953, 94368
2026/08/18 19:12:22.535, 0, NVIDIA H100, 0, 0, 953, 94368
2026/08/18 19:12:22.585, 0, NVIDIA H100, 0, 0, 953, 94368
2026/08/18 19:12:22.636, 0, NVIDIA H100, 0, 0, 953, 94368
2026/08/18 19:12:22.686, 0, NVIDIA H100, 0, 0, 953, 94368
2026/08/18 19:12:22.736, 0, NVIDIA H100, 0, 0, 953, 94368
2026/08/18 19:12:22.786, 0, NVIDIA H100, 0, 0, 953, 94368
2026/08/18 19:12:22.837, 0, NVIDIA H100, 0, 0, 953, 94368
2026/08/18 19:12:22.887, 0, NVIDIA H100, 0, 0, 953, 94368
2026/08/18 19:12:22.937, 0, NVIDIA H100, 0, 0, 953, 94368
2026/08/18 19:12:22.988, 0, NVIDIA H100, 0, 0, 953, 94368
2026/08/18 19:12:23.038, 0, NVIDIA H100, 0, 0, 953, 94368
2026/08/18 19:12:23.088, 0, NVIDIA H100, 0, 0, 953, 94368
2026/08/18 19:12:23.138, 0, NVIDIA H100, 0, 0, 953, 94368
2026/08/18 19:12:23.189, 0, NVIDIA H100, 0, 0, 953, 94368
2026/08/18 19:12:23.239, 0, NVIDIA H100, 0, 0, 953, 94368
2026/08/18 19:12:23.289, 0, NVIDIA H100, 0, 0, 953, 94368
2026/08/18 19:12:23.340, 0, NVIDIA H100, 0, 0, 953, 94368
2026/08/18 19:12:23.390, 0, NVIDIA H100, 0, 0, 953, 94368
2026/08/18 19:12:23.440, 0, NVIDIA H100, 0, 0, 953, 94368
2026/08/18 19:12:23.490, 0, NVIDIA H100, 0, 0, 953, 94368
2026/08/18 19:12:23.541, 0, NVIDIA H100, 0, 0, 953, 94368
2026/08/18 19:12:23.591, 0, NVIDIA H100, 0, 0, 953, 94368
2026/08/18 19:12:23.641, 0, NVIDIA H100, 0, 0, 953, 94368
2026/08/18 19:12:23.692, 0, NVIDIA H100, 0, 0, 953, 94368
2026/08/18 19:12:23.742, 0, NVIDIA H100, 0, 0, 953, 94368
2026/08/18 19:12:23.792, 0, NVIDIA H100, 0, 0, 953, 94368
2026/08/18 19:12:23.843, 0, NVIDIA H100, 0, 0, 953, 94368
2026/08/18 19:12:23.893, 0, NVIDIA H100, 0, 0, 953, 94368
2026/08/18 19:12:23.943, 0, NVIDIA H100, 0, 0, 953, 94368
2026/08/18 19:12:23.993, 0, NVIDIA H100, 0, 0, 953, 94368
2026/08/18 19:12:24.044, 0, NVIDIA H100, 0, 0, 953, 94368
2026/08/18 19:12:24.094, 0, NVIDIA H100, 0, 0, 953, 94368
2026/08/18 19:12:24.144, 0, NVIDIA H100, 0, 0, 953, 94368
2026/08/18 19:12:24.195, 0, NVIDIA H100, 0, 0, 953, 94368
2026/08/18 19:12:24.245, 0, NVIDIA H100, 0, 0, 953, 94368
2026/08/18 19:12:24.295, 0, NVIDIA H100, 0, 0, 953, 94368
2026/08/18 19:12:24.346, 0, NVIDIA H100, 0, 0, 953, 94368
2026/08/18 19:12:24.396, 0, NVIDIA H100, 0, 0, 953, 94368
2026/08/18 19:12:24.446, 0, NVIDIA H100, 0, 0, 953, 94368
2026/08/18 19:12:24.496, 0, NVIDIA H100, 0, 0, 953, 94368
2026/08/18 19:12:24.547, 0, NVIDIA H100, 0, 0, 953, 94368
2026/08/18 19:12:24.597, 0, NVIDIA H100, 0, 0, 953, 94368
2026/08/18 19:12:24.647, 0, NVIDIA H100, 0, 0, 953, 94368
2026/08/18 19:12:24.698, 0, NVIDIA H100, 0, 0, 953, 94368
2026/08/18 19:12:24.748, 0, NVIDIA H100, 0, 0, 953, 94368
2026/08/18 19:12:24.798, 0, NVIDIA H100, 0, 0, 953, 94368
2026/08/18 19:12:24.848, 0, NVIDIA H100, 0, 0, 953, 94368
2026/08/18 19:12:24.899, 0, NVIDIA H100, 0, 0, 953, 94368
2026/08/18 19:12:24.949, 0, NVIDIA H100, 0, 0, 953, 94368
2026/08/18 19:12:24.999, 0, NVIDIA H100, 0, 0, 953, 94368
2026/08/18 19:12:25.050, 0, NVIDIA H100, 0, 0, 953, 94368
2026/08/18 19:12:25.100, 0, NVIDIA H100, 0, 0, 953, 94368
2026/08/18 19:12:25.150, 0, NVIDIA H100, 0, 0, 953, 94368
2026/08/18 19:12:25.201, 0, NVIDIA H100, 0, 0, 953, 94368
2026/08/18 19:12:25.251, 0, NVIDIA H100, 0, 0, 953, 94368
2026/08/18 19:12:25.301, 0, NVIDIA H100, 0, 0, 953, 94368
2026/08/18 19:12:25.351, 0, NVIDIA H100, 0, 0, 953, 94368
2026/08/18 19:12:25.402, 0, NVIDIA H100, 0, 0, 953, 94368
2026/08/18 19:12:25.452, 0, NVIDIA H100, 0, 0, 953, 94368
2026/08/18 19:12:25.502, 0, NVIDIA H100, 0, 0, 953, 94368
2026/08/18 19:12:25.553, 0, NVIDIA H100, 0, 0, 953, 94368
2026/08/18 19:12:25.603, 0, NVIDIA H100, 0, 0, 953, 94368
2026/08/18 19:12:25.653, 0, NVIDIA H100, 0, 0, 953, 94368
2026/08/18 19:12:25.703, 0, NVIDIA H100, 0, 0, 953, 94368
2026/08/18 19:12:25.754, 0, NVIDIA H100, 0, 0, 953, 94368
2026/08/18 19:12:25.804, 0, NVIDIA H100, 0, 0, 953, 94368
2026/08/18 19:12:25.854, 0, NVIDIA H100, 0, 0, 953, 94368
2026/08/18 19:12:25.905, 0, NVIDIA H100, 0, 0, 953, 94368
2026/08/18 19:12:25.955, 0, NVIDIA H100, 0, 0, 953, 94368
2026/08/18 19:12:26.005, 0, NVIDIA H100, 0, 0, 953, 94368
2026/08/18 19:12:26.055, 0, NVIDIA H100, 0, 0, 953, 94368
2026/08/18 19:12:26.106, 0, NVIDIA H100, 0, 0, 953, 94368
2026/08/18 19:12:26.156, 0, NVIDIA H100, 0, 0, 953, 94368
2026/08/18 19:12:26.206, 0, NVIDIA H100, 0, 0, 953, 94368
2026/08/18 19:12:26.257, 0, NVIDIA H100, 0, 0, 953, 94368
2026/08/18 19:12:26.307, 0, NVIDIA H100, 0, 0, 953, 94368
2026/08/18 19:12:26.357, 0, NVIDIA H100, 0, 0, 953, 94368
2026/08/18 19:12:26.407, 0, NVIDIA H100, 0, 0, 953, 94368
2026/08/18 19:12:26.458, 0, NVIDIA H100, 0, 0, 953, 94368
2026/08/18 19:12:26.508, 0, NVIDIA H100, 0, 0, 953, 94368
2026/08/18 19:12:26.558, 0, NVIDIA H100, 0, 0, 953, 94368
2026/08/18 19:12:26.609, 0, NVIDIA H100, 0, 0, 953, 94368
2026/08/18 19:12:26.659, 0, NVIDIA H100, 0, 0, 953, 94368
2026/08/18 19:12:26.709, 0, NVIDIA H100, 0, 0, 953, 94368
2026/08/18 19:12:26.759, 0, NVIDIA H100, 0, 0, 953, 94368
2026/08/18 19:12:26.810, 0, NVIDIA H100, 0, 0, 953, 94368
2026/08/18 19:12:26.860, 0, NVIDIA H100, 0, 0, 953, 94368
2026/08/18 19:12:26.910, 0, NVIDIA H100, 0, 0, 953, 94368
2026/08/18 19:12:26.961, 0, NVIDIA H100, 0, 0, 953, 94368
2026/08/18 19:12:27.011, 0, NVIDIA H100, 0, 0, 953, 94368
2026/08/18 19:12:27.061, 0, NVIDIA H100, 0, 0, 953, 94368
2026/08/18 19:12:27.111, 0, NVIDIA H100, 0, 0, 953, 94368
2026/08/18 19:12:27.162, 0, NVIDIA H100, 0, 0, 953, 94368
2026/08/18 19:12:27.212, 0, NVIDIA H100, 0, 0, 953, 94368
2026/08/18 19:12:27.262, 0, NVIDIA H100, 0, 0, 953, 94368
2026/08/18 19:12:27.313, 0, NVIDIA H100, 0, 0, 953, 94368
2026/08/18 19:12:27.363, 0, NVIDIA H100, 0, 0, 953, 94368
2026/08/18 19:12:27.413, 0, NVIDIA H100, 0, 0, 953, 94368
2026/08/18 19:12:27.463, 0, NVIDIA H100, 0, 0, 953, 94368
2026/08/18 19:12:27.514, 0, NVIDIA H100, 0, 0, 953, 94368
2026/08/18 19:12:27.564, 0, NVIDIA H100, 0, 0, 953, 94368
2026/08/18 19:12:27.614, 0, NVIDIA H100, 0, 0, 953, 94368
2026/08/18 19:12:27.665, 0, NVIDIA H100, 0, 0, 953, 94368
2026/08/18 19:12:27.715, 0, NVIDIA H100, 0, 0, 953, 94368
2026/08/18 19:12:27.765, 0, NVIDIA H100, 0, 0, 953, 94368
2026/08/18 19:12:27.815, 0, NVIDIA H100, 0, 0, 953, 94368
2026/08/18 19:12:27.866, 0, NVIDIA H100, 0, 0, 953, 94368
2026/08/18 19:12:27.916, 0, NVIDIA H100, 0, 0, 953, 94368
2026/08/18 19:12:27.966, 0, NVIDIA H100, 0, 0, 953, 94368
2026/08/18 19:12:28.017, 0, NVIDIA H100, 0, 0, 953, 94368
2026/08/18 19:12:28.067, 0, NVIDIA H100, 0, 0, 953, 94368
2026/08/18 19:12:28.117, 0, NVIDIA H100, 0, 0, 953, 94368
2026/08/18 19:12:28.167, 0, NVIDIA H100, 0, 0, 953, 94368
2026/08/18 19:12:28.218, 0, NVIDIA H100, 0, 0, 953, 94368
2026/08/18 19:12:28.268, 0, NVIDIA H100, 0, 0, 953, 94368
2026/08/18 19:12:28.318, 0, NVIDIA H100, 0, 0, 953, 94368
2026/08/18 19:12:28.369, 0, NVIDIA H100, 0, 0, 953, 94368
2026/08/18 19:12:28.419, 0, NVIDIA H100, 0, 0, 953, 94368
2026/08/18 19:12:28.469, 0, NVIDIA H100, 0, 0, 953, 94368
2026/08/18 19:12:28.520, 0, NVIDIA H100, 0, 0, 953, 94368
2026/08/18 19:12:28.570, 0, NVIDIA H100, 0, 0, 953, 94368
2026/08/18 19:12:28.620, 0, NVIDIA H100, 0, 0, 953, 94368
2026/08/18 19:12:28.670, 0, NVIDIA H100, 0, 0, 953, 94368
2026/08/18 19:12:28.721, 0, NVIDIA H100, 0, 0, 953, 94368
2026/08/18 19:12:28.771, 0, NVIDIA H100, 0, 0, 953, 94368
2026/08/18 19:12:28.821, 0, NVIDIA H100, 0, 0, 953, 94368
2026/08/18 19:12:28.872, 0, NVIDIA H100, 0, 0, 953, 94368
2026/08/18 19:12:28.922, 0, NVIDIA H100, 0, 0, 953, 94368
2026/08/18 19:12:28.972, 0, NVIDIA H100, 0, 0, 953, 94368
2026/08/18 19:12:29.022, 0, NVIDIA H100, 0, 0, 953, 94368
2026/08/18 19:12:29.073, 0, NVIDIA H100, 0, 0, 953, 94368
2026/08/18 19:12:29.123, 0, NVIDIA H100, 0, 0, 953, 94368
2026/08/18 19:12:29.173, 0, NVIDIA H100, 0, 0, 953, 94368
2026/08/18 19:12:29.224, 0, NVIDIA H100, 0, 0, 953, 94368
2026/08/18 19:12:29.274, 0, NVIDIA H100, 0, 0, 953, 94368
2026/08/18 19:12:29.324, 0, NVIDIA H100, 0, 0, 953, 94368
2026/08/18 19:12:29.374, 0, NVIDIA H100, 0, 0, 953, 94368
2026/08/18 19:12:29.425, 0, NVIDIA H100, 0, 0, 953, 94368
2026/08/18 19:12:29.475, 0, NVIDIA H100, 0, 0, 953, 94368
2026/08/18 19:12:29.525, 0, NVIDIA H100, 0, 0, 953, 94368
2026/08/18 19:12:29.576, 0, NVIDIA H100, 0, 0, 953, 94368
2026/08/18 19:12:29.626, 0, NVIDIA H100, 0, 0, 953, 94368
2026/08/18 19:12:29.676, 0, NVIDIA H100, 0, 0, 953, 94368
2026/08/18 19:12:29.727, 0, NVIDIA H100, 0, 0, 953, 94368
2026/08/18 19:12:29.777, 0, NVIDIA H100, 0, 0, 953, 94368
2026/08/18 19:12:29.827, 0, NVIDIA H100, 0, 0, 953, 94368
2026/08/18 19:12:29.877, 0, NVIDIA H100, 0, 0, 953, 94368
2026/08/18 19:12:29.928, 0, NVIDIA H100, 0, 0, 953, 94368
2026/08/18 19:12:29.978, 0, NVIDIA H100, 0, 0, 953, 94368
2026/08/18 19:12:30.028, 0, NVIDIA H100, 0, 0, 953, 94368
2026/08/18 19:12:30.079, 0, NVIDIA H100, 0, 0, 953, 94368
2026/08/18 19:12:30.129, 0, NVIDIA H100, 0, 0, 953, 94368
2026/08/18 19:12:30.179, 0, NVIDIA H100, 0, 0, 953, 94368
2026/08/18 19:12:30.230, 0, NVIDIA H100, 0, 0, 953, 94368
2026/08/18 19:12:30.280, 0, NVIDIA H100, 0, 0, 953, 94368
2026/08/18 19:12:30.330, 0, NVIDIA H100, 0, 0, 953, 94368
2026/08/18 19:12:30.380, 0, NVIDIA H100, 0, 0, 953, 94368
2026/08/18 19:12:30.431, 0, NVIDIA H100, 0, 0, 953, 94368
2026/08/18 19:12:30.481, 0, NVIDIA H100, 0, 0, 953, 94368
2026/08/18 19:12:30.531, 0, NVIDIA H100, 0, 0, 953, 94368
2026/08/18 19:12:30.582, 0, NVIDIA H100, 0, 0, 953, 94368
2026/08/18 19:12:30.632, 0, NVIDIA H100, 0, 0, 953, 94368
2026/08/18 19:12:30.682, 0, NVIDIA H100, 0, 0, 953, 94368
2026/08/18 19:12:30.732, 0, NVIDIA H100, 0, 0, 953, 94368
2026/08/18 19:12:30.783, 0, NVIDIA H100, 0, 0, 953, 94368
2026/08/18 19:12:30.833, 0, NVIDIA H100, 0, 0, 953, 94368
2026/08/18 19:12:30.883, 0, NVIDIA H100, 0, 0, 953, 94368
2026/08/18 19:12:30.934, 0, NVIDIA H100, 0, 0, 953, 94368
2026/08/18 19:12:30.984, 0, NVIDIA H100, 0, 0, 953, 94368
2026/08/18 19:12:31.034, 0, NVIDIA H100, 0, 0, 953, 94368
2026/08/18 19:12:31.085, 0, NVIDIA H100, 0, 0, 953, 94368
2026/08/18 19:12:31.135, 0, NVIDIA H100, 0, 0, 953, 94368
2026/08/18 19:12:31.185, 0, NVIDIA H100, 0, 0, 953, 94368
2026/08/18 19:12:31.235, 0, NVIDIA H100, 0, 0, 953, 94368
2026/08/18 19:12:31.286, 0, NVIDIA H100, 0, 0, 953, 94368
2026/08/18 19:12:31.336, 0, NVIDIA H100, 0, 0, 953, 94368
2026/08/18 19:12:31.386, 0, NVIDIA H100, 0, 0, 953, 94368
2026/08/18 19:12:31.437, 0, NVIDIA H100, 0, 0, 953, 94368
2026/08/18 19:12:31.487, 0, NVIDIA H100, 0, 0, 953, 94368
2026/08/18 19:12:31.537, 0, NVIDIA H100, 0, 0, 953, 94368
2026/08/18 19:12:31.587, 0, NVIDIA H100, 0, 0, 953, 94368
2026/08/18 19:12:31.638, 0, NVIDIA H100, 0, 0, 953, 94368
2026/08/18 19:12:31.688, 0, NVIDIA H100, 0, 0, 953, 94368
2026/08/18 19:12:31.738, 0, NVIDIA H100, 0, 0, 953, 94368
2026/08/18 19:12:31.788, 0, NVIDIA H100, 0, 0, 953, 94368
2026/08/18 19:12:31.839, 0, NVIDIA H100, 0, 0, 953, 94368
2026/08/18 19:12:31.889, 0, NVIDIA H100, 0, 0, 953, 94368
2026/08/18 19:12:31.939, 0, NVIDIA H100, 0, 0, 953, 94368
2026/08/18 19:12:31.990, 0, NVIDIA H100, 0, 0, 953, 94368
2026/08/18 19:12:32.040, 0, NVIDIA H100, 0, 0, 953, 94368
2026/08/18 19:12:32.090, 0, NVIDIA H100, 0, 0, 953, 94368
2026/08/18 19:12:32.140, 0, NVIDIA H100, 0, 0, 953, 94368
2026/08/18 19:12:32.191, 0, NVIDIA H100, 0, 0, 953, 94368
2026/08/18 19:12:32.241, 0, NVIDIA H100, 0, 0, 953, 94368
2026/08/18 19:12:32.291, 0, NVIDIA H100, 0, 0, 953, 94368
2026/08/18 19:12:32.342, 0, NVIDIA H100, 0, 0, 953, 94368
2026/08/18 19:12:32.392, 0, NVIDIA H100, 0, 0, 953, 94368
2026/08/18 19:12:32.442, 0, NVIDIA H100, 0, 0, 953, 94368
2026/08/18 19:12:32.492, 0, NVIDIA H100, 0, 0, 953, 94368
2026/08/18 19:12:32.543, 0, NVIDIA H100, 0, 0, 953, 94368
2026/08/18 19:12:32.593, 0, NVIDIA H100, 0, 0, 953, 94368
2026/08/18 19:12:32.643, 0, NVIDIA H100, 0, 0, 953, 94368
2026/08/18 19:12:32.694, 0, NVIDIA H100, 0, 0, 953, 94368
2026/08/18 19:12:32.744, 0, NVIDIA H100, 0, 0, 953, 94368
2026/08/18 19:12:32.794, 0, NVIDIA H100, 0, 0, 953, 94368
2026/08/18 19:12:32.845, 0, NVIDIA H100, 0, 0, 953, 94368
2026/08/18 19:12:32.895, 0, NVIDIA H100, 0, 0, 953, 94368
2026/08/18 19:12:32.945, 0, NVIDIA H100, 0, 0, 953, 94368
2026/08/18 19:12:32.995, 0, NVIDIA H100, 0, 0, 953, 94368
2026/08/18 19:12:33.046, 0, NVIDIA H100, 0, 0, 953, 94368
2026/08/18 19:12:33.096, 0, NVIDIA H100, 0, 0, 953, 94368
2026/08/18 19:12:33.146, 0, NVIDIA H100, 0, 0, 953, 94368
2026/08/18 19:12:33.197, 0, NVIDIA H100, 0, 0, 953, 94368
2026/08/18 19:12:33.247, 0, NVIDIA H100, 0, 0, 953, 94368
2026/08/18 19:12:33.297, 0, NVIDIA H100, 0, 0, 953, 94368
2026/08/18 19:12:33.347, 0, NVIDIA H100, 0, 0, 953, 94368
2026/08/18 19:12:33.398, 0, NVIDIA H100, 0, 0, 953, 94368
2026/08/18 19:12:33.448, 0, NVIDIA H100, 0, 0, 953, 94368
2026/08/18 19:12:33.498, 0, NVIDIA H100, 0, 0, 953, 94368
2026/08/18 19:12:33.549, 0, NVIDIA H100, 0, 0, 953, 94368
2026/08/18 19:12:33.599, 0, NVIDIA H100, 0, 0, 953, 94368
2026/08/18 19:12:33.649, 0, NVIDIA H100, 0, 0, 953, 94368
2026/08/18 19:12:33.699, 0, NVIDIA H100, 0, 0, 953, 94368
2026/08/18 19:12:33.750, 0, NVIDIA H100, 0, 0, 953, 94368
2026/08/18 19:12:33.800, 0, NVIDIA H100, 0, 0, 953, 94368
2026/08/18 19:12:33.850, 0, NVIDIA H100, 0, 0, 953, 94368
2026/08/18 19:12:33.901, 0, NVIDIA H100, 0, 0, 953, 94368
2026/08/18 19:12:33.951, 0, NVIDIA H100, 0, 0, 953, 94368
2026/08/18 19:12:34.001, 0, NVIDIA H100, 0, 0, 953, 94368
2026/08/18 19:12:34.052, 0, NVIDIA H100, 0, 0, 953, 94368
2026/08/18 19:12:34.102, 0, NVIDIA H100, 0, 0, 953, 94368
2026/08/18 19:12:34.152, 0, NVIDIA H100, 0, 0, 953, 94368
2026/08/18 19:12:34.202, 0, NVIDIA H100, 0, 0, 953, 94368
2026/08/18 19:12:34.253, 0, NVIDIA H100, 0, 0, 953, 94368
2026/08/18 19:12:34.303, 0, NVIDIA H100, 0, 0, 953, 94368
2026/08/18 19:12:34.353, 0, NVIDIA H100, 0, 0, 953, 94368
2026/08/18 19:12:34.404, 0, NVIDIA H100, 0, 0, 953, 94368
2026/08/18 19:12:34.454, 0, NVIDIA H100, 0, 0, 953, 94368
2026/08/18 19:12:34.504, 0, NVIDIA H100, 0, 0, 953, 94368
2026/08/18 19:12:34.554, 0, NVIDIA H100, 0, 0, 953, 94368
2026/08/18 19:12:34.605, 0, NVIDIA H100, 0, 0, 953, 94368
2026/08/18 19:12:34.655, 0, NVIDIA H100, 0, 0, 953, 94368
2026/08/18 19:12:34.705, 0, NVIDIA H100, 0, 0, 953, 94368
2026/08/18 19:12:34.756, 0, NVIDIA H100, 0, 0, 953, 94368
2026/08/18 19:12:34.806, 0, NVIDIA H100, 0, 0, 953, 94368
2026/08/18 19:12:34.856, 0, NVIDIA H100, 0, 0, 953, 94368
2026/08/18 19:12:34.906, 0, NVIDIA H100, 0, 0, 953, 94368
2026/08/18 19:12:34.957, 0, NVIDIA H100, 0, 0, 953, 94368
2026/08/18 19:12:35.007, 0, NVIDIA H100, 0, 0, 953, 94368
2026/08/18 19:12:35.057, 0, NVIDIA H100, 0, 0, 953, 94368
2026/08/18 19:12:35.108, 0, NVIDIA H100, 0, 0, 953, 94368
2026/08/18 19:12:35.158, 0, NVIDIA H100, 0, 0, 953, 94368
2026/08/18 19:12:35.208, 0, NVIDIA H100, 0, 0, 953, 94368
2026/08/18 19:12:35.259, 0, NVIDIA H100, 0, 0, 953, 94368
2026/08/18 19:12:35.309, 0, NVIDIA H100, 0, 0, 953, 94368
2026/08/18 19:12:35.359, 0, NVIDIA H100, 0, 0, 953, 94368
2026/08/18 19:12:35.409, 0, NVIDIA H100, 0, 0, 953, 94368
2026/08/18 19:12:35.460, 0, NVIDIA H100, 0, 0, 953, 94368
2026/08/18 19:12:35.510, 0, NVIDIA H100, 0, 0, 953, 94368
2026/08/18 19:12:35.560, 0, NVIDIA H100, 0, 0, 953, 94368
2026/08/18 19:12:35.611, 0, NVIDIA H100, 0, 0, 953, 94368
2026/08/18 19:12:35.661, 0, NVIDIA H100, 0, 0, 953, 94368
2026/08/18 19:12:35.711, 0, NVIDIA H100, 0, 0, 953, 94368
2026/08/18 19:12:35.761, 0, NVIDIA H100, 0, 0, 953, 94368
2026/08/18 19:12:35.812, 0, NVIDIA H100, 0, 0, 953, 94368
2026/08/18 19:12:35.862, 0, NVIDIA H100, 0, 0, 953, 94368
2026/08/18 19:12:35.912, 0, NVIDIA H100, 0, 0, 953, 94368
2026/08/18 19:12:35.963, 0, NVIDIA H100, 0, 0, 953, 94368
2026/08/18 19:12:36.013, 0, NVIDIA H100, 0, 0, 953, 94368
2026/08/18 19:12:36.063, 0, NVIDIA H100, 0, 0, 953, 94368
2026/08/18 19:12:36.113, 0, NVIDIA H100, 0, 0, 953, 94368
2026/08/18 19:12:36.164, 0, NVIDIA H100, 0, 0, 953, 94368
2026/08/18 19:12:36.214, 0, NVIDIA H100, 0, 0, 953, 94368
2026/08/18 19:12:36.264, 0, NVIDIA H100, 0, 0, 953, 94368
2026/08/18 19:12:36.315, 0, NVIDIA H100, 0, 0, 953, 94368
2026/08/18 19:12:36.365, 0, NVIDIA H100, 0, 0, 953, 94368
2026/08/18 19:12:36.415, 0, NVIDIA H100, 0, 0, 953, 94368
2026/08/18 19:12:36.465, 0, NVIDIA H100, 0, 0, 953, 94368
2026/08/18 19:12:36.516, 0, NVIDIA H100, 0, 0, 953, 94368
2026/08/18 19:12:36.566, 0, NVIDIA H100, 0, 0, 953, 94368
2026/08/18 19:12:36.616, 0, NVIDIA H100, 0, 0, 953, 94368
2026/08/18 19:12:36.667, 0, NVIDIA H100, 0, 0, 953, 94368
2026/08/18 19:12:36.717, 0, NVIDIA H100, 0, 0, 953, 94368
2026/08/18 19:12:36.767, 0, NVIDIA H100, 0, 0, 953, 94368
2026/08/18 19:12:36.818, 0, NVIDIA H100, 0, 0, 953, 94368
2026/08/18 19:12:36.868, 0, NVIDIA H100, 0, 0, 953, 94368
2026/08/18 19:12:36.918, 0, NVIDIA H100, 0, 0, 953, 94368
2026/08/18 19:12:36.968, 0, NVIDIA H100, 0, 0, 953, 94368
2026/08/18 19:12:37.019, 0, NVIDIA H100, 0, 0, 953, 94368
2026/08/18 19:12:37.069, 0, NVIDIA H100, 0, 0, 953, 94368
2026/08/18 19:12:37.119, 0, NVIDIA H100, 0, 0, 953, 94368
2026/08/18 19:12:37.170, 0, NVIDIA H100, 0, 0, 953, 94368
2026/08/18 19:12:37.220, 0, NVIDIA H100, 0, 0, 953, 94368
2026/08/18 19:12:37.270, 0, NVIDIA H100, 0, 0, 953, 94368
2026/08/18 19:12:37.321, 0, NVIDIA H100, 0, 0, 953, 94368
2026/08/18 19:12:37.371, 0, NVIDIA H100, 0, 0, 953, 94368
2026/08/18 19:12:37.421, 0, NVIDIA H100, 0, 0, 953, 94368
2026/08/18 19:12:37.471, 0, NVIDIA H100, 0, 0, 953, 94368
2026/08/18 19:12:37.522, 0, NVIDIA H100, 0, 0, 953, 94368
2026/08/18 19:12:37.572, 0, NVIDIA H100, 0, 0, 953, 94368
2026/08/18 19:12:37.622, 0, NVIDIA H100, 0, 0, 953, 94368
2026/08/18 19:12:37.673, 0, NVIDIA H100, 0, 0, 953, 94368
2026/08/18 19:12:37.723, 0, NVIDIA H100, 0, 0, 953, 94368
2026/08/18 19:12:37.773, 0, NVIDIA H100, 0, 0, 953, 94368
2026/08/18 19:12:37.823, 0, NVIDIA H100, 0, 0, 953, 94368
2026/08/18 19:12:37.874, 0, NVIDIA H100, 0, 0, 953, 94368
2026/08/18 19:12:37.924, 0, NVIDIA H100, 0, 0, 953, 94368
2026/08/18 19:12:37.974, 0, NVIDIA H100, 0, 0, 953, 94368
2026/08/18 19:12:38.025, 0, NVIDIA H100, 0, 0, 953, 94368
2026/08/18 19:12:38.075, 0, NVIDIA H100, 0, 0, 953, 94368
2026/08/18 19:12:38.125, 0, NVIDIA H100, 0, 0, 953, 94368
2026/08/18 19:12:38.175, 0, NVIDIA H100, 0, 0, 953, 94368
2026/08/18 19:12:38.226, 0, NVIDIA H100, 0, 0, 953, 94368
2026/08/18 19:12:38.276, 0, NVIDIA H100, 0, 0, 953, 94368
2026/08/18 19:12:38.326, 0, NVIDIA H100, 0, 0, 953, 94368
2026/08/18 19:12:38.377, 0, NVIDIA H100, 0, 0, 953, 94368
2026/08/18 19:12:38.427, 0, NVIDIA H100, 0, 0, 953, 94368
2026/08/18 19:12:38.477, 0, NVIDIA H100, 0, 0, 953, 94368
2026/08/18 19:12:38.527, 0, NVIDIA H100, 0, 0, 953, 94368
2026/08/18 19:12:38.578, 0, NVIDIA H100, 0, 0, 953, 94368
2026/08/18 19:12:38.628, 0, NVIDIA H100, 0, 0, 953, 94368
2026/08/18 19:12:38.678, 0, NVIDIA H100, 0, 0, 953, 94368
2026/08/18 19:12:38.729, 0, NVIDIA H100, 0, 0, 953, 94368
2026/08/18 19:12:38.779, 0, NVIDIA H100, 0, 0, 953, 94368
2026/08/18 19:12:38.829, 0, NVIDIA H100, 0, 0, 953, 94368
2026/08/18 19:12:38.880, 0, NVIDIA H100, 0, 0, 953, 94368
2026/08/18 19:12:38.930, 0, NVIDIA H100, 0, 0, 953, 94368
2026/08/18 19:12:38.980, 0, NVIDIA H100, 0, 0, 953, 94368
2026/08/18 19:12:39.030, 0, NVIDIA H100, 0, 0, 953, 94368
2026/08/18 19:12:39.081, 0, NVIDIA H100, 0, 0, 953, 94368
2026/08/18 19:12:39.131, 0, NVIDIA H100, 0, 0, 953, 94368
2026/08/18 19:12:39.181, 0, NVIDIA H100, 0, 0, 953, 94368
2026/08/18 19:12:39.232, 0, NVIDIA H100, 0, 0, 953, 94368
2026/08/18 19:12:39.282, 0, NVIDIA H100, 0, 0, 953, 94368
2026/08/18 19:12:39.332, 0, NVIDIA H100, 0, 0, 953, 94368
2026/08/18 19:12:39.382, 0, NVIDIA H100, 0, 0, 953, 94368
2026/08/18 19:12:39.433, 0, NVIDIA H100, 0, 0, 953, 94368
2026/08/18 19:12:39.483, 0, NVIDIA H100, 0, 0, 953, 94368
2026/08/18 19:12:39.533, 0, NVIDIA H100, 0, 0, 953, 94368
2026/08/18 19:12:39.584, 0, NVIDIA H100, 0, 0, 953, 94368
2026/08/18 19:12:39.634, 0, NVIDIA H100, 0, 0, 953, 94368
2026/08/18 19:12:39.684, 0, NVIDIA H100, 0, 0, 953, 94368
2026/08/18 19:12:39.735, 0, NVIDIA H100, 0, 0, 953, 94368
2026/08/18 19:12:39.785, 0, NVIDIA H100, 0, 0, 953, 94368
2026/08/18 19:12:39.835, 0, NVIDIA H100, 0, 0, 953, 94368
2026/08/18 19:12:39.885, 0, NVIDIA H100, 0, 0, 953, 94368
2026/08/18 19:12:39.936, 0, NVIDIA H100, 0, 0, 953, 94368
2026/08/18 19:12:39.986, 0, NVIDIA H100, 0, 0, 953, 94368
2026/08/18 19:12:40.036, 0, NVIDIA H100, 0, 0, 953, 94368
2026/08/18 19:12:40.087, 0, NVIDIA H100, 0, 0, 953, 94368
2026/08/18 19:12:40.137, 0, NVIDIA H100, 0, 0, 953, 94368
2026/08/18 19:12:40.187, 0, NVIDIA H100, 0, 0, 953, 94368
2026/08/18 19:12:40.237, 0, NVIDIA H100, 0, 0, 953, 94368
2026/08/18 19:12:40.288, 0, NVIDIA H100, 0, 0, 953, 94368
2026/08/18 19:12:40.338, 0, NVIDIA H100, 0, 0, 953, 94368
2026/08/18 19:12:40.388, 0, NVIDIA H100, 0, 0, 953, 94368
2026/08/18 19:12:40.439, 0, NVIDIA H100, 0, 0, 953, 94368
2026/08/18 19:12:40.489, 0, NVIDIA H100, 0, 0, 953, 94368
2026/08/18 19:12:40.539, 0, NVIDIA H100, 0, 0, 953, 94368
2026/08/18 19:12:40.589, 0, NVIDIA H100, 0, 0, 953, 94368
2026/08/18 19:12:40.640, 0, NVIDIA H100, 0, 0, 953, 94368
2026/08/18 19:12:40.690, 0, NVIDIA H100, 0, 0, 953, 94368
2026/08/18 19:12:40.740, 0, NVIDIA H100, 0, 0, 953, 94368
2026/08/18 19:12:40.791, 0, NVIDIA H100, 0, 0, 953, 94368
2026/08/18 19:12:40.841, 0, NVIDIA H100, 0, 0, 953, 94368
2026/08/18 19:12:40.891, 0, NVIDIA H100, 0, 0, 953, 94368
2026/08/18 19:12:40.942, 0, NVIDIA H100, 0, 0, 953, 94368
2026/08/18 19:12:40.992, 0, NVIDIA H100, 0, 0, 953, 94368
2026/08/18 19:12:41.042, 0, NVIDIA H100, 0, 0, 953, 94368
2026/08/18 19:12:41.092, 0, NVIDIA H100, 0, 0, 953, 94368
2026/08/18 19:12:41.143, 0, NVIDIA H100, 0, 0, 953, 94368
2026/08/18 19:12:41.193, 0, NVIDIA H100, 0, 0, 953, 94368
2026/08/18 19:12:41.243, 0, NVIDIA H100, 0, 0, 953, 94368
2026/08/18 19:12:41.294, 0, NVIDIA H100, 0, 0, 953, 94368
2026/08/18 19:12:41.344, 0, NVIDIA H100, 0, 0, 953, 94368
2026/08/18 19:12:41.394, 0, NVIDIA H100, 0, 0, 953, 94368
2026/08/18 19:12:41.444, 0, NVIDIA H100, 0, 0, 953, 94368
2026/08/18 19:12:41.495, 0, NVIDIA H100, 0, 0, 953, 94368
2026/08/18 19:12:41.545, 0, NVIDIA H100, 0, 0, 953, 94368
2026/08/18 19:12:41.595, 0, NVIDIA H100, 0, 0, 953, 94368
2026/08/18 19:12:41.646, 0, NVIDIA H100, 0, 0, 953, 94368
2026/08/18 19:12:41.696, 0, NVIDIA H100, 0, 0, 953, 94368
2026/08/18 19:12:41.746, 0, NVIDIA H100, 0, 0, 953, 94368
2026/08/18 19:12:41.797, 0, NVIDIA H100, 0, 0, 953, 94368
2026/08/18 19:12:41.847, 0, NVIDIA H100, 0, 0, 953, 94368
2026/08/18 19:12:41.897, 0, NVIDIA H100, 0, 0, 953, 94368
2026/08/18 19:12:41.947, 0, NVIDIA H100, 0, 0, 953, 94368
2026/08/18 19:12:41.998, 0, NVIDIA H100, 0, 0, 953, 94368
2026/08/18 19:12:42.048, 0, NVIDIA H100, 0, 0, 953, 94368
2026/08/18 19:12:42.098, 0, NVIDIA H100, 0, 0, 953, 94368
2026/08/18 19:12:42.149, 0, NVIDIA H100, 0, 0, 953, 94368
2026/08/18 19:12:42.199, 0, NVIDIA H100, 0, 0, 953, 94368
2026/08/18 19:12:42.249, 0, NVIDIA H100, 0, 0, 953, 94368
2026/08/18 19:12:42.299, 0, NVIDIA H100, 0, 0, 953, 94368
2026/08/18 19:12:42.350, 0, NVIDIA H100, 0, 0, 953, 94368
2026/08/18 19:12:42.400, 0, NVIDIA H100, 0, 0, 953, 94368
2026/08/18 19:12:42.450, 0, NVIDIA H100, 0, 0, 953, 94368
2026/08/18 19:12:42.501, 0, NVIDIA H100, 0, 0, 953, 94368
2026/08/18 19:12:42.551, 0, NVIDIA H100, 0, 0, 953, 94368
2026/08/18 19:12:42.601, 0, NVIDIA H100, 0, 0, 953, 94368
2026/08/18 19:12:42.651, 0, NVIDIA H100, 0, 0, 953, 94368
2026/08/18 19:12:42.702, 0, NVIDIA H100, 0, 0, 953, 94368
2026/08/18 19:12:42.752, 0, NVIDIA H100, 0, 0, 953, 94368
2026/08/18 19:12:42.802, 0, NVIDIA H100, 0, 0, 953, 94368
2026/08/18 19:12:42.853, 0, NVIDIA H100, 0, 0, 953, 94368
2026/08/18 19:12:42.903, 0, NVIDIA H100, 0, 0, 953, 94368
2026/08/18 19:12:42.953, 0, NVIDIA H100, 0, 0, 953, 94368
2026/08/18 19:12:43.003, 0, NVIDIA H100, 0, 0, 953, 94368
2026/08/18 19:12:43.054, 0, NVIDIA H100, 0, 0, 953, 94368
2026/08/18 19:12:43.104, 0, NVIDIA H100, 0, 0, 953, 94368
2026/08/18 19:12:43.154, 0, NVIDIA H100, 0, 0, 953, 94368
2026/08/18 19:12:43.205, 0, NVIDIA H100, 0, 0, 953, 94368
2026/08/18 19:12:43.255, 0, NVIDIA H100, 0, 0, 953, 94368
2026/08/18 19:12:43.305, 0, NVIDIA H100, 0, 0, 953, 94368
2026/08/18 19:12:43.355, 0, NVIDIA H100, 0, 0, 953, 94368
2026/08/18 19:12:43.406, 0, NVIDIA H100, 0, 0, 953, 94368
2026/08/18 19:12:43.456, 0, NVIDIA H100, 0, 0, 953, 94368
2026/08/18 19:12:43.506, 0, NVIDIA H100, 0, 0, 953, 94368
2026/08/18 19:12:43.557, 0, NVIDIA H100, 0, 0, 953, 94368
2026/08/18 19:12:43.607, 0, NVIDIA H100, 0, 0, 953, 94368
2026/08/18 19:12:43.657, 0, NVIDIA H100, 0, 0, 953, 94368
2026/08/18 19:12:43.707, 0, NVIDIA H100, 0, 0, 953, 94368
2026/08/18 19:12:43.758, 0, NVIDIA H100, 0, 0, 953, 94368
2026/08/18 19:12:43.808, 0, NVIDIA H100, 0, 0, 953, 94368
2026/08/18 19:12:43.858, 0, NVIDIA H100, 0, 0, 953, 94368
2026/08/18 19:12:43.909, 0, NVIDIA H100, 0, 0, 953, 94368
2026/08/18 19:12:43.959, 0, NVIDIA H100, 0, 0, 953, 94368
2026/08/18 19:12:44.009, 0, NVIDIA H100, 0, 0, 953, 94368
2026/08/18 19:12:44.059, 0, NVIDIA H100, 0, 0, 953, 94368
2026/08/18 19:12:44.110, 0, NVIDIA H100, 0, 0, 953, 94368
2026/08/18 19:12:44.160, 0, NVIDIA H100, 0, 0, 953, 94368
2026/08/18 19:12:44.210, 0, NVIDIA H100, 0, 0, 953, 94368
2026/08/18 19:12:44.261, 0, NVIDIA H100, 0, 0, 953, 94368
2026/08/18 19:12:44.311, 0, NVIDIA H100, 0, 0, 953, 94368
2026/08/18 19:12:44.361, 0, NVIDIA H100, 0, 0, 953, 94368
2026/08/18 19:12:44.411, 0, NVIDIA H100, 0, 0, 953, 94368
2026/08/18 19:12:44.462, 0, NVIDIA H100, 0, 0, 953, 94368
2026/08/18 19:12:44.512, 0, NVIDIA H100, 0, 0, 953, 94368
2026/08/18 19:12:44.562, 0, NVIDIA H100, 0, 0, 953, 94368
2026/08/18 19:12:44.613, 0, NVIDIA H100, 0, 0, 953, 94368
2026/08/18 19:12:44.663, 0, NVIDIA H100, 0, 0, 953, 94368
2026/08/18 19:12:44.713, 0, NVIDIA H100, 0, 0, 953, 94368
2026/08/18 19:12:44.763, 0, NVIDIA H100, 0, 0, 953, 94368
2026/08/18 19:12:44.814, 0, NVIDIA H100, 0, 0, 953, 94368
2026/08/18 19:12:44.864, 0, NVIDIA H100, 0, 0, 953, 94368
2026/08/18 19:12:44.914, 0, NVIDIA H100, 0, 0, 953, 94368
2026/08/18 19:12:44.965, 0, NVIDIA H100, 0, 0, 953, 94368
2026/08/18 19:12:45.015, 0, NVIDIA H100, 0, 0, 953, 94368
2026/08/18 19:12:45.065, 0, NVIDIA H100, 0, 0, 953, 94368
2026/08/18 19:12:45.115, 0, NVIDIA H100, 0, 0, 953, 94368
2026/08/18 19:12:45.166, 0, NVIDIA H100, 0, 0, 953, 94368
2026/08/18 19:12:45.216, 0, NVIDIA H100, 0, 0, 953, 94368
2026/08/18 19:12:45.266, 0, NVIDIA H100, 0, 0, 953, 94368
2026/08/18 19:12:45.317, 0, NVIDIA H100, 0, 0, 953, 94368
2026/08/18 19:12:45.367, 0, NVIDIA H100, 0, 0, 953, 94368
2026/08/18 19:12:45.417, 0, NVIDIA H100, 0, 0, 953, 94368
2026/08/18 19:12:45.467, 0, NVIDIA H100, 0, 0, 953, 94368
2026/08/18 19:12:45.518, 0, NVIDIA H100, 0, 0, 953, 94368
2026/08/18 19:12:45.568, 0, NVIDIA H100, 0, 0, 953, 94368
2026/08/18 19:12:45.618, 0, NVIDIA H100, 0, 0, 953, 94368
2026/08/18 19:12:45.669, 0, NVIDIA H100, 0, 0, 953, 94368
2026/08/18 19:12:45.719, 0, NVIDIA H100, 0, 0, 953, 94368
2026/08/18 19:12:45.769, 0, NVIDIA H100, 0, 0, 953, 94368
2026/08/18 19:12:45.819, 0, NVIDIA H100, 0, 0, 953, 94368
2026/08/18 19:12:45.870, 0, NVIDIA H100, 0, 0, 953, 94368
2026/08/18 19:12:45.920, 0, NVIDIA H100, 0, 0, 953, 94368
2026/08/18 19:12:45.970, 0, NVIDIA H100, 0, 0, 953, 94368
2026/08/18 19:12:46.021, 0, NVIDIA H100, 0, 0, 953, 94368
2026/08/18 19:12:46.071, 0, NVIDIA H100, 0, 0, 953, 94368
2026/08/18 19:12:46.121, 0, NVIDIA H100, 0, 0, 953, 94368
2026/08/18 19:12:46.171, 0, NVIDIA H100, 0, 0, 953, 94368
2026/08/18 19:12:46.222, 0, NVIDIA H100, 0, 0, 953, 94368
2026/08/18 19:12:46.272, 0, NVIDIA H100, 0, 0, 953, 94368
2026/08/18 19:12:46.322, 0, NVIDIA H100, 0, 0, 953, 94368
2026/08/18 19:12:46.373, 0, NVIDIA H100, 0, 0, 953, 94368
2026/08/18 19:12:46.423, 0, NVIDIA H100, 0, 0, 953, 94368
2026/08/18 19:12:46.473, 0, NVIDIA H100, 0, 0, 953, 94368
2026/08/18 19:12:46.523, 0, NVIDIA H100, 0, 0, 953, 94368
2026/08/18 19:12:46.574, 0, NVIDIA H100, 0, 0, 953, 94368
2026/08/18 19:12:46.624, 0, NVIDIA H100, 0, 0, 953, 94368
2026/08/18 19:12:46.674, 0, NVIDIA H100, 0, 0, 953, 94368
2026/08/18 19:12:46.725, 0, NVIDIA H100, 0, 0, 953, 94368
2026/08/18 19:12:46.775, 0, NVIDIA H100, 0, 0, 953, 94368
2026/08/18 19:12:46.825, 0, NVIDIA H100, 0, 0, 953, 94368
2026/08/18 19:12:46.876, 0, NVIDIA H100, 0, 0, 953, 94368
2026/08/18 19:12:46.926, 0, NVIDIA H100, 0, 0, 953, 94368
2026/08/18 19:12:46.976, 0, NVIDIA H100, 0, 0, 953, 94368
2026/08/18 19:12:47.027, 0, NVIDIA H100, 0, 0, 953, 94368
2026/08/18 19:12:47.077, 0, NVIDIA H100, 0, 0, 953, 94368
2026/08/18 19:12:47.127, 0, NVIDIA H100, 0, 0, 953, 94368
2026/08/18 19:12:47.177, 0, NVIDIA H100, 0, 0, 953, 94368
2026/08/18 19:12:47.228, 0, NVIDIA H100, 0, 0, 953, 94368
2026/08/18 19:12:47.278, 0, NVIDIA H100, 0, 0, 953, 94368
2026/08/18 19:12:47.328, 0, NVIDIA H100, 0, 0, 953, 94368
2026/08/18 19:12:47.378, 0, NVIDIA H100, 0, 0, 953, 94368
2026/08/18 19:12:47.429, 0, NVIDIA H100, 0, 0, 953, 94368
2026/08/18 19:12:47.479, 0, NVIDIA H100, 0, 0, 953, 94368
2026/08/18 19:12:47.529, 0, NVIDIA H100, 0, 0, 953, 94368
2026/08/18 19:12:47.580, 0, NVIDIA H100, 0, 0, 953, 94368
2026/08/18 19:12:47.630, 0, NVIDIA H100, 0, 0, 953, 94368
2026/08/18 19:12:47.680, 0, NVIDIA H100, 0, 0, 953, 94368
2026/08/18 19:12:47.730, 0, NVIDIA H100, 0, 0, 953, 94368
2026/08/18 19:12:47.781, 0, NVIDIA H100, 0, 0, 953, 94368
2026/08/18 19:12:47.831, 0, NVIDIA H100, 0, 0, 953, 94368
2026/08/18 19:12:47.881, 0, NVIDIA H100, 0, 0, 953, 94368
2026/08/18 19:12:47.932, 0, NVIDIA H100, 0, 0, 953, 94368
2026/08/18 19:12:47.982, 0, NVIDIA H100, 0, 0, 953, 94368
2026/08/18 19:12:48.032, 0, NVIDIA H100, 0, 0, 953, 94368
2026/08/18 19:12:48.083, 0, NVIDIA H100, 0, 0, 953, 94368
2026/08/18 19:12:48.133, 0, NVIDIA H100, 0, 0, 953, 94368
2026/08/18 19:12:48.183, 0, NVIDIA H100, 0, 0, 953, 94368
2026/08/18 19:12:48.233, 0, NVIDIA H100, 0, 0, 953, 94368
2026/08/18 19:12:48.284, 0, NVIDIA H100, 0, 0, 953, 94368
2026/08/18 19:12:48.334, 0, NVIDIA H100, 0, 0, 953, 94368
2026/08/18 19:12:48.384, 0, NVIDIA H100, 0, 0, 953, 94368
2026/08/18 19:12:48.435, 0, NVIDIA H100, 0, 0, 953, 94368
2026/08/18 19:12:48.485, 0, NVIDIA H100, 0, 0, 953, 94368
2026/08/18 19:12:48.535, 0, NVIDIA H100, 0, 0, 953, 94368
2026/08/18 19:12:48.585, 0, NVIDIA H100, 0, 0, 953, 94368
2026/08/18 19:12:48.636, 0, NVIDIA H100, 0, 0, 953, 94368
2026/08/18 19:12:48.686, 0, NVIDIA H100, 0, 0, 953, 94368
2026/08/18 19:12:48.736, 0, NVIDIA H100, 0, 0, 953, 94368
2026/08/18 19:12:48.787, 0, NVIDIA H100, 0, 0, 953, 94368
2026/08/18 19:12:48.837, 0, NVIDIA H100, 0, 0, 953, 94368
2026/08/18 19:12:48.887, 0, NVIDIA H100, 0, 0, 953, 94368
2026/08/18 19:12:48.938, 0, NVIDIA H100, 0, 0, 953, 94368
2026/08/18 19:12:48.988, 0, NVIDIA H100, 0, 0, 953, 94368
2026/08/18 19:12:49.038, 0, NVIDIA H100, 0, 0, 953, 94368
2026/08/18 19:12:49.088, 0, NVIDIA H100, 0, 0, 953, 94368
2026/08/18 19:12:49.139, 0, NVIDIA H100, 0, 0, 953, 94368
2026/08/18 19:12:49.189, 0, NVIDIA H100, 0, 0, 953, 94368
2026/08/18 19:12:49.239, 0, NVIDIA H100, 0, 0, 953, 94368
2026/08/18 19:12:49.290, 0, NVIDIA H100, 0, 0, 953, 94368
2026/08/18 19:12:49.340, 0, NVIDIA H100, 0, 0, 953, 94368
2026/08/18 19:12:49.390, 0, NVIDIA H100, 0, 0, 953, 94368
2026/08/18 19:12:49.440, 0, NVIDIA H100, 0, 0, 953, 94368
2026/08/18 19:12:49.491, 0, NVIDIA H100, 0, 0, 953, 94368
2026/08/18 19:12:49.541, 0, NVIDIA H100, 0, 0, 953, 94368
2026/08/18 19:12:49.591, 0, NVIDIA H100, 0, 0, 953, 94368
2026/08/18 19:12:49.642, 0, NVIDIA H100, 0, 0, 953, 94368
2026/08/18 19:12:49.692, 0, NVIDIA H100, 0, 0, 953, 94368
2026/08/18 19:12:49.742, 0, NVIDIA H100, 0, 0, 953, 94368
2026/08/18 19:12:49.792, 0, NVIDIA H100, 0, 0, 953, 94368
2026/08/18 19:12:49.843, 0, NVIDIA H100, 0, 0, 953, 94368
2026/08/18 19:12:49.893, 0, NVIDIA H100, 0, 0, 953, 94368
2026/08/18 19:12:49.943, 0, NVIDIA H100, 0, 0, 953, 94368
2026/08/18 19:12:49.994, 0, NVIDIA H100, 0, 0, 953, 94368
2026/08/18 19:12:50.044, 0, NVIDIA H100, 0, 0, 953, 94368
2026/08/18 19:12:50.094, 0, NVIDIA H100, 0, 0, 953, 94368
2026/08/18 19:12:50.144, 0, NVIDIA H100, 0, 0, 953, 94368
2026/08/18 19:12:50.195, 0, NVIDIA H100, 0, 0, 953, 94368
2026/08/18 19:12:50.245, 0, NVIDIA H100, 0, 0, 953, 94368
2026/08/18 19:12:50.295, 0, NVIDIA H100, 0, 0, 953, 94368
2026/08/18 19:12:50.346, 0, NVIDIA H100, 0, 0, 953, 94368
2026/08/18 19:12:50.396, 0, NVIDIA H100, 0, 0, 953, 94368
2026/08/18 19:12:50.446, 0, NVIDIA H100, 0, 0, 953, 94368
2026/08/18 19:12:50.497, 0, NVIDIA H100, 0, 0, 953, 94368
2026/08/18 19:12:50.547, 0, NVIDIA H100, 0, 0, 953, 94368
2026/08/18 19:12:50.597, 0, NVIDIA H100, 0, 0, 953, 94368
2026/08/18 19:12:50.647, 0, NVIDIA H100, 0, 0, 953, 94368
2026/08/18 19:12:50.698, 0, NVIDIA H100, 0, 0, 953, 94368
2026/08/18 19:12:50.748, 0, NVIDIA H100, 0, 0, 953, 94368
2026/08/18 19:12:50.798, 0, NVIDIA H100, 0, 0, 953, 94368
2026/08/18 19:12:50.849, 0, NVIDIA H100, 0, 0, 953, 94368
2026/08/18 19:12:50.899, 0, NVIDIA H100, 0, 0, 953, 94368
2026/08/18 19:12:50.949, 0, NVIDIA H100, 0, 0, 953, 94368
2026/08/18 19:12:51.000, 0, NVIDIA H100, 0, 0, 953, 94368
2026/08/18 19:12:51.050, 0, NVIDIA H100, 0, 0, 953, 94368
2026/08/18 19:12:51.100, 0, NVIDIA H100, 0, 0, 953, 94368
2026/08/18 19:12:51.150, 0, NVIDIA H100, 0, 0, 953, 94368
2026/08/18 19:12:51.201, 0, NVIDIA H100, 0, 0, 953, 94368
2026/08/18 19:12:51.251, 0, NVIDIA H100, 0, 0, 953, 94368
2026/08/18 19:12:51.301, 0, NVIDIA H100, 0, 0, 953, 94368
2026/08/18 19:12:51.352, 0, NVIDIA H100, 0, 0, 953, 94368
2026/08/18 19:12:51.402, 0, NVIDIA H100, 0, 0, 953, 94368
2026/08/18 19:12:51.452, 0, NVIDIA H100, 0, 0, 953, 94368
2026/08/18 19:12:51.502, 0, NVIDIA H100, 0, 0, 953, 94368
2026/08/18 19:12:51.553, 0, NVIDIA H100, 0, 0, 953, 94368
2026/08/18 19:12:51.603, 0, NVIDIA H100, 0, 0, 953, 94368
2026/08/18 19:12:51.653, 0, NVIDIA H100, 0, 0, 953, 94368
2026/08/18 19:12:51.704, 0, NVIDIA H100, 0, 0, 953, 94368
2026/08/18 19:12:51.754, 0, NVIDIA H100, 0, 0, 953, 94368
2026/08/18 19:12:51.804, 0, NVIDIA H100, 0, 0, 953, 94368
2026/08/18 19:12:51.854, 0, NVIDIA H100, 0, 0, 953, 94368
2026/08/18 19:12:51.905, 0, NVIDIA H100, 0, 0, 953, 94368
2026/08/18 19:12:51.955, 0, NVIDIA H100, 0, 0, 953, 94368
2026/08/18 19:12:52.005, 0, NVIDIA H100, 0, 0, 953, 94368
2026/08/18 19:12:52.056, 0, NVIDIA H100, 0, 0, 953, 94368
2026/08/18 19:12:52.106, 0, NVIDIA H100, 0, 0, 953, 94368
2026/08/18 19:12:52.156, 0, NVIDIA H100, 0, 0, 953, 94368
2026/08/18 19:12:52.207, 0, NVIDIA H100, 0, 0, 953, 94368
2026/08/18 19:12:52.257, 0, NVIDIA H100, 0, 0, 953, 94368
2026/08/18 19:12:52.307, 0, NVIDIA H100, 0, 0, 953, 94368
2026/08/18 19:12:52.357, 0, NVIDIA H100, 0, 0, 953, 94368
2026/08/18 19:12:52.408, 0, NVIDIA H100, 0, 0, 953, 94368
2026/08/18 19:12:52.458, 0, NVIDIA H100, 0, 0, 953, 94368
2026/08/18 19:12:52.508, 0, NVIDIA H100, 0, 0, 953, 94368
2026/08/18 19:12:52.559, 0, NVIDIA H100, 0, 0, 953, 94368
2026/08/18 19:12:52.609, 0, NVIDIA H100, 0, 0, 953, 94368
2026/08/18 19:12:52.659, 0, NVIDIA H100, 0, 0, 953, 94368
2026/08/18 19:12:52.709, 0, NVIDIA H100, 0, 0, 953, 94368
2026/08/18 19:12:52.760, 0, NVIDIA H100, 0, 0, 953, 94368
2026/08/18 19:12:52.810, 0, NVIDIA H100, 0, 0, 953, 94368
2026/08/18 19:12:52.860, 0, NVIDIA H100, 0, 0, 953, 94368
2026/08/18 19:12:52.910, 0, NVIDIA H100, 0, 0, 953, 94368
2026/08/18 19:12:52.961, 0, NVIDIA H100, 0, 0, 953, 94368
2026/08/18 19:12:53.011, 0, NVIDIA H100, 0, 0, 953, 94368
2026/08/18 19:12:53.061, 0, NVIDIA H100, 0, 0, 953, 94368
2026/08/18 19:12:53.112, 0, NVIDIA H100, 0, 0, 953, 94368
2026/08/18 19:12:53.162, 0, NVIDIA H100, 0, 0, 953, 94368
2026/08/18 19:12:53.212, 0, NVIDIA H100, 0, 0, 953, 94368
2026/08/18 19:12:53.263, 0, NVIDIA H100, 0, 0, 953, 94368
2026/08/18 19:12:53.313, 0, NVIDIA H100, 0, 0, 953, 94368
2026/08/18 19:12:53.363, 0, NVIDIA H100, 0, 0, 953, 94368
2026/08/18 19:12:53.413, 0, NVIDIA H100, 0, 0, 953, 94368
2026/08/18 19:12:53.464, 0, NVIDIA H100, 0, 0, 953, 94368
2026/08/18 19:12:53.514, 0, NVIDIA H100, 0, 0, 953, 94368
2026/08/18 19:12:53.564, 0, NVIDIA H100, 0, 0, 953, 94368
2026/08/18 19:12:53.614, 0, NVIDIA H100, 0, 0, 953, 94368
2026/08/18 19:12:53.665, 0, NVIDIA H100, 0, 0, 953, 94368
2026/08/18 19:12:53.715, 0, NVIDIA H100, 0, 0, 953, 94368
2026/08/18 19:12:53.765, 0, NVIDIA H100, 0, 0, 953, 94368
2026/08/18 19:12:53.816, 0, NVIDIA H100, 0, 0, 953, 94368
2026/08/18 19:12:53.866, 0, NVIDIA H100, 0, 0, 953, 94368
2026/08/18 19:12:53.916, 0, NVIDIA H100, 0, 0, 953, 94368
2026/08/18 19:12:53.966, 0, NVIDIA H100, 0, 0, 953, 94368
2026/08/18 19:12:54.017, 0, NVIDIA H100, 0, 0, 953, 94368
2026/08/18 19:12:54.067, 0, NVIDIA H100, 0, 0, 953, 94368
2026/08/18 19:12:54.117, 0, NVIDIA H100, 0, 0, 953, 94368
2026/08/18 19:12:54.168, 0, NVIDIA H100, 0, 0, 953, 94368
2026/08/18 19:12:54.218, 0, NVIDIA H100, 0, 0, 953, 94368
2026/08/18 19:12:54.268, 0, NVIDIA H100, 0, 0, 953, 94368
2026/08/18 19:12:54.318, 0, NVIDIA H100, 0, 0, 953, 94368
2026/08/18 19:12:54.369, 0, NVIDIA H100, 0, 0, 953, 94368
2026/08/18 19:12:54.419, 0, NVIDIA H100, 0, 0, 953, 94368
2026/08/18 19:12:54.469, 0, NVIDIA H100, 0, 0, 953, 94368
2026/08/18 19:12:54.520, 0, NVIDIA H100, 0, 0, 953, 94368
2026/08/18 19:12:54.570, 0, NVIDIA H100, 0, 0, 953, 94368
2026/08/18 19:12:54.620, 0, NVIDIA H100, 0, 0, 953, 94368
2026/08/18 19:12:54.670, 0, NVIDIA H100, 0, 0, 953, 94368
2026/08/18 19:12:54.721, 0, NVIDIA H100, 0, 0, 953, 94368
2026/08/18 19:12:54.771, 0, NVIDIA H100, 0, 0, 953, 94368
2026/08/18 19:12:54.821, 0, NVIDIA H100, 0, 0, 953, 94368
2026/08/18 19:12:54.872, 0, NVIDIA H100, 0, 0, 953, 94368
2026/08/18 19:12:54.922, 0, NVIDIA H100, 0, 0, 953, 94368
2026/08/18 19:12:54.972, 0, NVIDIA H100, 0, 0, 953, 94368
2026/08/18 19:12:55.023, 0, NVIDIA H100, 0, 0, 953, 94368
2026/08/18 19:12:55.073, 0, NVIDIA H100, 0, 0, 953, 94368
2026/08/18 19:12:55.123, 0, NVIDIA H100, 0, 0, 953, 94368
2026/08/18 19:12:55.173, 0, NVIDIA H100, 0, 0, 953, 94368
2026/08/18 19:12:55.224, 0, NVIDIA H100, 0, 0, 953, 94368
2026/08/18 19:12:55.274, 0, NVIDIA H100, 0, 0, 953, 94368
2026/08/18 19:12:55.324, 0, NVIDIA H100, 0, 0, 953, 94368
2026/08/18 19:12:55.375, 0, NVIDIA H100, 0, 0, 953, 94368
2026/08/18 19:12:55.425, 0, NVIDIA H100, 0, 0, 953, 94368
2026/08/18 19:12:55.475, 0, NVIDIA H100, 0, 0, 953, 94368
2026/08/18 19:12:55.525, 0, NVIDIA H100, 0, 0, 953, 94368
2026/08/18 19:12:55.576, 0, NVIDIA H100, 0, 0, 953, 94368
2026/08/18 19:12:55.626, 0, NVIDIA H100, 0, 0, 953, 94368
2026/08/18 19:12:55.676, 0, NVIDIA H100, 0, 0, 953, 94368
2026/08/18 19:12:55.727, 0, NVIDIA H100, 0, 0, 953, 94368
2026/08/18 19:12:55.777, 0, NVIDIA H100, 0, 0, 953, 94368
2026/08/18 19:12:55.827, 0, NVIDIA H100, 0, 0, 953, 94368
2026/08/18 19:12:55.878, 0, NVIDIA H100, 0, 0, 953, 94368
2026/08/18 19:12:55.928, 0, NVIDIA H100, 0, 0, 953, 94368
2026/08/18 19:12:55.978, 0, NVIDIA H100, 0, 0, 953, 94368
2026/08/18 19:12:56.028, 0, NVIDIA H100, 0, 0, 953, 94368
2026/08/18 19:12:56.079, 0, NVIDIA H100, 0, 0, 953, 94368
2026/08/18 19:12:56.129, 0, NVIDIA H100, 0, 0, 953, 94368
2026/08/18 19:12:56.179, 0, NVIDIA H100, 0, 0, 953, 94368
2026/08/18 19:12:56.230, 0, NVIDIA H100, 0, 0, 953, 94368
2026/08/18 19:12:56.280, 0, NVIDIA H100, 0, 0, 953, 94368
2026/08/18 19:12:56.330, 0, NVIDIA H100, 0, 0, 953, 94368
2026/08/18 19:12:56.380, 0, NVIDIA H100, 0, 0, 953, 94368
2026/08/18 19:12:56.431, 0, NVIDIA H100, 0, 0, 953, 94368
2026/08/18 19:12:56.481, 0, NVIDIA H100, 0, 0, 953, 94368
2026/08/18 19:12:56.531, 0, NVIDIA H100, 0, 0, 953, 94368
2026/08/18 19:12:56.582, 0, NVIDIA H100, 0, 0, 953, 94368
2026/08/18 19:12:56.632, 0, NVIDIA H100, 0, 0, 953, 94368
2026/08/18 19:12:56.682, 0, NVIDIA H100, 0, 0, 953, 94368
2026/08/18 19:12:56.732, 0, NVIDIA H100, 0, 0, 953, 94368
2026/08/18 19:12:56.783, 0, NVIDIA H100, 0, 0, 953, 94368
2026/08/18 19:12:56.833, 0, NVIDIA H100, 0, 0, 953, 94368
2026/08/18 19:12:56.883, 0, NVIDIA H100, 0, 0, 953, 94368
2026/08/18 19:12:56.934, 0, NVIDIA H100, 0, 0, 953, 94368
2026/08/18 19:12:56.984, 0, NVIDIA H100, 0, 0, 953, 94368
2026/08/18 19:12:57.034, 0, NVIDIA H100, 0, 0, 953, 94368
2026/08/18 19:12:57.084, 0, NVIDIA H100, 0, 0, 953, 94368
2026/08/18 19:12:57.135, 0, NVIDIA H100, 0, 0, 953, 94368
2026/08/18 19:12:57.185, 0, NVIDIA H100, 0, 0, 953, 94368
2026/08/18 19:12:57.235, 0, NVIDIA H100, 0, 0, 953, 94368
2026/08/18 19:12:57.286, 0, NVIDIA H100, 0, 0, 953, 94368
2026/08/18 19:12:57.336, 0, NVIDIA H100, 0, 0, 953, 94368
2026/08/18 19:12:57.386, 0, NVIDIA H100, 0, 0, 953, 94368
2026/08/18 19:12:57.436, 0, NVIDIA H100, 0, 0, 953, 94368
2026/08/18 19:12:57.487, 0, NVIDIA H100, 0, 0, 953, 94368
2026/08/18 19:12:57.537, 0, NVIDIA H100, 0, 0, 953, 94368
2026/08/18 19:12:57.587, 0, NVIDIA H100, 0, 0, 953, 94368
2026/08/18 19:12:57.638, 0, NVIDIA H100, 0, 0, 953, 94368
2026/08/18 19:12:57.688, 0, NVIDIA H100, 0, 0, 953, 94368
2026/08/18 19:12:57.738, 0, NVIDIA H100, 0, 0, 953, 94368
2026/08/18 19:12:57.788, 0, NVIDIA H100, 0, 0, 953, 94368
2026/08/18 19:12:57.839, 0, NVIDIA H100, 0, 0, 953, 94368
2026/08/18 19:12:57.889, 0, NVIDIA H100, 0, 0, 953, 94368
2026/08/18 19:12:57.939, 0, NVIDIA H100, 0, 0, 953, 94368
2026/08/18 19:12:57.990, 0, NVIDIA H100, 0, 0, 953, 94368
2026/08/18 19:12:58.040, 0, NVIDIA H100, 0, 0, 953, 94368
2026/08/18 19:12:58.090, 0, NVIDIA H100, 0, 0, 953, 94368
2026/08/18 19:12:58.140, 0, NVIDIA H100, 0, 0, 953, 94368
2026/08/18 19:12:58.191, 0, NVIDIA H100, 0, 0, 953, 94368
2026/08/18 19:12:58.241, 0, NVIDIA H100, 0, 0, 953, 94368
2026/08/18 19:12:58.291, 0, NVIDIA H100, 0, 0, 953, 94368
2026/08/18 19:12:58.342, 0, NVIDIA H100, 0, 0, 953, 94368
2026/08/18 19:12:58.392, 0, NVIDIA H100, 0, 0, 953, 94368
2026/08/18 19:12:58.442, 0, NVIDIA H100, 0, 0, 953, 94368
2026/08/18 19:12:58.492, 0, NVIDIA H100, 0, 0, 953, 94368
2026/08/18 19:12:58.543, 0, NVIDIA H100, 0, 0, 953, 94368
2026/08/18 19:12:58.593, 0, NVIDIA H100, 0, 0, 953, 94368
2026/08/18 19:12:58.643, 0, NVIDIA H100, 0, 0, 953, 94368
2026/08/18 19:12:58.694, 0, NVIDIA H100, 0, 0, 953, 94368
2026/08/18 19:12:58.744, 0, NVIDIA H100, 0, 0, 953, 94368
2026/08/18 19:12:58.794, 0, NVIDIA H100, 0, 0, 953, 94368
2026/08/18 19:12:58.844, 0, NVIDIA H100, 0, 0, 953, 94368
2026/08/18 19:12:58.895, 0, NVIDIA H100, 0, 0, 953, 94368
2026/08/18 19:12:58.945, 0, NVIDIA H100, 0, 0, 953, 94368
2026/08/18 19:12:58.995, 0, NVIDIA H100, 0, 0, 953, 94368
2026/08/18 19:12:59.046, 0, NVIDIA H100, 0, 0, 953, 94368
2026/08/18 19:12:59.096, 0, NVIDIA H100, 0, 0, 953, 94368
2026/08/18 19:12:59.146, 0, NVIDIA H100, 0, 0, 953, 94368
2026/08/18 19:12:59.196, 0, NVIDIA H100, 0, 0, 953, 94368
2026/08/18 19:12:59.247, 0, NVIDIA H100, 0, 0, 953, 94368
2026/08/18 19:12:59.297, 0, NVIDIA H100, 0, 0, 953, 94368
2026/08/18 19:12:59.347, 0, NVIDIA H100, 0, 0, 953, 94368
2026/08/18 19:12:59.398, 0, NVIDIA H100, 0, 0, 953, 94368
2026/08/18 19:12:59.448, 0, NVIDIA H100, 0, 0, 953, 94368
2026/08/18 19:12:59.498, 0, NVIDIA H100, 0, 0, 953, 94368
2026/08/18 19:12:59.548, 0, NVIDIA H100, 0, 0, 953, 94368
2026/08/18 19:12:59.599, 0, NVIDIA H100, 0, 0, 953, 94368
2026/08/18 19:12:59.649, 0, NVIDIA H100, 0, 0, 953, 94368
2026/08/18 19:12:59.699, 0, NVIDIA H100, 0, 0, 953, 94368
2026/08/18 19:12:59.750, 0, NVIDIA H100, 0, 0, 953, 94368
2026/08/18 19:12:59.800, 0, NVIDIA H100, 0, 0, 953, 94368
2026/08/18 19:12:59.850, 0, NVIDIA H100, 0, 0, 953, 94368
2026/08/18 19:12:59.900, 0, NVIDIA H100, 0, 0, 953, 94368
2026/08/18 19:12:59.951, 0, NVIDIA H100, 0, 0, 953, 94368
2026/08/18 19:13:00.001, 0, NVIDIA H100, 0, 0, 953, 94368
2026/08/18 19:13:00.051, 0, NVIDIA H100, 0, 0, 953, 94368
2026/08/18 19:13:00.102, 0, NVIDIA H100, 0, 0, 953, 94368
2026/08/18 19:13:00.152, 0, NVIDIA H100, 0, 0, 953, 94368
2026/08/18 19:13:00.202, 0, NVIDIA H100, 0, 0, 953, 94368
2026/08/18 19:13:00.252, 0, NVIDIA H100, 0, 0, 953, 94368
2026/08/18 19:13:00.303, 0, NVIDIA H100, 0, 0, 953, 94368
2026/08/18 19:13:00.353, 0, NVIDIA H100, 0, 0, 953, 94368
2026/08/18 19:13:00.403, 0, NVIDIA H100, 0, 0, 953, 94368
2026/08/18 19:13:00.454, 0, NVIDIA H100, 0, 0, 953, 94368
2026/08/18 19:13:00.504, 0, NVIDIA H100, 0, 0, 953, 94368
2026/08/18 19:13:00.554, 0, NVIDIA H100, 0, 0, 953, 94368
2026/08/18 19:13:00.604, 0, NVIDIA H100, 0, 0, 953, 94368
2026/08/18 19:13:00.655, 0, NVIDIA H100, 0, 0, 953, 94368
2026/08/18 19:13:00.705, 0, NVIDIA H100, 0, 0, 953, 94368
2026/08/18 19:13:00.755, 0, NVIDIA H100, 0, 0, 953, 94368
2026/08/18 19:13:00.806, 0, NVIDIA H100, 0, 0, 953, 94368
2026/08/18 19:13:00.856, 0, NVIDIA H100, 0, 0, 953, 94368
2026/08/18 19:13:00.906, 0, NVIDIA H100, 0, 0, 953, 94368
2026/08/18 19:13:00.957, 0, NVIDIA H100, 0, 0, 953, 94368
2026/08/18 19:13:01.007, 0, NVIDIA H100, 0, 0, 953, 94368
2026/08/18 19:13:01.057, 0, NVIDIA H100, 0, 0, 953, 94368
2026/08/18 19:13:01.107, 0, NVIDIA H100, 0, 0, 953, 94368
2026/08/18 19:13:01.158, 0, NVIDIA H100, 0, 0, 953, 94368
2026/08/18 19:13:01.208, 0, NVIDIA H100, 0, 0, 953, 94368
2026/08/18 19:13:01.258, 0, NVIDIA H100, 0, 0, 953, 94368
2026/08/18 19:13:01.308, 0, NVIDIA H100, 0, 0, 953, 94368
2026/08/18 19:13:01.359, 0, NVIDIA H100, 0, 0, 953, 94368
2026/08/18 19:13:01.409, 0, NVIDIA H100, 0, 0, 953, 94368
2026/08/18 19:13:01.459, 0, NVIDIA H100, 0, 0, 953, 94368
2026/08/18 19:13:01.510, 0, NVIDIA H100, 0, 0, 953, 94368
2026/08/18 19:13:01.560, 0, NVIDIA H100, 0, 0, 953, 94368
2026/08/18 19:13:01.610, 0, NVIDIA H100, 0, 0, 953, 94368
2026/08/18 19:13:01.661, 0, NVIDIA H100, 0, 0, 953, 94368
2026/08/18 19:13:01.711, 0, NVIDIA H100, 0, 0, 953, 94368
2026/08/18 19:13:01.761, 0, NVIDIA H100, 0, 0, 953, 94368
2026/08/18 19:13:01.811, 0, NVIDIA H100, 0, 0, 953, 94368
2026/08/18 19:13:01.862, 0, NVIDIA H100, 0, 0, 953, 94368
2026/08/18 19:13:01.912, 0, NVIDIA H100, 0, 0, 953, 94368
2026/08/18 19:13:01.962, 0, NVIDIA H100, 0, 0, 953, 94368
2026/08/18 19:13:02.013, 0, NVIDIA H100, 0, 0, 953, 94368
2026/08/18 19:13:02.063, 0, NVIDIA H100, 0, 0, 953, 94368
2026/08/18 19:13:02.113, 0, NVIDIA H100, 0, 0, 953, 94368
2026/08/18 19:13:02.163, 0, NVIDIA H100, 0, 0, 953, 94368
2026/08/18 19:13:02.214, 0, NVIDIA H100, 0, 0, 953, 94368
2026/08/18 19:13:02.264, 0, NVIDIA H100, 0, 0, 953, 94368
2026/08/18 19:13:02.314, 0, NVIDIA H100, 0, 0, 953, 94368
2026/08/18 19:13:02.365, 0, NVIDIA H100, 0, 0, 953, 94368
2026/08/18 19:13:02.415, 0, NVIDIA H100, 0, 0, 953, 94368
2026/08/18 19:13:02.465, 0, NVIDIA H100, 0, 0, 953, 94368
2026/08/18 19:13:02.515, 0, NVIDIA H100, 0, 0, 953, 94368
2026/08/18 19:13:02.566, 0, NVIDIA H100, 0, 0, 953, 94368
2026/08/18 19:13:02.616, 0, NVIDIA H100, 0, 0, 953, 94368
2026/08/18 19:13:02.666, 0, NVIDIA H100, 0, 0, 953, 94368
2026/08/18 19:13:02.717, 0, NVIDIA H100, 0, 0, 953, 94368
2026/08/18 19:13:02.767, 0, NVIDIA H100, 0, 0, 953, 94368
2026/08/18 19:13:02.817, 0, NVIDIA H100, 0, 0, 953, 94368
2026/08/18 19:13:02.868, 0, NVIDIA H100, 0, 0, 953, 94368
2026/08/18 19:13:02.918, 0, NVIDIA H100, 0, 0, 953, 94368
2026/08/18 19:13:02.968, 0, NVIDIA H100, 0, 0, 953, 94368
2026/08/18 19:13:03.018, 0, NVIDIA H100, 0, 0, 953, 94368
2026/08/18 19:13:03.069, 0, NVIDIA H100, 0, 0, 953, 94368
2026/08/18 19:13:03.119, 0, NVIDIA H100, 0, 0, 953, 94368
2026/08/18 19:13:03.169, 0, NVIDIA H100, 0, 0, 953, 94368
2026/08/18 19:13:03.220, 0, NVIDIA H100, 0, 0, 953, 94368
2026/08/18 19:13:03.270, 0, NVIDIA H100, 0, 0, 953, 94368
2026/08/18 19:13:03.320, 0, NVIDIA H100, 0, 0, 953, 94368
2026/08/18 19:13:03.370, 0, NVIDIA H100, 0, 0, 953, 94368
2026/08/18 19:13:03.421, 0, NVIDIA H100, 0, 0, 953, 94368
2026/08/18 19:13:03.471, 0, NVIDIA H100, 0, 0, 953, 94368
2026/08/18 19:13:03.521, 0, NVIDIA H100, 0, 0, 953, 94368
2026/08/18 19:13:03.572, 0, NVIDIA H100, 0, 0, 953, 94368
2026/08/18 19:13:03.622, 0, NVIDIA H100, 0, 0, 953, 94368
2026/08/18 19:13:03.672, 0, NVIDIA H100, 0, 0, 953, 94368
2026/08/18 19:13:03.722, 0, NVIDIA H100, 0, 0, 953, 94368
2026/08/18 19:13:03.773, 0, NVIDIA H100, 0, 0, 953, 94368
2026/08/18 19:13:03.823, 0, NVIDIA H100, 0, 0, 953, 94368
2026/08/18 19:13:03.873, 0, NVIDIA H100, 0, 0, 953, 94368
2026/08/18 19:13:03.924, 0, NVIDIA H100, 0, 0, 953, 94368
2026/08/18 19:13:03.974, 0, NVIDIA H100, 0, 0, 953, 94368
2026/08/18 19:13:04.024, 0, NVIDIA H100, 0, 0, 953, 94368
2026/08/18 19:13:04.075, 0, NVIDIA H100, 0, 0, 953, 94368
2026/08/18 19:13:04.125, 0, NVIDIA H100, 0, 0, 953, 94368
2026/08/18 19:13:04.175, 0, NVIDIA H100, 0, 0, 953, 94368
2026/08/18 19:13:04.225, 0, NVIDIA H100, 0, 0, 953, 94368
2026/08/18 19:13:04.276, 0, NVIDIA H100, 0, 0, 953, 94368
2026/08/18 19:13:04.326, 0, NVIDIA H100, 0, 0, 953, 94368
2026/08/18 19:13:04.376, 0, NVIDIA H100, 0, 0, 953, 94368
2026/08/18 19:13:04.427, 0, NVIDIA H100, 0, 0, 953, 94368
2026/08/18 19:13:04.477, 0, NVIDIA H100, 0, 0, 953, 94368
2026/08/18 19:13:04.527, 0, NVIDIA H100, 0, 0, 953, 94368
2026/08/18 19:13:04.577, 0, NVIDIA H100, 0, 0, 953, 94368
2026/08/18 19:13:04.628, 0, NVIDIA H100, 0, 0, 953, 94368
2026/08/18 19:13:04.678, 0, NVIDIA H100, 0, 0, 953, 94368
2026/08/18 19:13:04.728, 0, NVIDIA H100, 0, 0, 953, 94368
2026/08/18 19:13:04.779, 0, NVIDIA H100, 0, 0, 953, 94368
2026/08/18 19:13:04.829, 0, NVIDIA H100, 0, 0, 953, 94368
2026/08/18 19:13:04.879, 0, NVIDIA H100, 0, 0, 953, 94368
2026/08/18 19:13:04.929, 0, NVIDIA H100, 0, 0, 953, 94368
2026/08/18 19:13:04.980, 0, NVIDIA H100, 0, 0, 953, 94368
2026/08/18 19:13:05.030, 0, NVIDIA H100, 0, 0, 953, 94368
2026/08/18 19:13:05.080, 0, NVIDIA H100, 0, 0, 953, 94368
2026/08/18 19:13:05.131, 0, NVIDIA H100, 0, 0, 953, 94368
2026/08/18 19:13:05.181, 0, NVIDIA H100, 0, 0, 953, 94368
2026/08/18 19:13:05.231, 0, NVIDIA H100, 0, 0, 953, 94368
2026/08/18 19:13:05.282, 0, NVIDIA H100, 0, 0, 953, 94368
2026/08/18 19:13:05.332, 0, NVIDIA H100, 0, 0, 953, 94368
2026/08/18 19:13:05.382, 0, NVIDIA H100, 0, 0, 953, 94368
2026/08/18 19:13:05.432, 0, NVIDIA H100, 0, 0, 953, 94368
2026/08/18 19:13:05.483, 0, NVIDIA H100, 0, 0, 953, 94368
2026/08/18 19:13:05.533, 0, NVIDIA H100, 0, 0, 953, 94368
2026/08/18 19:13:05.583, 0, NVIDIA H100, 0, 0, 953, 94368
2026/08/18 19:13:05.634, 0, NVIDIA H100, 0, 0, 953, 94368
2026/08/18 19:13:05.684, 0, NVIDIA H100, 0, 0, 953, 94368
2026/08/18 19:13:05.734, 0, NVIDIA H100, 0, 0, 953, 94368
2026/08/18 19:13:05.784, 0, NVIDIA H100, 0, 0, 953, 94368
2026/08/18 19:13:05.835, 0, NVIDIA H100, 0, 0, 953, 94368
2026/08/18 19:13:05.885, 0, NVIDIA H100, 0, 0, 953, 94368
2026/08/18 19:13:05.935, 0, NVIDIA H100, 0, 0, 953, 94368
2026/08/18 19:13:05.986, 0, NVIDIA H100, 0, 0, 953, 94368
2026/08/18 19:13:06.036, 0, NVIDIA H100, 0, 0, 953, 94368
2026/08/18 19:13:06.086, 0, NVIDIA H100, 0, 0, 953, 94368
2026/08/18 19:13:06.136, 0, NVIDIA H100, 0, 0, 953, 94368
2026/08/18 19:13:06.187, 0, NVIDIA H100, 0, 0, 953, 94368
2026/08/18 19:13:06.237, 0, NVIDIA H100, 0, 0, 953, 94368
2026/08/18 19:13:06.287, 0, NVIDIA H100, 0, 0, 953, 94368
2026/08/18 19:13:06.338, 0, NVIDIA H100, 0, 0, 953, 94368
2026/08/18 19:13:06.388, 0, NVIDIA H100, 0, 0, 953, 94368
2026/08/18 19:13:06.438, 0, NVIDIA H100, 0, 0, 953, 94368
2026/08/18 19:13:06.489, 0, NVIDIA H100, 0, 0, 953, 94368
2026/08/18 19:13:06.539, 0, NVIDIA H100, 0, 0, 953, 94368
2026/08/18 19:13:06.589, 0, NVIDIA H100, 0, 0, 953, 94368
2026/08/18 19:13:06.639, 0, NVIDIA H100, 0, 0, 953, 94368
2026/08/18 19:13:06.690, 0, NVIDIA H100, 0, 0, 953, 94368
2026/08/18 19:13:06.740, 0, NVIDIA H100, 0, 0, 953, 94368
2026/08/18 19:13:06.790, 0, NVIDIA H100, 0, 0, 953, 94368
2026/08/18 19:13:06.840, 0, NVIDIA H100, 0, 0, 953, 94368
2026/08/18 19:13:06.891, 0, NVIDIA H100, 0, 0, 953, 94368
2026/08/18 19:13:06.941, 0, NVIDIA H100, 0, 0, 953, 94368
2026/08/18 19:13:06.991, 0, NVIDIA H100, 0, 0, 953, 94368
2026/08/18 19:13:07.042, 0, NVIDIA H100, 0, 0, 953, 94368
2026/08/18 19:13:07.092, 0, NVIDIA H100, 0, 0, 953, 94368
2026/08/18 19:13:07.142, 0, NVIDIA H100, 0, 0, 953, 94368
2026/08/18 19:13:07.193, 0, NVIDIA H100, 0, 0, 953, 94368
2026/08/18 19:13:07.243, 0, NVIDIA H100, 0, 0, 953, 94368
2026/08/18 19:13:07.293, 0, NVIDIA H100, 0, 0, 953, 94368
2026/08/18 19:13:07.343, 0, NVIDIA H100, 0, 0, 953, 94368
2026/08/18 19:13:07.394, 0, NVIDIA H100, 0, 0, 953, 94368
2026/08/18 19:13:07.444, 0, NVIDIA H100, 0, 0, 953, 94368
2026/08/18 19:13:07.494, 0, NVIDIA H100, 0, 0, 953, 94368
2026/08/18 19:13:07.545, 0, NVIDIA H100, 0, 0, 953, 94368
2026/08/18 19:13:07.595, 0, NVIDIA H100, 0, 0, 953, 94368
2026/08/18 19:13:07.645, 0, NVIDIA H100, 0, 0, 953, 94368
2026/08/18 19:13:07.695, 0, NVIDIA H100, 0, 0, 953, 94368
2026/08/18 19:13:07.746, 0, NVIDIA H100, 0, 0, 953, 94368
2026/08/18 19:13:07.796, 0, NVIDIA H100, 0, 0, 953, 94368
2026/08/18 19:13:07.846, 0, NVIDIA H100, 0, 0, 953, 94368
2026/08/18 19:13:07.897, 0, NVIDIA H100, 0, 0, 953, 94368
2026/08/18 19:13:07.947, 0, NVIDIA H100, 0, 0, 953, 94368
2026/08/18 19:13:07.997, 0, NVIDIA H100, 0, 0, 953, 94368
2026/08/18 19:13:08.047, 0, NVIDIA H100, 0, 0, 953, 94368
2026/08/18 19:13:08.098, 0, NVIDIA H100, 0, 0, 953, 94368
2026/08/18 19:13:08.148, 0, NVIDIA H100, 0, 0, 953, 94368
2026/08/18 19:13:08.198, 0, NVIDIA H100, 0, 0, 953, 94368
2026/08/18 19:13:08.249, 0, NVIDIA H100, 0, 0, 953, 94368
2026/08/18 19:13:08.299, 0, NVIDIA H100, 0, 0, 953, 94368
2026/08/18 19:13:08.349, 0, NVIDIA H100, 0, 0, 953, 94368
2026/08/18 19:13:08.399, 0, NVIDIA H100, 0, 0, 953, 94368
2026/08/18 19:13:08.450, 0, NVIDIA H100, 0, 0, 953, 94368
2026/08/18 19:13:08.500, 0, NVIDIA H100, 0, 0, 953, 94368
2026/08/18 19:13:08.550, 0, NVIDIA H100, 0, 0, 953, 94368
2026/08/18 19:13:08.601, 0, NVIDIA H100, 0, 0, 953, 94368
2026/08/18 19:13:08.651, 0, NVIDIA H100, 0, 0, 953, 94368
2026/08/18 19:13:08.701, 0, NVIDIA H100, 0, 0, 953, 94368
2026/08/18 19:13:08.751, 0, NVIDIA H100, 0, 0, 953, 94368
2026/08/18 19:13:08.802, 0, NVIDIA H100, 0, 0, 953, 94368
2026/08/18 19:13:08.852, 0, NVIDIA H100, 0, 0, 953, 94368
2026/08/18 19:13:08.902, 0, NVIDIA H100, 0, 0, 953, 94368
2026/08/18 19:13:08.953, 0, NVIDIA H100, 0, 0, 953, 94368
2026/08/18 19:13:09.003, 0, NVIDIA H100, 0, 0, 953, 94368
2026/08/18 19:13:09.053, 0, NVIDIA H100, 0, 0, 953, 94368
2026/08/18 19:13:09.103, 0, NVIDIA H100, 0, 0, 953, 94368
2026/08/18 19:13:09.154, 0, NVIDIA H100, 0, 0, 953, 94368
2026/08/18 19:13:09.204, 0, NVIDIA H100, 0, 0, 953, 94368
2026/08/18 19:13:09.254, 0, NVIDIA H100, 0, 0, 953, 94368
2026/08/18 19:13:09.305, 0, NVIDIA H100, 0, 0, 953, 94368
2026/08/18 19:13:09.355, 0, NVIDIA H100, 0, 0, 953, 94368
2026/08/18 19:13:09.405, 0, NVIDIA H100, 0, 0, 953, 94368
2026/08/18 19:13:09.455, 0, NVIDIA H100, 0, 0, 953, 94368
2026/08/18 19:13:09.506, 0, NVIDIA H100, 0, 0, 953, 94368
2026/08/18 19:13:09.556, 0, NVIDIA H100, 0, 0, 953, 94368
2026/08/18 19:13:09.606, 0, NVIDIA H100, 0, 0, 953, 94368
2026/08/18 19:13:09.657, 0, NVIDIA H100, 0, 0, 953, 94368
2026/08/18 19:13:09.707, 0, NVIDIA H100, 0, 0, 953, 94368
2026/08/18 19:13:09.757, 0, NVIDIA H100, 0, 0, 953, 94368
2026/08/18 19:13:09.807, 0, NVIDIA H100, 0, 0, 953, 94368
2026/08/18 19:13:09.858, 0, NVIDIA H100, 0, 0, 953, 94368
2026/08/18 19:13:09.908, 0, NVIDIA H100, 0, 0, 953, 94368
2026/08/18 19:13:09.958, 0, NVIDIA H100, 0, 0, 953, 94368
2026/08/18 19:13:10.009, 0, NVIDIA H100, 0, 0, 953, 94368
2026/08/18 19:13:10.059, 0, NVIDIA H100, 0, 0, 953, 94368
2026/08/18 19:13:10.109, 0, NVIDIA H100, 0, 0, 953, 94368
2026/08/18 19:13:10.159, 0, NVIDIA H100, 0, 0, 953, 94368
2026/08/18 19:13:10.210, 0, NVIDIA H100, 0, 0, 953, 94368
2026/08/18 19:13:10.260, 0, NVIDIA H100, 0, 0, 953, 94368
2026/08/18 19:13:10.310, 0, NVIDIA H100, 0, 0, 953, 94368
2026/08/18 19:13:10.361, 0, NVIDIA H100, 0, 0, 953, 94368
2026/08/18 19:13:10.411, 0, NVIDIA H100, 0, 0, 953, 94368
2026/08/18 19:13:10.461, 0, NVIDIA H100, 0, 0, 953, 94368
2026/08/18 19:13:10.511, 0, NVIDIA H100, 0, 0, 953, 94368
2026/08/18 19:13:10.562, 0, NVIDIA H100, 0, 0, 953, 94368
2026/08/18 19:13:10.612, 0, NVIDIA H100, 0, 0, 953, 94368
2026/08/18 19:13:10.662, 0, NVIDIA H100, 0, 0, 953, 94368
2026/08/18 19:13:10.713, 0, NVIDIA H100, 0, 0, 953, 94368
2026/08/18 19:13:10.763, 0, NVIDIA H100, 0, 0, 953, 94368
2026/08/18 19:13:10.813, 0, NVIDIA H100, 0, 0, 953, 94368
2026/08/18 19:13:10.864, 0, NVIDIA H100, 0, 0, 953, 94368
2026/08/18 19:13:10.914, 0, NVIDIA H100, 0, 0, 953, 94368
2026/08/18 19:13:10.964, 0, NVIDIA H100, 0, 0, 953, 94368
2026/08/18 19:13:11.014, 0, NVIDIA H100, 0, 0, 953, 94368
2026/08/18 19:13:11.065, 0, NVIDIA H100, 0, 0, 953, 94368
2026/08/18 19:13:11.115, 0, NVIDIA H100, 0, 0, 953, 94368
2026/08/18 19:13:11.165, 0, NVIDIA H100, 0, 0, 953, 94368
2026/08/18 19:13:11.216, 0, NVIDIA H100, 0, 0, 953, 94368
2026/08/18 19:13:11.266, 0, NVIDIA H100, 0, 0, 953, 94368
2026/08/18 19:13:11.316, 0, NVIDIA H100, 0, 0, 953, 94368
2026/08/18 19:13:11.366, 0, NVIDIA H100, 0, 0, 953, 94368
2026/08/18 19:13:11.417, 0, NVIDIA H100, 0, 0, 953, 94368
2026/08/18 19:13:11.467, 0, NVIDIA H100, 0, 0, 953, 94368
2026/08/18 19:13:11.517, 0, NVIDIA H100, 0, 0, 953, 94368
2026/08/18 19:13:11.568, 0, NVIDIA H100, 0, 0, 953, 94368
2026/08/18 19:13:11.618, 0, NVIDIA H100, 0, 0, 953, 94368
2026/08/18 19:13:11.668, 0, NVIDIA H100, 0, 0, 953, 94368
2026/08/18 19:13:11.718, 0, NVIDIA H100, 0, 0, 953, 94368
2026/08/18 19:13:11.769, 0, NVIDIA H100, 0, 0, 953, 94368
2026/08/18 19:13:11.819, 0, NVIDIA H100, 0, 0, 953, 94368
2026/08/18 19:13:11.869, 0, NVIDIA H100, 0, 0, 953, 94368
2026/08/18 19:13:11.920, 0, NVIDIA H100, 0, 0, 953, 94368
2026/08/18 19:13:11.970, 0, NVIDIA H100, 0, 0, 953, 94368
2026/08/18 19:13:12.020, 0, NVIDIA H100, 0, 0, 953, 94368
2026/08/18 19:13:12.070, 0, NVIDIA H100, 0, 0, 953, 94368
2026/08/18 19:13:12.121, 0, NVIDIA H100, 0, 0, 953, 94368
2026/08/18 19:13:12.171, 0, NVIDIA H100, 0, 0, 953, 94368
2026/08/18 19:13:12.221, 0, NVIDIA H100, 0, 0, 953, 94368
2026/08/18 19:13:12.272, 0, NVIDIA H100, 0, 0, 953, 94368
2026/08/18 19:13:12.322, 0, NVIDIA H100, 0, 0, 953, 94368
2026/08/18 19:13:12.372, 0, NVIDIA H100, 0, 0, 953, 94368
2026/08/18 19:13:12.422, 0, NVIDIA H100, 0, 0, 953, 94368
2026/08/18 19:13:12.473, 0, NVIDIA H100, 0, 0, 953, 94368
2026/08/18 19:13:12.523, 0, NVIDIA H100, 0, 0, 953, 94368
2026/08/18 19:13:12.573, 0, NVIDIA H100, 0, 0, 953, 94368
2026/08/18 19:13:12.624, 0, NVIDIA H100, 0, 0, 953, 94368
2026/08/18 19:13:12.674, 0, NVIDIA H100, 0, 0, 953, 94368
2026/08/18 19:13:12.724, 0, NVIDIA H100, 0, 0, 953, 94368
2026/08/18 19:13:12.774, 0, NVIDIA H100, 0, 0, 953, 94368
2026/08/18 19:13:12.825, 0, NVIDIA H100, 0, 0, 953, 94368
2026/08/18 19:13:12.875, 0, NVIDIA H100, 0, 0, 953, 94368
2026/08/18 19:13:12.925, 0, NVIDIA H100, 0, 0, 953, 94368
2026/08/18 19:13:12.976, 0, NVIDIA H100, 0, 0, 953, 94368
2026/08/18 19:13:13.026, 0, NVIDIA H100, 0, 0, 953, 94368
2026/08/18 19:13:13.076, 0, NVIDIA H100, 0, 0, 953, 94368
2026/08/18 19:13:13.126, 0, NVIDIA H100, 0, 0, 953, 94368
2026/08/18 19:13:13.177, 0, NVIDIA H100, 0, 0, 953, 94368
2026/08/18 19:13:13.227, 0, NVIDIA H100, 0, 0, 953, 94368
2026/08/18 19:13:13.277, 0, NVIDIA H100, 0, 0, 953, 94368
2026/08/18 19:13:13.328, 0, NVIDIA H100, 0, 0, 953, 94368
2026/08/18 19:13:13.378, 0, NVIDIA H100, 0, 0, 953, 94368
2026/08/18 19:13:13.428, 0, NVIDIA H100, 0, 0, 953, 94368
2026/08/18 19:13:13.478, 0, NVIDIA H100, 0, 0, 953, 94368
2026/08/18 19:13:13.529, 0, NVIDIA H100, 0, 0, 953, 94368
2026/08/18 19:13:13.579, 0, NVIDIA H100, 0, 0, 953, 94368
2026/08/18 19:13:13.629, 0, NVIDIA H100, 0, 0, 953, 94368
2026/08/18 19:13:13.680, 0, NVIDIA H100, 0, 0, 953, 94368
2026/08/18 19:13:13.730, 0, NVIDIA H100, 0, 0, 953, 94368
2026/08/18 19:13:13.780, 0, NVIDIA H100, 0, 0, 953, 94368
2026/08/18 19:13:13.830, 0, NVIDIA H100, 0, 0, 953, 94368
2026/08/18 19:13:13.881, 0, NVIDIA H100, 0, 0, 953, 94368
2026/08/18 19:13:13.931, 0, NVIDIA H100, 0, 0, 953, 94368
2026/08/18 19:13:13.981, 0, NVIDIA H100, 0, 0, 953, 94368
2026/08/18 19:13:14.032, 0, NVIDIA H100, 0, 0, 953, 94368
2026/08/18 19:13:14.082, 0, NVIDIA H100, 0, 0, 953, 94368
2026/08/18 19:13:14.132, 0, NVIDIA H100, 0, 0, 953, 94368
2026/08/18 19:13:14.182, 0, NVIDIA H100, 0, 0, 953, 94368
2026/08/18 19:13:14.233, 0, NVIDIA H100, 0, 0, 953, 94368
2026/08/18 19:13:14.283, 0, NVIDIA H100, 0, 0, 953, 94368
2026/08/18 19:13:14.333, 0, NVIDIA H100, 0, 0, 953, 94368
2026/08/18 19:13:14.384, 0, NVIDIA H100, 0, 0, 953, 94368
2026/08/18 19:13:14.434, 0, NVIDIA H100, 0, 0, 953, 94368
2026/08/18 19:13:14.484, 0, NVIDIA H100, 0, 0, 953, 94368
2026/08/18 19:13:14.534, 0, NVIDIA H100, 0, 0, 953, 94368
2026/08/18 19:13:14.585, 0, NVIDIA H100, 0, 0, 953, 94368
2026/08/18 19:13:14.635, 0, NVIDIA H100, 0, 0, 953, 94368
2026/08/18 19:13:14.685, 0, NVIDIA H100, 0, 0, 953, 94368
2026/08/18 19:13:14.736, 0, NVIDIA H100, 0, 0, 953, 94368
2026/08/18 19:13:14.786, 0, NVIDIA H100, 0, 0, 953, 94368
2026/08/18 19:13:14.836, 0, NVIDIA H100, 0, 0, 953, 94368
2026/08/18 19:13:14.887, 0, NVIDIA H100, 0, 0, 953, 94368
2026/08/18 19:13:14.937, 0, NVIDIA H100, 0, 0, 953, 94368
2026/08/18 19:13:14.987, 0, NVIDIA H100, 0, 0, 953, 94368
2026/08/18 19:13:15.037, 0, NVIDIA H100, 0, 0, 953, 94368
2026/08/18 19:13:15.088, 0, NVIDIA H100, 0, 0, 953, 94368
2026/08/18 19:13:15.138, 0, NVIDIA H100, 0, 0, 953, 94368
2026/08/18 19:13:15.188, 0, NVIDIA H100, 0, 0, 953, 94368
2026/08/18 19:13:15.239, 0, NVIDIA H100, 0, 0, 953, 94368
2026/08/18 19:13:15.289, 0, NVIDIA H100, 0, 0, 953, 94368
2026/08/18 19:13:15.339, 0, NVIDIA H100, 0, 0, 953, 94368
2026/08/18 19:13:15.390, 0, NVIDIA H100, 0, 0, 953, 94368
2026/08/18 19:13:15.440, 0, NVIDIA H100, 0, 0, 953, 94368
2026/08/18 19:13:15.490, 0, NVIDIA H100, 0, 0, 953, 94368
2026/08/18 19:13:15.540, 0, NVIDIA H100, 0, 0, 953, 94368
2026/08/18 19:13:15.591, 0, NVIDIA H100, 0, 0, 953, 94368
2026/08/18 19:13:15.641, 0, NVIDIA H100, 0, 0, 953, 94368
2026/08/18 19:13:15.691, 0, NVIDIA H100, 0, 0, 953, 94368
2026/08/18 19:13:15.742, 0, NVIDIA H100, 0, 0, 953, 94368
2026/08/18 19:13:15.792, 0, NVIDIA H100, 0, 0, 953, 94368
2026/08/18 19:13:15.842, 0, NVIDIA H100, 0, 0, 953, 94368
2026/08/18 19:13:15.892, 0, NVIDIA H100, 0, 0, 953, 94368
2026/08/18 19:13:15.943, 0, NVIDIA H100, 0, 0, 953, 94368
2026/08/18 19:13:15.993, 0, NVIDIA H100, 0, 0, 953, 94368
2026/08/18 19:13:16.043, 0, NVIDIA H100, 0, 0, 953, 94368
2026/08/18 19:13:16.094, 0, NVIDIA H100, 0, 0, 953, 94368
2026/08/18 19:13:16.144, 0, NVIDIA H100, 0, 0, 953, 94368
2026/08/18 19:13:16.194, 0, NVIDIA H100, 0, 0, 953, 94368
2026/08/18 19:13:16.244, 0, NVIDIA H100, 0, 0, 953, 94368
2026/08/18 19:13:16.295, 0, NVIDIA H100, 0, 0, 953, 94368
2026/08/18 19:13:16.345, 0, NVIDIA H100, 0, 0, 953, 94368
2026/08/18 19:13:16.395, 0, NVIDIA H100, 0, 0, 953, 94368
2026/08/18 19:13:16.445, 0, NVIDIA H100, 0, 0, 953, 94368
2026/08/18 19:13:16.496, 0, NVIDIA H100, 0, 0, 953, 94368
2026/08/18 19:13:16.546, 0, NVIDIA H100, 0, 0, 953, 94368
2026/08/18 19:13:16.596, 0, NVIDIA H100, 0, 0, 953, 94368
2026/08/18 19:13:16.647, 0, NVIDIA H100, 0, 0, 953, 94368
2026/08/18 19:13:16.697, 0, NVIDIA H100, 0, 0, 953, 94368
2026/08/18 19:13:16.747, 0, NVIDIA H100, 0, 0, 953, 94368
2026/08/18 19:13:16.797, 0, NVIDIA H100, 0, 0, 953, 94368
2026/08/18 19:13:16.848, 0, NVIDIA H100, 0, 0, 953, 94368
2026/08/18 19:13:16.898, 0, NVIDIA H100, 0, 0, 953, 94368
2026/08/18 19:13:16.948, 0, NVIDIA H100, 0, 0, 953, 94368
2026/08/18 19:13:16.999, 0, NVIDIA H100, 0, 0, 953, 94368
2026/08/18 19:13:17.049, 0, NVIDIA H100, 0, 0, 953, 94368
2026/08/18 19:13:17.099, 0, NVIDIA H100, 0, 0, 953, 94368
2026/08/18 19:13:17.149, 0, NVIDIA H100, 0, 0, 953, 94368
2026/08/18 19:13:17.200, 0, NVIDIA H100, 0, 0, 953, 94368
2026/08/18 19:13:17.250, 0, NVIDIA H100, 0, 0, 953, 94368
2026/08/18 19:13:17.300, 0, NVIDIA H100, 0, 0, 953, 94368
2026/08/18 19:13:17.351, 0, NVIDIA H100, 0, 0, 953, 94368
2026/08/18 19:13:17.401, 0, NVIDIA H100, 0, 0, 953, 94368
2026/08/18 19:13:17.451, 0, NVIDIA H100, 0, 0, 953, 94368
2026/08/18 19:13:17.502, 0, NVIDIA H100, 0, 0, 953, 94368
2026/08/18 19:13:17.552, 0, NVIDIA H100, 0, 0, 953, 94368
2026/08/18 19:13:17.602, 0, NVIDIA H100, 0, 0, 953, 94368
2026/08/18 19:13:17.652, 0, NVIDIA H100, 0, 0, 953, 94368
2026/08/18 19:13:17.703, 0, NVIDIA H100, 0, 0, 953, 94368
2026/08/18 19:13:17.753, 0, NVIDIA H100, 0, 0, 953, 94368
2026/08/18 19:13:17.803, 0, NVIDIA H100, 0, 0, 953, 94368
2026/08/18 19:13:17.854, 0, NVIDIA H100, 0, 0, 953, 94368
2026/08/18 19:13:17.904, 0, NVIDIA H100, 0, 0, 953, 94368
2026/08/18 19:13:17.954, 0, NVIDIA H100, 0, 0, 953, 94368
2026/08/18 19:13:18.004, 0, NVIDIA H100, 0, 0, 953, 94368
2026/08/18 19:13:18.055, 0, NVIDIA H100, 0, 0, 953, 94368
2026/08/18 19:13:18.105, 0, NVIDIA H100, 0, 0, 953, 94368
2026/08/18 19:13:18.155, 0, NVIDIA H100, 0, 0, 953, 94368
2026/08/18 19:13:18.206, 0, NVIDIA H100, 0, 0, 953, 94368
2026/08/18 19:13:18.256, 0, NVIDIA H100, 0, 0, 953, 94368
2026/08/18 19:13:18.306, 0, NVIDIA H100, 0, 0, 953, 94368
2026/08/18 19:13:18.356, 0, NVIDIA H100, 0, 0, 953, 94368
2026/08/18 19:13:18.407, 0, NVIDIA H100, 0, 0, 953, 94368
2026/08/18 19:13:18.457, 0, NVIDIA H100, 0, 0, 953, 94368
2026/08/18 19:13:18.507, 0, NVIDIA H100, 0, 0, 953, 94368
2026/08/18 19:13:18.558, 0, NVIDIA H100, 0, 0, 953, 94368
2026/08/18 19:13:18.608, 0, NVIDIA H100, 0, 0, 953, 94368
2026/08/18 19:13:18.658, 0, NVIDIA H100, 0, 0, 953, 94368
2026/08/18 19:13:18.709, 0, NVIDIA H100, 0, 0, 953, 94368
2026/08/18 19:13:18.759, 0, NVIDIA H100, 0, 0, 953, 94368
2026/08/18 19:13:18.809, 0, NVIDIA H100, 0, 0, 953, 94368
2026/08/18 19:13:18.859, 0, NVIDIA H100, 0, 0, 953, 94368
2026/08/18 19:13:18.910, 0, NVIDIA H100, 0, 0, 953, 94368
2026/08/18 19:13:18.960, 0, NVIDIA H100, 0, 0, 953, 94368
2026/08/18 19:13:19.010, 0, NVIDIA H100, 0, 0, 953, 94368
2026/08/18 19:13:19.061, 0, NVIDIA H100, 0, 0, 953, 94368
2026/08/18 19:13:19.111, 0, NVIDIA H100, 0, 0, 953, 94368
2026/08/18 19:13:19.161, 0, NVIDIA H100, 0, 0, 953, 94368
2026/08/18 19:13:19.211, 0, NVIDIA H100, 0, 0, 953, 94368
2026/08/18 19:13:19.262, 0, NVIDIA H100, 0, 0, 953, 94368
2026/08/18 19:13:19.312, 0, NVIDIA H100, 0, 0, 953, 94368
2026/08/18 19:13:19.362, 0, NVIDIA H100, 0, 0, 953, 94368
2026/08/18 19:13:19.413, 0, NVIDIA H100, 0, 0, 953, 94368
2026/08/18 19:13:19.463, 0, NVIDIA H100, 0, 0, 953, 94368
2026/08/18 19:13:19.513, 0, NVIDIA H100, 0, 0, 953, 94368
2026/08/18 19:13:19.564, 0, NVIDIA H100, 0, 0, 953, 94368
2026/08/18 19:13:19.614, 0, NVIDIA H100, 0, 0, 953, 94368
2026/08/18 19:13:19.664, 0, NVIDIA H100, 0, 0, 953, 94368
2026/08/18 19:13:19.714, 0, NVIDIA H100, 0, 0, 953, 94368
2026/08/18 19:13:19.765, 0, NVIDIA H100, 0, 0, 953, 94368
2026/08/18 19:13:19.815, 0, NVIDIA H100, 0, 0, 953, 94368
2026/08/18 19:13:19.865, 0, NVIDIA H100, 0, 0, 953, 94368
2026/08/18 19:13:19.916, 0, NVIDIA H100, 0, 0, 953, 94368
2026/08/18 19:13:19.966, 0, NVIDIA H100, 0, 0, 953, 94368
2026/08/18 19:13:20.016, 0, NVIDIA H100, 0, 0, 953, 94368
2026/08/18 19:13:20.066, 0, NVIDIA H100, 0, 0, 953, 94368
2026/08/18 19:13:20.117, 0, NVIDIA H100, 0, 0, 953, 94368
2026/08/18 19:13:20.167, 0, NVIDIA H100, 0, 0, 953, 94368
2026/08/18 19:13:20.217, 0, NVIDIA H100, 0, 0, 953, 94368
2026/08/18 19:13:20.268, 0, NVIDIA H100, 0, 0, 953, 94368
2026/08/18 19:13:20.318, 0, NVIDIA H100, 0, 0, 953, 94368
2026/08/18 19:13:20.368, 0, NVIDIA H100, 0, 0, 953, 94368
2026/08/18 19:13:20.418, 0, NVIDIA H100, 0, 0, 953, 94368
2026/08/18 19:13:20.469, 0, NVIDIA H100, 0, 0, 953, 94368
2026/08/18 19:13:20.519, 0, NVIDIA H100, 0, 0, 953, 94368
2026/08/18 19:13:20.569, 0, NVIDIA H100, 0, 0, 953, 94368
2026/08/18 19:13:20.620, 0, NVIDIA H100, 0, 0, 953, 94368
2026/08/18 19:13:20.670, 0, NVIDIA H100, 0, 0, 953, 94368
2026/08/18 19:13:20.720, 0, NVIDIA H100, 0, 0, 953, 94368
2026/08/18 19:13:20.771, 0, NVIDIA H100, 0, 0, 953, 94368
2026/08/18 19:13:20.821, 0, NVIDIA H100, 0, 0, 953, 94368
2026/08/18 19:13:20.871, 0, NVIDIA H100, 0, 0, 953, 94368
2026/08/18 19:13:20.921, 0, NVIDIA H100, 0, 0, 953, 94368
2026/08/18 19:13:20.972, 0, NVIDIA H100, 0, 0, 953, 94368
2026/08/18 19:13:21.022, 0, NVIDIA H100, 0, 0, 953, 94368
2026/08/18 19:13:21.072, 0, NVIDIA H100, 0, 0, 953, 94368
2026/08/18 19:13:21.123, 0, NVIDIA H100, 0, 0, 953, 94368
2026/08/18 19:13:21.173, 0, NVIDIA H100, 0, 0, 953, 94368
2026/08/18 19:13:21.223, 0, NVIDIA H100, 0, 0, 953, 94368
2026/08/18 19:13:21.273, 0, NVIDIA H100, 0, 0, 953, 94368
2026/08/18 19:13:21.324, 0, NVIDIA H100, 0, 0, 953, 94368
2026/08/18 19:13:21.374, 0, NVIDIA H100, 0, 0, 953, 94368
2026/08/18 19:13:21.424, 0, NVIDIA H100, 0, 0, 953, 94368
2026/08/18 19:13:21.475, 0, NVIDIA H100, 0, 0, 953, 94368
2026/08/18 19:13:21.525, 0, NVIDIA H100, 0, 0, 953, 94368
2026/08/18 19:13:21.575, 0, NVIDIA H100, 0, 0, 953, 94368
2026/08/18 19:13:21.626, 0, NVIDIA H100, 0, 0, 953, 94368
2026/08/18 19:13:21.676, 0, NVIDIA H100, 0, 0, 953, 94368
2026/08/18 19:13:21.726, 0, NVIDIA H100, 0, 0, 953, 94368
2026/08/18 19:13:21.776, 0, NVIDIA H100, 0, 0, 953, 94368
2026/08/18 19:13:21.827, 0, NVIDIA H100, 0, 0, 953, 94368
2026/08/18 19:13:21.877, 0, NVIDIA H100, 0, 0, 953, 94368
2026/08/18 19:13:21.927, 0, NVIDIA H100, 0, 0, 953, 94368
2026/08/18 19:13:21.978, 0, NVIDIA H100, 0, 0, 953, 94368
2026/08/18 19:13:22.028, 0, NVIDIA H100, 0, 0, 953, 94368
2026/08/18 19:13:22.078, 0, NVIDIA H100, 0, 0, 953, 94368
2026/08/18 19:13:22.128, 0, NVIDIA H100, 0, 0, 953, 94368
2026/08/18 19:13:22.179, 0, NVIDIA H100, 0, 0, 953, 94368
2026/08/18 19:13:22.229, 0, NVIDIA H100, 0, 0, 953, 94368
2026/08/18 19:13:22.279, 0, NVIDIA H100, 0, 0, 953, 94368
2026/08/18 19:13:22.329, 0, NVIDIA H100, 0, 0, 953, 94368
2026/08/18 19:13:22.380, 0, NVIDIA H100, 0, 0, 953, 94368
2026/08/18 19:13:22.430, 0, NVIDIA H100, 0, 0, 953, 94368
2026/08/18 19:13:22.480, 0, NVIDIA H100, 0, 0, 953, 94368
2026/08/18 19:13:22.531, 0, NVIDIA H100, 0, 0, 953, 94368
2026/08/18 19:13:22.581, 0, NVIDIA H100, 0, 0, 953, 94368
2026/08/18 19:13:22.631, 0, NVIDIA H100, 0, 0, 953, 94368
2026/08/18 19:13:22.681, 0, NVIDIA H100, 0, 0, 953, 94368
2026/08/18 19:13:22.732, 0, NVIDIA H100, 0, 0, 953, 94368
2026/08/18 19:13:22.782, 0, NVIDIA H100, 0, 0, 953, 94368
2026/08/18 19:13:22.832, 0, NVIDIA H100, 0, 0, 953, 94368
2026/08/18 19:13:22.883, 0, NVIDIA H100, 0, 0, 953, 94368
2026/08/18 19:13:22.933, 0, NVIDIA H100, 0, 0, 953, 94368
2026/08/18 19:13:22.983, 0, NVIDIA H100, 0, 0, 953, 94368
2026/08/18 19:13:23.033, 0, NVIDIA H100, 0, 0, 953, 94368
2026/08/18 19:13:23.084, 0, NVIDIA H100, 0, 0, 953, 94368
2026/08/18 19:13:23.134, 0, NVIDIA H100, 0, 0, 953, 94368
2026/08/18 19:13:23.184, 0, NVIDIA H100, 0, 0, 953, 94368
2026/08/18 19:13:23.235, 0, NVIDIA H100, 0, 0, 953, 94368
2026/08/18 19:13:23.285, 0, NVIDIA H100, 0, 0, 953, 94368
2026/08/18 19:13:23.335, 0, NVIDIA H100, 0, 0, 953, 94368
2026/08/18 19:13:23.385, 0, NVIDIA H100, 0, 0, 953, 94368
2026/08/18 19:13:23.436, 0, NVIDIA H100, 0, 0, 953, 94368
2026/08/18 19:13:23.486, 0, NVIDIA H100, 0, 0, 953, 94368
2026/08/18 19:13:23.536, 0, NVIDIA H100, 0, 0, 953, 94368
2026/08/18 19:13:23.587, 0, NVIDIA H100, 0, 0, 953, 94368
2026/08/18 19:13:23.637, 0, NVIDIA H100, 0, 0, 953, 94368
2026/08/18 19:13:23.687, 0, NVIDIA H100, 0, 0, 953, 94368
2026/08/18 19:13:23.737, 0, NVIDIA H100, 0, 0, 953, 94368
2026/08/18 19:13:23.788, 0, NVIDIA H100, 0, 0, 953, 94368
2026/08/18 19:13:23.838, 0, NVIDIA H100, 0, 0, 953, 94368
2026/08/18 19:13:23.888, 0, NVIDIA H100, 0, 0, 953, 94368
2026/08/18 19:13:23.939, 0, NVIDIA H100, 0, 0, 953, 94368
2026/08/18 19:13:23.989, 0, NVIDIA H100, 0, 0, 953, 94368
2026/08/18 19:13:24.039, 0, NVIDIA H100, 0, 0, 953, 94368
2026/08/18 19:13:24.089, 0, NVIDIA H100, 0, 0, 953, 94368
2026/08/18 19:13:24.140, 0, NVIDIA H100, 0, 0, 953, 94368
2026/08/18 19:13:24.190, 0, NVIDIA H100, 0, 0, 953, 94368
2026/08/18 19:13:24.240, 0, NVIDIA H100, 0, 0, 953, 94368
2026/08/18 19:13:24.291, 0, NVIDIA H100, 0, 0, 953, 94368
2026/08/18 19:13:24.341, 0, NVIDIA H100, 0, 0, 953, 94368
2026/08/18 19:13:24.391, 0, NVIDIA H100, 0, 0, 953, 94368
2026/08/18 19:13:24.441, 0, NVIDIA H100, 0, 0, 953, 94368
2026/08/18 19:13:24.492, 0, NVIDIA H100, 0, 0, 953, 94368
2026/08/18 19:13:24.542, 0, NVIDIA H100, 0, 0, 953, 94368
2026/08/18 19:13:24.592, 0, NVIDIA H100, 0, 0, 953, 94368
2026/08/18 19:13:24.643, 0, NVIDIA H100, 0, 0, 953, 94368
2026/08/18 19:13:24.693, 0, NVIDIA H100, 0, 0, 953, 94368
2026/08/18 19:13:24.743, 0, NVIDIA H100, 0, 0, 953, 94368
2026/08/18 19:13:24.794, 0, NVIDIA H100, 0, 0, 953, 94368
2026/08/18 19:13:24.844, 0, NVIDIA H100, 0, 0, 953, 94368
2026/08/18 19:13:24.894, 0, NVIDIA H100, 0, 0, 953, 94368
2026/08/18 19:13:24.944, 0, NVIDIA H100, 0, 0, 953, 94368
2026/08/18 19:13:24.995, 0, NVIDIA H100, 0, 0, 953, 94368
2026/08/18 19:13:25.045, 0, NVIDIA H100, 0, 0, 953, 94368
2026/08/18 19:13:25.095, 0, NVIDIA H100, 0, 0, 953, 94368
2026/08/18 19:13:25.146, 0, NVIDIA H100, 0, 0, 953, 94368
2026/08/18 19:13:25.196, 0, NVIDIA H100, 0, 0, 953, 94368
2026/08/18 19:13:25.246, 0, NVIDIA H100, 0, 0, 953, 94368
2026/08/18 19:13:25.296, 0, NVIDIA H100, 0, 0, 953, 94368
2026/08/18 19:13:25.347, 0, NVIDIA H100, 0, 0, 953, 94368
2026/08/18 19:13:25.397, 0, NVIDIA H100, 0, 0, 953, 94368
2026/08/18 19:13:25.447, 0, NVIDIA H100, 0, 0, 953, 94368
2026/08/18 19:13:25.498, 0, NVIDIA H100, 0, 0, 953, 94368
2026/08/18 19:13:25.548, 0, NVIDIA H100, 0, 0, 953, 94368
2026/08/18 19:13:25.598, 0, NVIDIA H100, 0, 0, 953, 94368
2026/08/18 19:13:25.648, 0, NVIDIA H100, 0, 0, 953, 94368
2026/08/18 19:13:25.699, 0, NVIDIA H100, 0, 0, 953, 94368
2026/08/18 19:13:25.749, 0, NVIDIA H100, 0, 0, 953, 94368
2026/08/18 19:13:25.799, 0, NVIDIA H100, 0, 0, 953, 94368
2026/08/18 19:13:25.850, 0, NVIDIA H100, 0, 0, 953, 94368
2026/08/18 19:13:25.900, 0, NVIDIA H100, 0, 0, 953, 94368
2026/08/18 19:13:25.950, 0, NVIDIA H100, 0, 0, 953, 94368
2026/08/18 19:13:26.000, 0, NVIDIA H100, 0, 0, 953, 94368
2026/08/18 19:13:26.051, 0, NVIDIA H100, 0, 0, 953, 94368
2026/08/18 19:13:26.101, 0, NVIDIA H100, 0, 0, 953, 94368
2026/08/18 19:13:26.151, 0, NVIDIA H100, 0, 0, 953, 94368
2026/08/18 19:13:26.202, 0, NVIDIA H100, 0, 0, 953, 94368
2026/08/18 19:13:26.252, 0, NVIDIA H100, 0, 0, 953, 94368
2026/08/18 19:13:26.302, 0, NVIDIA H100, 0, 0, 953, 94368
2026/08/18 19:13:26.352, 0, NVIDIA H100, 0, 0, 953, 94368
2026/08/18 19:13:26.403, 0, NVIDIA H100, 0, 0, 953, 94368
2026/08/18 19:13:26.453, 0, NVIDIA H100, 0, 0, 953, 94368
2026/08/18 19:13:26.503, 0, NVIDIA H100, 0, 0, 953, 94368
2026/08/18 19:13:26.554, 0, NVIDIA H100, 0, 0, 953, 94368
2026/08/18 19:13:26.604, 0, NVIDIA H100, 0, 0, 953, 94368
2026/08/18 19:13:26.654, 0, NVIDIA H100, 0, 0, 953, 94368
2026/08/18 19:13:26.704, 0, NVIDIA H100, 0, 0, 953, 94368
2026/08/18 19:13:26.755, 0, NVIDIA H100, 0, 0, 953, 94368
2026/08/18 19:13:26.805, 0, NVIDIA H100, 0, 0, 953, 94368
2026/08/18 19:13:26.855, 0, NVIDIA H100, 0, 0, 953, 94368
2026/08/18 19:13:26.906, 0, NVIDIA H100, 0, 0, 953, 94368
2026/08/18 19:13:26.956, 0, NVIDIA H100, 0, 0, 953, 94368
2026/08/18 19:13:27.006, 0, NVIDIA H100, 0, 0, 953, 94368
2026/08/18 19:13:27.056, 0, NVIDIA H100, 0, 0, 953, 94368
2026/08/18 19:13:27.107, 0, NVIDIA H100, 0, 0, 953, 94368
2026/08/18 19:13:27.157, 0, NVIDIA H100, 0, 0, 953, 94368
2026/08/18 19:13:27.207, 0, NVIDIA H100, 0, 0, 953, 94368
2026/08/18 19:13:27.258, 0, NVIDIA H100, 0, 0, 953, 94368
2026/08/18 19:13:27.308, 0, NVIDIA H100, 0, 0, 953, 94368
2026/08/18 19:13:27.358, 0, NVIDIA H100, 0, 0, 953, 94368
2026/08/18 19:13:27.408, 0, NVIDIA H100, 0, 0, 953, 94368
2026/08/18 19:13:27.459, 0, NVIDIA H100, 0, 0, 953, 94368
2026/08/18 19:13:27.509, 0, NVIDIA H100, 0, 0, 953, 94368
2026/08/18 19:13:27.559, 0, NVIDIA H100, 0, 0, 953, 94368
2026/08/18 19:13:27.610, 0, NVIDIA H100, 0, 0, 953, 94368
2026/08/18 19:13:27.660, 0, NVIDIA H100, 0, 0, 953, 94368
2026/08/18 19:13:27.710, 0, NVIDIA H100, 0, 0, 953, 94368
2026/08/18 19:13:27.760, 0, NVIDIA H100, 0, 0, 953, 94368
2026/08/18 19:13:27.811, 0, NVIDIA H100, 0, 0, 953, 94368
2026/08/18 19:13:27.861, 0, NVIDIA H100, 0, 0, 953, 94368
2026/08/18 19:13:27.911, 0, NVIDIA H100, 0, 0, 953, 94368
2026/08/18 19:13:27.962, 0, NVIDIA H100, 0, 0, 953, 94368
2026/08/18 19:13:28.012, 0, NVIDIA H100, 0, 0, 953, 94368
2026/08/18 19:13:28.062, 0, NVIDIA H100, 0, 0, 953, 94368
2026/08/18 19:13:28.112, 0, NVIDIA H100, 0, 0, 953, 94368
2026/08/18 19:13:28.163, 0, NVIDIA H100, 0, 0, 953, 94368
2026/08/18 19:13:28.213, 0, NVIDIA H100, 0, 0, 953, 94368
2026/08/18 19:13:28.263, 0, NVIDIA H100, 0, 0, 953, 94368
2026/08/18 19:13:28.314, 0, NVIDIA H100, 0, 0, 953, 94368
2026/08/18 19:13:28.364, 0, NVIDIA H100, 0, 0, 953, 94368
2026/08/18 19:13:28.414, 0, NVIDIA H100, 0, 0, 953, 94368
2026/08/18 19:13:28.464, 0, NVIDIA H100, 0, 0, 953, 94368
2026/08/18 19:13:28.515, 0, NVIDIA H100, 0, 0, 953, 94368
2026/08/18 19:13:28.565, 0, NVIDIA H100, 0, 0, 953, 94368
2026/08/18 19:13:28.615, 0, NVIDIA H100, 0, 0, 953, 94368
2026/08/18 19:13:28.666, 0, NVIDIA H100, 0, 0, 953, 94368
2026/08/18 19:13:28.716, 0, NVIDIA H100, 0, 0, 953, 94368
2026/08/18 19:13:28.766, 0, NVIDIA H100, 0, 0, 953, 94368
2026/08/18 19:13:28.816, 0, NVIDIA H100, 0, 0, 953, 94368
2026/08/18 19:13:28.867, 0, NVIDIA H100, 0, 0, 953, 94368
2026/08/18 19:13:28.917, 0, NVIDIA H100, 0, 0, 953, 94368
2026/08/18 19:13:28.967, 0, NVIDIA H100, 0, 0, 953, 94368
2026/08/18 19:13:29.018, 0, NVIDIA H100, 0, 0, 953, 94368
2026/08/18 19:13:29.068, 0, NVIDIA H100, 0, 0, 953, 94368
2026/08/18 19:13:29.118, 0, NVIDIA H100, 0, 0, 953, 94368
2026/08/18 19:13:29.169, 0, NVIDIA H100, 0, 0, 953, 94368
2026/08/18 19:13:29.219, 0, NVIDIA H100, 0, 0, 953, 94368
2026/08/18 19:13:29.269, 0, NVIDIA H100, 0, 0, 953, 94368
2026/08/18 19:13:29.319, 0, NVIDIA H100, 0, 0, 953, 94368
2026/08/18 19:13:29.370, 0, NVIDIA H100, 0, 0, 953, 94368
2026/08/18 19:13:29.420, 0, NVIDIA H100, 0, 0, 953, 94368
2026/08/18 19:13:29.470, 0, NVIDIA H100, 0, 0, 953, 94368
2026/08/18 19:13:29.521, 0, NVIDIA H100, 0, 0, 953, 94368
2026/08/18 19:13:29.571, 0, NVIDIA H100, 0, 0, 953, 94368
2026/08/18 19:13:29.621, 0, NVIDIA H100, 0, 0, 953, 94368
2026/08/18 19:13:29.671, 0, NVIDIA H100, 0, 0, 953, 94368
2026/08/18 19:13:29.722, 0, NVIDIA H100, 0, 0, 953, 94368
2026/08/18 19:13:29.772, 0, NVIDIA H100, 0, 0, 953, 94368
2026/08/18 19:13:29.822, 0, NVIDIA H100, 0, 0, 953, 94368
2026/08/18 19:13:29.873, 0, NVIDIA H100, 0, 0, 953, 94368
2026/08/18 19:13:29.923, 0, NVIDIA H100, 0, 0, 953, 94368
2026/08/18 19:13:29.973, 0, NVIDIA H100, 0, 0, 953, 94368
2026/08/18 19:13:30.023, 0, NVIDIA H100, 0, 0, 953, 94368
2026/08/18 19:13:30.074, 0, NVIDIA H100, 0, 0, 953, 94368
2026/08/18 19:13:30.124, 0, NVIDIA H100, 0, 0, 953, 94368
2026/08/18 19:13:30.174, 0, NVIDIA H100, 0, 0, 953, 94368
2026/08/18 19:13:30.225, 0, NVIDIA H100, 0, 0, 953, 94368
2026/08/18 19:13:30.275, 0, NVIDIA H100, 0, 0, 953, 94368
2026/08/18 19:13:30.325, 0, NVIDIA H100, 0, 0, 953, 94368
2026/08/18 19:13:30.376, 0, NVIDIA H100, 0, 0, 953, 94368
2026/08/18 19:13:30.426, 0, NVIDIA H100, 0, 0, 953, 94368
2026/08/18 19:13:30.476, 0, NVIDIA H100, 0, 0, 953, 94368
2026/08/18 19:13:30.526, 0, NVIDIA H100, 0, 0, 953, 94368
2026/08/18 19:13:30.577, 0, NVIDIA H100, 0, 0, 953, 94368
2026/08/18 19:13:30.627, 0, NVIDIA H100, 0, 0, 953, 94368
2026/08/18 19:13:30.677, 0, NVIDIA H100, 0, 0, 953, 94368
2026/08/18 19:13:30.728, 0, NVIDIA H100, 0, 0, 953, 94368
2026/08/18 19:13:30.778, 0, NVIDIA H100, 0, 0, 953, 94368
2026/08/18 19:13:30.828, 0, NVIDIA H100, 0, 0, 953, 94368
2026/08/18 19:13:30.878, 0, NVIDIA H100, 0, 0, 953, 94368
2026/08/18 19:13:30.929, 0, NVIDIA H100, 0, 0, 953, 94368
2026/08/18 19:13:30.979, 0, NVIDIA H100, 0, 0, 953, 94368
2026/08/18 19:13:31.029, 0, NVIDIA H100, 0, 0, 953, 94368
2026/08/18 19:13:31.080, 0, NVIDIA H100, 0, 0, 953, 94368
2026/08/18 19:13:31.130, 0, NVIDIA H100, 0, 0, 953, 94368
2026/08/18 19:13:31.180, 0, NVIDIA H100, 0, 0, 953, 94368
2026/08/18 19:13:31.231, 0, NVIDIA H100, 0, 0, 953, 94368
2026/08/18 19:13:31.281, 0, NVIDIA H100, 0, 0, 953, 94368
2026/08/18 19:13:31.331, 0, NVIDIA H100, 0, 0, 953, 94368
2026/08/18 19:13:31.381, 0, NVIDIA H100, 0, 0, 953, 94368
2026/08/18 19:13:31.432, 0, NVIDIA H100, 0, 0, 953, 94368
2026/08/18 19:13:31.482, 0, NVIDIA H100, 0, 0, 953, 94368
2026/08/18 19:13:31.532, 0, NVIDIA H100, 0, 0, 953, 94368
2026/08/18 19:13:31.582, 0, NVIDIA H100, 0, 0, 953, 94368
2026/08/18 19:13:31.633, 0, NVIDIA H100, 0, 0, 953, 94368
2026/08/18 19:13:31.683, 0, NVIDIA H100, 0, 0, 953, 94368
2026/08/18 19:13:31.733, 0, NVIDIA H100, 0, 0, 953, 94368
2026/08/18 19:13:31.784, 0, NVIDIA H100, 0, 0, 953, 94368
2026/08/18 19:13:31.834, 0, NVIDIA H100, 0, 0, 953, 94368
2026/08/18 19:13:31.884, 0, NVIDIA H100, 0, 0, 953, 94368
2026/08/18 19:13:31.934, 0, NVIDIA H100, 0, 0, 953, 94368
2026/08/18 19:13:31.985, 0, NVIDIA H100, 0, 0, 953, 94368
2026/08/18 19:13:32.035, 0, NVIDIA H100, 0, 0, 953, 94368
2026/08/18 19:13:32.085, 0, NVIDIA H100, 0, 0, 953, 94368
2026/08/18 19:13:32.136, 0, NVIDIA H100, 0, 0, 953, 94368
2026/08/18 19:13:32.186, 0, NVIDIA H100, 0, 0, 953, 94368
2026/08/18 19:13:32.236, 0, NVIDIA H100, 0, 0, 953, 94368
2026/08/18 19:13:32.286, 0, NVIDIA H100, 0, 0, 953, 94368
2026/08/18 19:13:32.337, 0, NVIDIA H100, 0, 0, 953, 94368
2026/08/18 19:13:32.387, 0, NVIDIA H100, 0, 0, 953, 94368
2026/08/18 19:13:32.437, 0, NVIDIA H100, 0, 0, 953, 94368
2026/08/18 19:13:32.488, 0, NVIDIA H100, 0, 0, 953, 94368
2026/08/18 19:13:32.538, 0, NVIDIA H100, 0, 0, 953, 94368
2026/08/18 19:13:32.588, 0, NVIDIA H100, 0, 0, 953, 94368
2026/08/18 19:13:32.639, 0, NVIDIA H100, 0, 0, 953, 94368
2026/08/18 19:13:32.689, 0, NVIDIA H100, 0, 0, 953, 94368
2026/08/18 19:13:32.739, 0, NVIDIA H100, 0, 0, 953, 94368
2026/08/18 19:13:32.789, 0, NVIDIA H100, 0, 0, 953, 94368
2026/08/18 19:13:32.840, 0, NVIDIA H100, 0, 0, 953, 94368
2026/08/18 19:13:32.890, 0, NVIDIA H100, 0, 0, 953, 94368
2026/08/18 19:13:32.940, 0, NVIDIA H100, 0, 0, 953, 94368
2026/08/18 19:13:32.991, 0, NVIDIA H100, 0, 0, 953, 94368
2026/08/18 19:13:33.041, 0, NVIDIA H100, 0, 0, 953, 94368
2026/08/18 19:13:33.091, 0, NVIDIA H100, 0, 0, 953, 94368
2026/08/18 19:13:33.141, 0, NVIDIA H100, 0, 0, 953, 94368
2026/08/18 19:13:33.192, 0, NVIDIA H100, 0, 0, 953, 94368
2026/08/18 19:13:33.242, 0, NVIDIA H100, 0, 0, 953, 94368
2026/08/18 19:13:33.292, 0, NVIDIA H100, 0, 0, 953, 94368
2026/08/18 19:13:33.343, 0, NVIDIA H100, 0, 0, 953, 94368
2026/08/18 19:13:33.393, 0, NVIDIA H100, 0, 0, 953, 94368
2026/08/18 19:13:33.443, 0, NVIDIA H100, 0, 0, 953, 94368
2026/08/18 19:13:33.493, 0, NVIDIA H100, 0, 0, 953, 94368
2026/08/18 19:13:33.544, 0, NVIDIA H100, 0, 0, 953, 94368
2026/08/18 19:13:33.594, 0, NVIDIA H100, 0, 0, 953, 94368
2026/08/18 19:13:33.644, 0, NVIDIA H100, 0, 0, 953, 94368
2026/08/18 19:13:33.695, 0, NVIDIA H100, 0, 0, 953, 94368
2026/08/18 19:13:33.745, 0, NVIDIA H100, 0, 0, 953, 94368
2026/08/18 19:13:33.795, 0, NVIDIA H100, 0, 0, 953, 94368
2026/08/18 19:13:33.846, 0, NVIDIA H100, 0, 0, 953, 94368
2026/08/18 19:13:33.896, 0, NVIDIA H100, 0, 0, 953, 94368
2026/08/18 19:13:33.946, 0, NVIDIA H100, 0, 0, 953, 94368
2026/08/18 19:13:33.996, 0, NVIDIA H100, 0, 0, 953, 94368
2026/08/18 19:13:34.047, 0, NVIDIA H100, 0, 0, 953, 94368
2026/08/18 19:13:34.097, 0, NVIDIA H100, 0, 0, 953, 94368
2026/08/18 19:13:34.147, 0, NVIDIA H100, 0, 0, 953, 94368
2026/08/18 19:13:34.198, 0, NVIDIA H100, 0, 0, 953, 94368
2026/08/18 19:13:34.248, 0, NVIDIA H100, 0, 0, 953, 94368
2026/08/18 19:13:34.298, 0, NVIDIA H100, 0, 0, 953, 94368
2026/08/18 19:13:34.348, 0, NVIDIA H100, 0, 0, 953, 94368
2026/08/18 19:13:34.399, 0, NVIDIA H100, 0, 0, 953, 94368
2026/08/18 19:13:34.449, 0, NVIDIA H100, 0, 0, 953, 94368
2026/08/18 19:13:34.499, 0, NVIDIA H100, 0, 0, 953, 94368
2026/08/18 19:13:34.550, 0, NVIDIA H100, 0, 0, 953, 94368
2026/08/18 19:13:34.600, 0, NVIDIA H100, 0, 0, 953, 94368
2026/08/18 19:13:34.650, 0, NVIDIA H100, 0, 0, 953, 94368
2026/08/18 19:13:34.701, 0, NVIDIA H100, 0, 0, 953, 94368
2026/08/18 19:13:34.751, 0, NVIDIA H100, 0, 0, 953, 94368
2026/08/18 19:13:34.801, 0, NVIDIA H100, 0, 0, 953, 94368
2026/08/18 19:13:34.851, 0, NVIDIA H100, 0, 0, 953, 94368
2026/08/18 19:13:34.902, 0, NVIDIA H100, 0, 0, 953, 94368
2026/08/18 19:13:34.952, 0, NVIDIA H100, 0, 0, 953, 94368
2026/08/18 19:13:35.002, 0, NVIDIA H100, 0, 0, 953, 94368
2026/08/18 19:13:35.053, 0, NVIDIA H100, 0, 0, 953, 94368
2026/08/18 19:13:35.103, 0, NVIDIA H100, 0, 0, 953, 94368
2026/08/18 19:13:35.153, 0, NVIDIA H100, 0, 0, 953, 94368
2026/08/18 19:13:35.203, 0, NVIDIA H100, 0, 0, 953, 94368
2026/08/18 19:13:35.254, 0, NVIDIA H100, 0, 0, 953, 94368
2026/08/18 19:13:35.304, 0, NVIDIA H100, 0, 0, 953, 94368
2026/08/18 19:13:35.354, 0, NVIDIA H100, 0, 0, 953, 94368
2026/08/18 19:13:35.405, 0, NVIDIA H100, 0, 0, 953, 94368
2026/08/18 19:13:35.455, 0, NVIDIA H100, 0, 0, 953, 94368
2026/08/18 19:13:35.505, 0, NVIDIA H100, 0, 0, 953, 94368
2026/08/18 19:13:35.555, 0, NVIDIA H100, 0, 0, 953, 94368
2026/08/18 19:13:35.606, 0, NVIDIA H100, 0, 0, 953, 94368
2026/08/18 19:13:35.656, 0, NVIDIA H100, 0, 0, 953, 94368
2026/08/18 19:13:35.706, 0, NVIDIA H100, 0, 0, 953, 94368
2026/08/18 19:13:35.757, 0, NVIDIA H100, 0, 0, 953, 94368
2026/08/18 19:13:35.807, 0, NVIDIA H100, 0, 0, 953, 94368
2026/08/18 19:13:35.857, 0, NVIDIA H100, 0, 0, 953, 94368
2026/08/18 19:13:35.907, 0, NVIDIA H100, 0, 0, 953, 94368
2026/08/18 19:13:35.958, 0, NVIDIA H100, 0, 0, 953, 94368
2026/08/18 19:13:36.008, 0, NVIDIA H100, 0, 0, 953, 94368
2026/08/18 19:13:36.058, 0, NVIDIA H100, 0, 0, 953, 94368
2026/08/18 19:13:36.109, 0, NVIDIA H100, 0, 0, 953, 94368
2026/08/18 19:13:36.159, 0, NVIDIA H100, 0, 0, 953, 94368
2026/08/18 19:13:36.209, 0, NVIDIA H100, 0, 0, 953, 94368
2026/08/18 19:13:36.259, 0, NVIDIA H100, 0, 0, 953, 94368
2026/08/18 19:13:36.310, 0, NVIDIA H100, 0, 0, 953, 94368
2026/08/18 19:13:36.360, 0, NVIDIA H100, 0, 0, 953, 94368
2026/08/18 19:13:36.410, 0, NVIDIA H100, 0, 0, 953, 94368
2026/08/18 19:13:36.461, 0, NVIDIA H100, 0, 0, 953, 94368
2026/08/18 19:13:36.511, 0, NVIDIA H100, 0, 0, 953, 94368
2026/08/18 19:13:36.561, 0, NVIDIA H100, 0, 0, 953, 94368
2026/08/18 19:13:36.611, 0, NVIDIA H100, 0, 0, 953, 94368
2026/08/18 19:13:36.662, 0, NVIDIA H100, 0, 0, 953, 94368
2026/08/18 19:13:36.712, 0, NVIDIA H100, 0, 0, 953, 94368
2026/08/18 19:13:36.762, 0, NVIDIA H100, 0, 0, 953, 94368
2026/08/18 19:13:36.813, 0, NVIDIA H100, 0, 0, 953, 94368
2026/08/18 19:13:36.863, 0, NVIDIA H100, 0, 0, 953, 94368
2026/08/18 19:13:36.913, 0, NVIDIA H100, 0, 0, 953, 94368
2026/08/18 19:13:36.963, 0, NVIDIA H100, 0, 0, 953, 94368
2026/08/18 19:13:37.014, 0, NVIDIA H100, 0, 0, 953, 94368
2026/08/18 19:13:37.064, 0, NVIDIA H100, 0, 0, 953, 94368
2026/08/18 19:13:37.114, 0, NVIDIA H100, 0, 0, 953, 94368
2026/08/18 19:13:37.165, 0, NVIDIA H100, 0, 0, 953, 94368
2026/08/18 19:13:37.215, 0, NVIDIA H100, 0, 0, 953, 94368
2026/08/18 19:13:37.265, 0, NVIDIA H100, 0, 0, 953, 94368
2026/08/18 19:13:37.315, 0, NVIDIA H100, 0, 0, 953, 94368
2026/08/18 19:13:37.366, 0, NVIDIA H100, 0, 0, 953, 94368
2026/08/18 19:13:37.416, 0, NVIDIA H100, 0, 0, 953, 94368
2026/08/18 19:13:37.466, 0, NVIDIA H100, 0, 0, 953, 94368
2026/08/18 19:13:37.517, 0, NVIDIA H100, 0, 0, 953, 94368
2026/08/18 19:13:37.567, 0, NVIDIA H100, 0, 0, 953, 94368
2026/08/18 19:13:37.617, 0, NVIDIA H100, 0, 0, 953, 94368
2026/08/18 19:13:37.668, 0, NVIDIA H100, 0, 0, 953, 94368
2026/08/18 19:13:37.718, 0, NVIDIA H100, 0, 0, 953, 94368
2026/08/18 19:13:37.768, 0, NVIDIA H100, 0, 0, 953, 94368
2026/08/18 19:13:37.818, 0, NVIDIA H100, 0, 0, 953, 94368
2026/08/18 19:13:37.869, 0, NVIDIA H100, 0, 0, 953, 94368
2026/08/18 19:13:37.919, 0, NVIDIA H100, 0, 0, 953, 94368
2026/08/18 19:13:37.969, 0, NVIDIA H100, 0, 0, 953, 94368
2026/08/18 19:13:38.020, 0, NVIDIA H100, 0, 0, 953, 94368
2026/08/18 19:13:38.070, 0, NVIDIA H100, 0, 0, 953, 94368
2026/08/18 19:13:38.120, 0, NVIDIA H100, 0, 0, 953, 94368
2026/08/18 19:13:38.170, 0, NVIDIA H100, 0, 0, 953, 94368
2026/08/18 19:13:38.221, 0, NVIDIA H100, 0, 0, 953, 94368
2026/08/18 19:13:38.271, 0, NVIDIA H100, 0, 0, 953, 94368
2026/08/18 19:13:38.321, 0, NVIDIA H100, 0, 0, 953, 94368
2026/08/18 19:13:38.372, 0, NVIDIA H100, 0, 0, 953, 94368
2026/08/18 19:13:38.422, 0, NVIDIA H100, 0, 0, 953, 94368
2026/08/18 19:13:38.472, 0, NVIDIA H100, 0, 0, 953, 94368
2026/08/18 19:13:38.522, 0, NVIDIA H100, 0, 0, 953, 94368
2026/08/18 19:13:38.573, 0, NVIDIA H100, 0, 0, 953, 94368
2026/08/18 19:13:38.623, 0, NVIDIA H100, 0, 0, 953, 94368
2026/08/18 19:13:38.673, 0, NVIDIA H100, 0, 0, 953, 94368
2026/08/18 19:13:38.724, 0, NVIDIA H100, 0, 0, 953, 94368
2026/08/18 19:13:38.774, 0, NVIDIA H100, 0, 0, 953, 94368
2026/08/18 19:13:38.824, 0, NVIDIA H100, 0, 0, 953, 94368
2026/08/18 19:13:38.874, 0, NVIDIA H100, 0, 0, 953, 94368
2026/08/18 19:13:38.925, 0, NVIDIA H100, 0, 0, 953, 94368
2026/08/18 19:13:38.975, 0, NVIDIA H100, 0, 0, 953, 94368
2026/08/18 19:13:39.025, 0, NVIDIA H100, 0, 0, 953, 94368
2026/08/18 19:13:39.076, 0, NVIDIA H100, 0, 0, 953, 94368
2026/08/18 19:13:39.126, 0, NVIDIA H100, 0, 0, 953, 94368
2026/08/18 19:13:39.176, 0, NVIDIA H100, 0, 0, 953, 94368
2026/08/18 19:13:39.226, 0, NVIDIA H100, 0, 0, 953, 94368
2026/08/18 19:13:39.277, 0, NVIDIA H100, 0, 0, 953, 94368
2026/08/18 19:13:39.327, 0, NVIDIA H100, 0, 0, 953, 94368
2026/08/18 19:13:39.377, 0, NVIDIA H100, 0, 0, 953, 94368
2026/08/18 19:13:39.428, 0, NVIDIA H100, 0, 0, 953, 94368
2026/08/18 19:13:39.478, 0, NVIDIA H100, 0, 0, 953, 94368
2026/08/18 19:13:39.528, 0, NVIDIA H100, 0, 0, 953, 94368
2026/08/18 19:13:39.578, 0, NVIDIA H100, 0, 0, 953, 94368
2026/08/18 19:13:39.629, 0, NVIDIA H100, 0, 0, 953, 94368
2026/08/18 19:13:39.679, 0, NVIDIA H100, 0, 0, 953, 94368
2026/08/18 19:13:39.729, 0, NVIDIA H100, 0, 0, 953, 94368
2026/08/18 19:13:39.780, 0, NVIDIA H100, 0, 0, 953, 94368
2026/08/18 19:13:39.830, 0, NVIDIA H100, 0, 0, 953, 94368
2026/08/18 19:13:39.880, 0, NVIDIA H100, 0, 0, 953, 94368
2026/08/18 19:13:39.930, 0, NVIDIA H100, 0, 0, 953, 94368
2026/08/18 19:13:39.981, 0, NVIDIA H100, 0, 0, 953, 94368
2026/08/18 19:13:40.031, 0, NVIDIA H100, 0, 0, 953, 94368
2026/08/18 19:13:40.081, 0, NVIDIA H100, 0, 0, 953, 94368
2026/08/18 19:13:40.132, 0, NVIDIA H100, 0, 0, 953, 94368
2026/08/18 19:13:40.182, 0, NVIDIA H100, 0, 0, 953, 94368
2026/08/18 19:13:40.232, 0, NVIDIA H100, 0, 0, 953, 94368
2026/08/18 19:13:40.283, 0, NVIDIA H100, 0, 0, 953, 94368
2026/08/18 19:13:40.333, 0, NVIDIA H100, 0, 0, 953, 94368
2026/08/18 19:13:40.383, 0, NVIDIA H100, 0, 0, 953, 94368
2026/08/18 19:13:40.433, 0, NVIDIA H100, 0, 0, 953, 94368
2026/08/18 19:13:40.484, 0, NVIDIA H100, 0, 0, 953, 94368
2026/08/18 19:13:40.534, 0, NVIDIA H100, 0, 0, 953, 94368
2026/08/18 19:13:40.584, 0, NVIDIA H100, 0, 0, 953, 94368
2026/08/18 19:13:40.635, 0, NVIDIA H100, 0, 0, 953, 94368
2026/08/18 19:13:40.685, 0, NVIDIA H100, 0, 0, 953, 94368
2026/08/18 19:13:40.735, 0, NVIDIA H100, 0, 0, 953, 94368
2026/08/18 19:13:40.785, 0, NVIDIA H100, 0, 0, 953, 94368
2026/08/18 19:13:40.836, 0, NVIDIA H100, 0, 0, 953, 94368
2026/08/18 19:13:40.886, 0, NVIDIA H100, 0, 0, 953, 94368
2026/08/18 19:13:40.936, 0, NVIDIA H100, 0, 0, 953, 94368
2026/08/18 19:13:40.987, 0, NVIDIA H100, 0, 0, 953, 94368
2026/08/18 19:13:41.037, 0, NVIDIA H100, 0, 0, 953, 94368
2026/08/18 19:13:41.087, 0, NVIDIA H100, 0, 0, 953, 94368
2026/08/18 19:13:41.137, 0, NVIDIA H100, 0, 0, 953, 94368
2026/08/18 19:13:41.188, 0, NVIDIA H100, 0, 0, 953, 94368
2026/08/18 19:13:41.238, 0, NVIDIA H100, 0, 0, 953, 94368
2026/08/18 19:13:41.288, 0, NVIDIA H100, 0, 0, 953, 94368
2026/08/18 19:13:41.339, 0, NVIDIA H100, 0, 0, 953, 94368
2026/08/18 19:13:41.389, 0, NVIDIA H100, 0, 0, 953, 94368
2026/08/18 19:13:41.439, 0, NVIDIA H100, 0, 0, 953, 94368
2026/08/18 19:13:41.489, 0, NVIDIA H100, 0, 0, 953, 94368
2026/08/18 19:13:41.540, 0, NVIDIA H100, 0, 0, 953, 94368
2026/08/18 19:13:41.590, 0, NVIDIA H100, 0, 0, 953, 94368
2026/08/18 19:13:41.640, 0, NVIDIA H100, 0, 0, 953, 94368
2026/08/18 19:13:41.691, 0, NVIDIA H100, 0, 0, 953, 94368
2026/08/18 19:13:41.741, 0, NVIDIA H100, 0, 0, 953, 94368
2026/08/18 19:13:41.791, 0, NVIDIA H100, 0, 0, 953, 94368
2026/08/18 19:13:41.842, 0, NVIDIA H100, 0, 0, 953, 94368
2026/08/18 19:13:41.892, 0, NVIDIA H100, 0, 0, 953, 94368
2026/08/18 19:13:41.942, 0, NVIDIA H100, 0, 0, 953, 94368
2026/08/18 19:13:41.992, 0, NVIDIA H100, 0, 0, 953, 94368
2026/08/18 19:13:42.043, 0, NVIDIA H100, 0, 0, 953, 94368
2026/08/18 19:13:42.093, 0, NVIDIA H100, 0, 0, 953, 94368
2026/08/18 19:13:42.143, 0, NVIDIA H100, 0, 0, 953, 94368
2026/08/18 19:13:42.194, 0, NVIDIA H100, 0, 0, 953, 94368
2026/08/18 19:13:42.244, 0, NVIDIA H100, 0, 0, 953, 94368
2026/08/18 19:13:42.294, 0, NVIDIA H100, 0, 0, 953, 94368
2026/08/18 19:13:42.344, 0, NVIDIA H100, 0, 0, 953, 94368
2026/08/18 19:13:42.395, 0, NVIDIA H100, 0, 0, 953, 94368
2026/08/18 19:13:42.445, 0, NVIDIA H100, 0, 0, 953, 94368
2026/08/18 19:13:42.495, 0, NVIDIA H100, 0, 0, 953, 94368
2026/08/18 19:13:42.546, 0, NVIDIA H100, 0, 0, 953, 94368
2026/08/18 19:13:42.596, 0, NVIDIA H100, 0, 0, 953, 94368
2026/08/18 19:13:42.646, 0, NVIDIA H100, 0, 0, 953, 94368
2026/08/18 19:13:42.696, 0, NVIDIA H100, 0, 0, 953, 94368
2026/08/18 19:13:42.747, 0, NVIDIA H100, 0, 0, 953, 94368
2026/08/18 19:13:42.797, 0, NVIDIA H100, 0, 0, 953, 94368
2026/08/18 19:13:42.847, 0, NVIDIA H100, 0, 0, 953, 94368
2026/08/18 19:13:42.898, 0, NVIDIA H100, 0, 0, 953, 94368
2026/08/18 19:13:42.948, 0, NVIDIA H100, 0, 0, 953, 94368
2026/08/18 19:13:42.998, 0, NVIDIA H100, 0, 0, 953, 94368
2026/08/18 19:13:43.049, 0, NVIDIA H100, 0, 0, 953, 94368
2026/08/18 19:13:43.099, 0, NVIDIA H100, 0, 0, 953, 94368
2026/08/18 19:13:43.149, 0, NVIDIA H100, 0, 0, 953, 94368
2026/08/18 19:13:43.199, 0, NVIDIA H100, 0, 0, 953, 94368
2026/08/18 19:13:43.250, 0, NVIDIA H100, 0, 0, 953, 94368
2026/08/18 19:13:43.300, 0, NVIDIA H100, 0, 0, 953, 94368
2026/08/18 19:13:43.350, 0, NVIDIA H100, 0, 0, 953, 94368
2026/08/18 19:13:43.401, 0, NVIDIA H100, 0, 0, 953, 94368
2026/08/18 19:13:43.451, 0, NVIDIA H100, 0, 0, 953, 94368
2026/08/18 19:13:43.501, 0, NVIDIA H100, 0, 0, 953, 94368
2026/08/18 19:13:43.551, 0, NVIDIA H100, 0, 0, 953, 94368
2026/08/18 19:13:43.602, 0, NVIDIA H100, 0, 0, 953, 94368
2026/08/18 19:13:43.652, 0, NVIDIA H100, 0, 0, 953, 94368
2026/08/18 19:13:43.702, 0, NVIDIA H100, 0, 0, 953, 94368
2026/08/18 19:13:43.752, 0, NVIDIA H100, 0, 0, 953, 94368
2026/08/18 19:13:43.803, 0, NVIDIA H100, 0, 0, 953, 94368
2026/08/18 19:13:43.853, 0, NVIDIA H100, 0, 0, 953, 94368
2026/08/18 19:13:43.903, 0, NVIDIA H100, 0, 0, 953, 94368
2026/08/18 19:13:43.954, 0, NVIDIA H100, 0, 0, 953, 94368
2026/08/18 19:13:44.004, 0, NVIDIA H100, 0, 0, 953, 94368
2026/08/18 19:13:44.054, 0, NVIDIA H100, 0, 0, 953, 94368
2026/08/18 19:13:44.104, 0, NVIDIA H100, 0, 0, 953, 94368
2026/08/18 19:13:44.155, 0, NVIDIA H100, 0, 0, 953, 94368
2026/08/18 19:13:44.205, 0, NVIDIA H100, 0, 0, 953, 94368
2026/08/18 19:13:44.255, 0, NVIDIA H100, 0, 0, 953, 94368
2026/08/18 19:13:44.306, 0, NVIDIA H100, 0, 0, 953, 94368
2026/08/18 19:13:44.356, 0, NVIDIA H100, 0, 0, 953, 94368
2026/08/18 19:13:44.406, 0, NVIDIA H100, 0, 0, 953, 94368
2026/08/18 19:13:44.457, 0, NVIDIA H100, 0, 0, 953, 94368
2026/08/18 19:13:44.507, 0, NVIDIA H100, 0, 0, 953, 94368
2026/08/18 19:13:44.557, 0, NVIDIA H100, 0, 0, 953, 94368
2026/08/18 19:13:44.608, 0, NVIDIA H100, 0, 0, 953, 94368
2026/08/18 19:13:44.658, 0, NVIDIA H100, 0, 0, 953, 94368
2026/08/18 19:13:44.708, 0, NVIDIA H100, 0, 0, 953, 94368
2026/08/18 19:13:44.759, 0, NVIDIA H100, 0, 0, 953, 94368
2026/08/18 19:13:44.809, 0, NVIDIA H100, 0, 0, 953, 94368
2026/08/18 19:13:44.859, 0, NVIDIA H100, 0, 0, 953, 94368
2026/08/18 19:13:44.909, 0, NVIDIA H100, 0, 0, 953, 94368
2026/08/18 19:13:44.960, 0, NVIDIA H100, 0, 0, 953, 94368
2026/08/18 19:13:45.010, 0, NVIDIA H100, 0, 0, 953, 94368
2026/08/18 19:13:45.060, 0, NVIDIA H100, 0, 0, 953, 94368
2026/08/18 19:13:45.111, 0, NVIDIA H100, 0, 0, 953, 94368
2026/08/18 19:13:45.161, 0, NVIDIA H100, 0, 0, 953, 94368
2026/08/18 19:13:45.211, 0, NVIDIA H100, 0, 0, 953, 94368
2026/08/18 19:13:45.261, 0, NVIDIA H100, 0, 0, 953, 94368
2026/08/18 19:13:45.312, 0, NVIDIA H100, 0, 0, 953, 94368
2026/08/18 19:13:45.362, 0, NVIDIA H100, 0, 0, 953, 94368
2026/08/18 19:13:45.412, 0, NVIDIA H100, 0, 0, 953, 94368
2026/08/18 19:13:45.463, 0, NVIDIA H100, 0, 0, 953, 94368
2026/08/18 19:13:45.513, 0, NVIDIA H100, 0, 0, 953, 94368
2026/08/18 19:13:45.563, 0, NVIDIA H100, 0, 0, 953, 94368
2026/08/18 19:13:45.613, 0, NVIDIA H100, 0, 0, 953, 94368
2026/08/18 19:13:45.664, 0, NVIDIA H100, 0, 0, 953, 94368
2026/08/18 19:13:45.714, 0, NVIDIA H100, 0, 0, 953, 94368
2026/08/18 19:13:45.764, 0, NVIDIA H100, 0, 0, 953, 94368
2026/08/18 19:13:45.815, 0, NVIDIA H100, 0, 0, 953, 94368
2026/08/18 19:13:45.865, 0, NVIDIA H100, 0, 0, 953, 94368
2026/08/18 19:13:45.915, 0, NVIDIA H100, 0, 0, 953, 94368
2026/08/18 19:13:45.965, 0, NVIDIA H100, 0, 0, 953, 94368
2026/08/18 19:13:46.016, 0, NVIDIA H100, 0, 0, 953, 94368
2026/08/18 19:13:46.066, 0, NVIDIA H100, 0, 0, 953, 94368
2026/08/18 19:13:46.116, 0, NVIDIA H100, 0, 0, 953, 94368
2026/08/18 19:13:46.167, 0, NVIDIA H100, 0, 0, 953, 94368
2026/08/18 19:13:46.217, 0, NVIDIA H100, 0, 0, 953, 94368
2026/08/18 19:13:46.267, 0, NVIDIA H100, 0, 0, 953, 94368
2026/08/18 19:13:46.317, 0, NVIDIA H100, 0, 0, 953, 94368
2026/08/18 19:13:46.368, 0, NVIDIA H100, 0, 0, 953, 94368
2026/08/18 19:13:46.418, 0, NVIDIA H100, 0, 0, 953, 94368
2026/08/18 19:13:46.468, 0, NVIDIA H100, 0, 0, 953, 94368
2026/08/18 19:13:46.519, 0, NVIDIA H100, 0, 0, 953, 94368
2026/08/18 19:13:46.569, 0, NVIDIA H100, 0, 0, 953, 94368
2026/08/18 19:13:46.619, 0, NVIDIA H100, 0, 0, 953, 94368
2026/08/18 19:13:46.669, 0, NVIDIA H100, 0, 0, 953, 94368
2026/08/18 19:13:46.720, 0, NVIDIA H100, 0, 0, 953, 94368
2026/08/18 19:13:46.770, 0, NVIDIA H100, 0, 0, 953, 94368
2026/08/18 19:13:46.820, 0, NVIDIA H100, 0, 0, 953, 94368
2026/08/18 19:13:46.871, 0, NVIDIA H100, 0, 0, 953, 94368
2026/08/18 19:13:46.921, 0, NVIDIA H100, 0, 0, 953, 94368
2026/08/18 19:13:46.971, 0, NVIDIA H100, 0, 0, 953, 94368
2026/08/18 19:13:47.022, 0, NVIDIA H100, 0, 0, 953, 94368
2026/08/18 19:13:47.072, 0, NVIDIA H100, 0, 0, 953, 94368
2026/08/18 19:13:47.122, 0, NVIDIA H100, 0, 0, 953, 94368
2026/08/18 19:13:47.172, 0, NVIDIA H100, 0, 0, 953, 94368
2026/08/18 19:13:47.223, 0, NVIDIA H100, 0, 0, 953, 94368
2026/08/18 19:13:47.273, 0, NVIDIA H100, 0, 0, 953, 94368
2026/08/18 19:13:47.323, 0, NVIDIA H100, 0, 0, 953, 94368
2026/08/18 19:13:47.374, 0, NVIDIA H100, 0, 0, 953, 94368
2026/08/18 19:13:47.424, 0, NVIDIA H100, 0, 0, 953, 94368
2026/08/18 19:13:47.474, 0, NVIDIA H100, 0, 0, 953, 94368
2026/08/18 19:13:47.524, 0, NVIDIA H100, 0, 0, 953, 94368
2026/08/18 19:13:47.575, 0, NVIDIA H100, 0, 0, 953, 94368
2026/08/18 19:13:47.625, 0, NVIDIA H100, 0, 0, 953, 94368
2026/08/18 19:13:47.675, 0, NVIDIA H100, 0, 0, 953, 94368
2026/08/18 19:13:47.726, 0, NVIDIA H100, 0, 0, 953, 94368
2026/08/18 19:13:47.776, 0, NVIDIA H100, 0, 0, 953, 94368
2026/08/18 19:13:47.826, 0, NVIDIA H100, 0, 0, 953, 94368
2026/08/18 19:13:47.876, 0, NVIDIA H100, 0, 0, 953, 94368
2026/08/18 19:13:47.927, 0, NVIDIA H100, 0, 0, 953, 94368
2026/08/18 19:13:47.977, 0, NVIDIA H100, 0, 0, 953, 94368
2026/08/18 19:13:48.027, 0, NVIDIA H100, 0, 0, 953, 94368
2026/08/18 19:13:48.078, 0, NVIDIA H100, 0, 0, 953, 94368
2026/08/18 19:13:48.128, 0, NVIDIA H100, 0, 0, 953, 94368
2026/08/18 19:13:48.178, 0, NVIDIA H100, 0, 0, 953, 94368
2026/08/18 19:13:48.228, 0, NVIDIA H100, 0, 0, 953, 94368
2026/08/18 19:13:48.279, 0, NVIDIA H100, 0, 0, 953, 94368
2026/08/18 19:13:48.329, 0, NVIDIA H100, 0, 0, 953, 94368
2026/08/18 19:13:48.379, 0, NVIDIA H100, 0, 0, 953, 94368
2026/08/18 19:13:48.430, 0, NVIDIA H100, 0, 0, 953, 94368
2026/08/18 19:13:48.480, 0, NVIDIA H100, 0, 0, 953, 94368
2026/08/18 19:13:48.530, 0, NVIDIA H100, 0, 0, 953, 94368
2026/08/18 19:13:48.581, 0, NVIDIA H100, 0, 0, 953, 94368
2026/08/18 19:13:48.631, 0, NVIDIA H100, 0, 0, 953, 94368
2026/08/18 19:13:48.681, 0, NVIDIA H100, 0, 0, 953, 94368
2026/08/18 19:13:48.731, 0, NVIDIA H100, 0, 0, 953, 94368
2026/08/18 19:13:48.782, 0, NVIDIA H100, 0, 0, 953, 94368
2026/08/18 19:13:48.832, 0, NVIDIA H100, 0, 0, 953, 94368
2026/08/18 19:13:48.882, 0, NVIDIA H100, 0, 0, 953, 94368
2026/08/18 19:13:48.933, 0, NVIDIA H100, 0, 0, 953, 94368
2026/08/18 19:13:48.983, 0, NVIDIA H100, 0, 0, 953, 94368
2026/08/18 19:13:49.033, 0, NVIDIA H100, 0, 0, 953, 94368
2026/08/18 19:13:49.083, 0, NVIDIA H100, 0, 0, 953, 94368
2026/08/18 19:13:49.134, 0, NVIDIA H100, 0, 0, 953, 94368
2026/08/18 19:13:49.184, 0, NVIDIA H100, 0, 0, 953, 94368
2026/08/18 19:13:49.234, 0, NVIDIA H100, 0, 0, 953, 94368
2026/08/18 19:13:49.285, 0, NVIDIA H100, 0, 0, 953, 94368
2026/08/18 19:13:49.335, 0, NVIDIA H100, 0, 0, 953, 94368
2026/08/18 19:13:49.385, 0, NVIDIA H100, 0, 0, 953, 94368
2026/08/18 19:13:49.435, 0, NVIDIA H100, 0, 0, 953, 94368
2026/08/18 19:13:49.486, 0, NVIDIA H100, 0, 0, 953, 94368
2026/08/18 19:13:49.536, 0, NVIDIA H100, 0, 0, 953, 94368
2026/08/18 19:13:49.586, 0, NVIDIA H100, 0, 0, 953, 94368
2026/08/18 19:13:49.636, 0, NVIDIA H100, 0, 0, 953, 94368
2026/08/18 19:13:49.687, 0, NVIDIA H100, 0, 0, 953, 94368
2026/08/18 19:13:49.737, 0, NVIDIA H100, 0, 0, 953, 94368
2026/08/18 19:13:49.787, 0, NVIDIA H100, 0, 0, 953, 94368
2026/08/18 19:13:49.838, 0, NVIDIA H100, 0, 0, 953, 94368
2026/08/18 19:13:49.888, 0, NVIDIA H100, 0, 0, 953, 94368
2026/08/18 19:13:49.938, 0, NVIDIA H100, 0, 0, 953, 94368
2026/08/18 19:13:49.989, 0, NVIDIA H100, 0, 0, 953, 94368
2026/08/18 19:13:50.039, 0, NVIDIA H100, 0, 0, 953, 94368
2026/08/18 19:13:50.089, 0, NVIDIA H100, 0, 0, 953, 94368
2026/08/18 19:13:50.140, 0, NVIDIA H100, 0, 0, 953, 94368
2026/08/18 19:13:50.190, 0, NVIDIA H100, 0, 0, 953, 94368
2026/08/18 19:13:50.240, 0, NVIDIA H100, 0, 0, 953, 94368
2026/08/18 19:13:50.290, 0, NVIDIA H100, 0, 0, 953, 94368
2026/08/18 19:13:50.341, 0, NVIDIA H100, 0, 0, 953, 94368
2026/08/18 19:13:50.391, 0, NVIDIA H100, 0, 0, 953, 94368
2026/08/18 19:13:50.441, 0, NVIDIA H100, 0, 0, 953, 94368
2026/08/18 19:13:50.492, 0, NVIDIA H100, 0, 0, 953, 94368
2026/08/18 19:13:50.542, 0, NVIDIA H100, 0, 0, 953, 94368
2026/08/18 19:13:50.592, 0, NVIDIA H100, 0, 0, 953, 94368
2026/08/18 19:13:50.642, 0, NVIDIA H100, 0, 0, 953, 94368
2026/08/18 19:13:50.693, 0, NVIDIA H100, 0, 0, 953, 94368
2026/08/18 19:13:50.743, 0, NVIDIA H100, 0, 0, 953, 94368
2026/08/18 19:13:50.793, 0, NVIDIA H100, 0, 0, 953, 94368
2026/08/18 19:13:50.844, 0, NVIDIA H100, 0, 0, 953, 94368
2026/08/18 19:13:50.894, 0, NVIDIA H100, 0, 0, 953, 94368
2026/08/18 19:13:50.944, 0, NVIDIA H100, 0, 0, 953, 94368
2026/08/18 19:13:50.995, 0, NVIDIA H100, 0, 0, 953, 94368
2026/08/18 19:13:51.045, 0, NVIDIA H100, 0, 0, 953, 94368
2026/08/18 19:13:51.095, 0, NVIDIA H100, 0, 0, 953, 94368
2026/08/18 19:13:51.145, 0, NVIDIA H100, 0, 0, 953, 94368
2026/08/18 19:13:51.196, 0, NVIDIA H100, 0, 0, 953, 94368
2026/08/18 19:13:51.246, 0, NVIDIA H100, 0, 0, 953, 94368
2026/08/18 19:13:51.296, 0, NVIDIA H100, 0, 0, 953, 94368
2026/08/18 19:13:51.347, 0, NVIDIA H100, 0, 0, 953, 94368
2026/08/18 19:13:51.397, 0, NVIDIA H100, 0, 0, 953, 94368
2026/08/18 19:13:51.447, 0, NVIDIA H100, 0, 0, 953, 94368
2026/08/18 19:13:51.498, 0, NVIDIA H100, 0, 0, 953, 94368
2026/08/18 19:13:51.548, 0, NVIDIA H100, 0, 0, 953, 94368
2026/08/18 19:13:51.598, 0, NVIDIA H100, 0, 0, 953, 94368
2026/08/18 19:13:51.648, 0, NVIDIA H100, 0, 0, 953, 94368
2026/08/18 19:13:51.699, 0, NVIDIA H100, 0, 0, 953, 94368
2026/08/18 19:13:51.749, 0, NVIDIA H100, 0, 0, 953, 94368
2026/08/18 19:13:51.799, 0, NVIDIA H100, 0, 0, 953, 94368
2026/08/18 19:13:51.850, 0, NVIDIA H100, 0, 0, 953, 94368
2026/08/18 19:13:51.900, 0, NVIDIA H100, 0, 0, 953, 94368
2026/08/18 19:13:51.950, 0, NVIDIA H100, 0, 0, 953, 94368
2026/08/18 19:13:52.000, 0, NVIDIA H100, 0, 0, 953, 94368
2026/08/18 19:13:52.051, 0, NVIDIA H100, 0, 0, 953, 94368
2026/08/18 19:13:52.101, 0, NVIDIA H100, 0, 0, 953, 94368
2026/08/18 19:13:52.151, 0, NVIDIA H100, 0, 0, 953, 94368
2026/08/18 19:13:52.202, 0, NVIDIA H100, 0, 0, 953, 94368
2026/08/18 19:13:52.252, 0, NVIDIA H100, 0, 0, 953, 94368
2026/08/18 19:13:52.302, 0, NVIDIA H100, 0, 0, 953, 94368
2026/08/18 19:13:52.352, 0, NVIDIA H100, 0, 0, 953, 94368
2026/08/18 19:13:52.403, 0, NVIDIA H100, 0, 0, 953, 94368
2026/08/18 19:13:52.453, 0, NVIDIA H100, 0, 0, 953, 94368
2026/08/18 19:13:52.503, 0, NVIDIA H100, 0, 0, 953, 94368
2026/08/18 19:13:52.554, 0, NVIDIA H100, 0, 0, 953, 94368
2026/08/18 19:13:52.604, 0, NVIDIA H100, 0, 0, 953, 94368
2026/08/18 19:13:52.654, 0, NVIDIA H100, 0, 0, 953, 94368
2026/08/18 19:13:52.704, 0, NVIDIA H100, 0, 0, 953, 94368
2026/08/18 19:13:52.755, 0, NVIDIA H100, 0, 0, 953, 94368
2026/08/18 19:13:52.805, 0, NVIDIA H100, 0, 0, 953, 94368
2026/08/18 19:13:52.855, 0, NVIDIA H100, 0, 0, 953, 94368
2026/08/18 19:13:52.906, 0, NVIDIA H100, 0, 0, 953, 94368
2026/08/18 19:13:52.956, 0, NVIDIA H100, 0, 0, 953, 94368
2026/08/18 19:13:53.006, 0, NVIDIA H100, 0, 0, 953, 94368
2026/08/18 19:13:53.056, 0, NVIDIA H100, 0, 0, 953, 94368
2026/08/18 19:13:53.107, 0, NVIDIA H100, 0, 0, 953, 94368
2026/08/18 19:13:53.157, 0, NVIDIA H100, 0, 0, 953, 94368
2026/08/18 19:13:53.207, 0, NVIDIA H100, 0, 0, 953, 94368
2026/08/18 19:13:53.258, 0, NVIDIA H100, 0, 0, 953, 94368
2026/08/18 19:13:53.308, 0, NVIDIA H100, 0, 0, 953, 94368
2026/08/18 19:13:53.358, 0, NVIDIA H100, 0, 0, 953, 94368
2026/08/18 19:13:53.408, 0, NVIDIA H100, 0, 0, 953, 94368
2026/08/18 19:13:53.459, 0, NVIDIA H100, 0, 0, 953, 94368
2026/08/18 19:13:53.509, 0, NVIDIA H100, 0, 0, 953, 94368
2026/08/18 19:13:53.559, 0, NVIDIA H100, 0, 0, 953, 94368
2026/08/18 19:13:53.610, 0, NVIDIA H100, 0, 0, 953, 94368
2026/08/18 19:13:53.660, 0, NVIDIA H100, 0, 0, 953, 94368
2026/08/18 19:13:53.710, 0, NVIDIA H100, 0, 0, 953, 94368
2026/08/18 19:13:53.761, 0, NVIDIA H100, 0, 0, 953, 94368
2026/08/18 19:13:53.811, 0, NVIDIA H100, 0, 0, 953, 94368
2026/08/18 19:13:53.861, 0, NVIDIA H100, 0, 0, 953, 94368
2026/08/18 19:13:53.911, 0, NVIDIA H100, 0, 0, 953, 94368
2026/08/18 19:13:53.962, 0, NVIDIA H100, 0, 0, 953, 94368
2026/08/18 19:13:54.012, 0, NVIDIA H100, 0, 0, 953, 94368
2026/08/18 19:13:54.062, 0, NVIDIA H100, 0, 0, 953, 94368
2026/08/18 19:13:54.113, 0, NVIDIA H100, 0, 0, 953, 94368
2026/08/18 19:13:54.163, 0, NVIDIA H100, 0, 0, 953, 94368
2026/08/18 19:13:54.213, 0, NVIDIA H100, 0, 0, 953, 94368
2026/08/18 19:13:54.263, 0, NVIDIA H100, 0, 0, 953, 94368
2026/08/18 19:13:54.314, 0, NVIDIA H100, 0, 0, 953, 94368
2026/08/18 19:13:54.364, 0, NVIDIA H100, 0, 0, 953, 94368
2026/08/18 19:13:54.414, 0, NVIDIA H100, 0, 0, 953, 94368
2026/08/18 19:13:54.465, 0, NVIDIA H100, 0, 0, 953, 94368
2026/08/18 19:13:54.515, 0, NVIDIA H100, 0, 0, 953, 94368
2026/08/18 19:13:54.565, 0, NVIDIA H100, 0, 0, 953, 94368
2026/08/18 19:13:54.615, 0, NVIDIA H100, 0, 0, 953, 94368
2026/08/18 19:13:54.666, 0, NVIDIA H100, 0, 0, 953, 94368
2026/08/18 19:13:54.716, 0, NVIDIA H100, 0, 0, 953, 94368
2026/08/18 19:13:54.766, 0, NVIDIA H100, 0, 0, 953, 94368
2026/08/18 19:13:54.817, 0, NVIDIA H100, 0, 0, 953, 94368
2026/08/18 19:13:54.867, 0, NVIDIA H100, 0, 0, 953, 94368
2026/08/18 19:13:54.917, 0, NVIDIA H100, 0, 0, 953, 94368
2026/08/18 19:13:54.968, 0, NVIDIA H100, 0, 0, 953, 94368
2026/08/18 19:13:55.018, 0, NVIDIA H100, 0, 0, 953, 94368
2026/08/18 19:13:55.068, 0, NVIDIA H100, 0, 0, 953, 94368
2026/08/18 19:13:55.118, 0, NVIDIA H100, 0, 0, 953, 94368
2026/08/18 19:13:55.169, 0, NVIDIA H100, 0, 0, 953, 94368
2026/08/18 19:13:55.219, 0, NVIDIA H100, 0, 0, 953, 94368
2026/08/18 19:13:55.269, 0, NVIDIA H100, 0, 0, 953, 94368
2026/08/18 19:13:55.320, 0, NVIDIA H100, 0, 0, 953, 94368
2026/08/18 19:13:55.370, 0, NVIDIA H100, 0, 0, 953, 94368
2026/08/18 19:13:55.420, 0, NVIDIA H100, 0, 0, 953, 94368
2026/08/18 19:13:55.470, 0, NVIDIA H100, 0, 0, 953, 94368
2026/08/18 19:13:55.521, 0, NVIDIA H100, 0, 0, 953, 94368
2026/08/18 19:13:55.571, 0, NVIDIA H100, 0, 0, 953, 94368
2026/08/18 19:13:55.621, 0, NVIDIA H100, 0, 0, 953, 94368
2026/08/18 19:13:55.672, 0, NVIDIA H100, 0, 0, 953, 94368
2026/08/18 19:13:55.722, 0, NVIDIA H100, 0, 0, 953, 94368
2026/08/18 19:13:55.772, 0, NVIDIA H100, 0, 0, 953, 94368
2026/08/18 19:13:55.822, 0, NVIDIA H100, 0, 0, 953, 94368
2026/08/18 19:13:55.873, 0, NVIDIA H100, 0, 0, 953, 94368
2026/08/18 19:13:55.923, 0, NVIDIA H100, 0, 0, 953, 94368
2026/08/18 19:13:55.973, 0, NVIDIA H100, 0, 0, 953, 94368
2026/08/18 19:13:56.024, 0, NVIDIA H100, 0, 0, 953, 94368
2026/08/18 19:13:56.074, 0, NVIDIA H100, 0, 0, 953, 94368
2026/08/18 19:13:56.124, 0, NVIDIA H100, 0, 0, 953, 94368
2026/08/18 19:13:56.175, 0, NVIDIA H100, 0, 0, 953, 94368
2026/08/18 19:13:56.225, 0, NVIDIA H100, 0, 0, 953, 94368
2026/08/18 19:13:56.275, 0, NVIDIA H100, 0, 0, 953, 94368
2026/08/18 19:13:56.325, 0, NVIDIA H100, 0, 0, 953, 94368
2026/08/18 19:13:56.376, 0, NVIDIA H100, 0, 0, 953, 94368
2026/08/18 19:13:56.426, 0, NVIDIA H100, 0, 0, 953, 94368
2026/08/18 19:13:56.476, 0, NVIDIA H100, 0, 0, 953, 94368
2026/08/18 19:13:56.527, 0, NVIDIA H100, 0, 0, 953, 94368
2026/08/18 19:13:56.577, 0, NVIDIA H100, 0, 0, 953, 94368
2026/08/18 19:13:56.627, 0, NVIDIA H100, 0, 0, 953, 94368
2026/08/18 19:13:56.677, 0, NVIDIA H100, 0, 0, 953, 94368
2026/08/18 19:13:56.728, 0, NVIDIA H100, 0, 0, 953, 94368
2026/08/18 19:13:56.778, 0, NVIDIA H100, 0, 0, 953, 94368
2026/08/18 19:13:56.828, 0, NVIDIA H100, 0, 0, 953, 94368
2026/08/18 19:13:56.879, 0, NVIDIA H100, 0, 0, 953, 94368
2026/08/18 19:13:56.929, 0, NVIDIA H100, 0, 0, 953, 94368
2026/08/18 19:13:56.979, 0, NVIDIA H100, 0, 0, 953, 94368
2026/08/18 19:13:57.029, 0, NVIDIA H100, 0, 0, 953, 94368
2026/08/18 19:13:57.080, 0, NVIDIA H100, 0, 0, 953, 94368
2026/08/18 19:13:57.130, 0, NVIDIA H100, 0, 0, 953, 94368
2026/08/18 19:13:57.180, 0, NVIDIA H100, 0, 0, 953, 94368
2026/08/18 19:13:57.231, 0, NVIDIA H100, 0, 0, 953, 94368
2026/08/18 19:13:57.281, 0, NVIDIA H100, 0, 0, 953, 94368
2026/08/18 19:13:57.331, 0, NVIDIA H100, 0, 0, 953, 94368
2026/08/18 19:13:57.382, 0, NVIDIA H100, 0, 0, 953, 94368
2026/08/18 19:13:57.432, 0, NVIDIA H100, 0, 0, 953, 94368
2026/08/18 19:13:57.482, 0, NVIDIA H100, 0, 0, 953, 94368
2026/08/18 19:13:57.532, 0, NVIDIA H100, 0, 0, 953, 94368
2026/08/18 19:13:57.583, 0, NVIDIA H100, 0, 0, 953, 94368
2026/08/18 19:13:57.633, 0, NVIDIA H100, 0, 0, 953, 94368
2026/08/18 19:13:57.683, 0, NVIDIA H100, 0, 0, 953, 94368
2026/08/18 19:13:57.734, 0, NVIDIA H100, 0, 0, 953, 94368
2026/08/18 19:13:57.784, 0, NVIDIA H100, 0, 0, 953, 94368
2026/08/18 19:13:57.834, 0, NVIDIA H100, 0, 0, 953, 94368
2026/08/18 19:13:57.885, 0, NVIDIA H100, 0, 0, 953, 94368
2026/08/18 19:13:57.935, 0, NVIDIA H100, 0, 0, 953, 94368
2026/08/18 19:13:57.985, 0, NVIDIA H100, 0, 0, 953, 94368
2026/08/18 19:13:58.035, 0, NVIDIA H100, 0, 0, 953, 94368
2026/08/18 19:13:58.086, 0, NVIDIA H100, 0, 0, 953, 94368
2026/08/18 19:13:58.136, 0, NVIDIA H100, 0, 0, 953, 94368
2026/08/18 19:13:58.186, 0, NVIDIA H100, 0, 0, 953, 94368
2026/08/18 19:13:58.237, 0, NVIDIA H100, 0, 0, 953, 94368
2026/08/18 19:13:58.287, 0, NVIDIA H100, 0, 0, 953, 94368
2026/08/18 19:13:58.337, 0, NVIDIA H100, 0, 0, 953, 94368
2026/08/18 19:13:58.387, 0, NVIDIA H100, 0, 0, 953, 94368
2026/08/18 19:13:58.438, 0, NVIDIA H100, 0, 0, 953, 94368
2026/08/18 19:13:58.488, 0, NVIDIA H100, 0, 0, 953, 94368
2026/08/18 19:13:58.538, 0, NVIDIA H100, 0, 0, 953, 94368
2026/08/18 19:13:58.589, 0, NVIDIA H100, 0, 0, 953, 94368
2026/08/18 19:13:58.639, 0, NVIDIA H100, 0, 0, 953, 94368
2026/08/18 19:13:58.689, 0, NVIDIA H100, 0, 0, 953, 94368
2026/08/18 19:13:58.739, 0, NVIDIA H100, 0, 0, 953, 94368
2026/08/18 19:13:58.790, 0, NVIDIA H100, 0, 0, 953, 94368
2026/08/18 19:13:58.840, 0, NVIDIA H100, 0, 0, 953, 94368
2026/08/18 19:13:58.890, 0, NVIDIA H100, 0, 0, 953, 94368
2026/08/18 19:13:58.941, 0, NVIDIA H100, 0, 0, 953, 94368
2026/08/18 19:13:58.991, 0, NVIDIA H100, 0, 0, 953, 94368
2026/08/18 19:13:59.041, 0, NVIDIA H100, 0, 0, 953, 94368
2026/08/18 19:13:59.091, 0, NVIDIA H100, 0, 0, 953, 94368
2026/08/18 19:13:59.142, 0, NVIDIA H100, 0, 0, 953, 94368
2026/08/18 19:13:59.192, 0, NVIDIA H100, 0, 0, 953, 94368
2026/08/18 19:13:59.242, 0, NVIDIA H100, 0, 0, 953, 94368
2026/08/18 19:13:59.293, 0, NVIDIA H100, 0, 0, 953, 94368
2026/08/18 19:13:59.343, 0, NVIDIA H100, 0, 0, 953, 94368
2026/08/18 19:13:59.393, 0, NVIDIA H100, 0, 0, 953, 94368
2026/08/18 19:13:59.444, 0, NVIDIA H100, 0, 0, 953, 94368
2026/08/18 19:13:59.494, 0, NVIDIA H100, 0, 0, 953, 94368
2026/08/18 19:13:59.544, 0, NVIDIA H100, 0, 0, 953, 94368
2026/08/18 19:13:59.594, 0, NVIDIA H100, 0, 0, 953, 94368
2026/08/18 19:13:59.645, 0, NVIDIA H100, 0, 0, 953, 94368
2026/08/18 19:13:59.695, 0, NVIDIA H100, 0, 0, 953, 94368
2026/08/18 19:13:59.745, 0, NVIDIA H100, 0, 0, 953, 94368
2026/08/18 19:13:59.795, 0, NVIDIA H100, 0, 0, 953, 94368
2026/08/18 19:13:59.846, 0, NVIDIA H100, 0, 0, 953, 94368
2026/08/18 19:13:59.896, 0, NVIDIA H100, 0, 0, 953, 94368
2026/08/18 19:13:59.946, 0, NVIDIA H100, 0, 0, 953, 94368
2026/08/18 19:13:59.997, 0, NVIDIA H100, 0, 0, 953, 94368
2026/08/18 19:14:00.047, 0, NVIDIA H100, 0, 0, 953, 94368
2026/08/18 19:14:00.097, 0, NVIDIA H100, 0, 0, 953, 94368
2026/08/18 19:14:00.147, 0, NVIDIA H100, 0, 0, 953, 94368
2026/08/18 19:14:00.198, 0, NVIDIA H100, 0, 0, 953, 94368
2026/08/18 19:14:00.248, 0, NVIDIA H100, 0, 0, 953, 94368
2026/08/18 19:14:00.298, 0, NVIDIA H100, 0, 0, 953, 94368
2026/08/18 19:14:00.349, 0, NVIDIA H100, 0, 0, 953, 94368
2026/08/18 19:14:00.399, 0, NVIDIA H100, 0, 0, 953, 94368
2026/08/18 19:14:00.449, 0, NVIDIA H100, 0, 0, 953, 94368
2026/08/18 19:14:00.500, 0, NVIDIA H100, 0, 0, 953, 94368
2026/08/18 19:14:00.550, 0, NVIDIA H100, 0, 0, 953, 94368
2026/08/18 19:14:00.600, 0, NVIDIA H100, 0, 0, 953, 94368
2026/08/18 19:14:00.650, 0, NVIDIA H100, 0, 0, 953, 94368
2026/08/18 19:14:00.701, 0, NVIDIA H100, 0, 0, 953, 94368
2026/08/18 19:14:00.751, 0, NVIDIA H100, 0, 0, 953, 94368
2026/08/18 19:14:00.801, 0, NVIDIA H100, 0, 0, 953, 94368
2026/08/18 19:14:00.852, 0, NVIDIA H100, 0, 0, 953, 94368
2026/08/18 19:14:00.902, 0, NVIDIA H100, 0, 0, 953, 94368
2026/08/18 19:14:00.952, 0, NVIDIA H100, 0, 0, 953, 94368
2026/08/18 19:14:01.003, 0, NVIDIA H100, 0, 0, 953, 94368
2026/08/18 19:14:01.053, 0, NVIDIA H100, 0, 0, 953, 94368
2026/08/18 19:14:01.103, 0, NVIDIA H100, 0, 0, 953, 94368
2026/08/18 19:14:01.153, 0, NVIDIA H100, 0, 0, 953, 94368
2026/08/18 19:14:01.204, 0, NVIDIA H100, 0, 0, 953, 94368
2026/08/18 19:14:01.254, 0, NVIDIA H100, 0, 0, 953, 94368
2026/08/18 19:14:01.304, 0, NVIDIA H100, 0, 0, 953, 94368
2026/08/18 19:14:01.355, 0, NVIDIA H100, 0, 0, 953, 94368
2026/08/18 19:14:01.405, 0, NVIDIA H100, 0, 0, 953, 94368
2026/08/18 19:14:01.455, 0, NVIDIA H100, 0, 0, 953, 94368
2026/08/18 19:14:01.505, 0, NVIDIA H100, 0, 0, 953, 94368
2026/08/18 19:14:01.556, 0, NVIDIA H100, 0, 0, 953, 94368
2026/08/18 19:14:01.606, 0, NVIDIA H100, 0, 0, 953, 94368
2026/08/18 19:14:01.656, 0, NVIDIA H100, 0, 0, 953, 94368
2026/08/18 19:14:01.707, 0, NVIDIA H100, 0, 0, 953, 94368
2026/08/18 19:14:01.757, 0, NVIDIA H100, 0, 0, 953, 94368
2026/08/18 19:14:01.807, 0, NVIDIA H100, 0, 0, 953, 94368
2026/08/18 19:14:01.858, 0, NVIDIA H100, 0, 0, 953, 94368
2026/08/18 19:14:01.908, 0, NVIDIA H100, 0, 0, 953, 94368
2026/08/18 19:14:01.958, 0, NVIDIA H100, 0, 0, 953, 94368
2026/08/18 19:14:02.008, 0, NVIDIA H100, 0, 0, 953, 94368
2026/08/18 19:14:02.059, 0, NVIDIA H100, 0, 0, 953, 94368
2026/08/18 19:14:02.109, 0, NVIDIA H100, 0, 0, 953, 94368
2026/08/18 19:14:02.159, 0, NVIDIA H100, 0, 0, 953, 94368
2026/08/18 19:14:02.210, 0, NVIDIA H100, 0, 0, 953, 94368
2026/08/18 19:14:02.260, 0, NVIDIA H100, 0, 0, 953, 94368
2026/08/18 19:14:02.310, 0, NVIDIA H100, 0, 0, 953, 94368
2026/08/18 19:14:02.360, 0, NVIDIA H100, 0, 0, 953, 94368
2026/08/18 19:14:02.411, 0, NVIDIA H100, 0, 0, 953, 94368
2026/08/18 19:14:02.461, 0, NVIDIA H100, 0, 0, 953, 94368
2026/08/18 19:14:02.511, 0, NVIDIA H100, 0, 0, 953, 94368
2026/08/18 19:14:02.562, 0, NVIDIA H100, 0, 0, 953, 94368
2026/08/18 19:14:02.612, 0, NVIDIA H100, 0, 0, 953, 94368
2026/08/18 19:14:02.662, 0, NVIDIA H100, 0, 0, 953, 94368
2026/08/18 19:14:02.712, 0, NVIDIA H100, 0, 0, 953, 94368
2026/08/18 19:14:02.763, 0, NVIDIA H100, 0, 0, 953, 94368
2026/08/18 19:14:02.813, 0, NVIDIA H100, 0, 0, 953, 94368
2026/08/18 19:14:02.863, 0, NVIDIA H100, 0, 0, 953, 94368
2026/08/18 19:14:02.914, 0, NVIDIA H100, 0, 0, 953, 94368
2026/08/18 19:14:02.964, 0, NVIDIA H100, 0, 0, 953, 94368
2026/08/18 19:14:03.014, 0, NVIDIA H100, 0, 0, 953, 94368
2026/08/18 19:14:03.065, 0, NVIDIA H100, 0, 0, 953, 94368
2026/08/18 19:14:03.115, 0, NVIDIA H100, 0, 0, 953, 94368
2026/08/18 19:14:03.165, 0, NVIDIA H100, 0, 0, 953, 94368
2026/08/18 19:14:03.215, 0, NVIDIA H100, 0, 0, 953, 94368
2026/08/18 19:14:03.266, 0, NVIDIA H100, 0, 0, 953, 94368
2026/08/18 19:14:03.316, 0, NVIDIA H100, 0, 0, 953, 94368
2026/08/18 19:14:03.366, 0, NVIDIA H100, 0, 0, 953, 94368
2026/08/18 19:14:03.417, 0, NVIDIA H100, 0, 0, 953, 94368
2026/08/18 19:14:03.467, 0, NVIDIA H100, 0, 0, 953, 94368
2026/08/18 19:14:03.517, 0, NVIDIA H100, 0, 0, 953, 94368
2026/08/18 19:14:03.567, 0, NVIDIA H100, 0, 0, 953, 94368
2026/08/18 19:14:03.618, 0, NVIDIA H100, 0, 0, 953, 94368
2026/08/18 19:14:03.668, 0, NVIDIA H100, 0, 0, 953, 94368
2026/08/18 19:14:03.718, 0, NVIDIA H100, 0, 0, 953, 94368
2026/08/18 19:14:03.769, 0, NVIDIA H100, 0, 0, 953, 94368
2026/08/18 19:14:03.819, 0, NVIDIA H100, 0, 0, 953, 94368
2026/08/18 19:14:03.869, 0, NVIDIA H100, 0, 0, 953, 94368
2026/08/18 19:14:03.919, 0, NVIDIA H100, 0, 0, 953, 94368
2026/08/18 19:14:03.970, 0, NVIDIA H100, 0, 0, 953, 94368
2026/08/18 19:14:04.020, 0, NVIDIA H100, 0, 0, 953, 94368
2026/08/18 19:14:04.070, 0, NVIDIA H100, 0, 0, 953, 94368
2026/08/18 19:14:04.121, 0, NVIDIA H100, 0, 0, 953, 94368
2026/08/18 19:14:04.171, 0, NVIDIA H100, 0, 0, 953, 94368
2026/08/18 19:14:04.221, 0, NVIDIA H100, 0, 0, 953, 94368
2026/08/18 19:14:04.271, 0, NVIDIA H100, 0, 0, 953, 94368
2026/08/18 19:14:04.322, 0, NVIDIA H100, 0, 0, 953, 94368
2026/08/18 19:14:04.372, 0, NVIDIA H100, 0, 0, 953, 94368
2026/08/18 19:14:04.422, 0, NVIDIA H100, 0, 0, 953, 94368
2026/08/18 19:14:04.473, 0, NVIDIA H100, 0, 0, 953, 94368
2026/08/18 19:14:04.523, 0, NVIDIA H100, 0, 0, 953, 94368
2026/08/18 19:14:04.573, 0, NVIDIA H100, 0, 0, 953, 94368
2026/08/18 19:14:04.624, 0, NVIDIA H100, 0, 0, 953, 94368
2026/08/18 19:14:04.674, 0, NVIDIA H100, 0, 0, 953, 94368
2026/08/18 19:14:04.724, 0, NVIDIA H100, 0, 0, 953, 94368
2026/08/18 19:14:04.774, 0, NVIDIA H100, 0, 0, 953, 94368
2026/08/18 19:14:04.825, 0, NVIDIA H100, 0, 0, 953, 94368
2026/08/18 19:14:04.875, 0, NVIDIA H100, 0, 0, 953, 94368
2026/08/18 19:14:04.925, 0, NVIDIA H100, 0, 0, 953, 94368
2026/08/18 19:14:04.976, 0, NVIDIA H100, 0, 0, 953, 94368
2026/08/18 19:14:05.026, 0, NVIDIA H100, 0, 0, 953, 94368
2026/08/18 19:14:05.076, 0, NVIDIA H100, 0, 0, 953, 94368
2026/08/18 19:14:05.126, 0, NVIDIA H100, 0, 0, 953, 94368
2026/08/18 19:14:05.177, 0, NVIDIA H100, 0, 0, 953, 94368
2026/08/18 19:14:05.227, 0, NVIDIA H100, 0, 0, 953, 94368
2026/08/18 19:14:05.277, 0, NVIDIA H100, 0, 0, 953, 94368
2026/08/18 19:14:05.328, 0, NVIDIA H100, 0, 0, 953, 94368
2026/08/18 19:14:05.378, 0, NVIDIA H100, 0, 0, 953, 94368
2026/08/18 19:14:05.428, 0, NVIDIA H100, 0, 0, 953, 94368
2026/08/18 19:14:05.479, 0, NVIDIA H100, 0, 0, 953, 94368
2026/08/18 19:14:05.529, 0, NVIDIA H100, 0, 0, 953, 94368
2026/08/18 19:14:05.579, 0, NVIDIA H100, 0, 0, 953, 94368
2026/08/18 19:14:05.629, 0, NVIDIA H100, 0, 0, 953, 94368
2026/08/18 19:14:05.680, 0, NVIDIA H100, 0, 0, 953, 94368
2026/08/18 19:14:05.730, 0, NVIDIA H100, 0, 0, 953, 94368
2026/08/18 19:14:05.780, 0, NVIDIA H100, 0, 0, 953, 94368
2026/08/18 19:14:05.831, 0, NVIDIA H100, 0, 0, 953, 94368
2026/08/18 19:14:05.881, 0, NVIDIA H100, 0, 0, 953, 94368
2026/08/18 19:14:05.931, 0, NVIDIA H100, 0, 0, 953, 94368
2026/08/18 19:14:05.981, 0, NVIDIA H100, 0, 0, 953, 94368
2026/08/18 19:14:06.032, 0, NVIDIA H100, 0, 0, 953, 94368
2026/08/18 19:14:06.082, 0, NVIDIA H100, 0, 0, 953, 94368
2026/08/18 19:14:06.132, 0, NVIDIA H100, 0, 0, 953, 94368
2026/08/18 19:14:06.183, 0, NVIDIA H100, 0, 0, 953, 94368
2026/08/18 19:14:06.233, 0, NVIDIA H100, 0, 0, 953, 94368
2026/08/18 19:14:06.283, 0, NVIDIA H100, 0, 0, 953, 94368
2026/08/18 19:14:06.333, 0, NVIDIA H100, 0, 0, 953, 94368
2026/08/18 19:14:06.384, 0, NVIDIA H100, 0, 0, 953, 94368
2026/08/18 19:14:06.434, 0, NVIDIA H100, 0, 0, 953, 94368
2026/08/18 19:14:06.484, 0, NVIDIA H100, 0, 0, 953, 94368
2026/08/18 19:14:06.535, 0, NVIDIA H100, 0, 0, 953, 94368
2026/08/18 19:14:06.585, 0, NVIDIA H100, 0, 0, 953, 94368
2026/08/18 19:14:06.635, 0, NVIDIA H100, 0, 0, 953, 94368
2026/08/18 19:14:06.685, 0, NVIDIA H100, 0, 0, 953, 94368
2026/08/18 19:14:06.736, 0, NVIDIA H100, 0, 0, 953, 94368
2026/08/18 19:14:06.786, 0, NVIDIA H100, 0, 0, 953, 94368
2026/08/18 19:14:06.836, 0, NVIDIA H100, 0, 0, 953, 94368
2026/08/18 19:14:06.887, 0, NVIDIA H100, 0, 0, 953, 94368
2026/08/18 19:14:06.937, 0, NVIDIA H100, 0, 0, 953, 94368
2026/08/18 19:14:06.987, 0, NVIDIA H100, 0, 0, 953, 94368
2026/08/18 19:14:07.037, 0, NVIDIA H100, 0, 0, 953, 94368
2026/08/18 19:14:07.088, 0, NVIDIA H100, 0, 0, 953, 94368
2026/08/18 19:14:07.138, 0, NVIDIA H100, 0, 0, 953, 94368
2026/08/18 19:14:07.188, 0, NVIDIA H100, 0, 0, 953, 94368
2026/08/18 19:14:07.239, 0, NVIDIA H100, 0, 0, 953, 94368
2026/08/18 19:14:07.289, 0, NVIDIA H100, 0, 0, 953, 94368
2026/08/18 19:14:07.339, 0, NVIDIA H100, 0, 0, 953, 94368
2026/08/18 19:14:07.389, 0, NVIDIA H100, 0, 0, 953, 94368
2026/08/18 19:14:07.440, 0, NVIDIA H100, 0, 0, 953, 94368
2026/08/18 19:14:07.490, 0, NVIDIA H100, 0, 0, 953, 94368
2026/08/18 19:14:07.540, 0, NVIDIA H100, 0, 0, 953, 94368
2026/08/18 19:14:07.591, 0, NVIDIA H100, 0, 0, 953, 94368
2026/08/18 19:14:07.641, 0, NVIDIA H100, 0, 0, 953, 94368
2026/08/18 19:14:07.691, 0, NVIDIA H100, 0, 0, 953, 94368
2026/08/18 19:14:07.742, 0, NVIDIA H100, 0, 0, 953, 94368
2026/08/18 19:14:07.792, 0, NVIDIA H100, 0, 0, 953, 94368
2026/08/18 19:14:07.842, 0, NVIDIA H100, 0, 0, 953, 94368
2026/08/18 19:14:07.892, 0, NVIDIA H100, 0, 0, 953, 94368
2026/08/18 19:14:07.943, 0, NVIDIA H100, 0, 0, 953, 94368
2026/08/18 19:14:07.993, 0, NVIDIA H100, 0, 0, 953, 94368
2026/08/18 19:14:08.043, 0, NVIDIA H100, 0, 0, 953, 94368
2026/08/18 19:14:08.094, 0, NVIDIA H100, 0, 0, 953, 94368
2026/08/18 19:14:08.144, 0, NVIDIA H100, 0, 0, 953, 94368
2026/08/18 19:14:08.194, 0, NVIDIA H100, 0, 0, 953, 94368
2026/08/18 19:14:08.244, 0, NVIDIA H100, 0, 0, 953, 94368
2026/08/18 19:14:08.295, 0, NVIDIA H100, 0, 0, 953, 94368
2026/08/18 19:14:08.345, 0, NVIDIA H100, 0, 0, 953, 94368
2026/08/18 19:14:08.395, 0, NVIDIA H100, 0, 0, 953, 94368
2026/08/18 19:14:08.446, 0, NVIDIA H100, 0, 0, 953, 94368
2026/08/18 19:14:08.496, 0, NVIDIA H100, 0, 0, 953, 94368
2026/08/18 19:14:08.546, 0, NVIDIA H100, 0, 0, 953, 94368
2026/08/18 19:14:08.596, 0, NVIDIA H100, 0, 0, 953, 94368
2026/08/18 19:14:08.647, 0, NVIDIA H100, 0, 0, 953, 94368
2026/08/18 19:14:08.697, 0, NVIDIA H100, 0, 0, 953, 94368
2026/08/18 19:14:08.747, 0, NVIDIA H100, 0, 0, 953, 94368
2026/08/18 19:14:08.798, 0, NVIDIA H100, 0, 0, 953, 94368
2026/08/18 19:14:08.848, 0, NVIDIA H100, 0, 0, 953, 94368
2026/08/18 19:14:08.898, 0, NVIDIA H100, 0, 0, 953, 94368
2026/08/18 19:14:08.949, 0, NVIDIA H100, 0, 0, 953, 94368
2026/08/18 19:14:08.999, 0, NVIDIA H100, 0, 0, 953, 94368
2026/08/18 19:14:09.049, 0, NVIDIA H100, 0, 0, 953, 94368
2026/08/18 19:14:09.099, 0, NVIDIA H100, 0, 0, 953, 94368
2026/08/18 19:14:09.150, 0, NVIDIA H100, 0, 0, 953, 94368
2026/08/18 19:14:09.200, 0, NVIDIA H100, 0, 0, 953, 94368
2026/08/18 19:14:09.250, 0, NVIDIA H100, 0, 0, 953, 94368
2026/08/18 19:14:09.301, 0, NVIDIA H100, 0, 0, 953, 94368
2026/08/18 19:14:09.351, 0, NVIDIA H100, 0, 0, 953, 94368
2026/08/18 19:14:09.401, 0, NVIDIA H100, 0, 0, 953, 94368
2026/08/18 19:14:09.451, 0, NVIDIA H100, 0, 0, 953, 94368
2026/08/18 19:14:09.502, 0, NVIDIA H100, 0, 0, 953, 94368
2026/08/18 19:14:09.552, 0, NVIDIA H100, 0, 0, 953, 94368
2026/08/18 19:14:09.602, 0, NVIDIA H100, 0, 0, 953, 94368
2026/08/18 19:14:09.653, 0, NVIDIA H100, 0, 0, 953, 94368
2026/08/18 19:14:09.703, 0, NVIDIA H100, 0, 0, 953, 94368
2026/08/18 19:14:09.753, 0, NVIDIA H100, 0, 0, 953, 94368
2026/08/18 19:14:09.803, 0, NVIDIA H100, 0, 0, 953, 94368
2026/08/18 19:14:09.854, 0, NVIDIA H100, 0, 0, 953, 94368
2026/08/18 19:14:09.904, 0, NVIDIA H100, 0, 0, 953, 94368
2026/08/18 19:14:09.954, 0, NVIDIA H100, 0, 0, 953, 94368
2026/08/18 19:14:10.005, 0, NVIDIA H100, 0, 0, 953, 94368
2026/08/18 19:14:10.055, 0, NVIDIA H100, 0, 0, 953, 94368
2026/08/18 19:14:10.105, 0, NVIDIA H100, 0, 0, 953, 94368
2026/08/18 19:14:10.156, 0, NVIDIA H100, 0, 0, 953, 94368
2026/08/18 19:14:10.206, 0, NVIDIA H100, 0, 0, 953, 94368
2026/08/18 19:14:10.256, 0, NVIDIA H100, 0, 0, 953, 94368
2026/08/18 19:14:10.306, 0, NVIDIA H100, 0, 0, 953, 94368
2026/08/18 19:14:10.357, 0, NVIDIA H100, 0, 0, 953, 94368
2026/08/18 19:14:10.407, 0, NVIDIA H100, 0, 0, 953, 94368
2026/08/18 19:14:10.457, 0, NVIDIA H100, 0, 0, 953, 94368
2026/08/18 19:14:10.508, 0, NVIDIA H100, 0, 0, 953, 94368
2026/08/18 19:14:10.558, 0, NVIDIA H100, 0, 0, 953, 94368
2026/08/18 19:14:10.608, 0, NVIDIA H100, 0, 0, 953, 94368
2026/08/18 19:14:10.659, 0, NVIDIA H100, 0, 0, 953, 94368
2026/08/18 19:14:10.709, 0, NVIDIA H100, 0, 0, 953, 94368
2026/08/18 19:14:10.759, 0, NVIDIA H100, 0, 0, 953, 94368
2026/08/18 19:14:10.809, 0, NVIDIA H100, 0, 0, 953, 94368
2026/08/18 19:14:10.860, 0, NVIDIA H100, 0, 0, 953, 94368
2026/08/18 19:14:10.910, 0, NVIDIA H100, 0, 0, 953, 94368
2026/08/18 19:14:10.960, 0, NVIDIA H100, 0, 0, 953, 94368
2026/08/18 19:14:11.011, 0, NVIDIA H100, 0, 0, 953, 94368
2026/08/18 19:14:11.061, 0, NVIDIA H100, 0, 0, 953, 94368
2026/08/18 19:14:11.111, 0, NVIDIA H100, 0, 0, 953, 94368
2026/08/18 19:14:11.161, 0, NVIDIA H100, 0, 0, 953, 94368
2026/08/18 19:14:11.212, 0, NVIDIA H100, 0, 0, 953, 94368
2026/08/18 19:14:11.262, 0, NVIDIA H100, 0, 0, 953, 94368
2026/08/18 19:14:11.312, 0, NVIDIA H100, 0, 0, 953, 94368
2026/08/18 19:14:11.363, 0, NVIDIA H100, 0, 0, 953, 94368
2026/08/18 19:14:11.413, 0, NVIDIA H100, 0, 0, 953, 94368
2026/08/18 19:14:11.463, 0, NVIDIA H100, 0, 0, 953, 94368
2026/08/18 19:14:11.513, 0, NVIDIA H100, 0, 0, 953, 94368
2026/08/18 19:14:11.564, 0, NVIDIA H100, 0, 0, 953, 94368
2026/08/18 19:14:11.614, 0, NVIDIA H100, 0, 0, 953, 94368
2026/08/18 19:14:11.664, 0, NVIDIA H100, 0, 0, 953, 94368
2026/08/18 19:14:11.715, 0, NVIDIA H100, 0, 0, 953, 94368
2026/08/18 19:14:11.765, 0, NVIDIA H100, 0, 0, 953, 94368
2026/08/18 19:14:11.815, 0, NVIDIA H100, 0, 0, 953, 94368
2026/08/18 19:14:11.865, 0, NVIDIA H100, 0, 0, 953, 94368
2026/08/18 19:14:11.916, 0, NVIDIA H100, 0, 0, 953, 94368
2026/08/18 19:14:11.966, 0, NVIDIA H100, 0, 0, 953, 94368
2026/08/18 19:14:12.016, 0, NVIDIA H100, 0, 0, 953, 94368
2026/08/18 19:14:12.067, 0, NVIDIA H100, 0, 0, 953, 94368
2026/08/18 19:14:12.117, 0, NVIDIA H100, 0, 0, 953, 94368
2026/08/18 19:14:12.167, 0, NVIDIA H100, 0, 0, 953, 94368
2026/08/18 19:14:12.218, 0, NVIDIA H100, 0, 0, 953, 94368
2026/08/18 19:14:12.268, 0, NVIDIA H100, 0, 0, 953, 94368
2026/08/18 19:14:12.318, 0, NVIDIA H100, 0, 0, 953, 94368
2026/08/18 19:14:12.368, 0, NVIDIA H100, 0, 0, 953, 94368
2026/08/18 19:14:12.419, 0, NVIDIA H100, 0, 0, 953, 94368
2026/08/18 19:14:12.469, 0, NVIDIA H100, 0, 0, 953, 94368
2026/08/18 19:14:12.519, 0, NVIDIA H100, 0, 0, 953, 94368
2026/08/18 19:14:12.570, 0, NVIDIA H100, 0, 0, 953, 94368
2026/08/18 19:14:12.620, 0, NVIDIA H100, 0, 0, 953, 94368
2026/08/18 19:14:12.670, 0, NVIDIA H100, 0, 0, 953, 94368
2026/08/18 19:14:12.720, 0, NVIDIA H100, 0, 0, 953, 94368
2026/08/18 19:14:12.771, 0, NVIDIA H100, 0, 0, 953, 94368
2026/08/18 19:14:12.821, 0, NVIDIA H100, 0, 0, 953, 94368
2026/08/18 19:14:12.871, 0, NVIDIA H100, 0, 0, 953, 94368
2026/08/18 19:14:12.922, 0, NVIDIA H100, 0, 0, 953, 94368
2026/08/18 19:14:12.972, 0, NVIDIA H100, 0, 0, 953, 94368
2026/08/18 19:14:13.022, 0, NVIDIA H100, 0, 0, 953, 94368
2026/08/18 19:14:13.072, 0, NVIDIA H100, 0, 0, 953, 94368
2026/08/18 19:14:13.123, 0, NVIDIA H100, 0, 0, 953, 94368
2026/08/18 19:14:13.173, 0, NVIDIA H100, 0, 0, 953, 94368
2026/08/18 19:14:13.223, 0, NVIDIA H100, 0, 0, 953, 94368
2026/08/18 19:14:13.274, 0, NVIDIA H100, 0, 0, 953, 94368
2026/08/18 19:14:13.324, 0, NVIDIA H100, 0, 0, 953, 94368
2026/08/18 19:14:13.374, 0, NVIDIA H100, 0, 0, 953, 94368
2026/08/18 19:14:13.424, 0, NVIDIA H100, 0, 0, 953, 94368
2026/08/18 19:14:13.475, 0, NVIDIA H100, 0, 0, 953, 94368
2026/08/18 19:14:13.525, 0, NVIDIA H100, 0, 0, 953, 94368
2026/08/18 19:14:13.575, 0, NVIDIA H100, 0, 0, 953, 94368
2026/08/18 19:14:13.626, 0, NVIDIA H100, 0, 0, 953, 94368
2026/08/18 19:14:13.676, 0, NVIDIA H100, 0, 0, 953, 94368
2026/08/18 19:14:13.726, 0, NVIDIA H100, 0, 0, 953, 94368
2026/08/18 19:14:13.776, 0, NVIDIA H100, 0, 0, 953, 94368
2026/08/18 19:14:13.827, 0, NVIDIA H100, 0, 0, 953, 94368
2026/08/18 19:14:13.877, 0, NVIDIA H100, 0, 0, 953, 94368
2026/08/18 19:14:13.927, 0, NVIDIA H100, 0, 0, 953, 94368
2026/08/18 19:14:13.978, 0, NVIDIA H100, 0, 0, 953, 94368
2026/08/18 19:14:14.028, 0, NVIDIA H100, 0, 0, 953, 94368
2026/08/18 19:14:14.078, 0, NVIDIA H100, 0, 0, 953, 94368
2026/08/18 19:14:14.128, 0, NVIDIA H100, 0, 0, 953, 94368
2026/08/18 19:14:14.179, 0, NVIDIA H100, 0, 0, 953, 94368
2026/08/18 19:14:14.229, 0, NVIDIA H100, 0, 0, 953, 94368
2026/08/18 19:14:14.279, 0, NVIDIA H100, 0, 0, 953, 94368
2026/08/18 19:14:14.330, 0, NVIDIA H100, 0, 0, 953, 94368
2026/08/18 19:14:14.380, 0, NVIDIA H100, 0, 0, 953, 94368
2026/08/18 19:14:14.430, 0, NVIDIA H100, 0, 0, 953, 94368
2026/08/18 19:14:14.480, 0, NVIDIA H100, 0, 0, 953, 94368
2026/08/18 19:14:14.531, 0, NVIDIA H100, 0, 0, 953, 94368
2026/08/18 19:14:14.581, 0, NVIDIA H100, 0, 0, 953, 94368
2026/08/18 19:14:14.631, 0, NVIDIA H100, 0, 0, 953, 94368
2026/08/18 19:14:14.682, 0, NVIDIA H100, 0, 0, 953, 94368
2026/08/18 19:14:14.732, 0, NVIDIA H100, 0, 0, 953, 94368
2026/08/18 19:14:14.782, 0, NVIDIA H100, 0, 0, 953, 94368
2026/08/18 19:14:14.832, 0, NVIDIA H100, 0, 0, 953, 94368
2026/08/18 19:14:14.883, 0, NVIDIA H100, 0, 0, 953, 94368
2026/08/18 19:14:14.933, 0, NVIDIA H100, 0, 0, 953, 94368
2026/08/18 19:14:14.983, 0, NVIDIA H100, 0, 0, 953, 94368
2026/08/18 19:14:15.034, 0, NVIDIA H100, 0, 0, 953, 94368
2026/08/18 19:14:15.084, 0, NVIDIA H100, 0, 0, 953, 94368
2026/08/18 19:14:15.134, 0, NVIDIA H100, 0, 0, 953, 94368
2026/08/18 19:14:15.185, 0, NVIDIA H100, 0, 0, 953, 94368
2026/08/18 19:14:15.235, 0, NVIDIA H100, 0, 0, 953, 94368
2026/08/18 19:14:15.285, 0, NVIDIA H100, 0, 0, 953, 94368
2026/08/18 19:14:15.335, 0, NVIDIA H100, 0, 0, 953, 94368
2026/08/18 19:14:15.386, 0, NVIDIA H100, 0, 0, 953, 94368
2026/08/18 19:14:15.436, 0, NVIDIA H100, 0, 0, 953, 94368
2026/08/18 19:14:15.486, 0, NVIDIA H100, 0, 0, 953, 94368
2026/08/18 19:14:15.537, 0, NVIDIA H100, 0, 0, 953, 94368
2026/08/18 19:14:15.587, 0, NVIDIA H100, 0, 0, 953, 94368
2026/08/18 19:14:15.637, 0, NVIDIA H100, 0, 0, 953, 94368
2026/08/18 19:14:15.687, 0, NVIDIA H100, 0, 0, 953, 94368
2026/08/18 19:14:15.738, 0, NVIDIA H100, 0, 0, 953, 94368
2026/08/18 19:14:15.788, 0, NVIDIA H100, 0, 0, 953, 94368
2026/08/18 19:14:15.838, 0, NVIDIA H100, 0, 0, 953, 94368
2026/08/18 19:14:15.889, 0, NVIDIA H100, 0, 0, 953, 94368
2026/08/18 19:14:15.939, 0, NVIDIA H100, 0, 0, 953, 94368
2026/08/18 19:14:15.989, 0, NVIDIA H100, 0, 0, 953, 94368
2026/08/18 19:14:16.039, 0, NVIDIA H100, 0, 0, 953, 94368
2026/08/18 19:14:16.090, 0, NVIDIA H100, 0, 0, 953, 94368
2026/08/18 19:14:16.140, 0, NVIDIA H100, 0, 0, 953, 94368
2026/08/18 19:14:16.190, 0, NVIDIA H100, 0, 0, 953, 94368
2026/08/18 19:14:16.241, 0, NVIDIA H100, 0, 0, 953, 94368
2026/08/18 19:14:16.291, 0, NVIDIA H100, 0, 0, 953, 94368
2026/08/18 19:14:16.341, 0, NVIDIA H100, 0, 0, 953, 94368
2026/08/18 19:14:16.391, 0, NVIDIA H100, 0, 0, 953, 94368
2026/08/18 19:14:16.442, 0, NVIDIA H100, 0, 0, 953, 94368
2026/08/18 19:14:16.492, 0, NVIDIA H100, 0, 0, 953, 94368
2026/08/18 19:14:16.542, 0, NVIDIA H100, 0, 0, 953, 94368
2026/08/18 19:14:16.593, 0, NVIDIA H100, 0, 0, 953, 94368
2026/08/18 19:14:16.643, 0, NVIDIA H100, 0, 0, 953, 94368
2026/08/18 19:14:16.693, 0, NVIDIA H100, 0, 0, 953, 94368
2026/08/18 19:14:16.744, 0, NVIDIA H100, 0, 0, 953, 94368
2026/08/18 19:14:16.794, 0, NVIDIA H100, 0, 0, 953, 94368
2026/08/18 19:14:16.844, 0, NVIDIA H100, 0, 0, 953, 94368
2026/08/18 19:14:16.894, 0, NVIDIA H100, 0, 0, 953, 94368
2026/08/18 19:14:16.945, 0, NVIDIA H100, 0, 0, 953, 94368
2026/08/18 19:14:16.995, 0, NVIDIA H100, 0, 0, 953, 94368
2026/08/18 19:14:17.045, 0, NVIDIA H100, 0, 0, 953, 94368
2026/08/18 19:14:17.096, 0, NVIDIA H100, 0, 0, 953, 94368
2026/08/18 19:14:17.146, 0, NVIDIA H100, 0, 0, 953, 94368
2026/08/18 19:14:17.196, 0, NVIDIA H100, 0, 0, 953, 94368
2026/08/18 19:14:17.247, 0, NVIDIA H100, 0, 0, 953, 94368
2026/08/18 19:14:17.297, 0, NVIDIA H100, 0, 0, 953, 94368
2026/08/18 19:14:17.347, 0, NVIDIA H100, 0, 0, 953, 94368
2026/08/18 19:14:17.397, 0, NVIDIA H100, 0, 0, 953, 94368
2026/08/18 19:14:17.448, 0, NVIDIA H100, 0, 0, 953, 94368
2026/08/18 19:14:17.498, 0, NVIDIA H100, 0, 0, 953, 94368
2026/08/18 19:14:17.548, 0, NVIDIA H100, 0, 0, 953, 94368
2026/08/18 19:14:17.599, 0, NVIDIA H100, 0, 0, 953, 94368
2026/08/18 19:14:17.649, 0, NVIDIA H100, 0, 0, 953, 94368
2026/08/18 19:14:17.699, 0, NVIDIA H100, 0, 0, 953, 94368
2026/08/18 19:14:17.749, 0, NVIDIA H100, 0, 0, 953, 94368
2026/08/18 19:14:17.800, 0, NVIDIA H100, 0, 0, 953, 94368
2026/08/18 19:14:17.850, 0, NVIDIA H100, 0, 0, 953, 94368
2026/08/18 19:14:17.900, 0, NVIDIA H100, 0, 0, 953, 94368
2026/08/18 19:14:17.951, 0, NVIDIA H100, 0, 0, 953, 94368
2026/08/18 19:14:18.001, 0, NVIDIA H100, 0, 0, 953, 94368
2026/08/18 19:14:18.051, 0, NVIDIA H100, 0, 0, 953, 94368
2026/08/18 19:14:18.101, 0, NVIDIA H100, 0, 0, 953, 94368
2026/08/18 19:14:18.152, 0, NVIDIA H100, 0, 0, 953, 94368
2026/08/18 19:14:18.202, 0, NVIDIA H100, 0, 0, 953, 94368
2026/08/18 19:14:18.252, 0, NVIDIA H100, 0, 0, 953, 94368
2026/08/18 19:14:18.303, 0, NVIDIA H100, 0, 0, 953, 94368
2026/08/18 19:14:18.353, 0, NVIDIA H100, 0, 0, 953, 94368
2026/08/18 19:14:18.403, 0, NVIDIA H100, 0, 0, 953, 94368
2026/08/18 19:14:18.454, 0, NVIDIA H100, 0, 0, 953, 94368
2026/08/18 19:14:18.504, 0, NVIDIA H100, 0, 0, 953, 94368
2026/08/18 19:14:18.554, 0, NVIDIA H100, 0, 0, 953, 94368
2026/08/18 19:14:18.604, 0, NVIDIA H100, 0, 0, 953, 94368
2026/08/18 19:14:18.655, 0, NVIDIA H100, 0, 0, 953, 94368
2026/08/18 19:14:18.705, 0, NVIDIA H100, 0, 0, 953, 94368
2026/08/18 19:14:18.755, 0, NVIDIA H100, 0, 0, 953, 94368
2026/08/18 19:14:18.806, 0, NVIDIA H100, 0, 0, 953, 94368
2026/08/18 19:14:18.856, 0, NVIDIA H100, 0, 0, 953, 94368
2026/08/18 19:14:18.906, 0, NVIDIA H100, 0, 0, 953, 94368
2026/08/18 19:14:18.956, 0, NVIDIA H100, 0, 0, 953, 94368
2026/08/18 19:14:19.007, 0, NVIDIA H100, 0, 0, 953, 94368
2026/08/18 19:14:19.057, 0, NVIDIA H100, 0, 0, 953, 94368
2026/08/18 19:14:19.107, 0, NVIDIA H100, 0, 0, 953, 94368
2026/08/18 19:14:19.158, 0, NVIDIA H100, 0, 0, 953, 94368
2026/08/18 19:14:19.208, 0, NVIDIA H100, 0, 0, 953, 94368
2026/08/18 19:14:19.258, 0, NVIDIA H100, 0, 0, 953, 94368
2026/08/18 19:14:19.308, 0, NVIDIA H100, 0, 0, 953, 94368
2026/08/18 19:14:19.359, 0, NVIDIA H100, 0, 0, 953, 94368
2026/08/18 19:14:19.409, 0, NVIDIA H100, 0, 0, 953, 94368
2026/08/18 19:14:19.459, 0, NVIDIA H100, 0, 0, 953, 94368
2026/08/18 19:14:19.510, 0, NVIDIA H100, 0, 0, 953, 94368
2026/08/18 19:14:19.560, 0, NVIDIA H100, 0, 0, 953, 94368
2026/08/18 19:14:19.610, 0, NVIDIA H100, 0, 0, 953, 94368
2026/08/18 19:14:19.661, 0, NVIDIA H100, 0, 0, 953, 94368
2026/08/18 19:14:19.711, 0, NVIDIA H100, 0, 0, 953, 94368
2026/08/18 19:14:19.761, 0, NVIDIA H100, 0, 0, 953, 94368
2026/08/18 19:14:19.812, 0, NVIDIA H100, 0, 0, 953, 94368
2026/08/18 19:14:19.862, 0, NVIDIA H100, 0, 0, 953, 94368
2026/08/18 19:14:19.912, 0, NVIDIA H100, 0, 0, 953, 94368
2026/08/18 19:14:19.962, 0, NVIDIA H100, 0, 0, 953, 94368
2026/08/18 19:14:20.013, 0, NVIDIA H100, 0, 0, 953, 94368
2026/08/18 19:14:20.063, 0, NVIDIA H100, 0, 0, 953, 94368
2026/08/18 19:14:20.113, 0, NVIDIA H100, 0, 0, 953, 94368
2026/08/18 19:14:20.164, 0, NVIDIA H100, 0, 0, 953, 94368
2026/08/18 19:14:20.214, 0, NVIDIA H100, 0, 0, 953, 94368
2026/08/18 19:14:20.264, 0, NVIDIA H100, 0, 0, 953, 94368
2026/08/18 19:14:20.314, 0, NVIDIA H100, 0, 0, 953, 94368
2026/08/18 19:14:20.365, 0, NVIDIA H100, 0, 0, 953, 94368
2026/08/18 19:14:20.415, 0, NVIDIA H100, 0, 0, 953, 94368
2026/08/18 19:14:20.465, 0, NVIDIA H100, 0, 0, 953, 94368
2026/08/18 19:14:20.516, 0, NVIDIA H100, 0, 0, 953, 94368
2026/08/18 19:14:20.566, 0, NVIDIA H100, 0, 0, 953, 94368
2026/08/18 19:14:20.616, 0, NVIDIA H100, 0, 0, 953, 94368
2026/08/18 19:14:20.666, 0, NVIDIA H100, 0, 0, 953, 94368
2026/08/18 19:14:20.717, 0, NVIDIA H100, 0, 0, 953, 94368
2026/08/18 19:14:20.767, 0, NVIDIA H100, 0, 0, 953, 94368
2026/08/18 19:14:20.817, 0, NVIDIA H100, 0, 0, 953, 94368
2026/08/18 19:14:20.868, 0, NVIDIA H100, 0, 0, 953, 94368
2026/08/18 19:14:20.918, 0, NVIDIA H100, 0, 0, 953, 94368
2026/08/18 19:14:20.968, 0, NVIDIA H100, 0, 0, 953, 94368
2026/08/18 19:14:21.018, 0, NVIDIA H100, 0, 0, 953, 94368
2026/08/18 19:14:21.069, 0, NVIDIA H100, 0, 0, 953, 94368
2026/08/18 19:14:21.119, 0, NVIDIA H100, 0, 0, 953, 94368
2026/08/18 19:14:21.169, 0, NVIDIA H100, 0, 0, 953, 94368
2026/08/18 19:14:21.220, 0, NVIDIA H100, 0, 0, 953, 94368
2026/08/18 19:14:21.270, 0, NVIDIA H100, 0, 0, 953, 94368
2026/08/18 19:14:21.320, 0, NVIDIA H100, 0, 0, 953, 94368
2026/08/18 19:14:21.371, 0, NVIDIA H100, 0, 0, 953, 94368
2026/08/18 19:14:21.421, 0, NVIDIA H100, 0, 0, 953, 94368
2026/08/18 19:14:21.471, 0, NVIDIA H100, 0, 0, 953, 94368
2026/08/18 19:14:21.521, 0, NVIDIA H100, 0, 0, 953, 94368
2026/08/18 19:14:21.572, 0, NVIDIA H100, 0, 0, 953, 94368
2026/08/18 19:14:21.622, 0, NVIDIA H100, 0, 0, 953, 94368
2026/08/18 19:14:21.672, 0, NVIDIA H100, 0, 0, 953, 94368
2026/08/18 19:14:21.723, 0, NVIDIA H100, 0, 0, 953, 94368
2026/08/18 19:14:21.773, 0, NVIDIA H100, 0, 0, 953, 94368
2026/08/18 19:14:21.823, 0, NVIDIA H100, 0, 0, 953, 94368
2026/08/18 19:14:21.873, 0, NVIDIA H100, 0, 0, 953, 94368
2026/08/18 19:14:21.924, 0, NVIDIA H100, 0, 0, 953, 94368
2026/08/18 19:14:21.974, 0, NVIDIA H100, 0, 0, 953, 94368
2026/08/18 19:14:22.024, 0, NVIDIA H100, 0, 0, 953, 94368
2026/08/18 19:14:22.075, 0, NVIDIA H100, 0, 0, 953, 94368
2026/08/18 19:14:22.125, 0, NVIDIA H100, 0, 0, 953, 94368
2026/08/18 19:14:22.175, 0, NVIDIA H100, 0, 0, 953, 94368
2026/08/18 19:14:22.226, 0, NVIDIA H100, 0, 0, 953, 94368
2026/08/18 19:14:22.276, 0, NVIDIA H100, 0, 0, 953, 94368
2026/08/18 19:14:22.326, 0, NVIDIA H100, 0, 0, 953, 94368
2026/08/18 19:14:22.376, 0, NVIDIA H100, 0, 0, 953, 94368
2026/08/18 19:14:22.427, 0, NVIDIA H100, 0, 0, 953, 94368
2026/08/18 19:14:22.477, 0, NVIDIA H100, 0, 0, 953, 94368
2026/08/18 19:14:22.527, 0, NVIDIA H100, 0, 0, 953, 94368
2026/08/18 19:14:22.578, 0, NVIDIA H100, 0, 0, 953, 94368
2026/08/18 19:14:22.628, 0, NVIDIA H100, 0, 0, 953, 94368
2026/08/18 19:14:22.678, 0, NVIDIA H100, 0, 0, 953, 94368
2026/08/18 19:14:22.728, 0, NVIDIA H100, 0, 0, 953, 94368
2026/08/18 19:14:22.779, 0, NVIDIA H100, 0, 0, 953, 94368
2026/08/18 19:14:22.829, 0, NVIDIA H100, 0, 0, 953, 94368
2026/08/18 19:14:22.879, 0, NVIDIA H100, 0, 0, 953, 94368
2026/08/18 19:14:22.930, 0, NVIDIA H100, 0, 0, 953, 94368
2026/08/18 19:14:22.980, 0, NVIDIA H100, 0, 0, 953, 94368
2026/08/18 19:14:23.030, 0, NVIDIA H100, 0, 0, 953, 94368
2026/08/18 19:14:23.080, 0, NVIDIA H100, 0, 0, 953, 94368
2026/08/18 19:14:23.131, 0, NVIDIA H100, 0, 0, 953, 94368
2026/08/18 19:14:23.181, 0, NVIDIA H100, 0, 0, 953, 94368
2026/08/18 19:14:23.231, 0, NVIDIA H100, 0, 0, 953, 94368
2026/08/18 19:14:23.282, 0, NVIDIA H100, 0, 0, 953, 94368
2026/08/18 19:14:23.332, 0, NVIDIA H100, 0, 0, 953, 94368
2026/08/18 19:14:23.382, 0, NVIDIA H100, 0, 0, 953, 94368
2026/08/18 19:14:23.433, 0, NVIDIA H100, 0, 0, 953, 94368
2026/08/18 19:14:23.483, 0, NVIDIA H100, 0, 0, 953, 94368
2026/08/18 19:14:23.533, 0, NVIDIA H100, 0, 0, 953, 94368
2026/08/18 19:14:23.583, 0, NVIDIA H100, 0, 0, 953, 94368
2026/08/18 19:14:23.634, 0, NVIDIA H100, 0, 0, 953, 94368
2026/08/18 19:14:23.684, 0, NVIDIA H100, 0, 0, 953, 94368
2026/08/18 19:14:23.734, 0, NVIDIA H100, 0, 0, 953, 94368
2026/08/18 19:14:23.785, 0, NVIDIA H100, 0, 0, 953, 94368
2026/08/18 19:14:23.835, 0, NVIDIA H100, 0, 0, 953, 94368
2026/08/18 19:14:23.885, 0, NVIDIA H100, 0, 0, 953, 94368
2026/08/18 19:14:23.936, 0, NVIDIA H100, 0, 0, 953, 94368
2026/08/18 19:14:23.986, 0, NVIDIA H100, 0, 0, 953, 94368
2026/08/18 19:14:24.036, 0, NVIDIA H100, 0, 0, 953, 94368
2026/08/18 19:14:24.086, 0, NVIDIA H100, 0, 0, 953, 94368
2026/08/18 19:14:24.137, 0, NVIDIA H100, 0, 0, 953, 94368
2026/08/18 19:14:24.187, 0, NVIDIA H100, 0, 0, 953, 94368
2026/08/18 19:14:24.237, 0, NVIDIA H100, 0, 0, 953, 94368
2026/08/18 19:14:24.288, 0, NVIDIA H100, 0, 0, 953, 94368
2026/08/18 19:14:24.338, 0, NVIDIA H100, 0, 0, 953, 94368
2026/08/18 19:14:24.388, 0, NVIDIA H100, 0, 0, 953, 94368
2026/08/18 19:14:24.439, 0, NVIDIA H100, 0, 0, 953, 94368
2026/08/18 19:14:24.489, 0, NVIDIA H100, 0, 0, 953, 94368
2026/08/18 19:14:24.539, 0, NVIDIA H100, 0, 0, 953, 94368
2026/08/18 19:14:24.589, 0, NVIDIA H100, 0, 0, 953, 94368
2026/08/18 19:14:24.640, 0, NVIDIA H100, 0, 0, 953, 94368
2026/08/18 19:14:24.690, 0, NVIDIA H100, 0, 0, 953, 94368
2026/08/18 19:14:24.740, 0, NVIDIA H100, 0, 0, 953, 94368
2026/08/18 19:14:24.791, 0, NVIDIA H100, 0, 0, 953, 94368
2026/08/18 19:14:24.841, 0, NVIDIA H100, 0, 0, 953, 94368
2026/08/18 19:14:24.891, 0, NVIDIA H100, 0, 0, 953, 94368
2026/08/18 19:14:24.941, 0, NVIDIA H100, 0, 0, 953, 94368
2026/08/18 19:14:24.992, 0, NVIDIA H100, 0, 0, 953, 94368
2026/08/18 19:14:25.042, 0, NVIDIA H100, 0, 0, 953, 94368
2026/08/18 19:14:25.092, 0, NVIDIA H100, 0, 0, 953, 94368
2026/08/18 19:14:25.143, 0, NVIDIA H100, 0, 0, 953, 94368
2026/08/18 19:14:25.193, 0, NVIDIA H100, 0, 0, 953, 94368
2026/08/18 19:14:25.243, 0, NVIDIA H100, 0, 0, 953, 94368
2026/08/18 19:14:25.294, 0, NVIDIA H100, 0, 0, 953, 94368
2026/08/18 19:14:25.344, 0, NVIDIA H100, 0, 0, 953, 94368
2026/08/18 19:14:25.394, 0, NVIDIA H100, 0, 0, 953, 94368
2026/08/18 19:14:25.444, 0, NVIDIA H100, 0, 0, 953, 94368
2026/08/18 19:14:25.495, 0, NVIDIA H100, 0, 0, 953, 94368
2026/08/18 19:14:25.545, 0, NVIDIA H100, 0, 0, 953, 94368
2026/08/18 19:14:25.595, 0, NVIDIA H100, 0, 0, 953, 94368
2026/08/18 19:14:25.646, 0, NVIDIA H100, 0, 0, 953, 94368
2026/08/18 19:14:25.696, 0, NVIDIA H100, 0, 0, 953, 94368
2026/08/18 19:14:25.746, 0, NVIDIA H100, 0, 0, 953, 94368
2026/08/18 19:14:25.797, 0, NVIDIA H100, 0, 0, 953, 94368
2026/08/18 19:14:25.847, 0, NVIDIA H100, 0, 0, 953, 94368
2026/08/18 19:14:25.897, 0, NVIDIA H100, 0, 0, 953, 94368
2026/08/18 19:14:25.947, 0, NVIDIA H100, 0, 0, 953, 94368
2026/08/18 19:14:25.998, 0, NVIDIA H100, 0, 0, 953, 94368
2026/08/18 19:14:26.048, 0, NVIDIA H100, 0, 0, 953, 94368
2026/08/18 19:14:26.098, 0, NVIDIA H100, 0, 0, 953, 94368
2026/08/18 19:14:26.149, 0, NVIDIA H100, 0, 0, 953, 94368
2026/08/18 19:14:26.199, 0, NVIDIA H100, 0, 0, 953, 94368
2026/08/18 19:14:26.249, 0, NVIDIA H100, 0, 0, 953, 94368
2026/08/18 19:14:26.299, 0, NVIDIA H100, 0, 0, 953, 94368
2026/08/18 19:14:26.350, 0, NVIDIA H100, 0, 0, 953, 94368
2026/08/18 19:14:26.400, 0, NVIDIA H100, 0, 0, 953, 94368
2026/08/18 19:14:26.450, 0, NVIDIA H100, 0, 0, 953, 94368
2026/08/18 19:14:26.501, 0, NVIDIA H100, 0, 0, 953, 94368
2026/08/18 19:14:26.551, 0, NVIDIA H100, 0, 0, 953, 94368
2026/08/18 19:14:26.601, 0, NVIDIA H100, 0, 0, 953, 94368
2026/08/18 19:14:26.651, 0, NVIDIA H100, 0, 0, 953, 94368
2026/08/18 19:14:26.702, 0, NVIDIA H100, 0, 0, 953, 94368
2026/08/18 19:14:26.752, 0, NVIDIA H100, 0, 0, 953, 94368
2026/08/18 19:14:26.802, 0, NVIDIA H100, 0, 0, 953, 94368
2026/08/18 19:14:26.853, 0, NVIDIA H100, 0, 0, 953, 94368
2026/08/18 19:14:26.903, 0, NVIDIA H100, 0, 0, 953, 94368
2026/08/18 19:14:26.953, 0, NVIDIA H100, 0, 0, 953, 94368
2026/08/18 19:14:27.004, 0, NVIDIA H100, 0, 0, 953, 94368
2026/08/18 19:14:27.054, 0, NVIDIA H100, 0, 0, 953, 94368
2026/08/18 19:14:27.104, 0, NVIDIA H100, 0, 0, 953, 94368
2026/08/18 19:14:27.154, 0, NVIDIA H100, 0, 0, 953, 94368
2026/08/18 19:14:27.205, 0, NVIDIA H100, 0, 0, 953, 94368
2026/08/18 19:14:27.255, 0, NVIDIA H100, 0, 0, 953, 94368
2026/08/18 19:14:27.305, 0, NVIDIA H100, 0, 0, 953, 94368
2026/08/18 19:14:27.356, 0, NVIDIA H100, 0, 0, 953, 94368
2026/08/18 19:14:27.406, 0, NVIDIA H100, 0, 0, 953, 94368
2026/08/18 19:14:27.456, 0, NVIDIA H100, 0, 0, 953, 94368
2026/08/18 19:14:27.507, 0, NVIDIA H100, 0, 0, 953, 94368
2026/08/18 19:14:27.557, 0, NVIDIA H100, 0, 0, 953, 94368
2026/08/18 19:14:27.607, 0, NVIDIA H100, 0, 0, 953, 94368
2026/08/18 19:14:27.657, 0, NVIDIA H100, 0, 0, 953, 94368
2026/08/18 19:14:27.708, 0, NVIDIA H100, 0, 0, 953, 94368
2026/08/18 19:14:27.758, 0, NVIDIA H100, 0, 0, 953, 94368
2026/08/18 19:14:27.808, 0, NVIDIA H100, 0, 0, 953, 94368
2026/08/18 19:14:27.859, 0, NVIDIA H100, 0, 0, 953, 94368
2026/08/18 19:14:27.909, 0, NVIDIA H100, 0, 0, 953, 94368
2026/08/18 19:14:27.959, 0, NVIDIA H100, 0, 0, 953, 94368
2026/08/18 19:14:28.009, 0, NVIDIA H100, 0, 0, 953, 94368
2026/08/18 19:14:28.060, 0, NVIDIA H100, 0, 0, 953, 94368
2026/08/18 19:14:28.110, 0, NVIDIA H100, 0, 0, 953, 94368
2026/08/18 19:14:28.160, 0, NVIDIA H100, 0, 0, 953, 94368
2026/08/18 19:14:28.210, 0, NVIDIA H100, 0, 0, 953, 94368
2026/08/18 19:14:28.261, 0, NVIDIA H100, 0, 0, 953, 94368
2026/08/18 19:14:28.311, 0, NVIDIA H100, 0, 0, 953, 94368
2026/08/18 19:14:28.361, 0, NVIDIA H100, 0, 0, 953, 94368
2026/08/18 19:14:28.412, 0, NVIDIA H100, 0, 0, 953, 94368
2026/08/18 19:14:28.462, 0, NVIDIA H100, 0, 0, 953, 94368
2026/08/18 19:14:28.512, 0, NVIDIA H100, 0, 0, 953, 94368
2026/08/18 19:14:28.563, 0, NVIDIA H100, 0, 0, 953, 94368
2026/08/18 19:14:28.613, 0, NVIDIA H100, 0, 0, 953, 94368
2026/08/18 19:14:28.663, 0, NVIDIA H100, 0, 0, 953, 94368
2026/08/18 19:14:28.713, 0, NVIDIA H100, 0, 0, 953, 94368
2026/08/18 19:14:28.764, 0, NVIDIA H100, 0, 0, 953, 94368
2026/08/18 19:14:28.814, 0, NVIDIA H100, 0, 0, 953, 94368
2026/08/18 19:14:28.864, 0, NVIDIA H100, 0, 0, 953, 94368
2026/08/18 19:14:28.915, 0, NVIDIA H100, 0, 0, 953, 94368
2026/08/18 19:14:28.965, 0, NVIDIA H100, 0, 0, 953, 94368
2026/08/18 19:14:29.015, 0, NVIDIA H100, 0, 0, 953, 94368
2026/08/18 19:14:29.066, 0, NVIDIA H100, 0, 0, 953, 94368
2026/08/18 19:14:29.116, 0, NVIDIA H100, 0, 0, 953, 94368
2026/08/18 19:14:29.166, 0, NVIDIA H100, 0, 0, 953, 94368
2026/08/18 19:14:29.216, 0, NVIDIA H100, 0, 0, 953, 94368
2026/08/18 19:14:29.267, 0, NVIDIA H100, 0, 0, 953, 94368
2026/08/18 19:14:29.317, 0, NVIDIA H100, 0, 0, 953, 94368
2026/08/18 19:14:29.367, 0, NVIDIA H100, 0, 0, 953, 94368
2026/08/18 19:14:29.418, 0, NVIDIA H100, 0, 0, 953, 94368
2026/08/18 19:14:29.468, 0, NVIDIA H100, 0, 0, 953, 94368
2026/08/18 19:14:29.518, 0, NVIDIA H100, 0, 0, 953, 94368
2026/08/18 19:14:29.568, 0, NVIDIA H100, 0, 0, 953, 94368
2026/08/18 19:14:29.619, 0, NVIDIA H100, 0, 0, 953, 94368
2026/08/18 19:14:29.669, 0, NVIDIA H100, 0, 0, 953, 94368
2026/08/18 19:14:29.719, 0, NVIDIA H100, 0, 0, 953, 94368
2026/08/18 19:14:29.770, 0, NVIDIA H100, 0, 0, 953, 94368
2026/08/18 19:14:29.820, 0, NVIDIA H100, 0, 0, 953, 94368
2026/08/18 19:14:29.870, 0, NVIDIA H100, 0, 0, 953, 94368
2026/08/18 19:14:29.920, 0, NVIDIA H100, 0, 0, 953, 94368
2026/08/18 19:14:29.971, 0, NVIDIA H100, 0, 0, 953, 94368
2026/08/18 19:14:30.021, 0, NVIDIA H100, 0, 0, 953, 94368
2026/08/18 19:14:30.071, 0, NVIDIA H100, 0, 0, 953, 94368
2026/08/18 19:14:30.122, 0, NVIDIA H100, 0, 0, 953, 94368
2026/08/18 19:14:30.172, 0, NVIDIA H100, 0, 0, 953, 94368
2026/08/18 19:14:30.222, 0, NVIDIA H100, 0, 0, 953, 94368
2026/08/18 19:14:30.273, 0, NVIDIA H100, 0, 0, 953, 94368
2026/08/18 19:14:30.323, 0, NVIDIA H100, 0, 0, 953, 94368
2026/08/18 19:14:30.373, 0, NVIDIA H100, 0, 0, 953, 94368
2026/08/18 19:14:30.423, 0, NVIDIA H100, 0, 0, 953, 94368
2026/08/18 19:14:30.474, 0, NVIDIA H100, 0, 0, 953, 94368
2026/08/18 19:14:30.524, 0, NVIDIA H100, 0, 0, 953, 94368
2026/08/18 19:14:30.574, 0, NVIDIA H100, 0, 0, 953, 94368
2026/08/18 19:14:30.625, 0, NVIDIA H100, 0, 0, 953, 94368
2026/08/18 19:14:30.675, 0, NVIDIA H100, 0, 0, 953, 94368
2026/08/18 19:14:30.725, 0, NVIDIA H100, 0, 0, 953, 94368
2026/08/18 19:14:30.775, 0, NVIDIA H100, 0, 0, 953, 94368
2026/08/18 19:14:30.826, 0, NVIDIA H100, 0, 0, 953, 94368
2026/08/18 19:14:30.876, 0, NVIDIA H100, 0, 0, 953, 94368
2026/08/18 19:14:30.926, 0, NVIDIA H100, 0, 0, 953, 94368
2026/08/18 19:14:30.977, 0, NVIDIA H100, 0, 0, 953, 94368
2026/08/18 19:14:31.027, 0, NVIDIA H100, 0, 0, 953, 94368
2026/08/18 19:14:31.077, 0, NVIDIA H100, 0, 0, 953, 94368
2026/08/18 19:14:31.127, 0, NVIDIA H100, 0, 0, 953, 94368
2026/08/18 19:14:31.178, 0, NVIDIA H100, 0, 0, 953, 94368
2026/08/18 19:14:31.228, 0, NVIDIA H100, 0, 0, 953, 94368
2026/08/18 19:14:31.278, 0, NVIDIA H100, 0, 0, 953, 94368
2026/08/18 19:14:31.329, 0, NVIDIA H100, 0, 0, 953, 94368
2026/08/18 19:14:31.379, 0, NVIDIA H100, 0, 0, 953, 94368
2026/08/18 19:14:31.429, 0, NVIDIA H100, 0, 0, 953, 94368
2026/08/18 19:14:31.479, 0, NVIDIA H100, 0, 0, 953, 94368
2026/08/18 19:14:31.530, 0, NVIDIA H100, 0, 0, 953, 94368
2026/08/18 19:14:31.580, 0, NVIDIA H100, 0, 0, 953, 94368
2026/08/18 19:14:31.630, 0, NVIDIA H100, 0, 0, 953, 94368
2026/08/18 19:14:31.681, 0, NVIDIA H100, 0, 0, 953, 94368
2026/08/18 19:14:31.731, 0, NVIDIA H100, 0, 0, 953, 94368
2026/08/18 19:14:31.781, 0, NVIDIA H100, 0, 0, 953, 94368
2026/08/18 19:14:31.831, 0, NVIDIA H100, 0, 0, 953, 94368
2026/08/18 19:14:31.882, 0, NVIDIA H100, 0, 0, 953, 94368
2026/08/18 19:14:31.932, 0, NVIDIA H100, 0, 0, 953, 94368
2026/08/18 19:14:31.982, 0, NVIDIA H100, 0, 0, 953, 94368
2026/08/18 19:14:32.033, 0, NVIDIA H100, 0, 0, 953, 94368
2026/08/18 19:14:32.083, 0, NVIDIA H100, 0, 0, 953, 94368
2026/08/18 19:14:32.133, 0, NVIDIA H100, 0, 0, 953, 94368
2026/08/18 19:14:32.183, 0, NVIDIA H100, 0, 0, 953, 94368
2026/08/18 19:14:32.234, 0, NVIDIA H100, 0, 0, 953, 94368
2026/08/18 19:14:32.284, 0, NVIDIA H100, 0, 0, 953, 94368
2026/08/18 19:14:32.334, 0, NVIDIA H100, 0, 0, 953, 94368
2026/08/18 19:14:32.385, 0, NVIDIA H100, 0, 0, 953, 94368
2026/08/18 19:14:32.435, 0, NVIDIA H100, 0, 0, 953, 94368
2026/08/18 19:14:32.485, 0, NVIDIA H100, 0, 0, 953, 94368
2026/08/18 19:14:32.535, 0, NVIDIA H100, 0, 0, 953, 94368
2026/08/18 19:14:32.586, 0, NVIDIA H100, 0, 0, 953, 94368
2026/08/18 19:14:32.636, 0, NVIDIA H100, 0, 0, 953, 94368
2026/08/18 19:14:32.686, 0, NVIDIA H100, 0, 0, 953, 94368
2026/08/18 19:14:32.737, 0, NVIDIA H100, 0, 0, 953, 94368
2026/08/18 19:14:32.787, 0, NVIDIA H100, 0, 0, 953, 94368
2026/08/18 19:14:32.837, 0, NVIDIA H100, 0, 0, 953, 94368
2026/08/18 19:14:32.888, 0, NVIDIA H100, 0, 0, 953, 94368
2026/08/18 19:14:32.938, 0, NVIDIA H100, 0, 0, 953, 94368
2026/08/18 19:14:32.988, 0, NVIDIA H100, 0, 0, 953, 94368
2026/08/18 19:14:33.038, 0, NVIDIA H100, 0, 0, 953, 94368
2026/08/18 19:14:33.089, 0, NVIDIA H100, 0, 0, 953, 94368
2026/08/18 19:14:33.139, 0, NVIDIA H100, 0, 0, 953, 94368
2026/08/18 19:14:33.189, 0, NVIDIA H100, 0, 0, 953, 94368
2026/08/18 19:14:33.240, 0, NVIDIA H100, 0, 0, 953, 94368
2026/08/18 19:14:33.290, 0, NVIDIA H100, 0, 0, 953, 94368
2026/08/18 19:14:33.340, 0, NVIDIA H100, 0, 0, 953, 94368
2026/08/18 19:14:33.390, 0, NVIDIA H100, 0, 0, 953, 94368
2026/08/18 19:14:33.441, 0, NVIDIA H100, 0, 0, 953, 94368
2026/08/18 19:14:33.491, 0, NVIDIA H100, 0, 0, 953, 94368
2026/08/18 19:14:33.541, 0, NVIDIA H100, 0, 0, 953, 94368
2026/08/18 19:14:33.592, 0, NVIDIA H100, 0, 0, 953, 94368
2026/08/18 19:14:33.642, 0, NVIDIA H100, 0, 0, 953, 94368
2026/08/18 19:14:33.692, 0, NVIDIA H100, 0, 0, 953, 94368
2026/08/18 19:14:33.743, 0, NVIDIA H100, 0, 0, 953, 94368
2026/08/18 19:14:33.793, 0, NVIDIA H100, 0, 0, 953, 94368
2026/08/18 19:14:33.843, 0, NVIDIA H100, 0, 0, 953, 94368
2026/08/18 19:14:33.893, 0, NVIDIA H100, 0, 0, 953, 94368
2026/08/18 19:14:33.944, 0, NVIDIA H100, 0, 0, 953, 94368
2026/08/18 19:14:33.994, 0, NVIDIA H100, 0, 0, 953, 94368
2026/08/18 19:14:34.044, 0, NVIDIA H100, 0, 0, 953, 94368
2026/08/18 19:14:34.094, 0, NVIDIA H100, 0, 0, 953, 94368
2026/08/18 19:14:34.145, 0, NVIDIA H100, 0, 0, 953, 94368
2026/08/18 19:14:34.195, 0, NVIDIA H100, 0, 0, 953, 94368
2026/08/18 19:14:34.245, 0, NVIDIA H100, 0, 0, 953, 94368
2026/08/18 19:14:34.296, 0, NVIDIA H100, 0, 0, 953, 94368
2026/08/18 19:14:34.346, 0, NVIDIA H100, 0, 0, 953, 94368
2026/08/18 19:14:34.396, 0, NVIDIA H100, 0, 0, 953, 94368
2026/08/18 19:14:34.447, 0, NVIDIA H100, 0, 0, 953, 94368
2026/08/18 19:14:34.497, 0, NVIDIA H100, 0, 0, 953, 94368
2026/08/18 19:14:34.547, 0, NVIDIA H100, 0, 0, 953, 94368
2026/08/18 19:14:34.597, 0, NVIDIA H100, 0, 0, 953, 94368
2026/08/18 19:14:34.648, 0, NVIDIA H100, 0, 0, 953, 94368
2026/08/18 19:14:34.698, 0, NVIDIA H100, 0, 0, 953, 94368
2026/08/18 19:14:34.748, 0, NVIDIA H100, 0, 0, 953, 94368
2026/08/18 19:14:34.798, 0, NVIDIA H100, 0, 0, 953, 94368
2026/08/18 19:14:34.849, 0, NVIDIA H100, 0, 0, 953, 94368
2026/08/18 19:14:34.899, 0, NVIDIA H100, 0, 0, 953, 94368
2026/08/18 19:14:34.949, 0, NVIDIA H100, 0, 0, 953, 94368
2026/08/18 19:14:35.000, 0, NVIDIA H100, 0, 0, 953, 94368
2026/08/18 19:14:35.050, 0, NVIDIA H100, 0, 0, 953, 94368
2026/08/18 19:14:35.100, 0, NVIDIA H100, 0, 0, 953, 94368
2026/08/18 19:14:35.150, 0, NVIDIA H100, 0, 0, 953, 94368
2026/08/18 19:14:35.201, 0, NVIDIA H100, 0, 0, 953, 94368
2026/08/18 19:14:35.251, 0, NVIDIA H100, 0, 0, 953, 94368
2026/08/18 19:14:35.301, 0, NVIDIA H100, 0, 0, 953, 94368
2026/08/18 19:14:35.352, 0, NVIDIA H100, 0, 0, 953, 94368
2026/08/18 19:14:35.402, 0, NVIDIA H100, 0, 0, 953, 94368
2026/08/18 19:14:35.452, 0, NVIDIA H100, 0, 0, 953, 94368
2026/08/18 19:14:35.503, 0, NVIDIA H100, 0, 0, 953, 94368
2026/08/18 19:14:35.553, 0, NVIDIA H100, 0, 0, 953, 94368
2026/08/18 19:14:35.603, 0, NVIDIA H100, 0, 0, 953, 94368
2026/08/18 19:14:35.653, 0, NVIDIA H100, 0, 0, 953, 94368
2026/08/18 19:14:35.704, 0, NVIDIA H100, 0, 0, 953, 94368
2026/08/18 19:14:35.754, 0, NVIDIA H100, 0, 0, 953, 94368
2026/08/18 19:14:35.804, 0, NVIDIA H100, 0, 0, 953, 94368
2026/08/18 19:14:35.855, 0, NVIDIA H100, 0, 0, 953, 94368
2026/08/18 19:14:35.905, 0, NVIDIA H100, 0, 0, 953, 94368
2026/08/18 19:14:35.955, 0, NVIDIA H100, 0, 0, 953, 94368
2026/08/18 19:14:36.005, 0, NVIDIA H100, 0, 0, 953, 94368
2026/08/18 19:14:36.056, 0, NVIDIA H100, 0, 0, 953, 94368
2026/08/18 19:14:36.106, 0, NVIDIA H100, 0, 0, 953, 94368
2026/08/18 19:14:36.156, 0, NVIDIA H100, 0, 0, 953, 94368
2026/08/18 19:14:36.207, 0, NVIDIA H100, 0, 0, 953, 94368
2026/08/18 19:14:36.257, 0, NVIDIA H100, 0, 0, 953, 94368
2026/08/18 19:14:36.307, 0, NVIDIA H100, 0, 0, 953, 94368
2026/08/18 19:14:36.357, 0, NVIDIA H100, 0, 0, 953, 94368
2026/08/18 19:14:36.408, 0, NVIDIA H100, 0, 0, 953, 94368
2026/08/18 19:14:36.458, 0, NVIDIA H100, 0, 0, 953, 94368
2026/08/18 19:14:36.508, 0, NVIDIA H100, 0, 0, 953, 94368
2026/08/18 19:14:36.559, 0, NVIDIA H100, 0, 0, 953, 94368
2026/08/18 19:14:36.609, 0, NVIDIA H100, 0, 0, 953, 94368
2026/08/18 19:14:36.659, 0, NVIDIA H100, 0, 0, 953, 94368
2026/08/18 19:14:36.709, 0, NVIDIA H100, 0, 0, 953, 94368
2026/08/18 19:14:36.760, 0, NVIDIA H100, 0, 0, 953, 94368
2026/08/18 19:14:36.810, 0, NVIDIA H100, 0, 0, 953, 94368
2026/08/18 19:14:36.860, 0, NVIDIA H100, 0, 0, 953, 94368
2026/08/18 19:14:36.911, 0, NVIDIA H100, 0, 0, 953, 94368
2026/08/18 19:14:36.961, 0, NVIDIA H100, 0, 0, 953, 94368
2026/08/18 19:14:37.011, 0, NVIDIA H100, 0, 0, 953, 94368
2026/08/18 19:14:37.062, 0, NVIDIA H100, 0, 0, 953, 94368
2026/08/18 19:14:37.112, 0, NVIDIA H100, 0, 0, 953, 94368
2026/08/18 19:14:37.162, 0, NVIDIA H100, 0, 0, 953, 94368
2026/08/18 19:14:37.213, 0, NVIDIA H100, 0, 0, 953, 94368
2026/08/18 19:14:37.263, 0, NVIDIA H100, 0, 0, 953, 94368
2026/08/18 19:14:37.313, 0, NVIDIA H100, 0, 0, 953, 94368
2026/08/18 19:14:37.363, 0, NVIDIA H100, 0, 0, 953, 94368
2026/08/18 19:14:37.414, 0, NVIDIA H100, 0, 0, 953, 94368
2026/08/18 19:14:37.464, 0, NVIDIA H100, 0, 0, 953, 94368
2026/08/18 19:14:37.514, 0, NVIDIA H100, 0, 0, 953, 94368
2026/08/18 19:14:37.565, 0, NVIDIA H100, 0, 0, 953, 94368
2026/08/18 19:14:37.615, 0, NVIDIA H100, 0, 0, 953, 94368
2026/08/18 19:14:37.665, 0, NVIDIA H100, 0, 0, 953, 94368
2026/08/18 19:14:37.715, 0, NVIDIA H100, 0, 0, 953, 94368
2026/08/18 19:14:37.766, 0, NVIDIA H100, 0, 0, 953, 94368
2026/08/18 19:14:37.816, 0, NVIDIA H100, 0, 0, 953, 94368
2026/08/18 19:14:37.866, 0, NVIDIA H100, 0, 0, 953, 94368
2026/08/18 19:14:37.917, 0, NVIDIA H100, 0, 0, 953, 94368
2026/08/18 19:14:37.967, 0, NVIDIA H100, 0, 0, 953, 94368
2026/08/18 19:14:38.017, 0, NVIDIA H100, 0, 0, 953, 94368
2026/08/18 19:14:38.068, 0, NVIDIA H100, 0, 0, 953, 94368
2026/08/18 19:14:38.118, 0, NVIDIA H100, 0, 0, 953, 94368
2026/08/18 19:14:38.168, 0, NVIDIA H100, 0, 0, 953, 94368
2026/08/18 19:14:38.218, 0, NVIDIA H100, 0, 0, 953, 94368
2026/08/18 19:14:38.269, 0, NVIDIA H100, 0, 0, 953, 94368
2026/08/18 19:14:38.319, 0, NVIDIA H100, 0, 0, 953, 94368
2026/08/18 19:14:38.369, 0, NVIDIA H100, 0, 0, 953, 94368
2026/08/18 19:14:38.420, 0, NVIDIA H100, 0, 0, 953, 94368
2026/08/18 19:14:38.470, 0, NVIDIA H100, 0, 0, 953, 94368
2026/08/18 19:14:38.520, 0, NVIDIA H100, 0, 0, 953, 94368
2026/08/18 19:14:38.570, 0, NVIDIA H100, 0, 0, 953, 94368
2026/08/18 19:14:38.621, 0, NVIDIA H100, 0, 0, 953, 94368
2026/08/18 19:14:38.671, 0, NVIDIA H100, 0, 0, 953, 94368
2026/08/18 19:14:38.721, 0, NVIDIA H100, 0, 0, 953, 94368
2026/08/18 19:14:38.772, 0, NVIDIA H100, 0, 0, 953, 94368
2026/08/18 19:14:38.822, 0, NVIDIA H100, 0, 0, 953, 94368
2026/08/18 19:14:38.872, 0, NVIDIA H100, 0, 0, 953, 94368
2026/08/18 19:14:38.922, 0, NVIDIA H100, 0, 0, 953, 94368
2026/08/18 19:14:38.973, 0, NVIDIA H100, 0, 0, 953, 94368
2026/08/18 19:14:39.023, 0, NVIDIA H100, 0, 0, 953, 94368
2026/08/18 19:14:39.073, 0, NVIDIA H100, 0, 0, 953, 94368
2026/08/18 19:14:39.124, 0, NVIDIA H100, 0, 0, 953, 94368
2026/08/18 19:14:39.174, 0, NVIDIA H100, 0, 0, 953, 94368
2026/08/18 19:14:39.224, 0, NVIDIA H100, 0, 0, 953, 94368
2026/08/18 19:14:39.275, 0, NVIDIA H100, 0, 0, 953, 94368
2026/08/18 19:14:39.325, 0, NVIDIA H100, 0, 0, 953, 94368
2026/08/18 19:14:39.375, 0, NVIDIA H100, 0, 0, 953, 94368
2026/08/18 19:14:39.425, 0, NVIDIA H100, 0, 0, 953, 94368
2026/08/18 19:14:39.476, 0, NVIDIA H100, 0, 0, 953, 94368
2026/08/18 19:14:39.526, 0, NVIDIA H100, 0, 0, 953, 94368
2026/08/18 19:14:39.576, 0, NVIDIA H100, 0, 0, 953, 94368
2026/08/18 19:14:39.627, 0, NVIDIA H100, 0, 0, 953, 94368
2026/08/18 19:14:39.677, 0, NVIDIA H100, 0, 0, 953, 94368
2026/08/18 19:14:39.727, 0, NVIDIA H100, 0, 0, 953, 94368
2026/08/18 19:14:39.778, 0, NVIDIA H100, 0, 0, 953, 94368
2026/08/18 19:14:39.828, 0, NVIDIA H100, 0, 0, 953, 94368
2026/08/18 19:14:39.878, 0, NVIDIA H100, 0, 0, 953, 94368
2026/08/18 19:14:39.928, 0, NVIDIA H100, 0, 0, 953, 94368
2026/08/18 19:14:39.979, 0, NVIDIA H100, 0, 0, 953, 94368
2026/08/18 19:14:40.029, 0, NVIDIA H100, 0, 0, 953, 94368
2026/08/18 19:14:40.079, 0, NVIDIA H100, 0, 0, 953, 94368
2026/08/18 19:14:40.130, 0, NVIDIA H100, 0, 0, 953, 94368
2026/08/18 19:14:40.180, 0, NVIDIA H100, 0, 0, 953, 94368
2026/08/18 19:14:40.230, 0, NVIDIA H100, 0, 0, 953, 94368
2026/08/18 19:14:40.280, 0, NVIDIA H100, 0, 0, 953, 94368
2026/08/18 19:14:40.331, 0, NVIDIA H100, 0, 0, 953, 94368
2026/08/18 19:14:40.381, 0, NVIDIA H100, 0, 0, 953, 94368
2026/08/18 19:14:40.431, 0, NVIDIA H100, 0, 0, 953, 94368
2026/08/18 19:14:40.482, 0, NVIDIA H100, 0, 0, 953, 94368
2026/08/18 19:14:40.532, 0, NVIDIA H100, 0, 0, 953, 94368
2026/08/18 19:14:40.582, 0, NVIDIA H100, 0, 0, 953, 94368
2026/08/18 19:14:40.633, 0, NVIDIA H100, 0, 0, 953, 94368
2026/08/18 19:14:40.683, 0, NVIDIA H100, 0, 0, 953, 94368
2026/08/18 19:14:40.733, 0, NVIDIA H100, 0, 0, 953, 94368
2026/08/18 19:14:40.783, 0, NVIDIA H100, 0, 0, 953, 94368
2026/08/18 19:14:40.834, 0, NVIDIA H100, 0, 0, 953, 94368
2026/08/18 19:14:40.884, 0, NVIDIA H100, 0, 0, 953, 94368
2026/08/18 19:14:40.934, 0, NVIDIA H100, 0, 0, 953, 94368
2026/08/18 19:14:40.985, 0, NVIDIA H100, 0, 0, 953, 94368
2026/08/18 19:14:41.035, 0, NVIDIA H100, 0, 0, 953, 94368
2026/08/18 19:14:41.085, 0, NVIDIA H100, 0, 0, 953, 94368
2026/08/18 19:14:41.135, 0, NVIDIA H100, 0, 0, 953, 94368
2026/08/18 19:14:41.186, 0, NVIDIA H100, 0, 0, 953, 94368
2026/08/18 19:14:41.236, 0, NVIDIA H100, 0, 0, 953, 94368
2026/08/18 19:14:41.286, 0, NVIDIA H100, 0, 0, 953, 94368
2026/08/18 19:14:41.337, 0, NVIDIA H100, 0, 0, 953, 94368
2026/08/18 19:14:41.387, 0, NVIDIA H100, 0, 0, 953, 94368
2026/08/18 19:14:41.437, 0, NVIDIA H100, 0, 0, 953, 94368
2026/08/18 19:14:41.488, 0, NVIDIA H100, 0, 0, 953, 94368
2026/08/18 19:14:41.538, 0, NVIDIA H100, 0, 0, 953, 94368
2026/08/18 19:14:41.588, 0, NVIDIA H100, 0, 0, 953, 94368
2026/08/18 19:14:41.639, 0, NVIDIA H100, 0, 0, 953, 94368
2026/08/18 19:14:41.689, 0, NVIDIA H100, 0, 0, 953, 94368
2026/08/18 19:14:41.739, 0, NVIDIA H100, 0, 0, 953, 94368
2026/08/18 19:14:41.789, 0, NVIDIA H100, 0, 0, 953, 94368
2026/08/18 19:14:41.840, 0, NVIDIA H100, 0, 0, 953, 94368
2026/08/18 19:14:41.890, 0, NVIDIA H100, 0, 0, 953, 94368
2026/08/18 19:14:41.940, 0, NVIDIA H100, 0, 0, 953, 94368
2026/08/18 19:14:41.991, 0, NVIDIA H100, 0, 0, 953, 94368
2026/08/18 19:14:42.041, 0, NVIDIA H100, 0, 0, 953, 94368
2026/08/18 19:14:42.091, 0, NVIDIA H100, 0, 0, 953, 94368
2026/08/18 19:14:42.141, 0, NVIDIA H100, 0, 0, 953, 94368
2026/08/18 19:14:42.192, 0, NVIDIA H100, 0, 0, 953, 94368
2026/08/18 19:14:42.242, 0, NVIDIA H100, 0, 0, 953, 94368
2026/08/18 19:14:42.292, 0, NVIDIA H100, 0, 0, 953, 94368
2026/08/18 19:14:42.343, 0, NVIDIA H100, 0, 0, 953, 94368
2026/08/18 19:14:42.393, 0, NVIDIA H100, 0, 0, 953, 94368
2026/08/18 19:14:42.443, 0, NVIDIA H100, 0, 0, 953, 94368
2026/08/18 19:14:42.493, 0, NVIDIA H100, 0, 0, 953, 94368
2026/08/18 19:14:42.544, 0, NVIDIA H100, 0, 0, 953, 94368
2026/08/18 19:14:42.594, 0, NVIDIA H100, 0, 0, 953, 94368
2026/08/18 19:14:42.644, 0, NVIDIA H100, 0, 0, 953, 94368
2026/08/18 19:14:42.695, 0, NVIDIA H100, 0, 0, 953, 94368
2026/08/18 19:14:42.745, 0, NVIDIA H100, 0, 0, 953, 94368
2026/08/18 19:14:42.795, 0, NVIDIA H100, 0, 0, 953, 94368
2026/08/18 19:14:42.846, 0, NVIDIA H100, 0, 0, 953, 94368
2026/08/18 19:14:42.896, 0, NVIDIA H100, 0, 0, 953, 94368
2026/08/18 19:14:42.946, 0, NVIDIA H100, 0, 0, 953, 94368
2026/08/18 19:14:42.996, 0, NVIDIA H100, 0, 0, 953, 94368
2026/08/18 19:14:43.047, 0, NVIDIA H100, 0, 0, 953, 94368
2026/08/18 19:14:43.097, 0, NVIDIA H100, 0, 0, 953, 94368
2026/08/18 19:14:43.147, 0, NVIDIA H100, 0, 0, 953, 94368
2026/08/18 19:14:43.198, 0, NVIDIA H100, 0, 0, 953, 94368
2026/08/18 19:14:43.248, 0, NVIDIA H100, 0, 0, 953, 94368
2026/08/18 19:14:43.298, 0, NVIDIA H100, 0, 0, 953, 94368
2026/08/18 19:14:43.348, 0, NVIDIA H100, 0, 0, 953, 94368
2026/08/18 19:14:43.399, 0, NVIDIA H100, 0, 0, 953, 94368
2026/08/18 19:14:43.449, 0, NVIDIA H100, 0, 0, 953, 94368
2026/08/18 19:14:43.499, 0, NVIDIA H100, 0, 0, 953, 94368
2026/08/18 19:14:43.550, 0, NVIDIA H100, 0, 0, 953, 94368
2026/08/18 19:14:43.600, 0, NVIDIA H100, 0, 0, 953, 94368
2026/08/18 19:14:43.650, 0, NVIDIA H100, 0, 0, 953, 94368
2026/08/18 19:14:43.700, 0, NVIDIA H100, 0, 0, 953, 94368
2026/08/18 19:14:43.751, 0, NVIDIA H100, 0, 0, 953, 94368
2026/08/18 19:14:43.801, 0, NVIDIA H100, 0, 0, 953, 94368
2026/08/18 19:14:43.851, 0, NVIDIA H100, 0, 0, 953, 94368
2026/08/18 19:14:43.902, 0, NVIDIA H100, 0, 0, 953, 94368
2026/08/18 19:14:43.952, 0, NVIDIA H100, 0, 0, 953, 94368
2026/08/18 19:14:44.002, 0, NVIDIA H100, 0, 0, 953, 94368
2026/08/18 19:14:44.053, 0, NVIDIA H100, 0, 0, 953, 94368
2026/08/18 19:14:44.103, 0, NVIDIA H100, 0, 0, 953, 94368
2026/08/18 19:14:44.153, 0, NVIDIA H100, 0, 0, 953, 94368
2026/08/18 19:14:44.203, 0, NVIDIA H100, 0, 0, 953, 94368
2026/08/18 19:14:44.254, 0, NVIDIA H100, 0, 0, 953, 94368
2026/08/18 19:14:44.304, 0, NVIDIA H100, 0, 0, 953, 94368
2026/08/18 19:14:44.354, 0, NVIDIA H100, 0, 0, 953, 94368
2026/08/18 19:14:44.405, 0, NVIDIA H100, 0, 0, 953, 94368
2026/08/18 19:14:44.455, 0, NVIDIA H100, 0, 0, 953, 94368
2026/08/18 19:14:44.505, 0, NVIDIA H100, 0, 0, 953, 94368
2026/08/18 19:14:44.555, 0, NVIDIA H100, 0, 0, 953, 94368
2026/08/18 19:14:44.606, 0, NVIDIA H100, 0, 0, 953, 94368
2026/08/18 19:14:44.656, 0, NVIDIA H100, 0, 0, 953, 94368
2026/08/18 19:14:44.706, 0, NVIDIA H100, 0, 0, 953, 94368
2026/08/18 19:14:44.757, 0, NVIDIA H100, 0, 0, 953, 94368
2026/08/18 19:14:44.807, 0, NVIDIA H100, 0, 0, 953, 94368
2026/08/18 19:14:44.857, 0, NVIDIA H100, 0, 0, 953, 94368
2026/08/18 19:14:44.907, 0, NVIDIA H100, 0, 0, 953, 94368
2026/08/18 19:14:44.958, 0, NVIDIA H100, 0, 0, 953, 94368
2026/08/18 19:14:45.008, 0, NVIDIA H100, 0, 0, 953, 94368
2026/08/18 19:14:45.058, 0, NVIDIA H100, 0, 0, 953, 94368
2026/08/18 19:14:45.109, 0, NVIDIA H100, 0, 0, 953, 94368
2026/08/18 19:14:45.159, 0, NVIDIA H100, 0, 0, 953, 94368
2026/08/18 19:14:45.209, 0, NVIDIA H100, 0, 0, 953, 94368
2026/08/18 19:14:45.259, 0, NVIDIA H100, 0, 0, 953, 94368
2026/08/18 19:14:45.310, 0, NVIDIA H100, 0, 0, 953, 94368
2026/08/18 19:14:45.360, 0, NVIDIA H100, 0, 0, 953, 94368
2026/08/18 19:14:45.410, 0, NVIDIA H100, 0, 0, 953, 94368
2026/08/18 19:14:45.461, 0, NVIDIA H100, 0, 0, 953, 94368
2026/08/18 19:14:45.511, 0, NVIDIA H100, 0, 0, 953, 94368
2026/08/18 19:14:45.561, 0, NVIDIA H100, 0, 0, 953, 94368
2026/08/18 19:14:45.612, 0, NVIDIA H100, 0, 0, 953, 94368
2026/08/18 19:14:45.662, 0, NVIDIA H100, 0, 0, 953, 94368
2026/08/18 19:14:45.712, 0, NVIDIA H100, 0, 0, 953, 94368
2026/08/18 19:14:45.762, 0, NVIDIA H100, 0, 0, 953, 94368
2026/08/18 19:14:45.813, 0, NVIDIA H100, 0, 0, 953, 94368
2026/08/18 19:14:45.863, 0, NVIDIA H100, 0, 0, 953, 94368
2026/08/18 19:14:45.913, 0, NVIDIA H100, 0, 0, 953, 94368
2026/08/18 19:14:45.964, 0, NVIDIA H100, 0, 0, 953, 94368
2026/08/18 19:14:46.014, 0, NVIDIA H100, 0, 0, 953, 94368
2026/08/18 19:14:46.064, 0, NVIDIA H100, 0, 0, 953, 94368
2026/08/18 19:14:46.114, 0, NVIDIA H100, 0, 0, 953, 94368
2026/08/18 19:14:46.165, 0, NVIDIA H100, 0, 0, 953, 94368
2026/08/18 19:14:46.215, 0, NVIDIA H100, 0, 0, 953, 94368
2026/08/18 19:14:46.265, 0, NVIDIA H100, 0, 0, 953, 94368
2026/08/18 19:14:46.316, 0, NVIDIA H100, 0, 0, 953, 94368
2026/08/18 19:14:46.366, 0, NVIDIA H100, 0, 0, 953, 94368
2026/08/18 19:14:46.416, 0, NVIDIA H100, 0, 0, 953, 94368
2026/08/18 19:14:46.466, 0, NVIDIA H100, 0, 0, 953, 94368
2026/08/18 19:14:46.517, 0, NVIDIA H100, 0, 0, 953, 94368
2026/08/18 19:14:46.567, 0, NVIDIA H100, 0, 0, 953, 94368
2026/08/18 19:14:46.617, 0, NVIDIA H100, 0, 0, 953, 94368
2026/08/18 19:14:46.668, 0, NVIDIA H100, 0, 0, 953, 94368
2026/08/18 19:14:46.718, 0, NVIDIA H100, 0, 0, 953, 94368
2026/08/18 19:14:46.768, 0, NVIDIA H100, 0, 0, 953, 94368
2026/08/18 19:14:46.818, 0, NVIDIA H100, 0, 0, 953, 94368
2026/08/18 19:14:46.869, 0, NVIDIA H100, 0, 0, 953, 94368
2026/08/18 19:14:46.919, 0, NVIDIA H100, 0, 0, 953, 94368
2026/08/18 19:14:46.969, 0, NVIDIA H100, 0, 0, 953, 94368
2026/08/18 19:14:47.020, 0, NVIDIA H100, 0, 0, 953, 94368
2026/08/18 19:14:47.070, 0, NVIDIA H100, 0, 0, 953, 94368
2026/08/18 19:14:47.120, 0, NVIDIA H100, 0, 0, 953, 94368
2026/08/18 19:14:47.170, 0, NVIDIA H100, 0, 0, 953, 94368
2026/08/18 19:14:47.221, 0, NVIDIA H100, 0, 0, 953, 94368
2026/08/18 19:14:47.271, 0, NVIDIA H100, 0, 0, 953, 94368
2026/08/18 19:14:47.321, 0, NVIDIA H100, 0, 0, 953, 94368
2026/08/18 19:14:47.372, 0, NVIDIA H100, 0, 0, 953, 94368
2026/08/18 19:14:47.422, 0, NVIDIA H100, 0, 0, 953, 94368
2026/08/18 19:14:47.472, 0, NVIDIA H100, 0, 0, 953, 94368
2026/08/18 19:14:47.523, 0, NVIDIA H100, 0, 0, 953, 94368
2026/08/18 19:14:47.573, 0, NVIDIA H100, 0, 0, 953, 94368
2026/08/18 19:14:47.623, 0, NVIDIA H100, 0, 0, 953, 94368
2026/08/18 19:14:47.673, 0, NVIDIA H100, 0, 0, 953, 94368
2026/08/18 19:14:47.725, 0, NVIDIA H100, 0, 0, 953, 94368
2026/08/18 19:14:47.775, 0, NVIDIA H100, 0, 0, 953, 94368
2026/08/18 19:14:47.825, 0, NVIDIA H100, 0, 0, 953, 94368
2026/08/18 19:14:47.883, 0, NVIDIA H100, 0, 0, 953, 94368
2026/08/18 19:14:47.933, 0, NVIDIA H100, 0, 0, 953, 94368
2026/08/18 19:14:47.983, 0, NVIDIA H100, 0, 0, 953, 94368
2026/08/18 19:14:48.034, 0, NVIDIA H100, 0, 0, 953, 94368
2026/08/18 19:14:48.084, 0, NVIDIA H100, 0, 0, 953, 94368
2026/08/18 19:14:48.134, 0, NVIDIA H100, 0, 0, 953, 94368
2026/08/18 19:14:48.184, 0, NVIDIA H100, 0, 0, 953, 94368
2026/08/18 19:14:48.235, 0, NVIDIA H100, 0, 0, 953, 94368
2026/08/18 19:14:48.285, 0, NVIDIA H100, 0, 0, 953, 94368
2026/08/18 19:14:48.335, 0, NVIDIA H100, 0, 0, 953, 94368
2026/08/18 19:14:48.386, 0, NVIDIA H100, 0, 0, 953, 94368
2026/08/18 19:14:48.436, 0, NVIDIA H100, 0, 0, 953, 94368
2026/08/18 19:14:48.486, 0, NVIDIA H100, 0, 0, 953, 94368
2026/08/18 19:14:48.536, 0, NVIDIA H100, 0, 0, 953, 94368
2026/08/18 19:14:48.587, 0, NVIDIA H100, 0, 0, 953, 94368
2026/08/18 19:14:48.637, 0, NVIDIA H100, 0, 0, 953, 94368
2026/08/18 19:14:48.687, 0, NVIDIA H100, 0, 0, 953, 94368
2026/08/18 19:14:48.738, 0, NVIDIA H100, 0, 0, 953, 94368
2026/08/18 19:14:48.788, 0, NVIDIA H100, 0, 0, 953, 94368
2026/08/18 19:14:48.838, 0, NVIDIA H100, 0, 0, 953, 94368
2026/08/18 19:14:48.888, 0, NVIDIA H100, 0, 0, 953, 94368
2026/08/18 19:14:48.939, 0, NVIDIA H100, 0, 0, 953, 94368
2026/08/18 19:14:48.989, 0, NVIDIA H100, 0, 0, 953, 94368
2026/08/18 19:14:49.039, 0, NVIDIA H100, 0, 0, 953, 94368
2026/08/18 19:14:49.090, 0, NVIDIA H100, 0, 0, 953, 94368
2026/08/18 19:14:49.140, 0, NVIDIA H100, 0, 0, 953, 94368
2026/08/18 19:14:49.190, 0, NVIDIA H100, 0, 0, 953, 94368
2026/08/18 19:14:49.240, 0, NVIDIA H100, 0, 0, 953, 94368
2026/08/18 19:14:49.291, 0, NVIDIA H100, 0, 0, 953, 94368
2026/08/18 19:14:49.341, 0, NVIDIA H100, 0, 0, 953, 94368
2026/08/18 19:14:49.391, 0, NVIDIA H100, 0, 0, 953, 94368
2026/08/18 19:14:49.442, 0, NVIDIA H100, 0, 0, 953, 94368
2026/08/18 19:14:49.492, 0, NVIDIA H100, 0, 0, 953, 94368
2026/08/18 19:14:49.542, 0, NVIDIA H100, 0, 0, 953, 94368
2026/08/18 19:14:49.592, 0, NVIDIA H100, 0, 0, 953, 94368
2026/08/18 19:14:49.643, 0, NVIDIA H100, 0, 0, 953, 94368
2026/08/18 19:14:49.693, 0, NVIDIA H100, 0, 0, 953, 94368
2026/08/18 19:14:49.743, 0, NVIDIA H100, 0, 0, 953, 94368
2026/08/18 19:14:49.794, 0, NVIDIA H100, 0, 0, 953, 94368
2026/08/18 19:14:49.844, 0, NVIDIA H100, 0, 0, 953, 94368
2026/08/18 19:14:49.894, 0, NVIDIA H100, 0, 0, 953, 94368
2026/08/18 19:14:49.944, 0, NVIDIA H100, 0, 0, 953, 94368
2026/08/18 19:14:49.995, 0, NVIDIA H100, 0, 0, 953, 94368
2026/08/18 19:14:50.045, 0, NVIDIA H100, 0, 0, 953, 94368
2026/08/18 19:14:50.095, 0, NVIDIA H100, 0, 0, 953, 94368
2026/08/18 19:14:50.146, 0, NVIDIA H100, 0, 0, 953, 94368
2026/08/18 19:14:50.196, 0, NVIDIA H100, 0, 0, 953, 94368
2026/08/18 19:14:50.246, 0, NVIDIA H100, 0, 0, 953, 94368
2026/08/18 19:14:50.296, 0, NVIDIA H100, 0, 0, 953, 94368
2026/08/18 19:14:50.347, 0, NVIDIA H100, 0, 0, 953, 94368
2026/08/18 19:14:50.397, 0, NVIDIA H100, 0, 0, 953, 94368
2026/08/18 19:14:50.447, 0, NVIDIA H100, 0, 0, 953, 94368
2026/08/18 19:14:50.497, 0, NVIDIA H100, 0, 0, 953, 94368
2026/08/18 19:14:50.548, 0, NVIDIA H100, 0, 0, 953, 94368
2026/08/18 19:14:50.598, 0, NVIDIA H100, 0, 0, 953, 94368
2026/08/18 19:14:50.648, 0, NVIDIA H100, 0, 0, 953, 94368
2026/08/18 19:14:50.699, 0, NVIDIA H100, 0, 0, 953, 94368
2026/08/18 19:14:50.749, 0, NVIDIA H100, 0, 0, 953, 94368
2026/08/18 19:14:50.799, 0, NVIDIA H100, 0, 0, 953, 94368
2026/08/18 19:14:50.849, 0, NVIDIA H100, 0, 0, 953, 94368
2026/08/18 19:14:50.900, 0, NVIDIA H100, 0, 0, 953, 94368
2026/08/18 19:14:50.950, 0, NVIDIA H100, 0, 0, 953, 94368
2026/08/18 19:14:51.000, 0, NVIDIA H100, 0, 0, 953, 94368
2026/08/18 19:14:51.051, 0, NVIDIA H100, 0, 0, 953, 94368
2026/08/18 19:14:51.101, 0, NVIDIA H100, 0, 0, 953, 94368
2026/08/18 19:14:51.151, 0, NVIDIA H100, 0, 0, 953, 94368
2026/08/18 19:14:51.201, 0, NVIDIA H100, 0, 0, 953, 94368
2026/08/18 19:14:51.252, 0, NVIDIA H100, 0, 0, 953, 94368
2026/08/18 19:14:51.302, 0, NVIDIA H100, 0, 0, 953, 94368
2026/08/18 19:14:51.352, 0, NVIDIA H100, 0, 0, 953, 94368
2026/08/18 19:14:51.403, 0, NVIDIA H100, 0, 0, 953, 94368
2026/08/18 19:14:51.453, 0, NVIDIA H100, 0, 0, 953, 94368
2026/08/18 19:14:51.503, 0, NVIDIA H100, 0, 0, 953, 94368
2026/08/18 19:14:51.553, 0, NVIDIA H100, 0, 0, 953, 94368
2026/08/18 19:14:51.604, 0, NVIDIA H100, 0, 0, 953, 94368
2026/08/18 19:14:51.654, 0, NVIDIA H100, 0, 0, 953, 94368
2026/08/18 19:14:51.704, 0, NVIDIA H100, 0, 0, 953, 94368
2026/08/18 19:14:51.755, 0, NVIDIA H100, 0, 0, 953, 94368
2026/08/18 19:14:51.805, 0, NVIDIA H100, 0, 0, 953, 94368
2026/08/18 19:14:51.855, 0, NVIDIA H100, 0, 0, 953, 94368
2026/08/18 19:14:51.905, 0, NVIDIA H100, 0, 0, 953, 94368
2026/08/18 19:14:51.956, 0, NVIDIA H100, 0, 0, 953, 94368
2026/08/18 19:14:52.006, 0, NVIDIA H100, 0, 0, 953, 94368
2026/08/18 19:14:52.056, 0, NVIDIA H100, 0, 0, 953, 94368
2026/08/18 19:14:52.107, 0, NVIDIA H100, 0, 0, 953, 94368
2026/08/18 19:14:52.157, 0, NVIDIA H100, 0, 0, 953, 94368
2026/08/18 19:14:52.207, 0, NVIDIA H100, 0, 0, 953, 94368
2026/08/18 19:14:52.257, 0, NVIDIA H100, 0, 0, 953, 94368
2026/08/18 19:14:52.308, 0, NVIDIA H100, 0, 0, 953, 94368
2026/08/18 19:14:52.358, 0, NVIDIA H100, 0, 0, 953, 94368
2026/08/18 19:14:52.408, 0, NVIDIA H100, 0, 0, 953, 94368
2026/08/18 19:14:52.459, 0, NVIDIA H100, 0, 0, 953, 94368
2026/08/18 19:14:52.509, 0, NVIDIA H100, 0, 0, 953, 94368
2026/08/18 19:14:52.559, 0, NVIDIA H100, 0, 0, 953, 94368
2026/08/18 19:14:52.609, 0, NVIDIA H100, 0, 0, 953, 94368
2026/08/18 19:14:52.660, 0, NVIDIA H100, 0, 0, 953, 94368
2026/08/18 19:14:52.710, 0, NVIDIA H100, 0, 0, 953, 94368
2026/08/18 19:14:52.760, 0, NVIDIA H100, 0, 0, 953, 94368
2026/08/18 19:14:52.811, 0, NVIDIA H100, 0, 0, 953, 94368
2026/08/18 19:14:52.861, 0, NVIDIA H100, 0, 0, 953, 94368
2026/08/18 19:14:52.911, 0, NVIDIA H100, 0, 0, 953, 94368
2026/08/18 19:14:52.961, 0, NVIDIA H100, 0, 0, 953, 94368
2026/08/18 19:14:53.012, 0, NVIDIA H100, 0, 0, 953, 94368
2026/08/18 19:14:53.062, 0, NVIDIA H100, 0, 0, 953, 94368
2026/08/18 19:14:53.112, 0, NVIDIA H100, 0, 0, 953, 94368
2026/08/18 19:14:53.163, 0, NVIDIA H100, 0, 0, 953, 94368
2026/08/18 19:14:53.213, 0, NVIDIA H100, 0, 0, 953, 94368
2026/08/18 19:14:53.263, 0, NVIDIA H100, 0, 0, 953, 94368
2026/08/18 19:14:53.313, 0, NVIDIA H100, 0, 0, 953, 94368
2026/08/18 19:14:53.364, 0, NVIDIA H100, 0, 0, 953, 94368
2026/08/18 19:14:53.414, 0, NVIDIA H100, 0, 0, 953, 94368
2026/08/18 19:14:53.464, 0, NVIDIA H100, 0, 0, 953, 94368
2026/08/18 19:14:53.514, 0, NVIDIA H100, 0, 0, 953, 94368
2026/08/18 19:14:53.565, 0, NVIDIA H100, 0, 0, 953, 94368
2026/08/18 19:14:53.615, 0, NVIDIA H100, 0, 0, 953, 94368
2026/08/18 19:14:53.665, 0, NVIDIA H100, 0, 0, 953, 94368
2026/08/18 19:14:53.716, 0, NVIDIA H100, 0, 0, 953, 94368
2026/08/18 19:14:53.766, 0, NVIDIA H100, 0, 0, 953, 94368
2026/08/18 19:14:53.816, 0, NVIDIA H100, 0, 0, 953, 94368
2026/08/18 19:14:53.866, 0, NVIDIA H100, 0, 0, 953, 94368
2026/08/18 19:14:53.917, 0, NVIDIA H100, 0, 0, 953, 94368
2026/08/18 19:14:53.967, 0, NVIDIA H100, 0, 0, 953, 94368
2026/08/18 19:14:54.017, 0, NVIDIA H100, 0, 0, 953, 94368
2026/08/18 19:14:54.068, 0, NVIDIA H100, 0, 0, 953, 94368
2026/08/18 19:14:54.118, 0, NVIDIA H100, 0, 0, 953, 94368
2026/08/18 19:14:54.168, 0, NVIDIA H100, 0, 0, 953, 94368
2026/08/18 19:14:54.218, 0, NVIDIA H100, 0, 0, 953, 94368
2026/08/18 19:14:54.269, 0, NVIDIA H100, 0, 0, 953, 94368
2026/08/18 19:14:54.319, 0, NVIDIA H100, 0, 0, 953, 94368
2026/08/18 19:14:54.369, 0, NVIDIA H100, 0, 0, 953, 94368
2026/08/18 19:14:54.420, 0, NVIDIA H100, 0, 0, 953, 94368
2026/08/18 19:14:54.470, 0, NVIDIA H100, 0, 0, 953, 94368
2026/08/18 19:14:54.520, 0, NVIDIA H100, 0, 0, 953, 94368
2026/08/18 19:14:54.570, 0, NVIDIA H100, 0, 0, 953, 94368
2026/08/18 19:14:54.621, 0, NVIDIA H100, 0, 0, 953, 94368
2026/08/18 19:14:54.671, 0, NVIDIA H100, 0, 0, 953, 94368
2026/08/18 19:14:54.721, 0, NVIDIA H100, 0, 0, 953, 94368
2026/08/18 19:14:54.772, 0, NVIDIA H100, 0, 0, 953, 94368
2026/08/18 19:14:54.822, 0, NVIDIA H100, 0, 0, 953, 94368
2026/08/18 19:14:54.872, 0, NVIDIA H100, 0, 0, 953, 94368
2026/08/18 19:14:54.922, 0, NVIDIA H100, 0, 0, 953, 94368
2026/08/18 19:14:54.973, 0, NVIDIA H100, 0, 0, 953, 94368
2026/08/18 19:14:55.023, 0, NVIDIA H100, 0, 0, 953, 94368
2026/08/18 19:14:55.073, 0, NVIDIA H100, 0, 0, 953, 94368
2026/08/18 19:14:55.124, 0, NVIDIA H100, 0, 0, 953, 94368
2026/08/18 19:14:55.174, 0, NVIDIA H100, 0, 0, 953, 94368
2026/08/18 19:14:55.224, 0, NVIDIA H100, 0, 0, 953, 94368
2026/08/18 19:14:55.274, 0, NVIDIA H100, 0, 0, 953, 94368
2026/08/18 19:14:55.325, 0, NVIDIA H100, 0, 0, 953, 94368
2026/08/18 19:14:55.375, 0, NVIDIA H100, 0, 0, 953, 94368
2026/08/18 19:14:55.425, 0, NVIDIA H100, 0, 0, 953, 94368
2026/08/18 19:14:55.476, 0, NVIDIA H100, 0, 0, 953, 94368
2026/08/18 19:14:55.526, 0, NVIDIA H100, 0, 0, 953, 94368
2026/08/18 19:14:55.576, 0, NVIDIA H100, 0, 0, 953, 94368
2026/08/18 19:14:55.626, 0, NVIDIA H100, 0, 0, 953, 94368
2026/08/18 19:14:55.677, 0, NVIDIA H100, 0, 0, 953, 94368
2026/08/18 19:14:55.727, 0, NVIDIA H100, 0, 0, 953, 94368
2026/08/18 19:14:55.777, 0, NVIDIA H100, 0, 0, 953, 94368
2026/08/18 19:14:55.828, 0, NVIDIA H100, 0, 0, 953, 94368
2026/08/18 19:14:55.878, 0, NVIDIA H100, 0, 0, 953, 94368
2026/08/18 19:14:55.928, 0, NVIDIA H100, 0, 0, 953, 94368
2026/08/18 19:14:55.978, 0, NVIDIA H100, 0, 0, 953, 94368
2026/08/18 19:14:56.029, 0, NVIDIA H100, 0, 0, 953, 94368
2026/08/18 19:14:56.079, 0, NVIDIA H100, 0, 0, 953, 94368
2026/08/18 19:14:56.129, 0, NVIDIA H100, 0, 0, 953, 94368
2026/08/18 19:14:56.180, 0, NVIDIA H100, 0, 0, 953, 94368
2026/08/18 19:14:56.230, 0, NVIDIA H100, 0, 0, 953, 94368
2026/08/18 19:14:56.280, 0, NVIDIA H100, 0, 0, 953, 94368
2026/08/18 19:14:56.330, 0, NVIDIA H100, 0, 0, 953, 94368
2026/08/18 19:14:56.381, 0, NVIDIA H100, 0, 0, 953, 94368
2026/08/18 19:14:56.431, 0, NVIDIA H100, 0, 0, 953, 94368
2026/08/18 19:14:56.481, 0, NVIDIA H100, 0, 0, 953, 94368
2026/08/18 19:14:56.532, 0, NVIDIA H100, 0, 0, 953, 94368
2026/08/18 19:14:56.582, 0, NVIDIA H100, 0, 0, 953, 94368
2026/08/18 19:14:56.632, 0, NVIDIA H100, 0, 0, 953, 94368
2026/08/18 19:14:56.682, 0, NVIDIA H100, 0, 0, 953, 94368
2026/08/18 19:14:56.733, 0, NVIDIA H100, 0, 0, 953, 94368
2026/08/18 19:14:56.783, 0, NVIDIA H100, 0, 0, 953, 94368
2026/08/18 19:14:56.833, 0, NVIDIA H100, 0, 0, 953, 94368
2026/08/18 19:14:56.884, 0, NVIDIA H100, 0, 0, 953, 94368
2026/08/18 19:14:56.934, 0, NVIDIA H100, 0, 0, 953, 94368
2026/08/18 19:14:56.984, 0, NVIDIA H100, 0, 0, 953, 94368
2026/08/18 19:14:57.034, 0, NVIDIA H100, 0, 0, 953, 94368
2026/08/18 19:14:57.085, 0, NVIDIA H100, 0, 0, 953, 94368
2026/08/18 19:14:57.135, 0, NVIDIA H100, 0, 0, 953, 94368
2026/08/18 19:14:57.185, 0, NVIDIA H100, 0, 0, 953, 94368
2026/08/18 19:14:57.236, 0, NVIDIA H100, 0, 0, 953, 94368
2026/08/18 19:14:57.286, 0, NVIDIA H100, 0, 0, 953, 94368
2026/08/18 19:14:57.336, 0, NVIDIA H100, 0, 0, 953, 94368
2026/08/18 19:14:57.386, 0, NVIDIA H100, 0, 0, 953, 94368
2026/08/18 19:14:57.437, 0, NVIDIA H100, 0, 0, 953, 94368
2026/08/18 19:14:57.487, 0, NVIDIA H100, 0, 0, 953, 94368
2026/08/18 19:14:57.537, 0, NVIDIA H100, 0, 0, 953, 94368
2026/08/18 19:14:57.588, 0, NVIDIA H100, 0, 0, 953, 94368
2026/08/18 19:14:57.638, 0, NVIDIA H100, 0, 0, 953, 94368
2026/08/18 19:14:57.688, 0, NVIDIA H100, 0, 0, 953, 94368
2026/08/18 19:14:57.738, 0, NVIDIA H100, 0, 0, 953, 94368
2026/08/18 19:14:57.789, 0, NVIDIA H100, 0, 0, 953, 94368
2026/08/18 19:14:57.839, 0, NVIDIA H100, 0, 0, 953, 94368
2026/08/18 19:14:57.889, 0, NVIDIA H100, 0, 0, 953, 94368
2026/08/18 19:14:57.939, 0, NVIDIA H100, 0, 0, 953, 94368
2026/08/18 19:14:57.990, 0, NVIDIA H100, 0, 0, 953, 94368
2026/08/18 19:14:58.040, 0, NVIDIA H100, 0, 0, 953, 94368
2026/08/18 19:14:58.090, 0, NVIDIA H100, 0, 0, 953, 94368
2026/08/18 19:14:58.141, 0, NVIDIA H100, 0, 0, 953, 94368
2026/08/18 19:14:58.191, 0, NVIDIA H100, 0, 0, 953, 94368
2026/08/18 19:14:58.241, 0, NVIDIA H100, 0, 0, 953, 94368
2026/08/18 19:14:58.291, 0, NVIDIA H100, 0, 0, 953, 94368
2026/08/18 19:14:58.342, 0, NVIDIA H100, 0, 0, 953, 94368
2026/08/18 19:14:58.392, 0, NVIDIA H100, 0, 0, 953, 94368
2026/08/18 19:14:58.442, 0, NVIDIA H100, 0, 0, 953, 94368
2026/08/18 19:14:58.492, 0, NVIDIA H100, 0, 0, 953, 94368
2026/08/18 19:14:58.543, 0, NVIDIA H100, 0, 0, 953, 94368
2026/08/18 19:14:58.593, 0, NVIDIA H100, 0, 0, 953, 94368
2026/08/18 19:14:58.643, 0, NVIDIA H100, 0, 0, 953, 94368
2026/08/18 19:14:58.694, 0, NVIDIA H100, 0, 0, 953, 94368
2026/08/18 19:14:58.744, 0, NVIDIA H100, 0, 0, 953, 94368
2026/08/18 19:14:58.794, 0, NVIDIA H100, 0, 0, 953, 94368
2026/08/18 19:14:58.844, 0, NVIDIA H100, 0, 0, 953, 94368
2026/08/18 19:14:58.895, 0, NVIDIA H100, 0, 0, 953, 94368
2026/08/18 19:14:58.945, 0, NVIDIA H100, 0, 0, 953, 94368
2026/08/18 19:14:58.995, 0, NVIDIA H100, 0, 0, 953, 94368
2026/08/18 19:14:59.046, 0, NVIDIA H100, 0, 0, 953, 94368
2026/08/18 19:14:59.096, 0, NVIDIA H100, 0, 0, 953, 94368
2026/08/18 19:14:59.146, 0, NVIDIA H100, 0, 0, 953, 94368
2026/08/18 19:14:59.196, 0, NVIDIA H100, 0, 0, 953, 94368
2026/08/18 19:14:59.247, 0, NVIDIA H100, 0, 0, 953, 94368
2026/08/18 19:14:59.297, 0, NVIDIA H100, 0, 0, 953, 94368
2026/08/18 19:14:59.347, 0, NVIDIA H100, 0, 0, 953, 94368
2026/08/18 19:14:59.398, 0, NVIDIA H100, 0, 0, 953, 94368
2026/08/18 19:14:59.448, 0, NVIDIA H100, 0, 0, 953, 94368
2026/08/18 19:14:59.498, 0, NVIDIA H100, 0, 0, 953, 94368
2026/08/18 19:14:59.548, 0, NVIDIA H100, 0, 0, 953, 94368
2026/08/18 19:14:59.599, 0, NVIDIA H100, 0, 0, 953, 94368
2026/08/18 19:14:59.649, 0, NVIDIA H100, 0, 0, 953, 94368
2026/08/18 19:14:59.699, 0, NVIDIA H100, 0, 0, 953, 94368
2026/08/18 19:14:59.750, 0, NVIDIA H100, 0, 0, 953, 94368
2026/08/18 19:14:59.800, 0, NVIDIA H100, 0, 0, 953, 94368
2026/08/18 19:14:59.850, 0, NVIDIA H100, 0, 0, 953, 94368
2026/08/18 19:14:59.900, 0, NVIDIA H100, 0, 0, 953, 94368
2026/08/18 19:14:59.951, 0, NVIDIA H100, 0, 0, 953, 94368
2026/08/18 19:15:00.001, 0, NVIDIA H100, 0, 0, 953, 94368
2026/08/18 19:15:00.051, 0, NVIDIA H100, 0, 0, 953, 94368
2026/08/18 19:15:00.102, 0, NVIDIA H100, 0, 0, 953, 94368
2026/08/18 19:15:00.152, 0, NVIDIA H100, 0, 0, 953, 94368
2026/08/18 19:15:00.202, 0, NVIDIA H100, 0, 0, 953, 94368
2026/08/18 19:15:00.252, 0, NVIDIA H100, 0, 0, 953, 94368
2026/08/18 19:15:00.303, 0, NVIDIA H100, 0, 0, 953, 94368
2026/08/18 19:15:00.353, 0, NVIDIA H100, 0, 0, 953, 94368
2026/08/18 19:15:00.403, 0, NVIDIA H100, 0, 0, 953, 94368
2026/08/18 19:15:00.454, 0, NVIDIA H100, 0, 0, 953, 94368
2026/08/18 19:15:00.504, 0, NVIDIA H100, 0, 0, 953, 94368
2026/08/18 19:15:00.554, 0, NVIDIA H100, 0, 0, 953, 94368
2026/08/18 19:15:00.604, 0, NVIDIA H100, 0, 0, 953, 94368
2026/08/18 19:15:00.655, 0, NVIDIA H100, 0, 0, 953, 94368
2026/08/18 19:15:00.705, 0, NVIDIA H100, 0, 0, 953, 94368
2026/08/18 19:15:00.755, 0, NVIDIA H100, 0, 0, 953, 94368
2026/08/18 19:15:00.806, 0, NVIDIA H100, 0, 0, 953, 94368
2026/08/18 19:15:00.856, 0, NVIDIA H100, 0, 0, 953, 94368
2026/08/18 19:15:00.906, 0, NVIDIA H100, 0, 0, 953, 94368
2026/08/18 19:15:00.956, 0, NVIDIA H100, 0, 0, 953, 94368
2026/08/18 19:15:01.007, 0, NVIDIA H100, 0, 0, 953, 94368
2026/08/18 19:15:01.057, 0, NVIDIA H100, 0, 0, 953, 94368
2026/08/18 19:15:01.107, 0, NVIDIA H100, 0, 0, 953, 94368
2026/08/18 19:15:01.158, 0, NVIDIA H100, 0, 0, 953, 94368
2026/08/18 19:15:01.208, 0, NVIDIA H100, 0, 0, 953, 94368
2026/08/18 19:15:01.258, 0, NVIDIA H100, 0, 0, 953, 94368
2026/08/18 19:15:01.308, 0, NVIDIA H100, 0, 0, 953, 94368
2026/08/18 19:15:01.359, 0, NVIDIA H100, 0, 0, 953, 94368
2026/08/18 19:15:01.409, 0, NVIDIA H100, 0, 0, 953, 94368
2026/08/18 19:15:01.459, 0, NVIDIA H100, 0, 0, 953, 94368
2026/08/18 19:15:01.510, 0, NVIDIA H100, 0, 0, 953, 94368
2026/08/18 19:15:01.560, 0, NVIDIA H100, 0, 0, 953, 94368
2026/08/18 19:15:01.610, 0, NVIDIA H100, 0, 0, 953, 94368
2026/08/18 19:15:01.660, 0, NVIDIA H100, 0, 0, 953, 94368
2026/08/18 19:15:01.711, 0, NVIDIA H100, 0, 0, 953, 94368
2026/08/18 19:15:01.761, 0, NVIDIA H100, 0, 0, 953, 94368
2026/08/18 19:15:01.811, 0, NVIDIA H100, 0, 0, 953, 94368
2026/08/18 19:15:01.861, 0, NVIDIA H100, 0, 0, 953, 94368
2026/08/18 19:15:01.912, 0, NVIDIA H100, 0, 0, 953, 94368
2026/08/18 19:15:01.962, 0, NVIDIA H100, 0, 0, 953, 94368
2026/08/18 19:15:02.012, 0, NVIDIA H100, 0, 0, 953, 94368
2026/08/18 19:15:02.063, 0, NVIDIA H100, 0, 0, 953, 94368
2026/08/18 19:15:02.158, 0, NVIDIA H100, 0, 0, 953, 94368
2026/08/18 19:15:02.220, 0, NVIDIA H100, 0, 0, 953, 94368
2026/08/18 19:15:02.271, 0, NVIDIA H100, 0, 0, 953, 94368
2026/08/18 19:15:02.321, 0, NVIDIA H100, 0, 0, 953, 94368
2026/08/18 19:15:02.371, 0, NVIDIA H100, 0, 0, 953, 94368
2026/08/18 19:15:02.422, 0, NVIDIA H100, 0, 0, 953, 94368
2026/08/18 19:15:02.472, 0, NVIDIA H100, 0, 0, 953, 94368
2026/08/18 19:15:02.522, 0, NVIDIA H100, 0, 0, 953, 94368
2026/08/18 19:15:02.572, 0, NVIDIA H100, 0, 0, 953, 94368
2026/08/18 19:15:02.623, 0, NVIDIA H100, 0, 0, 953, 94368
2026/08/18 19:15:02.673, 0, NVIDIA H100, 0, 0, 953, 94368
2026/08/18 19:15:02.723, 0, NVIDIA H100, 0, 0, 953, 94368
2026/08/18 19:15:02.774, 0, NVIDIA H100, 0, 0, 953, 94368
2026/08/18 19:15:02.824, 0, NVIDIA H100, 0, 0, 953, 94368
2026/08/18 19:15:02.874, 0, NVIDIA H100, 0, 0, 953, 94368
2026/08/18 19:15:02.925, 0, NVIDIA H100, 0, 0, 953, 94368
2026/08/18 19:15:02.975, 0, NVIDIA H100, 0, 0, 953, 94368
2026/08/18 19:15:03.025, 0, NVIDIA H100, 0, 0, 953, 94368
2026/08/18 19:15:03.075, 0, NVIDIA H100, 0, 0, 953, 94368
2026/08/18 19:15:03.126, 0, NVIDIA H100, 0, 0, 953, 94368
2026/08/18 19:15:03.176, 0, NVIDIA H100, 0, 0, 953, 94368
2026/08/18 19:15:03.226, 0, NVIDIA H100, 0, 0, 953, 94368
2026/08/18 19:15:03.277, 0, NVIDIA H100, 0, 0, 953, 94368
2026/08/18 19:15:03.327, 0, NVIDIA H100, 0, 0, 953, 94368
2026/08/18 19:15:03.377, 0, NVIDIA H100, 0, 0, 953, 94368
2026/08/18 19:15:03.427, 0, NVIDIA H100, 0, 0, 953, 94368
2026/08/18 19:15:03.478, 0, NVIDIA H100, 0, 0, 953, 94368
2026/08/18 19:15:03.528, 0, NVIDIA H100, 0, 0, 953, 94368
2026/08/18 19:15:03.578, 0, NVIDIA H100, 0, 0, 953, 94368
2026/08/18 19:15:03.629, 0, NVIDIA H100, 0, 0, 953, 94368
2026/08/18 19:15:03.679, 0, NVIDIA H100, 0, 0, 953, 94368
2026/08/18 19:15:03.729, 0, NVIDIA H100, 0, 0, 953, 94368
2026/08/18 19:15:03.779, 0, NVIDIA H100, 0, 0, 953, 94368
2026/08/18 19:15:03.830, 0, NVIDIA H100, 0, 0, 953, 94368
2026/08/18 19:15:03.880, 0, NVIDIA H100, 0, 0, 953, 94368
2026/08/18 19:15:03.930, 0, NVIDIA H100, 0, 0, 953, 94368
2026/08/18 19:15:03.981, 0, NVIDIA H100, 0, 0, 953, 94368
2026/08/18 19:15:04.031, 0, NVIDIA H100, 0, 0, 953, 94368
2026/08/18 19:15:04.081, 0, NVIDIA H100, 0, 0, 953, 94368
2026/08/18 19:15:04.131, 0, NVIDIA H100, 0, 0, 953, 94368
2026/08/18 19:15:04.182, 0, NVIDIA H100, 0, 0, 953, 94368
2026/08/18 19:15:04.232, 0, NVIDIA H100, 0, 0, 953, 94368
2026/08/18 19:15:04.282, 0, NVIDIA H100, 0, 0, 953, 94368
2026/08/18 19:15:04.332, 0, NVIDIA H100, 0, 0, 953, 94368
2026/08/18 19:15:04.383, 0, NVIDIA H100, 0, 0, 953, 94368
2026/08/18 19:15:04.433, 0, NVIDIA H100, 0, 0, 953, 94368
2026/08/18 19:15:04.483, 0, NVIDIA H100, 0, 0, 953, 94368
2026/08/18 19:15:04.534, 0, NVIDIA H100, 0, 0, 953, 94368
2026/08/18 19:15:04.584, 0, NVIDIA H100, 0, 0, 953, 94368
2026/08/18 19:15:04.634, 0, NVIDIA H100, 0, 0, 953, 94368
2026/08/18 19:15:04.685, 0, NVIDIA H100, 0, 0, 953, 94368
2026/08/18 19:15:04.735, 0, NVIDIA H100, 0, 0, 953, 94368
2026/08/18 19:15:04.785, 0, NVIDIA H100, 0, 0, 953, 94368
2026/08/18 19:15:04.835, 0, NVIDIA H100, 0, 0, 953, 94368
2026/08/18 19:15:04.886, 0, NVIDIA H100, 0, 0, 953, 94368
2026/08/18 19:15:04.936, 0, NVIDIA H100, 0, 0, 953, 94368
2026/08/18 19:15:04.986, 0, NVIDIA H100, 0, 0, 953, 94368
2026/08/18 19:15:05.036, 0, NVIDIA H100, 0, 0, 953, 94368
2026/08/18 19:15:05.087, 0, NVIDIA H100, 0, 0, 953, 94368
2026/08/18 19:15:05.137, 0, NVIDIA H100, 0, 0, 953, 94368
2026/08/18 19:15:05.187, 0, NVIDIA H100, 0, 0, 953, 94368
2026/08/18 19:15:05.238, 0, NVIDIA H100, 0, 0, 953, 94368
2026/08/18 19:15:05.288, 0, NVIDIA H100, 0, 0, 953, 94368
2026/08/18 19:15:05.338, 0, NVIDIA H100, 0, 0, 953, 94368
2026/08/18 19:15:05.388, 0, NVIDIA H100, 0, 0, 953, 94368
2026/08/18 19:15:05.439, 0, NVIDIA H100, 0, 0, 953, 94368
2026/08/18 19:15:05.489, 0, NVIDIA H100, 0, 0, 953, 94368
2026/08/18 19:15:05.539, 0, NVIDIA H100, 0, 0, 953, 94368
2026/08/18 19:15:05.590, 0, NVIDIA H100, 0, 0, 953, 94368
2026/08/18 19:15:05.640, 0, NVIDIA H100, 0, 0, 953, 94368
2026/08/18 19:15:05.690, 0, NVIDIA H100, 0, 0, 953, 94368
2026/08/18 19:15:05.740, 0, NVIDIA H100, 0, 0, 953, 94368
2026/08/18 19:15:05.791, 0, NVIDIA H100, 0, 0, 953, 94368
2026/08/18 19:15:05.841, 0, NVIDIA H100, 0, 0, 953, 94368
2026/08/18 19:15:05.891, 0, NVIDIA H100, 0, 0, 953, 94368
2026/08/18 19:15:05.942, 0, NVIDIA H100, 0, 0, 953, 94368
2026/08/18 19:15:05.992, 0, NVIDIA H100, 0, 0, 953, 94368
2026/08/18 19:15:06.042, 0, NVIDIA H100, 0, 0, 953, 94368
2026/08/18 19:15:06.092, 0, NVIDIA H100, 0, 0, 953, 94368
2026/08/18 19:15:06.143, 0, NVIDIA H100, 0, 0, 953, 94368
2026/08/18 19:15:06.193, 0, NVIDIA H100, 0, 0, 953, 94368
2026/08/18 19:15:06.243, 0, NVIDIA H100, 0, 0, 953, 94368
2026/08/18 19:15:06.294, 0, NVIDIA H100, 0, 0, 953, 94368
2026/08/18 19:15:06.344, 0, NVIDIA H100, 0, 0, 953, 94368
2026/08/18 19:15:06.394, 0, NVIDIA H100, 0, 0, 953, 94368
2026/08/18 19:15:06.444, 0, NVIDIA H100, 0, 0, 953, 94368
2026/08/18 19:15:06.495, 0, NVIDIA H100, 0, 0, 953, 94368
2026/08/18 19:15:06.545, 0, NVIDIA H100, 0, 0, 953, 94368
2026/08/18 19:15:06.595, 0, NVIDIA H100, 0, 0, 953, 94368
2026/08/18 19:15:06.646, 0, NVIDIA H100, 0, 0, 953, 94368
2026/08/18 19:15:06.696, 0, NVIDIA H100, 0, 0, 953, 94368
2026/08/18 19:15:06.746, 0, NVIDIA H100, 0, 0, 953, 94368
2026/08/18 19:15:06.796, 0, NVIDIA H100, 0, 0, 953, 94368
2026/08/18 19:15:06.847, 0, NVIDIA H100, 0, 0, 953, 94368
2026/08/18 19:15:06.897, 0, NVIDIA H100, 0, 0, 953, 94368
2026/08/18 19:15:06.947, 0, NVIDIA H100, 0, 0, 953, 94368
2026/08/18 19:15:06.998, 0, NVIDIA H100, 0, 0, 953, 94368
2026/08/18 19:15:07.048, 0, NVIDIA H100, 0, 0, 953, 94368
2026/08/18 19:15:07.098, 0, NVIDIA H100, 0, 0, 953, 94368
2026/08/18 19:15:07.148, 0, NVIDIA H100, 0, 0, 953, 94368
2026/08/18 19:15:07.199, 0, NVIDIA H100, 0, 0, 953, 94368
2026/08/18 19:15:07.249, 0, NVIDIA H100, 0, 0, 953, 94368
2026/08/18 19:15:07.299, 0, NVIDIA H100, 0, 0, 953, 94368
2026/08/18 19:15:07.349, 0, NVIDIA H100, 0, 0, 953, 94368
2026/08/18 19:15:07.400, 0, NVIDIA H100, 0, 0, 953, 94368
2026/08/18 19:15:07.450, 0, NVIDIA H100, 0, 0, 953, 94368
2026/08/18 19:15:07.500, 0, NVIDIA H100, 0, 0, 953, 94368
2026/08/18 19:15:07.551, 0, NVIDIA H100, 0, 0, 953, 94368
2026/08/18 19:15:07.601, 0, NVIDIA H100, 0, 0, 953, 94368
2026/08/18 19:15:07.651, 0, NVIDIA H100, 0, 0, 953, 94368
2026/08/18 19:15:07.701, 0, NVIDIA H100, 0, 0, 953, 94368
2026/08/18 19:15:07.752, 0, NVIDIA H100, 0, 0, 953, 94368
2026/08/18 19:15:07.802, 0, NVIDIA H100, 0, 0, 953, 94368
2026/08/18 19:15:07.852, 0, NVIDIA H100, 0, 0, 953, 94368
2026/08/18 19:15:07.903, 0, NVIDIA H100, 0, 0, 953, 94368
2026/08/18 19:15:07.953, 0, NVIDIA H100, 0, 0, 953, 94368
2026/08/18 19:15:08.003, 0, NVIDIA H100, 0, 0, 953, 94368
2026/08/18 19:15:08.053, 0, NVIDIA H100, 0, 0, 953, 94368
2026/08/18 19:15:08.104, 0, NVIDIA H100, 0, 0, 953, 94368
2026/08/18 19:15:08.154, 0, NVIDIA H100, 0, 0, 953, 94368
2026/08/18 19:15:08.204, 0, NVIDIA H100, 0, 0, 953, 94368
2026/08/18 19:15:08.255, 0, NVIDIA H100, 0, 0, 953, 94368
2026/08/18 19:15:08.305, 0, NVIDIA H100, 0, 0, 953, 94368
2026/08/18 19:15:08.355, 0, NVIDIA H100, 0, 0, 953, 94368
2026/08/18 19:15:08.405, 0, NVIDIA H100, 0, 0, 953, 94368
2026/08/18 19:15:08.456, 0, NVIDIA H100, 0, 0, 953, 94368
2026/08/18 19:15:08.506, 0, NVIDIA H100, 0, 0, 953, 94368
2026/08/18 19:15:08.556, 0, NVIDIA H100, 0, 0, 953, 94368
2026/08/18 19:15:08.607, 0, NVIDIA H100, 0, 0, 953, 94368
2026/08/18 19:15:08.657, 0, NVIDIA H100, 0, 0, 953, 94368
2026/08/18 19:15:08.707, 0, NVIDIA H100, 0, 0, 953, 94368
2026/08/18 19:15:08.757, 0, NVIDIA H100, 0, 0, 953, 94368
2026/08/18 19:15:08.808, 0, NVIDIA H100, 0, 0, 953, 94368
2026/08/18 19:15:08.858, 0, NVIDIA H100, 0, 0, 953, 94368
2026/08/18 19:15:08.908, 0, NVIDIA H100, 0, 0, 953, 94368
2026/08/18 19:15:08.959, 0, NVIDIA H100, 0, 0, 953, 94368
2026/08/18 19:15:09.009, 0, NVIDIA H100, 0, 0, 953, 94368
2026/08/18 19:15:09.059, 0, NVIDIA H100, 0, 0, 953, 94368
2026/08/18 19:15:09.109, 0, NVIDIA H100, 0, 0, 953, 94368
2026/08/18 19:15:09.160, 0, NVIDIA H100, 0, 0, 953, 94368
2026/08/18 19:15:09.210, 0, NVIDIA H100, 0, 0, 953, 94368
2026/08/18 19:15:09.260, 0, NVIDIA H100, 0, 0, 953, 94368
2026/08/18 19:15:09.311, 0, NVIDIA H100, 0, 0, 953, 94368
2026/08/18 19:15:09.361, 0, NVIDIA H100, 0, 0, 953, 94368
2026/08/18 19:15:09.411, 0, NVIDIA H100, 0, 0, 953, 94368
2026/08/18 19:15:09.461, 0, NVIDIA H100, 0, 0, 953, 94368
2026/08/18 19:15:09.512, 0, NVIDIA H100, 0, 0, 953, 94368
2026/08/18 19:15:09.562, 0, NVIDIA H100, 0, 0, 953, 94368
2026/08/18 19:15:09.612, 0, NVIDIA H100, 0, 0, 953, 94368
2026/08/18 19:15:09.662, 0, NVIDIA H100, 0, 0, 953, 94368
2026/08/18 19:15:09.713, 0, NVIDIA H100, 0, 0, 953, 94368
2026/08/18 19:15:09.763, 0, NVIDIA H100, 0, 0, 953, 94368
2026/08/18 19:15:09.813, 0, NVIDIA H100, 0, 0, 953, 94368
2026/08/18 19:15:09.864, 0, NVIDIA H100, 0, 0, 953, 94368
2026/08/18 19:15:09.914, 0, NVIDIA H100, 0, 0, 953, 94368
2026/08/18 19:15:09.964, 0, NVIDIA H100, 0, 0, 953, 94368
2026/08/18 19:15:10.014, 0, NVIDIA H100, 0, 0, 953, 94368
2026/08/18 19:15:10.065, 0, NVIDIA H100, 0, 0, 953, 94368
2026/08/18 19:15:10.115, 0, NVIDIA H100, 0, 0, 953, 94368
2026/08/18 19:15:10.165, 0, NVIDIA H100, 0, 0, 953, 94368
2026/08/18 19:15:10.216, 0, NVIDIA H100, 0, 0, 953, 94368
2026/08/18 19:15:10.266, 0, NVIDIA H100, 0, 0, 953, 94368
2026/08/18 19:15:10.316, 0, NVIDIA H100, 0, 0, 953, 94368
2026/08/18 19:15:10.366, 0, NVIDIA H100, 0, 0, 953, 94368
2026/08/18 19:15:10.417, 0, NVIDIA H100, 0, 0, 953, 94368
2026/08/18 19:15:10.467, 0, NVIDIA H100, 0, 0, 953, 94368
2026/08/18 19:15:10.517, 0, NVIDIA H100, 0, 0, 953, 94368
2026/08/18 19:15:10.568, 0, NVIDIA H100, 0, 0, 953, 94368
2026/08/18 19:15:10.618, 0, NVIDIA H100, 0, 0, 953, 94368
2026/08/18 19:15:10.668, 0, NVIDIA H100, 0, 0, 953, 94368
2026/08/18 19:15:10.718, 0, NVIDIA H100, 0, 0, 953, 94368
2026/08/18 19:15:10.769, 0, NVIDIA H100, 0, 0, 953, 94368
2026/08/18 19:15:10.819, 0, NVIDIA H100, 0, 0, 953, 94368
2026/08/18 19:15:10.869, 0, NVIDIA H100, 0, 0, 953, 94368
2026/08/18 19:15:10.920, 0, NVIDIA H100, 0, 0, 953, 94368
2026/08/18 19:15:10.970, 0, NVIDIA H100, 0, 0, 953, 94368
2026/08/18 19:15:11.020, 0, NVIDIA H100, 0, 0, 953, 94368
2026/08/18 19:15:11.070, 0, NVIDIA H100, 0, 0, 953, 94368
2026/08/18 19:15:11.121, 0, NVIDIA H100, 0, 0, 953, 94368
2026/08/18 19:15:11.171, 0, NVIDIA H100, 0, 0, 953, 94368
2026/08/18 19:15:11.221, 0, NVIDIA H100, 0, 0, 953, 94368
2026/08/18 19:15:11.272, 0, NVIDIA H100, 0, 0, 953, 94368
2026/08/18 19:15:11.322, 0, NVIDIA H100, 0, 0, 953, 94368
2026/08/18 19:15:11.372, 0, NVIDIA H100, 0, 0, 953, 94368
2026/08/18 19:15:11.422, 0, NVIDIA H100, 0, 0, 953, 94368
2026/08/18 19:15:11.473, 0, NVIDIA H100, 0, 0, 953, 94368
2026/08/18 19:15:11.523, 0, NVIDIA H100, 0, 0, 953, 94368
2026/08/18 19:15:11.573, 0, NVIDIA H100, 0, 0, 953, 94368
2026/08/18 19:15:11.624, 0, NVIDIA H100, 0, 0, 953, 94368
2026/08/18 19:15:11.674, 0, NVIDIA H100, 0, 0, 953, 94368
2026/08/18 19:15:11.724, 0, NVIDIA H100, 0, 0, 953, 94368
2026/08/18 19:15:11.774, 0, NVIDIA H100, 0, 0, 953, 94368
2026/08/18 19:15:11.825, 0, NVIDIA H100, 0, 0, 953, 94368
2026/08/18 19:15:11.875, 0, NVIDIA H100, 0, 0, 953, 94368
2026/08/18 19:15:11.925, 0, NVIDIA H100, 0, 0, 953, 94368
2026/08/18 19:15:11.976, 0, NVIDIA H100, 0, 0, 953, 94368
2026/08/18 19:15:12.026, 0, NVIDIA H100, 0, 0, 953, 94368
2026/08/18 19:15:12.076, 0, NVIDIA H100, 0, 0, 953, 94368
2026/08/18 19:15:12.126, 0, NVIDIA H100, 0, 0, 953, 94368
2026/08/18 19:15:12.177, 0, NVIDIA H100, 0, 0, 953, 94368
2026/08/18 19:15:12.227, 0, NVIDIA H100, 0, 0, 953, 94368
2026/08/18 19:15:12.277, 0, NVIDIA H100, 0, 0, 953, 94368
2026/08/18 19:15:12.328, 0, NVIDIA H100, 0, 0, 953, 94368
2026/08/18 19:15:12.378, 0, NVIDIA H100, 0, 0, 953, 94368
2026/08/18 19:15:12.428, 0, NVIDIA H100, 0, 0, 953, 94368
2026/08/18 19:15:12.478, 0, NVIDIA H100, 0, 0, 953, 94368
2026/08/18 19:15:12.529, 0, NVIDIA H100, 0, 0, 953, 94368
2026/08/18 19:15:12.579, 0, NVIDIA H100, 0, 0, 953, 94368
2026/08/18 19:15:12.629, 0, NVIDIA H100, 0, 0, 953, 94368
2026/08/18 19:15:12.679, 0, NVIDIA H100, 0, 0, 953, 94368
2026/08/18 19:15:12.730, 0, NVIDIA H100, 0, 0, 953, 94368
2026/08/18 19:15:12.780, 0, NVIDIA H100, 0, 0, 953, 94368
2026/08/18 19:15:12.830, 0, NVIDIA H100, 0, 0, 953, 94368
2026/08/18 19:15:12.881, 0, NVIDIA H100, 0, 0, 953, 94368
2026/08/18 19:15:12.931, 0, NVIDIA H100, 0, 0, 953, 94368
2026/08/18 19:15:12.981, 0, NVIDIA H100, 0, 0, 953, 94368
2026/08/18 19:15:13.031, 0, NVIDIA H100, 0, 0, 953, 94368
2026/08/18 19:15:13.082, 0, NVIDIA H100, 0, 0, 953, 94368
2026/08/18 19:15:13.132, 0, NVIDIA H100, 0, 0, 953, 94368
2026/08/18 19:15:13.182, 0, NVIDIA H100, 0, 0, 953, 94368
2026/08/18 19:15:13.233, 0, NVIDIA H100, 0, 0, 953, 94368
2026/08/18 19:15:13.283, 0, NVIDIA H100, 0, 0, 953, 94368
2026/08/18 19:15:13.333, 0, NVIDIA H100, 0, 0, 953, 94368
2026/08/18 19:15:13.383, 0, NVIDIA H100, 0, 0, 953, 94368
2026/08/18 19:15:13.434, 0, NVIDIA H100, 0, 0, 953, 94368
2026/08/18 19:15:13.484, 0, NVIDIA H100, 0, 0, 953, 94368
2026/08/18 19:15:13.534, 0, NVIDIA H100, 0, 0, 953, 94368
2026/08/18 19:15:13.585, 0, NVIDIA H100, 0, 0, 953, 94368
2026/08/18 19:15:13.635, 0, NVIDIA H100, 0, 0, 953, 94368
2026/08/18 19:15:13.685, 0, NVIDIA H100, 0, 0, 953, 94368
2026/08/18 19:15:13.735, 0, NVIDIA H100, 0, 0, 953, 94368
2026/08/18 19:15:13.786, 0, NVIDIA H100, 0, 0, 953, 94368
2026/08/18 19:15:13.836, 0, NVIDIA H100, 0, 0, 953, 94368
2026/08/18 19:15:13.886, 0, NVIDIA H100, 0, 0, 953, 94368
2026/08/18 19:15:13.937, 0, NVIDIA H100, 0, 0, 953, 94368
2026/08/18 19:15:13.987, 0, NVIDIA H100, 0, 0, 953, 94368
2026/08/18 19:15:14.037, 0, NVIDIA H100, 0, 0, 953, 94368
2026/08/18 19:15:14.087, 0, NVIDIA H100, 0, 0, 953, 94368
2026/08/18 19:15:14.138, 0, NVIDIA H100, 0, 0, 953, 94368
2026/08/18 19:15:14.188, 0, NVIDIA H100, 0, 0, 953, 94368
2026/08/18 19:15:14.238, 0, NVIDIA H100, 0, 0, 953, 94368
2026/08/18 19:15:14.289, 0, NVIDIA H100, 0, 0, 953, 94368
2026/08/18 19:15:14.339, 0, NVIDIA H100, 0, 0, 953, 94368
2026/08/18 19:15:14.389, 0, NVIDIA H100, 0, 0, 953, 94368
2026/08/18 19:15:14.439, 0, NVIDIA H100, 0, 0, 953, 94368
2026/08/18 19:15:14.490, 0, NVIDIA H100, 0, 0, 953, 94368
2026/08/18 19:15:14.540, 0, NVIDIA H100, 0, 0, 953, 94368
2026/08/18 19:15:14.590, 0, NVIDIA H100, 0, 0, 953, 94368
2026/08/18 19:15:14.641, 0, NVIDIA H100, 0, 0, 953, 94368
2026/08/18 19:15:14.691, 0, NVIDIA H100, 0, 0, 953, 94368
2026/08/18 19:15:14.741, 0, NVIDIA H100, 0, 0, 953, 94368
2026/08/18 19:15:14.791, 0, NVIDIA H100, 0, 0, 953, 94368
2026/08/18 19:15:14.842, 0, NVIDIA H100, 0, 0, 953, 94368
2026/08/18 19:15:14.892, 0, NVIDIA H100, 0, 0, 953, 94368
2026/08/18 19:15:14.942, 0, NVIDIA H100, 0, 0, 953, 94368
2026/08/18 19:15:14.993, 0, NVIDIA H100, 0, 0, 953, 94368
2026/08/18 19:15:15.043, 0, NVIDIA H100, 0, 0, 953, 94368
2026/08/18 19:15:15.093, 0, NVIDIA H100, 0, 0, 953, 94368
2026/08/18 19:15:15.143, 0, NVIDIA H100, 0, 0, 953, 94368
2026/08/18 19:15:15.194, 0, NVIDIA H100, 0, 0, 953, 94368
2026/08/18 19:15:15.244, 0, NVIDIA H100, 0, 0, 953, 94368
2026/08/18 19:15:15.294, 0, NVIDIA H100, 0, 0, 953, 94368
2026/08/18 19:15:15.345, 0, NVIDIA H100, 0, 0, 953, 94368
2026/08/18 19:15:15.395, 0, NVIDIA H100, 0, 0, 953, 94368
2026/08/18 19:15:15.445, 0, NVIDIA H100, 0, 0, 953, 94368
2026/08/18 19:15:15.495, 0, NVIDIA H100, 0, 0, 953, 94368
2026/08/18 19:15:15.546, 0, NVIDIA H100, 0, 0, 953, 94368
2026/08/18 19:15:15.596, 0, NVIDIA H100, 0, 0, 953, 94368
2026/08/18 19:15:15.646, 0, NVIDIA H100, 0, 0, 953, 94368
2026/08/18 19:15:15.697, 0, NVIDIA H100, 0, 0, 953, 94368
2026/08/18 19:15:15.747, 0, NVIDIA H100, 0, 0, 953, 94368
2026/08/18 19:15:15.797, 0, NVIDIA H100, 0, 0, 953, 94368
2026/08/18 19:15:15.847, 0, NVIDIA H100, 0, 0, 953, 94368
2026/08/18 19:15:15.898, 0, NVIDIA H100, 0, 0, 953, 94368
2026/08/18 19:15:15.948, 0, NVIDIA H100, 0, 0, 953, 94368
2026/08/18 19:15:15.998, 0, NVIDIA H100, 0, 0, 953, 94368
2026/08/18 19:15:16.049, 0, NVIDIA H100, 0, 0, 953, 94368
2026/08/18 19:15:16.099, 0, NVIDIA H100, 0, 0, 953, 94368
2026/08/18 19:15:16.149, 0, NVIDIA H100, 0, 0, 953, 94368
2026/08/18 19:15:16.199, 0, NVIDIA H100, 0, 0, 953, 94368
2026/08/18 19:15:16.250, 0, NVIDIA H100, 0, 0, 953, 94368
2026/08/18 19:15:16.300, 0, NVIDIA H100, 0, 0, 953, 94368
2026/08/18 19:15:16.350, 0, NVIDIA H100, 0, 0, 953, 94368
2026/08/18 19:15:16.401, 0, NVIDIA H100, 0, 0, 953, 94368
2026/08/18 19:15:16.451, 0, NVIDIA H100, 0, 0, 953, 94368
2026/08/18 19:15:16.501, 0, NVIDIA H100, 0, 0, 953, 94368
2026/08/18 19:15:16.551, 0, NVIDIA H100, 0, 0, 953, 94368
2026/08/18 19:15:16.602, 0, NVIDIA H100, 0, 0, 953, 94368
2026/08/18 19:15:16.652, 0, NVIDIA H100, 0, 0, 953, 94368
2026/08/18 19:15:16.702, 0, NVIDIA H100, 0, 0, 953, 94368
2026/08/18 19:15:16.753, 0, NVIDIA H100, 0, 0, 953, 94368
2026/08/18 19:15:16.803, 0, NVIDIA H100, 0, 0, 953, 94368
2026/08/18 19:15:16.853, 0, NVIDIA H100, 0, 0, 953, 94368
2026/08/18 19:15:16.903, 0, NVIDIA H100, 0, 0, 953, 94368
2026/08/18 19:15:16.954, 0, NVIDIA H100, 0, 0, 953, 94368
2026/08/18 19:15:17.004, 0, NVIDIA H100, 0, 0, 953, 94368
2026/08/18 19:15:17.054, 0, NVIDIA H100, 0, 0, 953, 94368
2026/08/18 19:15:17.105, 0, NVIDIA H100, 0, 0, 953, 94368
2026/08/18 19:15:17.155, 0, NVIDIA H100, 0, 0, 953, 94368
2026/08/18 19:15:17.205, 0, NVIDIA H100, 0, 0, 953, 94368
2026/08/18 19:15:17.255, 0, NVIDIA H100, 0, 0, 953, 94368
2026/08/18 19:15:17.306, 0, NVIDIA H100, 0, 0, 953, 94368
2026/08/18 19:15:17.356, 0, NVIDIA H100, 0, 0, 953, 94368
2026/08/18 19:15:17.406, 0, NVIDIA H100, 0, 0, 953, 94368
2026/08/18 19:15:17.457, 0, NVIDIA H100, 0, 0, 953, 94368
2026/08/18 19:15:17.507, 0, NVIDIA H100, 0, 0, 953, 94368
2026/08/18 19:15:17.557, 0, NVIDIA H100, 0, 0, 953, 94368
2026/08/18 19:15:17.607, 0, NVIDIA H100, 0, 0, 953, 94368
2026/08/18 19:15:17.658, 0, NVIDIA H100, 0, 0, 953, 94368
2026/08/18 19:15:17.708, 0, NVIDIA H100, 0, 0, 953, 94368
2026/08/18 19:15:17.758, 0, NVIDIA H100, 0, 0, 953, 94368
2026/08/18 19:15:17.808, 0, NVIDIA H100, 0, 0, 953, 94368
2026/08/18 19:15:17.859, 0, NVIDIA H100, 0, 0, 953, 94368
2026/08/18 19:15:17.909, 0, NVIDIA H100, 0, 0, 953, 94368
2026/08/18 19:15:17.959, 0, NVIDIA H100, 0, 0, 953, 94368
2026/08/18 19:15:18.010, 0, NVIDIA H100, 0, 0, 953, 94368
2026/08/18 19:15:18.060, 0, NVIDIA H100, 0, 0, 953, 94368
2026/08/18 19:15:18.110, 0, NVIDIA H100, 0, 0, 953, 94368
2026/08/18 19:15:18.161, 0, NVIDIA H100, 0, 0, 953, 94368
2026/08/18 19:15:18.211, 0, NVIDIA H100, 0, 0, 953, 94368
2026/08/18 19:15:18.261, 0, NVIDIA H100, 0, 0, 953, 94368
2026/08/18 19:15:18.311, 0, NVIDIA H100, 0, 0, 953, 94368
2026/08/18 19:15:18.362, 0, NVIDIA H100, 0, 0, 953, 94368
2026/08/18 19:15:18.412, 0, NVIDIA H100, 0, 0, 953, 94368
2026/08/18 19:15:18.462, 0, NVIDIA H100, 0, 0, 953, 94368
2026/08/18 19:15:18.512, 0, NVIDIA H100, 0, 0, 953, 94368
2026/08/18 19:15:18.563, 0, NVIDIA H100, 0, 0, 953, 94368
2026/08/18 19:15:18.613, 0, NVIDIA H100, 0, 0, 953, 94368
2026/08/18 19:15:18.663, 0, NVIDIA H100, 0, 0, 953, 94368
2026/08/18 19:15:18.714, 0, NVIDIA H100, 0, 0, 953, 94368
2026/08/18 19:15:18.764, 0, NVIDIA H100, 0, 0, 953, 94368
2026/08/18 19:15:18.814, 0, NVIDIA H100, 0, 0, 953, 94368
2026/08/18 19:15:18.864, 0, NVIDIA H100, 0, 0, 953, 94368
2026/08/18 19:15:18.915, 0, NVIDIA H100, 0, 0, 953, 94368
2026/08/18 19:15:18.965, 0, NVIDIA H100, 0, 0, 953, 94368
2026/08/18 19:15:19.015, 0, NVIDIA H100, 0, 0, 953, 94368
2026/08/18 19:15:19.066, 0, NVIDIA H100, 0, 0, 953, 94368
2026/08/18 19:15:19.116, 0, NVIDIA H100, 0, 0, 953, 94368
2026/08/18 19:15:19.166, 0, NVIDIA H100, 0, 0, 953, 94368
2026/08/18 19:15:19.216, 0, NVIDIA H100, 0, 0, 953, 94368
2026/08/18 19:15:19.267, 0, NVIDIA H100, 0, 0, 953, 94368
2026/08/18 19:15:19.317, 0, NVIDIA H100, 0, 0, 953, 94368
2026/08/18 19:15:19.367, 0, NVIDIA H100, 0, 0, 953, 94368
2026/08/18 19:15:19.418, 0, NVIDIA H100, 0, 0, 953, 94368
2026/08/18 19:15:19.468, 0, NVIDIA H100, 0, 0, 953, 94368
2026/08/18 19:15:19.518, 0, NVIDIA H100, 0, 0, 953, 94368
2026/08/18 19:15:19.568, 0, NVIDIA H100, 0, 0, 953, 94368
2026/08/18 19:15:19.619, 0, NVIDIA H100, 0, 0, 953, 94368
2026/08/18 19:15:19.669, 0, NVIDIA H100, 0, 0, 953, 94368
2026/08/18 19:15:19.719, 0, NVIDIA H100, 0, 0, 953, 94368
2026/08/18 19:15:19.770, 0, NVIDIA H100, 0, 0, 953, 94368
2026/08/18 19:15:19.820, 0, NVIDIA H100, 0, 0, 953, 94368
2026/08/18 19:15:19.870, 0, NVIDIA H100, 0, 0, 953, 94368
2026/08/18 19:15:19.920, 0, NVIDIA H100, 0, 0, 953, 94368
2026/08/18 19:15:19.971, 0, NVIDIA H100, 0, 0, 953, 94368
2026/08/18 19:15:20.021, 0, NVIDIA H100, 0, 0, 953, 94368
2026/08/18 19:15:20.071, 0, NVIDIA H100, 0, 0, 953, 94368
2026/08/18 19:15:20.122, 0, NVIDIA H100, 0, 0, 953, 94368
2026/08/18 19:15:20.172, 0, NVIDIA H100, 0, 0, 953, 94368
2026/08/18 19:15:20.222, 0, NVIDIA H100, 0, 0, 953, 94368
2026/08/18 19:15:20.272, 0, NVIDIA H100, 0, 0, 953, 94368
2026/08/18 19:15:20.323, 0, NVIDIA H100, 0, 0, 953, 94368
2026/08/18 19:15:20.373, 0, NVIDIA H100, 0, 0, 953, 94368
2026/08/18 19:15:20.423, 0, NVIDIA H100, 0, 0, 953, 94368
2026/08/18 19:15:20.473, 0, NVIDIA H100, 0, 0, 953, 94368
2026/08/18 19:15:20.524, 0, NVIDIA H100, 0, 0, 953, 94368
2026/08/18 19:15:20.574, 0, NVIDIA H100, 0, 0, 953, 94368
2026/08/18 19:15:20.624, 0, NVIDIA H100, 0, 0, 953, 94368
2026/08/18 19:15:20.675, 0, NVIDIA H100, 0, 0, 953, 94368
2026/08/18 19:15:20.725, 0, NVIDIA H100, 0, 0, 953, 94368
2026/08/18 19:15:20.775, 0, NVIDIA H100, 0, 0, 953, 94368
2026/08/18 19:15:20.825, 0, NVIDIA H100, 0, 0, 953, 94368
2026/08/18 19:15:20.876, 0, NVIDIA H100, 0, 0, 953, 94368
2026/08/18 19:15:20.926, 0, NVIDIA H100, 0, 0, 953, 94368
2026/08/18 19:15:20.976, 0, NVIDIA H100, 0, 0, 953, 94368
2026/08/18 19:15:21.027, 0, NVIDIA H100, 0, 0, 953, 94368
2026/08/18 19:15:21.077, 0, NVIDIA H100, 0, 0, 953, 94368
2026/08/18 19:15:21.127, 0, NVIDIA H100, 0, 0, 953, 94368
2026/08/18 19:15:21.177, 0, NVIDIA H100, 0, 0, 953, 94368
2026/08/18 19:15:21.228, 0, NVIDIA H100, 0, 0, 953, 94368
2026/08/18 19:15:21.278, 0, NVIDIA H100, 0, 0, 953, 94368
2026/08/18 19:15:21.328, 0, NVIDIA H100, 0, 0, 953, 94368
2026/08/18 19:15:21.379, 0, NVIDIA H100, 0, 0, 953, 94368
2026/08/18 19:15:21.429, 0, NVIDIA H100, 0, 0, 953, 94368
2026/08/18 19:15:21.479, 0, NVIDIA H100, 0, 0, 953, 94368
2026/08/18 19:15:21.529, 0, NVIDIA H100, 0, 0, 953, 94368
2026/08/18 19:15:21.580, 0, NVIDIA H100, 0, 0, 953, 94368
2026/08/18 19:15:21.630, 0, NVIDIA H100, 0, 0, 953, 94368
2026/08/18 19:15:21.680, 0, NVIDIA H100, 0, 0, 953, 94368
2026/08/18 19:15:21.731, 0, NVIDIA H100, 0, 0, 953, 94368
2026/08/18 19:15:21.781, 0, NVIDIA H100, 0, 0, 953, 94368
2026/08/18 19:15:21.831, 0, NVIDIA H100, 0, 0, 953, 94368
2026/08/18 19:15:21.881, 0, NVIDIA H100, 0, 0, 953, 94368
2026/08/18 19:15:21.932, 0, NVIDIA H100, 0, 0, 953, 94368
2026/08/18 19:15:21.982, 0, NVIDIA H100, 0, 0, 953, 94368
2026/08/18 19:15:22.032, 0, NVIDIA H100, 0, 0, 953, 94368
2026/08/18 19:15:22.083, 0, NVIDIA H100, 0, 0, 953, 94368
2026/08/18 19:15:22.133, 0, NVIDIA H100, 0, 0, 953, 94368
2026/08/18 19:15:22.183, 0, NVIDIA H100, 0, 0, 953, 94368
2026/08/18 19:15:22.233, 0, NVIDIA H100, 0, 0, 953, 94368
2026/08/18 19:15:22.284, 0, NVIDIA H100, 0, 0, 953, 94368
2026/08/18 19:15:22.334, 0, NVIDIA H100, 0, 0, 953, 94368
2026/08/18 19:15:22.384, 0, NVIDIA H100, 0, 0, 953, 94368
2026/08/18 19:15:22.435, 0, NVIDIA H100, 0, 0, 953, 94368
2026/08/18 19:15:22.485, 0, NVIDIA H100, 0, 0, 953, 94368
2026/08/18 19:15:22.535, 0, NVIDIA H100, 0, 0, 953, 94368
2026/08/18 19:15:22.585, 0, NVIDIA H100, 0, 0, 953, 94368
2026/08/18 19:15:22.636, 0, NVIDIA H100, 0, 0, 953, 94368
2026/08/18 19:15:22.686, 0, NVIDIA H100, 0, 0, 953, 94368
2026/08/18 19:15:22.736, 0, NVIDIA H100, 0, 0, 953, 94368
2026/08/18 19:15:22.787, 0, NVIDIA H100, 0, 0, 953, 94368
2026/08/18 19:15:22.837, 0, NVIDIA H100, 0, 0, 953, 94368
2026/08/18 19:15:22.887, 0, NVIDIA H100, 0, 0, 953, 94368
2026/08/18 19:15:22.937, 0, NVIDIA H100, 0, 0, 953, 94368
2026/08/18 19:15:22.988, 0, NVIDIA H100, 0, 0, 953, 94368
2026/08/18 19:15:23.038, 0, NVIDIA H100, 0, 0, 953, 94368
2026/08/18 19:15:23.088, 0, NVIDIA H100, 0, 0, 953, 94368
2026/08/18 19:15:23.138, 0, NVIDIA H100, 0, 0, 953, 94368
2026/08/18 19:15:23.189, 0, NVIDIA H100, 0, 0, 953, 94368
2026/08/18 19:15:23.239, 0, NVIDIA H100, 0, 0, 953, 94368
2026/08/18 19:15:23.289, 0, NVIDIA H100, 0, 0, 953, 94368
2026/08/18 19:15:23.340, 0, NVIDIA H100, 0, 0, 953, 94368
2026/08/18 19:15:23.390, 0, NVIDIA H100, 0, 0, 953, 94368
2026/08/18 19:15:23.440, 0, NVIDIA H100, 0, 0, 953, 94368
2026/08/18 19:15:23.490, 0, NVIDIA H100, 0, 0, 953, 94368
2026/08/18 19:15:23.541, 0, NVIDIA H100, 0, 0, 953, 94368
2026/08/18 19:15:23.591, 0, NVIDIA H100, 0, 0, 953, 94368
2026/08/18 19:15:23.641, 0, NVIDIA H100, 0, 0, 953, 94368
2026/08/18 19:15:23.692, 0, NVIDIA H100, 0, 0, 953, 94368
2026/08/18 19:15:23.742, 0, NVIDIA H100, 0, 0, 953, 94368
2026/08/18 19:15:23.792, 0, NVIDIA H100, 0, 0, 953, 94368
2026/08/18 19:15:23.842, 0, NVIDIA H100, 0, 0, 953, 94368
2026/08/18 19:15:23.893, 0, NVIDIA H100, 0, 0, 953, 94368
2026/08/18 19:15:23.943, 0, NVIDIA H100, 0, 0, 953, 94368
2026/08/18 19:15:23.993, 0, NVIDIA H100, 0, 0, 953, 94368
2026/08/18 19:15:24.044, 0, NVIDIA H100, 0, 0, 953, 94368
2026/08/18 19:15:24.094, 0, NVIDIA H100, 0, 0, 953, 94368
2026/08/18 19:15:24.144, 0, NVIDIA H100, 0, 0, 953, 94368
2026/08/18 19:15:24.194, 0, NVIDIA H100, 0, 0, 953, 94368
2026/08/18 19:15:24.245, 0, NVIDIA H100, 0, 0, 953, 94368
2026/08/18 19:15:24.295, 0, NVIDIA H100, 0, 0, 953, 94368
2026/08/18 19:15:24.345, 0, NVIDIA H100, 0, 0, 953, 94368
2026/08/18 19:15:24.395, 0, NVIDIA H100, 0, 0, 953, 94368
2026/08/18 19:15:24.446, 0, NVIDIA H100, 0, 0, 953, 94368
2026/08/18 19:15:24.496, 0, NVIDIA H100, 0, 0, 953, 94368
2026/08/18 19:15:24.546, 0, NVIDIA H100, 0, 0, 953, 94368
2026/08/18 19:15:24.597, 0, NVIDIA H100, 0, 0, 953, 94368
2026/08/18 19:15:24.647, 0, NVIDIA H100, 0, 0, 953, 94368
2026/08/18 19:15:24.697, 0, NVIDIA H100, 0, 0, 953, 94368
2026/08/18 19:15:24.747, 0, NVIDIA H100, 0, 0, 953, 94368
2026/08/18 19:15:24.798, 0, NVIDIA H100, 0, 0, 953, 94368
2026/08/18 19:15:24.848, 0, NVIDIA H100, 0, 0, 953, 94368
2026/08/18 19:15:24.898, 0, NVIDIA H100, 0, 0, 953, 94368
2026/08/18 19:15:24.949, 0, NVIDIA H100, 0, 0, 953, 94368
2026/08/18 19:15:24.999, 0, NVIDIA H100, 0, 0, 953, 94368
2026/08/18 19:15:25.049, 0, NVIDIA H100, 0, 0, 953, 94368
2026/08/18 19:15:25.099, 0, NVIDIA H100, 0, 0, 953, 94368
2026/08/18 19:15:25.150, 0, NVIDIA H100, 0, 0, 953, 94368
2026/08/18 19:15:25.200, 0, NVIDIA H100, 0, 0, 953, 94368
2026/08/18 19:15:25.250, 0, NVIDIA H100, 0, 0, 953, 94368
2026/08/18 19:15:25.301, 0, NVIDIA H100, 0, 0, 953, 94368
2026/08/18 19:15:25.351, 0, NVIDIA H100, 0, 0, 953, 94368
2026/08/18 19:15:25.401, 0, NVIDIA H100, 0, 0, 953, 94368
2026/08/18 19:15:25.451, 0, NVIDIA H100, 0, 0, 953, 94368
2026/08/18 19:15:25.502, 0, NVIDIA H100, 0, 0, 953, 94368
2026/08/18 19:15:25.552, 0, NVIDIA H100, 0, 0, 953, 94368
2026/08/18 19:15:25.602, 0, NVIDIA H100, 0, 0, 953, 94368
2026/08/18 19:15:25.652, 0, NVIDIA H100, 0, 0, 953, 94368
2026/08/18 19:15:25.703, 0, NVIDIA H100, 0, 0, 953, 94368
2026/08/18 19:15:25.753, 0, NVIDIA H100, 0, 0, 953, 94368
2026/08/18 19:15:25.803, 0, NVIDIA H100, 0, 0, 953, 94368
2026/08/18 19:15:25.854, 0, NVIDIA H100, 0, 0, 953, 94368
2026/08/18 19:15:25.904, 0, NVIDIA H100, 0, 0, 953, 94368
2026/08/18 19:15:25.954, 0, NVIDIA H100, 0, 0, 953, 94368
2026/08/18 19:15:26.004, 0, NVIDIA H100, 0, 0, 953, 94368
2026/08/18 19:15:26.055, 0, NVIDIA H100, 0, 0, 953, 94368
2026/08/18 19:15:26.105, 0, NVIDIA H100, 0, 0, 953, 94368
2026/08/18 19:15:26.155, 0, NVIDIA H100, 0, 0, 953, 94368
2026/08/18 19:15:26.206, 0, NVIDIA H100, 0, 0, 953, 94368
2026/08/18 19:15:26.256, 0, NVIDIA H100, 0, 0, 953, 94368
2026/08/18 19:15:26.306, 0, NVIDIA H100, 0, 0, 953, 94368
2026/08/18 19:15:26.356, 0, NVIDIA H100, 0, 0, 953, 94368
2026/08/18 19:15:26.407, 0, NVIDIA H100, 0, 0, 953, 94368
2026/08/18 19:15:26.457, 0, NVIDIA H100, 0, 0, 953, 94368
2026/08/18 19:15:26.507, 0, NVIDIA H100, 0, 0, 953, 94368
2026/08/18 19:15:26.558, 0, NVIDIA H100, 0, 0, 953, 94368
2026/08/18 19:15:26.608, 0, NVIDIA H100, 0, 0, 953, 94368
2026/08/18 19:15:26.658, 0, NVIDIA H100, 0, 0, 953, 94368
2026/08/18 19:15:26.708, 0, NVIDIA H100, 0, 0, 953, 94368
2026/08/18 19:15:26.759, 0, NVIDIA H100, 0, 0, 953, 94368
2026/08/18 19:15:26.809, 0, NVIDIA H100, 0, 0, 953, 94368
2026/08/18 19:15:26.859, 0, NVIDIA H100, 0, 0, 953, 94368
2026/08/18 19:15:26.909, 0, NVIDIA H100, 0, 0, 953, 94368
2026/08/18 19:15:26.960, 0, NVIDIA H100, 0, 0, 953, 94368
2026/08/18 19:15:27.010, 0, NVIDIA H100, 0, 0, 953, 94368
2026/08/18 19:15:27.060, 0, NVIDIA H100, 0, 0, 953, 94368
2026/08/18 19:15:27.111, 0, NVIDIA H100, 0, 0, 953, 94368
2026/08/18 19:15:27.161, 0, NVIDIA H100, 0, 0, 953, 94368
2026/08/18 19:15:27.211, 0, NVIDIA H100, 0, 0, 953, 94368
2026/08/18 19:15:27.261, 0, NVIDIA H100, 0, 0, 953, 94368
2026/08/18 19:15:27.312, 0, NVIDIA H100, 0, 0, 953, 94368
2026/08/18 19:15:27.362, 0, NVIDIA H100, 0, 0, 953, 94368
2026/08/18 19:15:27.412, 0, NVIDIA H100, 0, 0, 953, 94368
2026/08/18 19:15:27.463, 0, NVIDIA H100, 0, 0, 953, 94368
2026/08/18 19:15:27.513, 0, NVIDIA H100, 0, 0, 953, 94368
2026/08/18 19:15:27.563, 0, NVIDIA H100, 0, 0, 953, 94368
2026/08/18 19:15:27.614, 0, NVIDIA H100, 0, 0, 953, 94368
2026/08/18 19:15:27.664, 0, NVIDIA H100, 0, 0, 953, 94368
2026/08/18 19:15:27.714, 0, NVIDIA H100, 0, 0, 953, 94368
2026/08/18 19:15:27.764, 0, NVIDIA H100, 0, 0, 953, 94368
2026/08/18 19:15:27.815, 0, NVIDIA H100, 0, 0, 953, 94368
2026/08/18 19:15:27.865, 0, NVIDIA H100, 0, 0, 953, 94368
2026/08/18 19:15:27.915, 0, NVIDIA H100, 0, 0, 953, 94368
2026/08/18 19:15:27.965, 0, NVIDIA H100, 0, 0, 953, 94368
2026/08/18 19:15:28.016, 0, NVIDIA H100, 0, 0, 953, 94368
2026/08/18 19:15:28.066, 0, NVIDIA H100, 0, 0, 953, 94368
2026/08/18 19:15:28.116, 0, NVIDIA H100, 0, 0, 953, 94368
2026/08/18 19:15:28.167, 0, NVIDIA H100, 0, 0, 953, 94368
2026/08/18 19:15:28.217, 0, NVIDIA H100, 0, 0, 953, 94368
2026/08/18 19:15:28.267, 0, NVIDIA H100, 0, 0, 953, 94368
2026/08/18 19:15:28.317, 0, NVIDIA H100, 0, 0, 953, 94368
2026/08/18 19:15:28.368, 0, NVIDIA H100, 0, 0, 953, 94368
2026/08/18 19:15:28.418, 0, NVIDIA H100, 0, 0, 953, 94368
2026/08/18 19:15:28.468, 0, NVIDIA H100, 0, 0, 953, 94368
2026/08/18 19:15:28.519, 0, NVIDIA H100, 0, 0, 953, 94368
2026/08/18 19:15:28.569, 0, NVIDIA H100, 0, 0, 953, 94368
2026/08/18 19:15:28.619, 0, NVIDIA H100, 0, 0, 953, 94368
2026/08/18 19:15:28.669, 0, NVIDIA H100, 0, 0, 953, 94368
2026/08/18 19:15:28.720, 0, NVIDIA H100, 0, 0, 953, 94368
2026/08/18 19:15:28.770, 0, NVIDIA H100, 0, 0, 953, 94368
2026/08/18 19:15:28.820, 0, NVIDIA H100, 0, 0, 953, 94368
2026/08/18 19:15:28.871, 0, NVIDIA H100, 0, 0, 953, 94368
2026/08/18 19:15:28.921, 0, NVIDIA H100, 0, 0, 953, 94368
2026/08/18 19:15:28.971, 0, NVIDIA H100, 0, 0, 953, 94368
2026/08/18 19:15:29.021, 0, NVIDIA H100, 0, 0, 953, 94368
2026/08/18 19:15:29.072, 0, NVIDIA H100, 0, 0, 953, 94368
2026/08/18 19:15:29.122, 0, NVIDIA H100, 0, 0, 953, 94368
2026/08/18 19:15:29.172, 0, NVIDIA H100, 0, 0, 953, 94368
2026/08/18 19:15:29.223, 0, NVIDIA H100, 0, 0, 953, 94368
2026/08/18 19:15:29.273, 0, NVIDIA H100, 0, 0, 953, 94368
2026/08/18 19:15:29.323, 0, NVIDIA H100, 0, 0, 953, 94368
2026/08/18 19:15:29.373, 0, NVIDIA H100, 0, 0, 953, 94368
2026/08/18 19:15:29.424, 0, NVIDIA H100, 0, 0, 953, 94368
2026/08/18 19:15:29.474, 0, NVIDIA H100, 0, 0, 953, 94368
2026/08/18 19:15:29.524, 0, NVIDIA H100, 0, 0, 953, 94368
2026/08/18 19:15:29.575, 0, NVIDIA H100, 0, 0, 953, 94368
2026/08/18 19:15:29.625, 0, NVIDIA H100, 0, 0, 953, 94368
2026/08/18 19:15:29.675, 0, NVIDIA H100, 0, 0, 953, 94368
2026/08/18 19:15:29.725, 0, NVIDIA H100, 0, 0, 953, 94368
2026/08/18 19:15:29.776, 0, NVIDIA H100, 0, 0, 953, 94368
2026/08/18 19:15:29.826, 0, NVIDIA H100, 0, 0, 953, 94368
2026/08/18 19:15:29.876, 0, NVIDIA H100, 0, 0, 953, 94368
2026/08/18 19:15:29.927, 0, NVIDIA H100, 0, 0, 953, 94368
2026/08/18 19:15:29.977, 0, NVIDIA H100, 0, 0, 953, 94368
2026/08/18 19:15:30.027, 0, NVIDIA H100, 0, 0, 953, 94368
2026/08/18 19:15:30.077, 0, NVIDIA H100, 0, 0, 953, 94368
2026/08/18 19:15:30.128, 0, NVIDIA H100, 0, 0, 953, 94368
2026/08/18 19:15:30.178, 0, NVIDIA H100, 0, 0, 953, 94368
2026/08/18 19:15:30.228, 0, NVIDIA H100, 0, 0, 953, 94368
2026/08/18 19:15:30.278, 0, NVIDIA H100, 0, 0, 953, 94368
2026/08/18 19:15:30.329, 0, NVIDIA H100, 0, 0, 953, 94368
2026/08/18 19:15:30.379, 0, NVIDIA H100, 0, 0, 953, 94368
2026/08/18 19:15:30.429, 0, NVIDIA H100, 0, 0, 953, 94368
2026/08/18 19:15:30.480, 0, NVIDIA H100, 0, 0, 953, 94368
2026/08/18 19:15:30.530, 0, NVIDIA H100, 0, 0, 953, 94368
2026/08/18 19:15:30.580, 0, NVIDIA H100, 0, 0, 953, 94368
2026/08/18 19:15:30.630, 0, NVIDIA H100, 0, 0, 953, 94368
2026/08/18 19:15:30.681, 0, NVIDIA H100, 0, 0, 953, 94368
2026/08/18 19:15:30.731, 0, NVIDIA H100, 0, 0, 953, 94368
2026/08/18 19:15:30.781, 0, NVIDIA H100, 0, 0, 953, 94368
2026/08/18 19:15:30.832, 0, NVIDIA H100, 0, 0, 953, 94368
2026/08/18 19:15:30.882, 0, NVIDIA H100, 0, 0, 953, 94368
2026/08/18 19:15:30.932, 0, NVIDIA H100, 0, 0, 953, 94368
2026/08/18 19:15:30.982, 0, NVIDIA H100, 0, 0, 953, 94368
2026/08/18 19:15:31.033, 0, NVIDIA H100, 0, 0, 953, 94368
2026/08/18 19:15:31.083, 0, NVIDIA H100, 0, 0, 953, 94368
2026/08/18 19:15:31.133, 0, NVIDIA H100, 0, 0, 953, 94368
2026/08/18 19:15:31.184, 0, NVIDIA H100, 0, 0, 953, 94368
2026/08/18 19:15:31.234, 0, NVIDIA H100, 0, 0, 953, 94368
2026/08/18 19:15:31.284, 0, NVIDIA H100, 0, 0, 953, 94368
2026/08/18 19:15:31.334, 0, NVIDIA H100, 0, 0, 953, 94368
2026/08/18 19:15:31.385, 0, NVIDIA H100, 0, 0, 953, 94368
2026/08/18 19:15:31.435, 0, NVIDIA H100, 0, 0, 953, 94368
2026/08/18 19:15:31.485, 0, NVIDIA H100, 0, 0, 953, 94368
2026/08/18 19:15:31.536, 0, NVIDIA H100, 0, 0, 953, 94368
2026/08/18 19:15:31.586, 0, NVIDIA H100, 0, 0, 953, 94368
2026/08/18 19:15:31.636, 0, NVIDIA H100, 0, 0, 953, 94368
2026/08/18 19:15:31.686, 0, NVIDIA H100, 0, 0, 953, 94368
2026/08/18 19:15:31.737, 0, NVIDIA H100, 0, 0, 953, 94368
2026/08/18 19:15:31.787, 0, NVIDIA H100, 0, 0, 953, 94368
2026/08/18 19:15:31.837, 0, NVIDIA H100, 0, 0, 953, 94368
2026/08/18 19:15:31.888, 0, NVIDIA H100, 0, 0, 953, 94368
2026/08/18 19:15:31.938, 0, NVIDIA H100, 0, 0, 953, 94368
2026/08/18 19:15:31.988, 0, NVIDIA H100, 0, 0, 953, 94368
2026/08/18 19:15:32.038, 0, NVIDIA H100, 0, 0, 953, 94368
2026/08/18 19:15:32.089, 0, NVIDIA H100, 0, 0, 953, 94368
2026/08/18 19:15:32.139, 0, NVIDIA H100, 0, 0, 953, 94368
2026/08/18 19:15:32.189, 0, NVIDIA H100, 0, 0, 953, 94368
2026/08/18 19:15:32.240, 0, NVIDIA H100, 0, 0, 953, 94368
2026/08/18 19:15:32.290, 0, NVIDIA H100, 0, 0, 953, 94368
2026/08/18 19:15:32.340, 0, NVIDIA H100, 0, 0, 953, 94368
2026/08/18 19:15:32.390, 0, NVIDIA H100, 0, 0, 953, 94368
2026/08/18 19:15:32.441, 0, NVIDIA H100, 0, 0, 953, 94368
2026/08/18 19:15:32.491, 0, NVIDIA H100, 0, 0, 953, 94368
2026/08/18 19:15:32.541, 0, NVIDIA H100, 0, 0, 953, 94368
2026/08/18 19:15:32.591, 0, NVIDIA H100, 0, 0, 953, 94368
2026/08/18 19:15:32.642, 0, NVIDIA H100, 0, 0, 953, 94368
2026/08/18 19:15:32.692, 0, NVIDIA H100, 0, 0, 953, 94368
2026/08/18 19:15:32.742, 0, NVIDIA H100, 0, 0, 953, 94368
2026/08/18 19:15:32.793, 0, NVIDIA H100, 0, 0, 953, 94368
2026/08/18 19:15:32.843, 0, NVIDIA H100, 0, 0, 953, 94368
2026/08/18 19:15:32.893, 0, NVIDIA H100, 0, 0, 953, 94368
2026/08/18 19:15:32.943, 0, NVIDIA H100, 0, 0, 953, 94368
2026/08/18 19:15:32.994, 0, NVIDIA H100, 0, 0, 953, 94368
2026/08/18 19:15:33.044, 0, NVIDIA H100, 0, 0, 953, 94368
2026/08/18 19:15:33.094, 0, NVIDIA H100, 0, 0, 953, 94368
2026/08/18 19:15:33.145, 0, NVIDIA H100, 0, 0, 953, 94368
2026/08/18 19:15:33.195, 0, NVIDIA H100, 0, 0, 953, 94368
2026/08/18 19:15:33.245, 0, NVIDIA H100, 0, 0, 953, 94368
2026/08/18 19:15:33.295, 0, NVIDIA H100, 0, 0, 953, 94368
2026/08/18 19:15:33.346, 0, NVIDIA H100, 0, 0, 953, 94368
2026/08/18 19:15:33.396, 0, NVIDIA H100, 0, 0, 953, 94368
2026/08/18 19:15:33.446, 0, NVIDIA H100, 0, 0, 953, 94368
2026/08/18 19:15:33.497, 0, NVIDIA H100, 0, 0, 953, 94368
2026/08/18 19:15:33.547, 0, NVIDIA H100, 0, 0, 953, 94368
2026/08/18 19:15:33.597, 0, NVIDIA H100, 0, 0, 953, 94368
2026/08/18 19:15:33.647, 0, NVIDIA H100, 0, 0, 953, 94368
2026/08/18 19:15:33.698, 0, NVIDIA H100, 0, 0, 953, 94368
2026/08/18 19:15:33.748, 0, NVIDIA H100, 0, 0, 953, 94368
2026/08/18 19:15:33.798, 0, NVIDIA H100, 0, 0, 953, 94368
2026/08/18 19:15:33.849, 0, NVIDIA H100, 0, 0, 953, 94368
2026/08/18 19:15:33.899, 0, NVIDIA H100, 0, 0, 953, 94368
2026/08/18 19:15:33.949, 0, NVIDIA H100, 0, 0, 953, 94368
2026/08/18 19:15:33.999, 0, NVIDIA H100, 0, 0, 953, 94368
2026/08/18 19:15:34.050, 0, NVIDIA H100, 0, 0, 953, 94368
2026/08/18 19:15:34.100, 0, NVIDIA H100, 0, 0, 953, 94368
2026/08/18 19:15:34.150, 0, NVIDIA H100, 0, 0, 953, 94368
2026/08/18 19:15:34.201, 0, NVIDIA H100, 0, 0, 953, 94368
2026/08/18 19:15:34.251, 0, NVIDIA H100, 0, 0, 953, 94368
2026/08/18 19:15:34.301, 0, NVIDIA H100, 0, 0, 953, 94368
2026/08/18 19:15:34.351, 0, NVIDIA H100, 0, 0, 953, 94368
2026/08/18 19:15:34.402, 0, NVIDIA H100, 0, 0, 953, 94368
2026/08/18 19:15:34.452, 0, NVIDIA H100, 0, 0, 953, 94368
2026/08/18 19:15:34.502, 0, NVIDIA H100, 0, 0, 953, 94368
2026/08/18 19:15:34.553, 0, NVIDIA H100, 0, 0, 953, 94368
2026/08/18 19:15:34.603, 0, NVIDIA H100, 0, 0, 953, 94368
2026/08/18 19:15:34.653, 0, NVIDIA H100, 0, 0, 953, 94368
2026/08/18 19:15:34.703, 0, NVIDIA H100, 0, 0, 953, 94368
2026/08/18 19:15:34.754, 0, NVIDIA H100, 0, 0, 953, 94368
2026/08/18 19:15:34.804, 0, NVIDIA H100, 0, 0, 953, 94368
2026/08/18 19:15:34.854, 0, NVIDIA H100, 0, 0, 953, 94368
2026/08/18 19:15:34.904, 0, NVIDIA H100, 0, 0, 953, 94368
2026/08/18 19:15:34.955, 0, NVIDIA H100, 0, 0, 953, 94368
2026/08/18 19:15:35.005, 0, NVIDIA H100, 0, 0, 953, 94368
2026/08/18 19:15:35.055, 0, NVIDIA H100, 0, 0, 953, 94368
2026/08/18 19:15:35.106, 0, NVIDIA H100, 0, 0, 953, 94368
2026/08/18 19:15:35.156, 0, NVIDIA H100, 0, 0, 953, 94368
2026/08/18 19:15:35.206, 0, NVIDIA H100, 0, 0, 953, 94368
2026/08/18 19:15:35.257, 0, NVIDIA H100, 0, 0, 953, 94368
2026/08/18 19:15:35.307, 0, NVIDIA H100, 0, 0, 953, 94368
2026/08/18 19:15:35.357, 0, NVIDIA H100, 0, 0, 953, 94368
2026/08/18 19:15:35.407, 0, NVIDIA H100, 0, 0, 953, 94368
2026/08/18 19:15:35.458, 0, NVIDIA H100, 0, 0, 953, 94368
2026/08/18 19:15:35.508, 0, NVIDIA H100, 0, 0, 953, 94368
2026/08/18 19:15:35.558, 0, NVIDIA H100, 0, 0, 953, 94368
2026/08/18 19:15:35.609, 0, NVIDIA H100, 0, 0, 953, 94368
2026/08/18 19:15:35.659, 0, NVIDIA H100, 0, 0, 953, 94368
2026/08/18 19:15:35.709, 0, NVIDIA H100, 0, 0, 953, 94368
2026/08/18 19:15:35.759, 0, NVIDIA H100, 0, 0, 953, 94368
2026/08/18 19:15:35.810, 0, NVIDIA H100, 0, 0, 953, 94368
2026/08/18 19:15:35.860, 0, NVIDIA H100, 0, 0, 953, 94368
2026/08/18 19:15:35.910, 0, NVIDIA H100, 0, 0, 953, 94368
2026/08/18 19:15:35.961, 0, NVIDIA H100, 0, 0, 953, 94368
2026/08/18 19:15:36.011, 0, NVIDIA H100, 0, 0, 953, 94368
2026/08/18 19:15:36.061, 0, NVIDIA H100, 0, 0, 953, 94368
2026/08/18 19:15:36.111, 0, NVIDIA H100, 0, 0, 953, 94368
2026/08/18 19:15:36.162, 0, NVIDIA H100, 0, 0, 953, 94368
2026/08/18 19:15:36.212, 0, NVIDIA H100, 0, 0, 953, 94368
2026/08/18 19:15:36.262, 0, NVIDIA H100, 0, 0, 953, 94368
2026/08/18 19:15:36.313, 0, NVIDIA H100, 0, 0, 953, 94368
2026/08/18 19:15:36.363, 0, NVIDIA H100, 0, 0, 953, 94368
2026/08/18 19:15:36.413, 0, NVIDIA H100, 0, 0, 953, 94368
2026/08/18 19:15:36.463, 0, NVIDIA H100, 0, 0, 953, 94368
2026/08/18 19:15:36.514, 0, NVIDIA H100, 0, 0, 953, 94368
2026/08/18 19:15:36.564, 0, NVIDIA H100, 0, 0, 953, 94368
2026/08/18 19:15:36.614, 0, NVIDIA H100, 0, 0, 953, 94368
2026/08/18 19:15:36.665, 0, NVIDIA H100, 0, 0, 953, 94368
2026/08/18 19:15:36.715, 0, NVIDIA H100, 0, 0, 953, 94368
2026/08/18 19:15:36.765, 0, NVIDIA H100, 0, 0, 953, 94368
2026/08/18 19:15:36.815, 0, NVIDIA H100, 0, 0, 953, 94368
2026/08/18 19:15:36.866, 0, NVIDIA H100, 0, 0, 953, 94368
2026/08/18 19:15:36.916, 0, NVIDIA H100, 0, 0, 953, 94368
2026/08/18 19:15:36.966, 0, NVIDIA H100, 0, 0, 953, 94368
2026/08/18 19:15:37.017, 0, NVIDIA H100, 0, 0, 953, 94368
2026/08/18 19:15:37.067, 0, NVIDIA H100, 0, 0, 953, 94368
2026/08/18 19:15:37.117, 0, NVIDIA H100, 0, 0, 953, 94368
2026/08/18 19:15:37.167, 0, NVIDIA H100, 0, 0, 953, 94368
2026/08/18 19:15:37.218, 0, NVIDIA H100, 0, 0, 953, 94368
2026/08/18 19:15:37.268, 0, NVIDIA H100, 0, 0, 953, 94368
2026/08/18 19:15:37.318, 0, NVIDIA H100, 0, 0, 953, 94368
2026/08/18 19:15:37.368, 0, NVIDIA H100, 0, 0, 953, 94368
2026/08/18 19:15:37.419, 0, NVIDIA H100, 0, 0, 953, 94368
2026/08/18 19:15:37.469, 0, NVIDIA H100, 0, 0, 953, 94368
2026/08/18 19:15:37.519, 0, NVIDIA H100, 0, 0, 953, 94368
2026/08/18 19:15:37.570, 0, NVIDIA H100, 0, 0, 953, 94368
2026/08/18 19:15:37.620, 0, NVIDIA H100, 0, 0, 953, 94368
2026/08/18 19:15:37.670, 0, NVIDIA H100, 0, 0, 953, 94368
2026/08/18 19:15:37.720, 0, NVIDIA H100, 0, 0, 953, 94368
2026/08/18 19:15:37.771, 0, NVIDIA H100, 0, 0, 953, 94368
2026/08/18 19:15:37.821, 0, NVIDIA H100, 0, 0, 953, 94368
2026/08/18 19:15:37.871, 0, NVIDIA H100, 0, 0, 953, 94368
2026/08/18 19:15:37.922, 0, NVIDIA H100, 0, 0, 953, 94368
2026/08/18 19:15:37.972, 0, NVIDIA H100, 0, 0, 953, 94368
2026/08/18 19:15:38.022, 0, NVIDIA H100, 0, 0, 953, 94368
2026/08/18 19:15:38.072, 0, NVIDIA H100, 0, 0, 953, 94368
2026/08/18 19:15:38.123, 0, NVIDIA H100, 0, 0, 953, 94368
2026/08/18 19:15:38.173, 0, NVIDIA H100, 0, 0, 953, 94368
2026/08/18 19:15:38.223, 0, NVIDIA H100, 0, 0, 953, 94368
2026/08/18 19:15:38.274, 0, NVIDIA H100, 0, 0, 953, 94368
2026/08/18 19:15:38.324, 0, NVIDIA H100, 0, 0, 953, 94368
2026/08/18 19:15:38.374, 0, NVIDIA H100, 0, 0, 953, 94368
2026/08/18 19:15:38.424, 0, NVIDIA H100, 0, 0, 953, 94368
2026/08/18 19:15:38.475, 0, NVIDIA H100, 0, 0, 953, 94368
2026/08/18 19:15:38.525, 0, NVIDIA H100, 0, 0, 953, 94368
2026/08/18 19:15:38.575, 0, NVIDIA H100, 0, 0, 953, 94368
2026/08/18 19:15:38.626, 0, NVIDIA H100, 0, 0, 953, 94368
2026/08/18 19:15:38.676, 0, NVIDIA H100, 0, 0, 953, 94368
2026/08/18 19:15:38.726, 0, NVIDIA H100, 0, 0, 953, 94368
2026/08/18 19:15:38.776, 0, NVIDIA H100, 0, 0, 953, 94368
2026/08/18 19:15:38.827, 0, NVIDIA H100, 0, 0, 953, 94368
2026/08/18 19:15:38.877, 0, NVIDIA H100, 0, 0, 953, 94368
2026/08/18 19:15:38.927, 0, NVIDIA H100, 0, 0, 953, 94368
2026/08/18 19:15:38.978, 0, NVIDIA H100, 0, 0, 953, 94368
2026/08/18 19:15:39.028, 0, NVIDIA H100, 0, 0, 953, 94368
2026/08/18 19:15:39.078, 0, NVIDIA H100, 0, 0, 953, 94368
2026/08/18 19:15:39.128, 0, NVIDIA H100, 0, 0, 953, 94368
2026/08/18 19:15:39.179, 0, NVIDIA H100, 0, 0, 953, 94368
2026/08/18 19:15:39.229, 0, NVIDIA H100, 0, 0, 953, 94368
2026/08/18 19:15:39.279, 0, NVIDIA H100, 0, 0, 953, 94368
2026/08/18 19:15:39.330, 0, NVIDIA H100, 0, 0, 953, 94368
2026/08/18 19:15:39.380, 0, NVIDIA H100, 0, 0, 953, 94368
2026/08/18 19:15:39.430, 0, NVIDIA H100, 0, 0, 953, 94368
2026/08/18 19:15:39.480, 0, NVIDIA H100, 0, 0, 953, 94368
2026/08/18 19:15:39.531, 0, NVIDIA H100, 0, 0, 953, 94368
2026/08/18 19:15:39.581, 0, NVIDIA H100, 0, 0, 953, 94368
2026/08/18 19:15:39.631, 0, NVIDIA H100, 0, 0, 953, 94368
2026/08/18 19:15:39.682, 0, NVIDIA H100, 0, 0, 953, 94368
2026/08/18 19:15:39.732, 0, NVIDIA H100, 0, 0, 953, 94368
2026/08/18 19:15:39.782, 0, NVIDIA H100, 0, 0, 953, 94368
2026/08/18 19:15:39.832, 0, NVIDIA H100, 0, 0, 953, 94368
2026/08/18 19:15:39.883, 0, NVIDIA H100, 0, 0, 953, 94368
2026/08/18 19:15:39.933, 0, NVIDIA H100, 0, 0, 953, 94368
2026/08/18 19:15:39.983, 0, NVIDIA H100, 0, 0, 953, 94368
2026/08/18 19:15:40.034, 0, NVIDIA H100, 0, 0, 953, 94368
2026/08/18 19:15:40.084, 0, NVIDIA H100, 0, 0, 953, 94368
2026/08/18 19:15:40.134, 0, NVIDIA H100, 0, 0, 953, 94368
2026/08/18 19:15:40.184, 0, NVIDIA H100, 0, 0, 953, 94368
2026/08/18 19:15:40.235, 0, NVIDIA H100, 0, 0, 953, 94368
2026/08/18 19:15:40.285, 0, NVIDIA H100, 0, 0, 953, 94368
2026/08/18 19:15:40.335, 0, NVIDIA H100, 0, 0, 953, 94368
2026/08/18 19:15:40.386, 0, NVIDIA H100, 0, 0, 953, 94368
2026/08/18 19:15:40.436, 0, NVIDIA H100, 0, 0, 953, 94368
2026/08/18 19:15:40.486, 0, NVIDIA H100, 0, 0, 953, 94368
2026/08/18 19:15:40.537, 0, NVIDIA H100, 0, 0, 953, 94368
2026/08/18 19:15:40.587, 0, NVIDIA H100, 0, 0, 953, 94368
2026/08/18 19:15:40.637, 0, NVIDIA H100, 0, 0, 953, 94368
2026/08/18 19:15:40.687, 0, NVIDIA H100, 0, 0, 953, 94368
2026/08/18 19:15:40.738, 0, NVIDIA H100, 0, 0, 953, 94368
2026/08/18 19:15:40.788, 0, NVIDIA H100, 0, 0, 953, 94368
2026/08/18 19:15:40.838, 0, NVIDIA H100, 0, 0, 953, 94368
2026/08/18 19:15:40.888, 0, NVIDIA H100, 0, 0, 953, 94368
2026/08/18 19:15:40.939, 0, NVIDIA H100, 0, 0, 953, 94368
2026/08/18 19:15:40.989, 0, NVIDIA H100, 0, 0, 953, 94368
2026/08/18 19:15:41.039, 0, NVIDIA H100, 0, 0, 953, 94368
2026/08/18 19:15:41.090, 0, NVIDIA H100, 0, 0, 953, 94368
2026/08/18 19:15:41.140, 0, NVIDIA H100, 0, 0, 953, 94368
2026/08/18 19:15:41.190, 0, NVIDIA H100, 0, 0, 953, 94368
2026/08/18 19:15:41.241, 0, NVIDIA H100, 0, 0, 953, 94368
2026/08/18 19:15:41.291, 0, NVIDIA H100, 0, 0, 953, 94368
2026/08/18 19:15:41.341, 0, NVIDIA H100, 0, 0, 953, 94368
2026/08/18 19:15:41.391, 0, NVIDIA H100, 0, 0, 953, 94368
2026/08/18 19:15:41.442, 0, NVIDIA H100, 0, 0, 953, 94368
2026/08/18 19:15:41.492, 0, NVIDIA H100, 0, 0, 953, 94368
2026/08/18 19:15:41.542, 0, NVIDIA H100, 0, 0, 953, 94368
2026/08/18 19:15:41.593, 0, NVIDIA H100, 0, 0, 953, 94368
2026/08/18 19:15:41.643, 0, NVIDIA H100, 0, 0, 953, 94368
2026/08/18 19:15:41.693, 0, NVIDIA H100, 0, 0, 953, 94368
2026/08/18 19:15:41.743, 0, NVIDIA H100, 0, 0, 953, 94368
2026/08/18 19:15:41.794, 0, NVIDIA H100, 0, 0, 953, 94368
2026/08/18 19:15:41.844, 0, NVIDIA H100, 0, 0, 953, 94368
2026/08/18 19:15:41.894, 0, NVIDIA H100, 0, 0, 953, 94368
2026/08/18 19:15:41.945, 0, NVIDIA H100, 0, 0, 953, 94368
2026/08/18 19:15:41.995, 0, NVIDIA H100, 0, 0, 953, 94368
2026/08/18 19:15:42.045, 0, NVIDIA H100, 0, 0, 953, 94368
2026/08/18 19:15:42.095, 0, NVIDIA H100, 0, 0, 953, 94368
2026/08/18 19:15:42.146, 0, NVIDIA H100, 0, 0, 953, 94368
2026/08/18 19:15:42.196, 0, NVIDIA H100, 0, 0, 953, 94368
2026/08/18 19:15:42.246, 0, NVIDIA H100, 0, 0, 953, 94368
2026/08/18 19:15:42.297, 0, NVIDIA H100, 0, 0, 953, 94368
2026/08/18 19:15:42.347, 0, NVIDIA H100, 0, 0, 953, 94368
2026/08/18 19:15:42.397, 0, NVIDIA H100, 0, 0, 953, 94368
2026/08/18 19:15:42.447, 0, NVIDIA H100, 0, 0, 953, 94368
2026/08/18 19:15:42.498, 0, NVIDIA H100, 0, 0, 953, 94368
2026/08/18 19:15:42.548, 0, NVIDIA H100, 0, 0, 953, 94368
2026/08/18 19:15:42.598, 0, NVIDIA H100, 0, 0, 953, 94368
2026/08/18 19:15:42.649, 0, NVIDIA H100, 0, 0, 953, 94368
2026/08/18 19:15:42.699, 0, NVIDIA H100, 0, 0, 953, 94368
2026/08/18 19:15:42.749, 0, NVIDIA H100, 0, 0, 953, 94368
2026/08/18 19:15:42.799, 0, NVIDIA H100, 0, 0, 953, 94368
2026/08/18 19:15:42.850, 0, NVIDIA H100, 0, 0, 953, 94368
2026/08/18 19:15:42.900, 0, NVIDIA H100, 0, 0, 953, 94368
2026/08/18 19:15:42.950, 0, NVIDIA H100, 0, 0, 953, 94368
2026/08/18 19:15:43.001, 0, NVIDIA H100, 0, 0, 953, 94368
2026/08/18 19:15:43.051, 0, NVIDIA H100, 0, 0, 953, 94368
2026/08/18 19:15:43.101, 0, NVIDIA H100, 0, 0, 953, 94368
2026/08/18 19:15:43.152, 0, NVIDIA H100, 0, 0, 953, 94368
2026/08/18 19:15:43.202, 0, NVIDIA H100, 0, 0, 953, 94368
2026/08/18 19:15:43.252, 0, NVIDIA H100, 0, 0, 953, 94368
2026/08/18 19:15:43.302, 0, NVIDIA H100, 0, 0, 953, 94368
2026/08/18 19:15:43.353, 0, NVIDIA H100, 0, 0, 953, 94368
2026/08/18 19:15:43.403, 0, NVIDIA H100, 0, 0, 953, 94368
2026/08/18 19:15:43.453, 0, NVIDIA H100, 0, 0, 953, 94368
2026/08/18 19:15:43.503, 0, NVIDIA H100, 0, 0, 953, 94368
2026/08/18 19:15:43.554, 0, NVIDIA H100, 0, 0, 953, 94368
2026/08/18 19:15:43.604, 0, NVIDIA H100, 0, 0, 953, 94368
2026/08/18 19:15:43.654, 0, NVIDIA H100, 0, 0, 953, 94368
2026/08/18 19:15:43.705, 0, NVIDIA H100, 0, 0, 953, 94368
2026/08/18 19:15:43.755, 0, NVIDIA H100, 0, 0, 953, 94368
2026/08/18 19:15:43.805, 0, NVIDIA H100, 0, 0, 953, 94368
2026/08/18 19:15:43.855, 0, NVIDIA H100, 0, 0, 953, 94368
2026/08/18 19:15:43.906, 0, NVIDIA H100, 0, 0, 953, 94368
2026/08/18 19:15:43.956, 0, NVIDIA H100, 0, 0, 953, 94368
2026/08/18 19:15:44.006, 0, NVIDIA H100, 0, 0, 953, 94368
2026/08/18 19:15:44.057, 0, NVIDIA H100, 0, 0, 953, 94368
2026/08/18 19:15:44.107, 0, NVIDIA H100, 0, 0, 953, 94368
2026/08/18 19:15:44.157, 0, NVIDIA H100, 0, 0, 953, 94368
2026/08/18 19:15:44.207, 0, NVIDIA H100, 0, 0, 953, 94368
2026/08/18 19:15:44.258, 0, NVIDIA H100, 0, 0, 953, 94368
2026/08/18 19:15:44.308, 0, NVIDIA H100, 0, 0, 953, 94368
2026/08/18 19:15:44.358, 0, NVIDIA H100, 0, 0, 953, 94368
2026/08/18 19:15:44.409, 0, NVIDIA H100, 0, 0, 953, 94368
2026/08/18 19:15:44.459, 0, NVIDIA H100, 0, 0, 953, 94368
2026/08/18 19:15:44.509, 0, NVIDIA H100, 0, 0, 953, 94368
2026/08/18 19:15:44.559, 0, NVIDIA H100, 0, 0, 953, 94368
2026/08/18 19:15:44.610, 0, NVIDIA H100, 0, 0, 953, 94368
2026/08/18 19:15:44.660, 0, NVIDIA H100, 0, 0, 953, 94368
2026/08/18 19:15:44.710, 0, NVIDIA H100, 0, 0, 953, 94368
2026/08/18 19:15:44.761, 0, NVIDIA H100, 0, 0, 953, 94368
2026/08/18 19:15:44.811, 0, NVIDIA H100, 0, 0, 953, 94368
2026/08/18 19:15:44.861, 0, NVIDIA H100, 0, 0, 953, 94368
2026/08/18 19:15:44.911, 0, NVIDIA H100, 0, 0, 953, 94368
2026/08/18 19:15:44.962, 0, NVIDIA H100, 0, 0, 953, 94368
2026/08/18 19:15:45.012, 0, NVIDIA H100, 0, 0, 953, 94368
2026/08/18 19:15:45.062, 0, NVIDIA H100, 0, 0, 953, 94368
2026/08/18 19:15:45.113, 0, NVIDIA H100, 0, 0, 953, 94368
2026/08/18 19:15:45.163, 0, NVIDIA H100, 0, 0, 953, 94368
2026/08/18 19:15:45.213, 0, NVIDIA H100, 0, 0, 953, 94368
2026/08/18 19:15:45.263, 0, NVIDIA H100, 0, 0, 953, 94368
2026/08/18 19:15:45.314, 0, NVIDIA H100, 0, 0, 953, 94368
2026/08/18 19:15:45.364, 0, NVIDIA H100, 0, 0, 953, 94368
2026/08/18 19:15:45.414, 0, NVIDIA H100, 0, 0, 953, 94368
2026/08/18 19:15:45.465, 0, NVIDIA H100, 0, 0, 953, 94368
2026/08/18 19:15:45.515, 0, NVIDIA H100, 0, 0, 953, 94368
2026/08/18 19:15:45.565, 0, NVIDIA H100, 0, 0, 953, 94368
2026/08/18 19:15:45.616, 0, NVIDIA H100, 0, 0, 953, 94368
2026/08/18 19:15:45.666, 0, NVIDIA H100, 0, 0, 953, 94368
2026/08/18 19:15:45.716, 0, NVIDIA H100, 0, 0, 953, 94368
2026/08/18 19:15:45.766, 0, NVIDIA H100, 0, 0, 953, 94368
2026/08/18 19:15:45.817, 0, NVIDIA H100, 0, 0, 953, 94368
2026/08/18 19:15:45.867, 0, NVIDIA H100, 0, 0, 953, 94368
2026/08/18 19:15:45.917, 0, NVIDIA H100, 0, 0, 953, 94368
2026/08/18 19:15:45.967, 0, NVIDIA H100, 0, 0, 953, 94368
2026/08/18 19:15:46.018, 0, NVIDIA H100, 0, 0, 953, 94368
2026/08/18 19:15:46.068, 0, NVIDIA H100, 0, 0, 953, 94368
2026/08/18 19:15:46.118, 0, NVIDIA H100, 0, 0, 953, 94368
2026/08/18 19:15:46.169, 0, NVIDIA H100, 0, 0, 953, 94368
2026/08/18 19:15:46.219, 0, NVIDIA H100, 0, 0, 953, 94368
2026/08/18 19:15:46.269, 0, NVIDIA H100, 0, 0, 953, 94368
2026/08/18 19:15:46.319, 0, NVIDIA H100, 0, 0, 953, 94368
2026/08/18 19:15:46.370, 0, NVIDIA H100, 0, 0, 953, 94368
2026/08/18 19:15:46.420, 0, NVIDIA H100, 0, 0, 953, 94368
2026/08/18 19:15:46.470, 0, NVIDIA H100, 0, 0, 953, 94368
2026/08/18 19:15:46.521, 0, NVIDIA H100, 0, 0, 953, 94368
2026/08/18 19:15:46.571, 0, NVIDIA H100, 0, 0, 953, 94368
2026/08/18 19:15:46.621, 0, NVIDIA H100, 0, 0, 953, 94368
2026/08/18 19:15:46.671, 0, NVIDIA H100, 0, 0, 953, 94368
2026/08/18 19:15:46.722, 0, NVIDIA H100, 0, 0, 953, 94368
2026/08/18 19:15:46.772, 0, NVIDIA H100, 0, 0, 953, 94368
2026/08/18 19:15:46.822, 0, NVIDIA H100, 0, 0, 953, 94368
2026/08/18 19:15:46.873, 0, NVIDIA H100, 0, 0, 953, 94368
2026/08/18 19:15:46.923, 0, NVIDIA H100, 0, 0, 953, 94368
2026/08/18 19:15:46.973, 0, NVIDIA H100, 0, 0, 953, 94368
2026/08/18 19:15:47.023, 0, NVIDIA H100, 0, 0, 953, 94368
2026/08/18 19:15:47.074, 0, NVIDIA H100, 0, 0, 953, 94368
2026/08/18 19:15:47.124, 0, NVIDIA H100, 0, 0, 953, 94368
2026/08/18 19:15:47.174, 0, NVIDIA H100, 0, 0, 953, 94368
2026/08/18 19:15:47.224, 0, NVIDIA H100, 0, 0, 953, 94368
2026/08/18 19:15:47.275, 0, NVIDIA H100, 0, 0, 953, 94368
2026/08/18 19:15:47.325, 0, NVIDIA H100, 0, 0, 953, 94368
2026/08/18 19:15:47.375, 0, NVIDIA H100, 0, 0, 953, 94368
2026/08/18 19:15:47.426, 0, NVIDIA H100, 0, 0, 953, 94368
2026/08/18 19:15:47.476, 0, NVIDIA H100, 0, 0, 953, 94368
2026/08/18 19:15:47.526, 0, NVIDIA H100, 0, 0, 953, 94368
2026/08/18 19:15:47.576, 0, NVIDIA H100, 0, 0, 953, 94368
2026/08/18 19:15:47.627, 0, NVIDIA H100, 0, 0, 953, 94368
2026/08/18 19:15:47.677, 0, NVIDIA H100, 0, 0, 953, 94368
2026/08/18 19:15:47.727, 0, NVIDIA H100, 0, 0, 953, 94368
2026/08/18 19:15:47.778, 0, NVIDIA H100, 0, 0, 953, 94368
2026/08/18 19:15:47.828, 0, NVIDIA H100, 0, 0, 953, 94368
2026/08/18 19:15:47.878, 0, NVIDIA H100, 0, 0, 953, 94368
2026/08/18 19:15:47.928, 0, NVIDIA H100, 0, 0, 953, 94368
2026/08/18 19:15:47.979, 0, NVIDIA H100, 0, 0, 953, 94368
2026/08/18 19:15:48.029, 0, NVIDIA H100, 0, 0, 953, 94368
2026/08/18 19:15:48.079, 0, NVIDIA H100, 0, 0, 953, 94368
2026/08/18 19:15:48.130, 0, NVIDIA H100, 0, 0, 953, 94368
2026/08/18 19:15:48.180, 0, NVIDIA H100, 0, 0, 953, 94368
2026/08/18 19:15:48.230, 0, NVIDIA H100, 0, 0, 953, 94368
2026/08/18 19:15:48.280, 0, NVIDIA H100, 0, 0, 953, 94368
2026/08/18 19:15:48.331, 0, NVIDIA H100, 0, 0, 953, 94368
2026/08/18 19:15:48.381, 0, NVIDIA H100, 0, 0, 953, 94368
2026/08/18 19:15:48.431, 0, NVIDIA H100, 0, 0, 953, 94368
2026/08/18 19:15:48.482, 0, NVIDIA H100, 0, 0, 953, 94368
2026/08/18 19:15:48.532, 0, NVIDIA H100, 0, 0, 953, 94368
2026/08/18 19:15:48.582, 0, NVIDIA H100, 0, 0, 953, 94368
2026/08/18 19:15:48.633, 0, NVIDIA H100, 0, 0, 953, 94368
2026/08/18 19:15:48.683, 0, NVIDIA H100, 0, 0, 953, 94368
2026/08/18 19:15:48.733, 0, NVIDIA H100, 0, 0, 953, 94368
2026/08/18 19:15:48.783, 0, NVIDIA H100, 0, 0, 953, 94368
2026/08/18 19:15:48.834, 0, NVIDIA H100, 0, 0, 953, 94368
2026/08/18 19:15:48.884, 0, NVIDIA H100, 0, 0, 953, 94368
2026/08/18 19:15:48.934, 0, NVIDIA H100, 0, 0, 953, 94368
2026/08/18 19:15:48.984, 0, NVIDIA H100, 0, 0, 953, 94368
2026/08/18 19:15:49.035, 0, NVIDIA H100, 0, 0, 953, 94368
2026/08/18 19:15:49.085, 0, NVIDIA H100, 0, 0, 953, 94368
2026/08/18 19:15:49.135, 0, NVIDIA H100, 0, 0, 953, 94368
2026/08/18 19:15:49.186, 0, NVIDIA H100, 0, 0, 953, 94368
2026/08/18 19:15:49.236, 0, NVIDIA H100, 0, 0, 953, 94368
2026/08/18 19:15:49.286, 0, NVIDIA H100, 0, 0, 953, 94368
2026/08/18 19:15:49.336, 0, NVIDIA H100, 0, 0, 953, 94368
2026/08/18 19:15:49.387, 0, NVIDIA H100, 0, 0, 953, 94368
2026/08/18 19:15:49.437, 0, NVIDIA H100, 0, 0, 953, 94368
2026/08/18 19:15:49.487, 0, NVIDIA H100, 0, 0, 953, 94368
2026/08/18 19:15:49.538, 0, NVIDIA H100, 0, 0, 953, 94368
2026/08/18 19:15:49.588, 0, NVIDIA H100, 0, 0, 953, 94368
2026/08/18 19:15:49.638, 0, NVIDIA H100, 0, 0, 953, 94368
2026/08/18 19:15:49.688, 0, NVIDIA H100, 0, 0, 953, 94368
2026/08/18 19:15:49.739, 0, NVIDIA H100, 0, 0, 953, 94368
2026/08/18 19:15:49.789, 0, NVIDIA H100, 0, 0, 953, 94368
2026/08/18 19:15:49.839, 0, NVIDIA H100, 0, 0, 953, 94368
2026/08/18 19:15:49.890, 0, NVIDIA H100, 0, 0, 953, 94368
2026/08/18 19:15:49.940, 0, NVIDIA H100, 0, 0, 953, 94368
2026/08/18 19:15:49.990, 0, NVIDIA H100, 0, 0, 953, 94368
2026/08/18 19:15:50.040, 0, NVIDIA H100, 0, 0, 953, 94368
2026/08/18 19:15:50.091, 0, NVIDIA H100, 0, 0, 953, 94368
2026/08/18 19:15:50.141, 0, NVIDIA H100, 0, 0, 953, 94368
2026/08/18 19:15:50.191, 0, NVIDIA H100, 0, 0, 953, 94368
2026/08/18 19:15:50.242, 0, NVIDIA H100, 0, 0, 953, 94368
2026/08/18 19:15:50.292, 0, NVIDIA H100, 0, 0, 953, 94368
2026/08/18 19:15:50.342, 0, NVIDIA H100, 0, 0, 953, 94368
2026/08/18 19:15:50.392, 0, NVIDIA H100, 0, 0, 953, 94368
2026/08/18 19:15:50.443, 0, NVIDIA H100, 0, 0, 953, 94368
2026/08/18 19:15:50.493, 0, NVIDIA H100, 0, 0, 953, 94368
2026/08/18 19:15:50.543, 0, NVIDIA H100, 0, 0, 953, 94368
2026/08/18 19:15:50.594, 0, NVIDIA H100, 0, 0, 953, 94368
2026/08/18 19:15:50.644, 0, NVIDIA H100, 0, 0, 953, 94368
2026/08/18 19:15:50.694, 0, NVIDIA H100, 0, 0, 953, 94368
2026/08/18 19:15:50.744, 0, NVIDIA H100, 0, 0, 953, 94368
2026/08/18 19:15:50.795, 0, NVIDIA H100, 0, 0, 953, 94368
2026/08/18 19:15:50.845, 0, NVIDIA H100, 0, 0, 953, 94368
2026/08/18 19:15:50.895, 0, NVIDIA H100, 0, 0, 953, 94368
2026/08/18 19:15:50.946, 0, NVIDIA H100, 0, 0, 953, 94368
2026/08/18 19:15:50.996, 0, NVIDIA H100, 0, 0, 953, 94368
2026/08/18 19:15:51.046, 0, NVIDIA H100, 0, 0, 953, 94368
2026/08/18 19:15:51.096, 0, NVIDIA H100, 0, 0, 953, 94368
2026/08/18 19:15:51.147, 0, NVIDIA H100, 0, 0, 953, 94368
2026/08/18 19:15:51.197, 0, NVIDIA H100, 0, 0, 953, 94368
2026/08/18 19:15:51.247, 0, NVIDIA H100, 0, 0, 953, 94368
2026/08/18 19:15:51.298, 0, NVIDIA H100, 0, 0, 953, 94368
2026/08/18 19:15:51.348, 0, NVIDIA H100, 0, 0, 953, 94368
2026/08/18 19:15:51.398, 0, NVIDIA H100, 0, 0, 953, 94368
2026/08/18 19:15:51.448, 0, NVIDIA H100, 0, 0, 953, 94368
2026/08/18 19:15:51.499, 0, NVIDIA H100, 0, 0, 953, 94368
2026/08/18 19:15:51.549, 0, NVIDIA H100, 0, 0, 953, 94368
2026/08/18 19:15:51.599, 0, NVIDIA H100, 0, 0, 953, 94368
2026/08/18 19:15:51.650, 0, NVIDIA H100, 0, 0, 953, 94368
2026/08/18 19:15:51.700, 0, NVIDIA H100, 0, 0, 953, 94368
2026/08/18 19:15:51.750, 0, NVIDIA H100, 0, 0, 953, 94368
2026/08/18 19:15:51.800, 0, NVIDIA H100, 0, 0, 953, 94368
2026/08/18 19:15:51.851, 0, NVIDIA H100, 0, 0, 953, 94368
2026/08/18 19:15:51.901, 0, NVIDIA H100, 0, 0, 953, 94368
2026/08/18 19:15:51.951, 0, NVIDIA H100, 0, 0, 953, 94368
2026/08/18 19:15:52.002, 0, NVIDIA H100, 0, 0, 953, 94368
2026/08/18 19:15:52.052, 0, NVIDIA H100, 0, 0, 953, 94368
2026/08/18 19:15:52.102, 0, NVIDIA H100, 0, 0, 953, 94368
2026/08/18 19:15:52.152, 0, NVIDIA H100, 0, 0, 953, 94368
2026/08/18 19:15:52.203, 0, NVIDIA H100, 0, 0, 953, 94368
2026/08/18 19:15:52.253, 0, NVIDIA H100, 0, 0, 953, 94368
2026/08/18 19:15:52.303, 0, NVIDIA H100, 0, 0, 953, 94368
2026/08/18 19:15:52.354, 0, NVIDIA H100, 0, 0, 953, 94368
2026/08/18 19:15:52.404, 0, NVIDIA H100, 0, 0, 953, 94368
2026/08/18 19:15:52.454, 0, NVIDIA H100, 0, 0, 953, 94368
2026/08/18 19:15:52.504, 0, NVIDIA H100, 0, 0, 953, 94368
2026/08/18 19:15:52.555, 0, NVIDIA H100, 0, 0, 953, 94368
2026/08/18 19:15:52.605, 0, NVIDIA H100, 0, 0, 953, 94368
2026/08/18 19:15:52.655, 0, NVIDIA H100, 0, 0, 953, 94368
2026/08/18 19:15:52.706, 0, NVIDIA H100, 0, 0, 953, 94368
2026/08/18 19:15:52.756, 0, NVIDIA H100, 0, 0, 953, 94368
2026/08/18 19:15:52.806, 0, NVIDIA H100, 0, 0, 953, 94368
2026/08/18 19:15:52.856, 0, NVIDIA H100, 0, 0, 953, 94368
2026/08/18 19:15:52.907, 0, NVIDIA H100, 0, 0, 953, 94368
2026/08/18 19:15:52.957, 0, NVIDIA H100, 0, 0, 953, 94368
2026/08/18 19:15:53.007, 0, NVIDIA H100, 0, 0, 953, 94368
2026/08/18 19:15:53.058, 0, NVIDIA H100, 0, 0, 953, 94368
2026/08/18 19:15:53.108, 0, NVIDIA H100, 0, 0, 953, 94368
2026/08/18 19:15:53.158, 0, NVIDIA H100, 0, 0, 953, 94368
2026/08/18 19:15:53.208, 0, NVIDIA H100, 0, 0, 953, 94368
2026/08/18 19:15:53.259, 0, NVIDIA H100, 0, 0, 953, 94368
2026/08/18 19:15:53.309, 0, NVIDIA H100, 0, 0, 953, 94368
2026/08/18 19:15:53.359, 0, NVIDIA H100, 0, 0, 953, 94368
2026/08/18 19:15:53.410, 0, NVIDIA H100, 0, 0, 953, 94368
2026/08/18 19:15:53.460, 0, NVIDIA H100, 0, 0, 953, 94368
2026/08/18 19:15:53.510, 0, NVIDIA H100, 0, 0, 953, 94368
2026/08/18 19:15:53.560, 0, NVIDIA H100, 0, 0, 953, 94368
2026/08/18 19:15:53.611, 0, NVIDIA H100, 0, 0, 953, 94368
2026/08/18 19:15:53.661, 0, NVIDIA H100, 0, 0, 953, 94368
2026/08/18 19:15:53.711, 0, NVIDIA H100, 0, 0, 953, 94368
2026/08/18 19:15:53.762, 0, NVIDIA H100, 0, 0, 953, 94368
2026/08/18 19:15:53.812, 0, NVIDIA H100, 0, 0, 953, 94368
2026/08/18 19:15:53.862, 0, NVIDIA H100, 0, 0, 953, 94368
2026/08/18 19:15:53.912, 0, NVIDIA H100, 0, 0, 953, 94368
2026/08/18 19:15:53.963, 0, NVIDIA H100, 0, 0, 953, 94368
2026/08/18 19:15:54.013, 0, NVIDIA H100, 0, 0, 953, 94368
2026/08/18 19:15:54.063, 0, NVIDIA H100, 0, 0, 953, 94368
2026/08/18 19:15:54.114, 0, NVIDIA H100, 0, 0, 953, 94368
2026/08/18 19:15:54.164, 0, NVIDIA H100, 0, 0, 953, 94368
2026/08/18 19:15:54.214, 0, NVIDIA H100, 0, 0, 953, 94368
2026/08/18 19:15:54.264, 0, NVIDIA H100, 0, 0, 953, 94368
2026/08/18 19:15:54.315, 0, NVIDIA H100, 0, 0, 953, 94368
2026/08/18 19:15:54.365, 0, NVIDIA H100, 0, 0, 953, 94368
2026/08/18 19:15:54.415, 0, NVIDIA H100, 0, 0, 953, 94368
2026/08/18 19:15:54.466, 0, NVIDIA H100, 0, 0, 953, 94368
2026/08/18 19:15:54.516, 0, NVIDIA H100, 0, 0, 953, 94368
2026/08/18 19:15:54.566, 0, NVIDIA H100, 0, 0, 953, 94368
2026/08/18 19:15:54.616, 0, NVIDIA H100, 0, 0, 953, 94368
2026/08/18 19:15:54.667, 0, NVIDIA H100, 0, 0, 953, 94368
2026/08/18 19:15:54.717, 0, NVIDIA H100, 0, 0, 953, 94368
2026/08/18 19:15:54.767, 0, NVIDIA H100, 0, 0, 953, 94368
2026/08/18 19:15:54.818, 0, NVIDIA H100, 0, 0, 953, 94368
2026/08/18 19:15:54.868, 0, NVIDIA H100, 0, 0, 953, 94368
2026/08/18 19:15:54.918, 0, NVIDIA H100, 0, 0, 953, 94368
2026/08/18 19:15:54.968, 0, NVIDIA H100, 0, 0, 953, 94368
2026/08/18 19:15:55.019, 0, NVIDIA H100, 0, 0, 953, 94368
2026/08/18 19:15:55.069, 0, NVIDIA H100, 0, 0, 953, 94368
2026/08/18 19:15:55.119, 0, NVIDIA H100, 0, 0, 953, 94368
2026/08/18 19:15:55.170, 0, NVIDIA H100, 0, 0, 953, 94368
2026/08/18 19:15:55.220, 0, NVIDIA H100, 0, 0, 953, 94368
2026/08/18 19:15:55.270, 0, NVIDIA H100, 0, 0, 953, 94368
2026/08/18 19:15:55.320, 0, NVIDIA H100, 0, 0, 953, 94368
2026/08/18 19:15:55.371, 0, NVIDIA H100, 0, 0, 953, 94368
2026/08/18 19:15:55.421, 0, NVIDIA H100, 0, 0, 953, 94368
2026/08/18 19:15:55.471, 0, NVIDIA H100, 0, 0, 953, 94368
2026/08/18 19:15:55.522, 0, NVIDIA H100, 0, 0, 953, 94368
2026/08/18 19:15:55.572, 0, NVIDIA H100, 0, 0, 953, 94368
2026/08/18 19:15:55.622, 0, NVIDIA H100, 0, 0, 953, 94368
2026/08/18 19:15:55.672, 0, NVIDIA H100, 0, 0, 953, 94368
2026/08/18 19:15:55.723, 0, NVIDIA H100, 0, 0, 953, 94368
2026/08/18 19:15:55.773, 0, NVIDIA H100, 0, 0, 953, 94368
2026/08/18 19:15:55.823, 0, NVIDIA H100, 0, 0, 953, 94368
2026/08/18 19:15:55.874, 0, NVIDIA H100, 0, 0, 953, 94368
2026/08/18 19:15:55.924, 0, NVIDIA H100, 0, 0, 953, 94368
2026/08/18 19:15:55.974, 0, NVIDIA H100, 0, 0, 953, 94368
2026/08/18 19:15:56.024, 0, NVIDIA H100, 0, 0, 953, 94368
2026/08/18 19:15:56.075, 0, NVIDIA H100, 0, 0, 953, 94368
2026/08/18 19:15:56.125, 0, NVIDIA H100, 0, 0, 953, 94368
2026/08/18 19:15:56.175, 0, NVIDIA H100, 0, 0, 953, 94368
2026/08/18 19:15:56.226, 0, NVIDIA H100, 0, 0, 953, 94368
2026/08/18 19:15:56.276, 0, NVIDIA H100, 0, 0, 953, 94368
2026/08/18 19:15:56.326, 0, NVIDIA H100, 0, 0, 953, 94368
2026/08/18 19:15:56.376, 0, NVIDIA H100, 0, 0, 953, 94368
2026/08/18 19:15:56.427, 0, NVIDIA H100, 0, 0, 953, 94368
2026/08/18 19:15:56.477, 0, NVIDIA H100, 0, 0, 953, 94368
2026/08/18 19:15:56.527, 0, NVIDIA H100, 0, 0, 953, 94368
2026/08/18 19:15:56.578, 0, NVIDIA H100, 0, 0, 953, 94368
2026/08/18 19:15:56.628, 0, NVIDIA H100, 0, 0, 953, 94368
2026/08/18 19:15:56.678, 0, NVIDIA H100, 0, 0, 953, 94368
2026/08/18 19:15:56.728, 0, NVIDIA H100, 0, 0, 953, 94368
2026/08/18 19:15:56.779, 0, NVIDIA H100, 0, 0, 953, 94368
2026/08/18 19:15:56.829, 0, NVIDIA H100, 0, 0, 953, 94368
2026/08/18 19:15:56.879, 0, NVIDIA H100, 0, 0, 953, 94368
2026/08/18 19:15:56.930, 0, NVIDIA H100, 0, 0, 953, 94368
2026/08/18 19:15:56.980, 0, NVIDIA H100, 0, 0, 953, 94368
2026/08/18 19:15:57.030, 0, NVIDIA H100, 0, 0, 953, 94368
2026/08/18 19:15:57.080, 0, NVIDIA H100, 0, 0, 953, 94368
2026/08/18 19:15:57.131, 0, NVIDIA H100, 0, 0, 953, 94368
2026/08/18 19:15:57.181, 0, NVIDIA H100, 0, 0, 953, 94368
2026/08/18 19:15:57.231, 0, NVIDIA H100, 0, 0, 953, 94368
2026/08/18 19:15:57.282, 0, NVIDIA H100, 0, 0, 953, 94368
2026/08/18 19:15:57.332, 0, NVIDIA H100, 0, 0, 953, 94368
2026/08/18 19:15:57.382, 0, NVIDIA H100, 0, 0, 953, 94368
2026/08/18 19:15:57.432, 0, NVIDIA H100, 0, 0, 953, 94368
2026/08/18 19:15:57.483, 0, NVIDIA H100, 0, 0, 953, 94368
2026/08/18 19:15:57.533, 0, NVIDIA H100, 0, 0, 953, 94368
2026/08/18 19:15:57.583, 0, NVIDIA H100, 0, 0, 953, 94368
2026/08/18 19:15:57.634, 0, NVIDIA H100, 0, 0, 953, 94368
2026/08/18 19:15:57.684, 0, NVIDIA H100, 0, 0, 953, 94368
2026/08/18 19:15:57.734, 0, NVIDIA H100, 0, 0, 953, 94368
2026/08/18 19:15:57.784, 0, NVIDIA H100, 0, 0, 953, 94368
2026/08/18 19:15:57.835, 0, NVIDIA H100, 0, 0, 953, 94368
2026/08/18 19:15:57.885, 0, NVIDIA H100, 0, 0, 953, 94368
2026/08/18 19:15:57.935, 0, NVIDIA H100, 0, 0, 953, 94368
2026/08/18 19:15:57.986, 0, NVIDIA H100, 0, 0, 953, 94368
2026/08/18 19:15:58.036, 0, NVIDIA H100, 0, 0, 953, 94368
2026/08/18 19:15:58.086, 0, NVIDIA H100, 0, 0, 953, 94368
2026/08/18 19:15:58.136, 0, NVIDIA H100, 0, 0, 953, 94368
2026/08/18 19:15:58.187, 0, NVIDIA H100, 0, 0, 953, 94368
2026/08/18 19:15:58.237, 0, NVIDIA H100, 0, 0, 953, 94368
2026/08/18 19:15:58.287, 0, NVIDIA H100, 0, 0, 953, 94368
2026/08/18 19:15:58.338, 0, NVIDIA H100, 0, 0, 953, 94368
2026/08/18 19:15:58.388, 0, NVIDIA H100, 0, 0, 953, 94368
2026/08/18 19:15:58.438, 0, NVIDIA H100, 0, 0, 953, 94368
2026/08/18 19:15:58.488, 0, NVIDIA H100, 0, 0, 953, 94368
2026/08/18 19:15:58.539, 0, NVIDIA H100, 0, 0, 953, 94368
2026/08/18 19:15:58.589, 0, NVIDIA H100, 0, 0, 953, 94368
2026/08/18 19:15:58.639, 0, NVIDIA H100, 0, 0, 953, 94368
2026/08/18 19:15:58.689, 0, NVIDIA H100, 0, 0, 953, 94368
2026/08/18 19:15:58.740, 0, NVIDIA H100, 0, 0, 953, 94368
2026/08/18 19:15:58.790, 0, NVIDIA H100, 0, 0, 953, 94368
2026/08/18 19:15:58.840, 0, NVIDIA H100, 0, 0, 953, 94368
2026/08/18 19:15:58.891, 0, NVIDIA H100, 0, 0, 953, 94368
2026/08/18 19:15:58.941, 0, NVIDIA H100, 0, 0, 953, 94368
2026/08/18 19:15:58.991, 0, NVIDIA H100, 0, 0, 953, 94368
2026/08/18 19:15:59.041, 0, NVIDIA H100, 0, 0, 953, 94368
2026/08/18 19:15:59.092, 0, NVIDIA H100, 0, 0, 953, 94368
2026/08/18 19:15:59.142, 0, NVIDIA H100, 0, 0, 953, 94368
2026/08/18 19:15:59.192, 0, NVIDIA H100, 0, 0, 953, 94368
2026/08/18 19:15:59.243, 0, NVIDIA H100, 0, 0, 953, 94368
2026/08/18 19:15:59.293, 0, NVIDIA H100, 0, 0, 953, 94368
2026/08/18 19:15:59.343, 0, NVIDIA H100, 0, 0, 953, 94368
2026/08/18 19:15:59.393, 0, NVIDIA H100, 0, 0, 953, 94368
2026/08/18 19:15:59.444, 0, NVIDIA H100, 0, 0, 953, 94368
2026/08/18 19:15:59.494, 0, NVIDIA H100, 0, 0, 953, 94368
2026/08/18 19:15:59.544, 0, NVIDIA H100, 0, 0, 953, 94368
2026/08/18 19:15:59.595, 0, NVIDIA H100, 0, 0, 953, 94368
2026/08/18 19:15:59.645, 0, NVIDIA H100, 0, 0, 953, 94368
2026/08/18 19:15:59.695, 0, NVIDIA H100, 0, 0, 953, 94368
2026/08/18 19:15:59.745, 0, NVIDIA H100, 0, 0, 953, 94368
2026/08/18 19:15:59.796, 0, NVIDIA H100, 0, 0, 953, 94368
2026/08/18 19:15:59.846, 0, NVIDIA H100, 0, 0, 953, 94368
2026/08/18 19:15:59.896, 0, NVIDIA H100, 0, 0, 953, 94368
2026/08/18 19:15:59.946, 0, NVIDIA H100, 0, 0, 953, 94368
2026/08/18 19:15:59.997, 0, NVIDIA H100, 0, 0, 953, 94368
2026/08/18 19:16:00.047, 0, NVIDIA H100, 0, 0, 953, 94368
2026/08/18 19:16:00.097, 0, NVIDIA H100, 0, 0, 953, 94368
2026/08/18 19:16:00.148, 0, NVIDIA H100, 0, 0, 953, 94368
2026/08/18 19:16:00.198, 0, NVIDIA H100, 0, 0, 953, 94368
2026/08/18 19:16:00.248, 0, NVIDIA H100, 0, 0, 953, 94368
2026/08/18 19:16:00.298, 0, NVIDIA H100, 0, 0, 953, 94368
2026/08/18 19:16:00.349, 0, NVIDIA H100, 0, 0, 953, 94368
2026/08/18 19:16:00.399, 0, NVIDIA H100, 0, 0, 953, 94368
2026/08/18 19:16:00.449, 0, NVIDIA H100, 0, 0, 953, 94368
2026/08/18 19:16:00.500, 0, NVIDIA H100, 0, 0, 953, 94368
2026/08/18 19:16:00.550, 0, NVIDIA H100, 0, 0, 953, 94368
2026/08/18 19:16:00.600, 0, NVIDIA H100, 0, 0, 953, 94368
2026/08/18 19:16:00.650, 0, NVIDIA H100, 0, 0, 953, 94368
2026/08/18 19:16:00.701, 0, NVIDIA H100, 0, 0, 953, 94368
2026/08/18 19:16:00.751, 0, NVIDIA H100, 0, 0, 953, 94368
2026/08/18 19:16:00.801, 0, NVIDIA H100, 0, 0, 953, 94368
2026/08/18 19:16:00.852, 0, NVIDIA H100, 0, 0, 953, 94368
2026/08/18 19:16:00.902, 0, NVIDIA H100, 0, 0, 953, 94368
2026/08/18 19:16:00.952, 0, NVIDIA H100, 0, 0, 953, 94368
2026/08/18 19:16:01.003, 0, NVIDIA H100, 0, 0, 953, 94368
2026/08/18 19:16:01.053, 0, NVIDIA H100, 0, 0, 953, 94368
2026/08/18 19:16:01.103, 0, NVIDIA H100, 0, 0, 953, 94368
2026/08/18 19:16:01.153, 0, NVIDIA H100, 0, 0, 953, 94368
2026/08/18 19:16:01.204, 0, NVIDIA H100, 0, 0, 953, 94368
2026/08/18 19:16:01.254, 0, NVIDIA H100, 0, 0, 953, 94368
2026/08/18 19:16:01.304, 0, NVIDIA H100, 0, 0, 953, 94368
2026/08/18 19:16:01.355, 0, NVIDIA H100, 0, 0, 953, 94368
2026/08/18 19:16:01.405, 0, NVIDIA H100, 0, 0, 953, 94368
2026/08/18 19:16:01.455, 0, NVIDIA H100, 0, 0, 953, 94368
2026/08/18 19:16:01.505, 0, NVIDIA H100, 0, 0, 953, 94368
2026/08/18 19:16:01.556, 0, NVIDIA H100, 0, 0, 953, 94368
2026/08/18 19:16:01.606, 0, NVIDIA H100, 0, 0, 953, 94368
2026/08/18 19:16:01.656, 0, NVIDIA H100, 0, 0, 953, 94368
2026/08/18 19:16:01.707, 0, NVIDIA H100, 0, 0, 953, 94368
2026/08/18 19:16:01.757, 0, NVIDIA H100, 0, 0, 953, 94368
2026/08/18 19:16:01.807, 0, NVIDIA H100, 0, 0, 953, 94368
2026/08/18 19:16:01.857, 0, NVIDIA H100, 0, 0, 953, 94368
2026/08/18 19:16:01.908, 0, NVIDIA H100, 0, 0, 953, 94368
2026/08/18 19:16:01.958, 0, NVIDIA H100, 0, 0, 953, 94368
2026/08/18 19:16:02.008, 0, NVIDIA H100, 0, 0, 953, 94368
2026/08/18 19:16:02.059, 0, NVIDIA H100, 0, 0, 953, 94368
2026/08/18 19:16:02.109, 0, NVIDIA H100, 0, 0, 953, 94368
2026/08/18 19:16:02.159, 0, NVIDIA H100, 0, 0, 953, 94368
2026/08/18 19:16:02.209, 0, NVIDIA H100, 0, 0, 953, 94368
2026/08/18 19:16:02.260, 0, NVIDIA H100, 0, 0, 953, 94368
2026/08/18 19:16:02.310, 0, NVIDIA H100, 0, 0, 953, 94368
2026/08/18 19:16:02.360, 0, NVIDIA H100, 0, 0, 953, 94368
2026/08/18 19:16:02.411, 0, NVIDIA H100, 0, 0, 953, 94368
2026/08/18 19:16:02.461, 0, NVIDIA H100, 0, 0, 953, 94368
2026/08/18 19:16:02.511, 0, NVIDIA H100, 0, 0, 953, 94368
2026/08/18 19:16:02.562, 0, NVIDIA H100, 0, 0, 953, 94368
2026/08/18 19:16:02.612, 0, NVIDIA H100, 0, 0, 953, 94368
2026/08/18 19:16:02.662, 0, NVIDIA H100, 0, 0, 953, 94368
2026/08/18 19:16:02.712, 0, NVIDIA H100, 0, 0, 953, 94368
2026/08/18 19:16:02.763, 0, NVIDIA H100, 0, 0, 953, 94368
2026/08/18 19:16:02.813, 0, NVIDIA H100, 0, 0, 953, 94368
2026/08/18 19:16:02.863, 0, NVIDIA H100, 0, 0, 953, 94368
2026/08/18 19:16:02.913, 0, NVIDIA H100, 0, 0, 953, 94368
2026/08/18 19:16:02.964, 0, NVIDIA H100, 0, 0, 953, 94368
2026/08/18 19:16:03.014, 0, NVIDIA H100, 0, 0, 953, 94368
2026/08/18 19:16:03.064, 0, NVIDIA H100, 0, 0, 953, 94368
2026/08/18 19:16:03.115, 0, NVIDIA H100, 0, 0, 953, 94368
2026/08/18 19:16:03.165, 0, NVIDIA H100, 0, 0, 953, 94368
2026/08/18 19:16:03.215, 0, NVIDIA H100, 0, 0, 953, 94368
2026/08/18 19:16:03.265, 0, NVIDIA H100, 0, 0, 953, 94368
2026/08/18 19:16:03.316, 0, NVIDIA H100, 0, 0, 953, 94368
2026/08/18 19:16:03.366, 0, NVIDIA H100, 0, 0, 953, 94368
2026/08/18 19:16:03.416, 0, NVIDIA H100, 0, 0, 953, 94368
2026/08/18 19:16:03.467, 0, NVIDIA H100, 0, 0, 953, 94368
2026/08/18 19:16:03.517, 0, NVIDIA H100, 0, 0, 953, 94368
2026/08/18 19:16:03.567, 0, NVIDIA H100, 0, 0, 953, 94368
2026/08/18 19:16:03.617, 0, NVIDIA H100, 0, 0, 953, 94368
2026/08/18 19:16:03.668, 0, NVIDIA H100, 0, 0, 953, 94368
2026/08/18 19:16:03.718, 0, NVIDIA H100, 0, 0, 953, 94368
2026/08/18 19:16:03.768, 0, NVIDIA H100, 0, 0, 953, 94368
2026/08/18 19:16:03.819, 0, NVIDIA H100, 0, 0, 953, 94368
2026/08/18 19:16:03.869, 0, NVIDIA H100, 0, 0, 953, 94368
2026/08/18 19:16:03.919, 0, NVIDIA H100, 0, 0, 953, 94368
2026/08/18 19:16:03.969, 0, NVIDIA H100, 0, 0, 953, 94368
2026/08/18 19:16:04.020, 0, NVIDIA H100, 0, 0, 953, 94368
2026/08/18 19:16:04.070, 0, NVIDIA H100, 0, 0, 953, 94368
2026/08/18 19:16:04.120, 0, NVIDIA H100, 0, 0, 953, 94368
2026/08/18 19:16:04.171, 0, NVIDIA H100, 0, 0, 953, 94368
2026/08/18 19:16:04.221, 0, NVIDIA H100, 0, 0, 953, 94368
2026/08/18 19:16:04.271, 0, NVIDIA H100, 0, 0, 953, 94368
2026/08/18 19:16:04.321, 0, NVIDIA H100, 0, 0, 953, 94368
2026/08/18 19:16:04.372, 0, NVIDIA H100, 0, 0, 953, 94368
2026/08/18 19:16:04.422, 0, NVIDIA H100, 0, 0, 953, 94368
2026/08/18 19:16:04.472, 0, NVIDIA H100, 0, 0, 953, 94368
2026/08/18 19:16:04.522, 0, NVIDIA H100, 0, 0, 953, 94368
2026/08/18 19:16:04.573, 0, NVIDIA H100, 0, 0, 953, 94368
2026/08/18 19:16:04.623, 0, NVIDIA H100, 0, 0, 953, 94368
2026/08/18 19:16:04.673, 0, NVIDIA H100, 0, 0, 953, 94368
2026/08/18 19:16:04.724, 0, NVIDIA H100, 0, 0, 953, 94368
2026/08/18 19:16:04.774, 0, NVIDIA H100, 0, 0, 953, 94368
2026/08/18 19:16:04.824, 0, NVIDIA H100, 0, 0, 953, 94368
2026/08/18 19:16:04.874, 0, NVIDIA H100, 0, 0, 953, 94368
2026/08/18 19:16:04.925, 0, NVIDIA H100, 0, 0, 953, 94368
2026/08/18 19:16:04.975, 0, NVIDIA H100, 0, 0, 953, 94368
2026/08/18 19:16:05.025, 0, NVIDIA H100, 0, 0, 953, 94368
2026/08/18 19:16:05.076, 0, NVIDIA H100, 0, 0, 953, 94368
2026/08/18 19:16:05.126, 0, NVIDIA H100, 0, 0, 953, 94368
2026/08/18 19:16:05.176, 0, NVIDIA H100, 0, 0, 953, 94368
2026/08/18 19:16:05.226, 0, NVIDIA H100, 0, 0, 953, 94368
2026/08/18 19:16:05.277, 0, NVIDIA H100, 0, 0, 953, 94368
2026/08/18 19:16:05.327, 0, NVIDIA H100, 0, 0, 953, 94368
2026/08/18 19:16:05.377, 0, NVIDIA H100, 0, 0, 953, 94368
2026/08/18 19:16:05.428, 0, NVIDIA H100, 0, 0, 953, 94368
2026/08/18 19:16:05.478, 0, NVIDIA H100, 0, 0, 953, 94368
2026/08/18 19:16:05.528, 0, NVIDIA H100, 0, 0, 953, 94368
2026/08/18 19:16:05.578, 0, NVIDIA H100, 0, 0, 953, 94368
2026/08/18 19:16:05.629, 0, NVIDIA H100, 0, 0, 953, 94368
2026/08/18 19:16:05.679, 0, NVIDIA H100, 0, 0, 953, 94368
2026/08/18 19:16:05.729, 0, NVIDIA H100, 0, 0, 953, 94368
2026/08/18 19:16:05.779, 0, NVIDIA H100, 0, 0, 953, 94368
2026/08/18 19:16:05.830, 0, NVIDIA H100, 0, 0, 953, 94368
2026/08/18 19:16:05.880, 0, NVIDIA H100, 0, 0, 953, 94368
2026/08/18 19:16:05.930, 0, NVIDIA H100, 0, 0, 953, 94368
2026/08/18 19:16:05.981, 0, NVIDIA H100, 0, 0, 953, 94368
2026/08/18 19:16:06.031, 0, NVIDIA H100, 0, 0, 953, 94368
2026/08/18 19:16:06.081, 0, NVIDIA H100, 0, 0, 953, 94368
2026/08/18 19:16:06.131, 0, NVIDIA H100, 0, 0, 953, 94368
2026/08/18 19:16:06.182, 0, NVIDIA H100, 0, 0, 953, 94368
2026/08/18 19:16:06.232, 0, NVIDIA H100, 0, 0, 953, 94368
2026/08/18 19:16:06.282, 0, NVIDIA H100, 0, 0, 953, 94368
2026/08/18 19:16:06.333, 0, NVIDIA H100, 0, 0, 953, 94368
2026/08/18 19:16:06.383, 0, NVIDIA H100, 0, 0, 953, 94368
2026/08/18 19:16:06.433, 0, NVIDIA H100, 0, 0, 953, 94368
2026/08/18 19:16:06.483, 0, NVIDIA H100, 0, 0, 953, 94368
2026/08/18 19:16:06.534, 0, NVIDIA H100, 0, 0, 953, 94368
2026/08/18 19:16:06.584, 0, NVIDIA H100, 0, 0, 953, 94368
2026/08/18 19:16:06.634, 0, NVIDIA H100, 0, 0, 953, 94368
2026/08/18 19:16:06.685, 0, NVIDIA H100, 0, 0, 953, 94368
2026/08/18 19:16:06.735, 0, NVIDIA H100, 0, 0, 953, 94368
2026/08/18 19:16:06.785, 0, NVIDIA H100, 0, 0, 953, 94368
2026/08/18 19:16:06.835, 0, NVIDIA H100, 0, 0, 953, 94368
2026/08/18 19:16:06.886, 0, NVIDIA H100, 0, 0, 953, 94368
2026/08/18 19:16:06.936, 0, NVIDIA H100, 0, 0, 953, 94368
2026/08/18 19:16:06.986, 0, NVIDIA H100, 0, 0, 953, 94368
2026/08/18 19:16:07.037, 0, NVIDIA H100, 0, 0, 953, 94368
2026/08/18 19:16:07.087, 0, NVIDIA H100, 0, 0, 953, 94368
2026/08/18 19:16:07.137, 0, NVIDIA H100, 0, 0, 953, 94368
2026/08/18 19:16:07.187, 0, NVIDIA H100, 0, 0, 953, 94368
2026/08/18 19:16:07.238, 0, NVIDIA H100, 0, 0, 953, 94368
2026/08/18 19:16:07.288, 0, NVIDIA H100, 0, 0, 953, 94368
2026/08/18 19:16:07.338, 0, NVIDIA H100, 0, 0, 953, 94368
2026/08/18 19:16:07.389, 0, NVIDIA H100, 0, 0, 953, 94368
2026/08/18 19:16:07.439, 0, NVIDIA H100, 0, 0, 953, 94368
2026/08/18 19:16:07.489, 0, NVIDIA H100, 0, 0, 953, 94368
2026/08/18 19:16:07.539, 0, NVIDIA H100, 0, 0, 953, 94368
2026/08/18 19:16:07.590, 0, NVIDIA H100, 0, 0, 953, 94368
2026/08/18 19:16:07.640, 0, NVIDIA H100, 0, 0, 953, 94368
2026/08/18 19:16:07.690, 0, NVIDIA H100, 0, 0, 953, 94368
2026/08/18 19:16:07.741, 0, NVIDIA H100, 0, 0, 953, 94368
2026/08/18 19:16:07.791, 0, NVIDIA H100, 0, 0, 953, 94368
2026/08/18 19:16:07.841, 0, NVIDIA H100, 0, 0, 953, 94368
2026/08/18 19:16:07.891, 0, NVIDIA H100, 0, 0, 953, 94368
2026/08/18 19:16:07.942, 0, NVIDIA H100, 0, 0, 953, 94368
2026/08/18 19:16:07.992, 0, NVIDIA H100, 0, 0, 953, 94368
2026/08/18 19:16:08.042, 0, NVIDIA H100, 0, 0, 953, 94368
2026/08/18 19:16:08.092, 0, NVIDIA H100, 0, 0, 953, 94368
2026/08/18 19:16:08.143, 0, NVIDIA H100, 0, 0, 953, 94368
2026/08/18 19:16:08.193, 0, NVIDIA H100, 0, 0, 953, 94368
2026/08/18 19:16:08.243, 0, NVIDIA H100, 0, 0, 953, 94368
2026/08/18 19:16:08.294, 0, NVIDIA H100, 0, 0, 953, 94368
2026/08/18 19:16:08.344, 0, NVIDIA H100, 0, 0, 953, 94368
2026/08/18 19:16:08.394, 0, NVIDIA H100, 0, 0, 953, 94368
2026/08/18 19:16:08.444, 0, NVIDIA H100, 0, 0, 953, 94368
2026/08/18 19:16:08.495, 0, NVIDIA H100, 0, 0, 953, 94368
2026/08/18 19:16:08.545, 0, NVIDIA H100, 0, 0, 953, 94368
2026/08/18 19:16:08.595, 0, NVIDIA H100, 0, 0, 953, 94368
2026/08/18 19:16:08.646, 0, NVIDIA H100, 0, 0, 953, 94368
2026/08/18 19:16:08.696, 0, NVIDIA H100, 0, 0, 953, 94368
2026/08/18 19:16:08.746, 0, NVIDIA H100, 0, 0, 953, 94368
2026/08/18 19:16:08.796, 0, NVIDIA H100, 0, 0, 953, 94368
2026/08/18 19:16:08.847, 0, NVIDIA H100, 0, 0, 953, 94368
2026/08/18 19:16:08.897, 0, NVIDIA H100, 0, 0, 953, 94368
2026/08/18 19:16:08.947, 0, NVIDIA H100, 0, 0, 953, 94368
2026/08/18 19:16:08.998, 0, NVIDIA H100, 0, 0, 953, 94368
2026/08/18 19:16:09.048, 0, NVIDIA H100, 0, 0, 953, 94368
2026/08/18 19:16:09.098, 0, NVIDIA H100, 0, 0, 953, 94368
2026/08/18 19:16:09.148, 0, NVIDIA H100, 0, 0, 953, 94368
2026/08/18 19:16:09.199, 0, NVIDIA H100, 0, 0, 953, 94368
2026/08/18 19:16:09.249, 0, NVIDIA H100, 0, 0, 953, 94368
2026/08/18 19:16:09.299, 0, NVIDIA H100, 0, 0, 953, 94368
2026/08/18 19:16:09.350, 0, NVIDIA H100, 0, 0, 953, 94368
2026/08/18 19:16:09.400, 0, NVIDIA H100, 0, 0, 953, 94368
2026/08/18 19:16:09.450, 0, NVIDIA H100, 0, 0, 953, 94368
2026/08/18 19:16:09.500, 0, NVIDIA H100, 0, 0, 953, 94368
2026/08/18 19:16:09.551, 0, NVIDIA H100, 0, 0, 953, 94368
2026/08/18 19:16:09.601, 0, NVIDIA H100, 0, 0, 953, 94368
2026/08/18 19:16:09.651, 0, NVIDIA H100, 0, 0, 953, 94368
2026/08/18 19:16:09.702, 0, NVIDIA H100, 0, 0, 953, 94368
2026/08/18 19:16:09.752, 0, NVIDIA H100, 0, 0, 953, 94368
2026/08/18 19:16:09.802, 0, NVIDIA H100, 0, 0, 953, 94368
2026/08/18 19:16:09.852, 0, NVIDIA H100, 0, 0, 953, 94368
2026/08/18 19:16:09.903, 0, NVIDIA H100, 0, 0, 953, 94368
2026/08/18 19:16:09.953, 0, NVIDIA H100, 0, 0, 953, 94368
2026/08/18 19:16:10.003, 0, NVIDIA H100, 0, 0, 953, 94368
2026/08/18 19:16:10.054, 0, NVIDIA H100, 0, 0, 953, 94368
2026/08/18 19:16:10.104, 0, NVIDIA H100, 0, 0, 953, 94368
2026/08/18 19:16:10.154, 0, NVIDIA H100, 0, 0, 953, 94368
2026/08/18 19:16:10.204, 0, NVIDIA H100, 0, 0, 953, 94368
2026/08/18 19:16:10.255, 0, NVIDIA H100, 0, 0, 953, 94368
2026/08/18 19:16:10.305, 0, NVIDIA H100, 0, 0, 953, 94368
2026/08/18 19:16:10.355, 0, NVIDIA H100, 0, 0, 953, 94368
2026/08/18 19:16:10.406, 0, NVIDIA H100, 0, 0, 953, 94368
2026/08/18 19:16:10.456, 0, NVIDIA H100, 0, 0, 953, 94368
2026/08/18 19:16:10.506, 0, NVIDIA H100, 0, 0, 953, 94368
2026/08/18 19:16:10.556, 0, NVIDIA H100, 0, 0, 953, 94368
2026/08/18 19:16:10.607, 0, NVIDIA H100, 0, 0, 953, 94368
2026/08/18 19:16:10.657, 0, NVIDIA H100, 0, 0, 953, 94368
2026/08/18 19:16:10.707, 0, NVIDIA H100, 0, 0, 953, 94368
2026/08/18 19:16:10.757, 0, NVIDIA H100, 0, 0, 953, 94368
2026/08/18 19:16:10.808, 0, NVIDIA H100, 0, 0, 953, 94368
2026/08/18 19:16:10.858, 0, NVIDIA H100, 0, 0, 953, 94368
2026/08/18 19:16:10.908, 0, NVIDIA H100, 0, 0, 953, 94368
2026/08/18 19:16:10.959, 0, NVIDIA H100, 0, 0, 953, 94368
2026/08/18 19:16:11.009, 0, NVIDIA H100, 0, 0, 953, 94368
2026/08/18 19:16:11.059, 0, NVIDIA H100, 0, 0, 953, 94368
2026/08/18 19:16:11.109, 0, NVIDIA H100, 0, 0, 953, 94368
2026/08/18 19:16:11.160, 0, NVIDIA H100, 0, 0, 953, 94368
2026/08/18 19:16:11.210, 0, NVIDIA H100, 0, 0, 953, 94368
2026/08/18 19:16:11.260, 0, NVIDIA H100, 0, 0, 953, 94368
2026/08/18 19:16:11.311, 0, NVIDIA H100, 0, 0, 953, 94368
2026/08/18 19:16:11.361, 0, NVIDIA H100, 0, 0, 953, 94368
2026/08/18 19:16:11.411, 0, NVIDIA H100, 0, 0, 953, 94368
2026/08/18 19:16:11.461, 0, NVIDIA H100, 0, 0, 953, 94368
2026/08/18 19:16:11.512, 0, NVIDIA H100, 0, 0, 953, 94368
2026/08/18 19:16:11.562, 0, NVIDIA H100, 0, 0, 953, 94368
2026/08/18 19:16:11.612, 0, NVIDIA H100, 0, 0, 953, 94368
2026/08/18 19:16:11.663, 0, NVIDIA H100, 0, 0, 953, 94368
2026/08/18 19:16:11.713, 0, NVIDIA H100, 0, 0, 953, 94368
2026/08/18 19:16:11.763, 0, NVIDIA H100, 0, 0, 953, 94368
2026/08/18 19:16:11.813, 0, NVIDIA H100, 0, 0, 953, 94368
2026/08/18 19:16:11.864, 0, NVIDIA H100, 0, 0, 953, 94368
2026/08/18 19:16:11.914, 0, NVIDIA H100, 0, 0, 953, 94368
2026/08/18 19:16:11.964, 0, NVIDIA H100, 0, 0, 953, 94368
2026/08/18 19:16:12.015, 0, NVIDIA H100, 0, 0, 953, 94368
2026/08/18 19:16:12.065, 0, NVIDIA H100, 0, 0, 953, 94368
2026/08/18 19:16:12.115, 0, NVIDIA H100, 0, 0, 953, 94368
2026/08/18 19:16:12.165, 0, NVIDIA H100, 0, 0, 953, 94368
2026/08/18 19:16:12.216, 0, NVIDIA H100, 0, 0, 953, 94368
2026/08/18 19:16:12.266, 0, NVIDIA H100, 0, 0, 953, 94368
2026/08/18 19:16:12.316, 0, NVIDIA H100, 0, 0, 953, 94368
2026/08/18 19:16:12.367, 0, NVIDIA H100, 0, 0, 953, 94368
2026/08/18 19:16:12.417, 0, NVIDIA H100, 0, 0, 953, 94368
2026/08/18 19:16:12.467, 0, NVIDIA H100, 0, 0, 953, 94368
2026/08/18 19:16:12.517, 0, NVIDIA H100, 0, 0, 953, 94368
2026/08/18 19:16:12.568, 0, NVIDIA H100, 0, 0, 953, 94368
2026/08/18 19:16:12.618, 0, NVIDIA H100, 0, 0, 953, 94368
2026/08/18 19:16:12.668, 0, NVIDIA H100, 0, 0, 953, 94368
2026/08/18 19:16:12.719, 0, NVIDIA H100, 0, 0, 953, 94368
2026/08/18 19:16:12.769, 0, NVIDIA H100, 0, 0, 953, 94368
2026/08/18 19:16:12.819, 0, NVIDIA H100, 0, 0, 953, 94368
2026/08/18 19:16:12.869, 0, NVIDIA H100, 0, 0, 953, 94368
2026/08/18 19:16:12.920, 0, NVIDIA H100, 0, 0, 953, 94368
2026/08/18 19:16:12.970, 0, NVIDIA H100, 0, 0, 953, 94368
2026/08/18 19:16:13.020, 0, NVIDIA H100, 0, 0, 953, 94368
2026/08/18 19:16:13.071, 0, NVIDIA H100, 0, 0, 953, 94368
2026/08/18 19:16:13.121, 0, NVIDIA H100, 0, 0, 953, 94368
2026/08/18 19:16:13.171, 0, NVIDIA H100, 0, 0, 953, 94368
2026/08/18 19:16:13.221, 0, NVIDIA H100, 0, 0, 953, 94368
2026/08/18 19:16:13.272, 0, NVIDIA H100, 0, 0, 953, 94368
2026/08/18 19:16:13.322, 0, NVIDIA H100, 0, 0, 953, 94368
2026/08/18 19:16:13.372, 0, NVIDIA H100, 0, 0, 953, 94368
2026/08/18 19:16:13.423, 0, NVIDIA H100, 0, 0, 953, 94368
2026/08/18 19:16:13.473, 0, NVIDIA H100, 0, 0, 953, 94368
2026/08/18 19:16:13.523, 0, NVIDIA H100, 0, 0, 953, 94368
2026/08/18 19:16:13.573, 0, NVIDIA H100, 0, 0, 953, 94368
2026/08/18 19:16:13.624, 0, NVIDIA H100, 0, 0, 953, 94368
2026/08/18 19:16:13.674, 0, NVIDIA H100, 0, 0, 953, 94368
2026/08/18 19:16:13.724, 0, NVIDIA H100, 0, 0, 953, 94368
2026/08/18 19:16:13.775, 0, NVIDIA H100, 0, 0, 953, 94368
2026/08/18 19:16:13.825, 0, NVIDIA H100, 0, 0, 953, 94368
2026/08/18 19:16:13.875, 0, NVIDIA H100, 0, 0, 953, 94368
2026/08/18 19:16:13.925, 0, NVIDIA H100, 0, 0, 953, 94368
2026/08/18 19:16:13.976, 0, NVIDIA H100, 0, 0, 953, 94368
2026/08/18 19:16:14.026, 0, NVIDIA H100, 0, 0, 953, 94368
2026/08/18 19:16:14.076, 0, NVIDIA H100, 0, 0, 953, 94368
2026/08/18 19:16:14.126, 0, NVIDIA H100, 0, 0, 953, 94368
2026/08/18 19:16:14.177, 0, NVIDIA H100, 0, 0, 953, 94368
2026/08/18 19:16:14.227, 0, NVIDIA H100, 0, 0, 953, 94368
2026/08/18 19:16:14.277, 0, NVIDIA H100, 0, 0, 953, 94368
2026/08/18 19:16:14.328, 0, NVIDIA H100, 0, 0, 953, 94368
2026/08/18 19:16:14.378, 0, NVIDIA H100, 0, 0, 953, 94368
2026/08/18 19:16:14.428, 0, NVIDIA H100, 0, 0, 953, 94368
2026/08/18 19:16:14.478, 0, NVIDIA H100, 0, 0, 953, 94368
2026/08/18 19:16:14.529, 0, NVIDIA H100, 0, 0, 953, 94368
2026/08/18 19:16:14.579, 0, NVIDIA H100, 0, 0, 953, 94368
2026/08/18 19:16:14.629, 0, NVIDIA H100, 0, 0, 953, 94368
2026/08/18 19:16:14.680, 0, NVIDIA H100, 0, 0, 953, 94368
2026/08/18 19:16:14.730, 0, NVIDIA H100, 0, 0, 953, 94368
2026/08/18 19:16:14.780, 0, NVIDIA H100, 0, 0, 953, 94368
2026/08/18 19:16:14.830, 0, NVIDIA H100, 0, 0, 953, 94368
2026/08/18 19:16:14.881, 0, NVIDIA H100, 0, 0, 953, 94368
2026/08/18 19:16:14.931, 0, NVIDIA H100, 0, 0, 953, 94368
2026/08/18 19:16:14.981, 0, NVIDIA H100, 0, 0, 953, 94368
2026/08/18 19:16:15.032, 0, NVIDIA H100, 0, 0, 953, 94368
2026/08/18 19:16:15.082, 0, NVIDIA H100, 0, 0, 953, 94368
2026/08/18 19:16:15.132, 0, NVIDIA H100, 0, 0, 953, 94368
2026/08/18 19:16:15.182, 0, NVIDIA H100, 0, 0, 953, 94368
2026/08/18 19:16:15.233, 0, NVIDIA H100, 0, 0, 953, 94368
2026/08/18 19:16:15.283, 0, NVIDIA H100, 0, 0, 953, 94368
2026/08/18 19:16:15.333, 0, NVIDIA H100, 0, 0, 953, 94368
2026/08/18 19:16:15.384, 0, NVIDIA H100, 0, 0, 953, 94368
2026/08/18 19:16:15.434, 0, NVIDIA H100, 0, 0, 953, 94368
2026/08/18 19:16:15.484, 0, NVIDIA H100, 0, 0, 953, 94368
2026/08/18 19:16:15.534, 0, NVIDIA H100, 0, 0, 953, 94368
2026/08/18 19:16:15.585, 0, NVIDIA H100, 0, 0, 953, 94368
2026/08/18 19:16:15.635, 0, NVIDIA H100, 0, 0, 953, 94368
2026/08/18 19:16:15.685, 0, NVIDIA H100, 0, 0, 953, 94368
2026/08/18 19:16:15.736, 0, NVIDIA H100, 0, 0, 953, 94368
2026/08/18 19:16:15.786, 0, NVIDIA H100, 0, 0, 953, 94368
2026/08/18 19:16:15.836, 0, NVIDIA H100, 0, 0, 953, 94368
2026/08/18 19:16:15.887, 0, NVIDIA H100, 0, 0, 953, 94368
2026/08/18 19:16:15.937, 0, NVIDIA H100, 0, 0, 953, 94368
2026/08/18 19:16:15.987, 0, NVIDIA H100, 0, 0, 953, 94368
2026/08/18 19:16:16.037, 0, NVIDIA H100, 0, 0, 953, 94368
2026/08/18 19:16:16.088, 0, NVIDIA H100, 0, 0, 953, 94368
2026/08/18 19:16:16.138, 0, NVIDIA H100, 0, 0, 953, 94368
2026/08/18 19:16:16.188, 0, NVIDIA H100, 0, 0, 953, 94368
2026/08/18 19:16:16.239, 0, NVIDIA H100, 0, 0, 953, 94368
2026/08/18 19:16:16.289, 0, NVIDIA H100, 0, 0, 953, 94368
2026/08/18 19:16:16.339, 0, NVIDIA H100, 0, 0, 953, 94368
2026/08/18 19:16:16.389, 0, NVIDIA H100, 0, 0, 953, 94368
2026/08/18 19:16:16.440, 0, NVIDIA H100, 0, 0, 953, 94368
2026/08/18 19:16:16.490, 0, NVIDIA H100, 0, 0, 953, 94368
2026/08/18 19:16:16.540, 0, NVIDIA H100, 0, 0, 953, 94368
2026/08/18 19:16:16.591, 0, NVIDIA H100, 0, 0, 953, 94368
2026/08/18 19:16:16.641, 0, NVIDIA H100, 0, 0, 953, 94368
2026/08/18 19:16:16.691, 0, NVIDIA H100, 0, 0, 953, 94368
2026/08/18 19:16:16.741, 0, NVIDIA H100, 0, 0, 953, 94368
2026/08/18 19:16:16.792, 0, NVIDIA H100, 0, 0, 953, 94368
2026/08/18 19:16:16.842, 0, NVIDIA H100, 0, 0, 953, 94368
2026/08/18 19:16:16.892, 0, NVIDIA H100, 0, 0, 953, 94368
2026/08/18 19:16:16.943, 0, NVIDIA H100, 0, 0, 953, 94368
2026/08/18 19:16:16.993, 0, NVIDIA H100, 0, 0, 953, 94368
2026/08/18 19:16:17.043, 0, NVIDIA H100, 0, 0, 953, 94368
2026/08/18 19:16:17.093, 0, NVIDIA H100, 0, 0, 953, 94368
2026/08/18 19:16:17.144, 0, NVIDIA H100, 0, 0, 953, 94368
2026/08/18 19:16:17.194, 0, NVIDIA H100, 0, 0, 953, 94368
2026/08/18 19:16:17.244, 0, NVIDIA H100, 0, 0, 953, 94368
2026/08/18 19:16:17.295, 0, NVIDIA H100, 0, 0, 953, 94368
2026/08/18 19:16:17.345, 0, NVIDIA H100, 0, 0, 953, 94368
2026/08/18 19:16:17.395, 0, NVIDIA H100, 0, 0, 953, 94368
2026/08/18 19:16:17.445, 0, NVIDIA H100, 0, 0, 953, 94368
2026/08/18 19:16:17.496, 0, NVIDIA H100, 0, 0, 953, 94368
2026/08/18 19:16:17.546, 0, NVIDIA H100, 0, 0, 953, 94368
2026/08/18 19:16:17.596, 0, NVIDIA H100, 0, 0, 953, 94368
2026/08/18 19:16:17.647, 0, NVIDIA H100, 0, 0, 953, 94368
2026/08/18 19:16:17.697, 0, NVIDIA H100, 0, 0, 953, 94368
2026/08/18 19:16:17.747, 0, NVIDIA H100, 0, 0, 953, 94368
2026/08/18 19:16:17.797, 0, NVIDIA H100, 0, 0, 953, 94368
2026/08/18 19:16:17.848, 0, NVIDIA H100, 0, 0, 953, 94368
2026/08/18 19:16:17.898, 0, NVIDIA H100, 0, 0, 953, 94368
2026/08/18 19:16:17.948, 0, NVIDIA H100, 0, 0, 953, 94368
2026/08/18 19:16:17.999, 0, NVIDIA H100, 0, 0, 953, 94368
2026/08/18 19:16:18.049, 0, NVIDIA H100, 0, 0, 953, 94368
2026/08/18 19:16:18.099, 0, NVIDIA H100, 0, 0, 953, 94368
2026/08/18 19:16:18.150, 0, NVIDIA H100, 0, 0, 953, 94368
2026/08/18 19:16:18.200, 0, NVIDIA H100, 0, 0, 953, 94368
2026/08/18 19:16:18.250, 0, NVIDIA H100, 0, 0, 953, 94368
2026/08/18 19:16:18.300, 0, NVIDIA H100, 0, 0, 953, 94368
2026/08/18 19:16:18.351, 0, NVIDIA H100, 0, 0, 953, 94368
2026/08/18 19:16:18.401, 0, NVIDIA H100, 0, 0, 953, 94368
2026/08/18 19:16:18.451, 0, NVIDIA H100, 0, 0, 953, 94368
2026/08/18 19:16:18.502, 0, NVIDIA H100, 0, 0, 953, 94368
2026/08/18 19:16:18.552, 0, NVIDIA H100, 0, 0, 953, 94368
2026/08/18 19:16:18.602, 0, NVIDIA H100, 0, 0, 953, 94368
2026/08/18 19:16:18.652, 0, NVIDIA H100, 0, 0, 953, 94368
2026/08/18 19:16:18.703, 0, NVIDIA H100, 0, 0, 953, 94368
2026/08/18 19:16:18.753, 0, NVIDIA H100, 0, 0, 953, 94368
2026/08/18 19:16:18.803, 0, NVIDIA H100, 0, 0, 953, 94368
2026/08/18 19:16:18.853, 0, NVIDIA H100, 0, 0, 953, 94368
2026/08/18 19:16:18.904, 0, NVIDIA H100, 0, 0, 953, 94368
2026/08/18 19:16:18.954, 0, NVIDIA H100, 0, 0, 953, 94368
2026/08/18 19:16:19.004, 0, NVIDIA H100, 0, 0, 953, 94368
2026/08/18 19:16:19.055, 0, NVIDIA H100, 0, 0, 953, 94368
2026/08/18 19:16:19.105, 0, NVIDIA H100, 0, 0, 953, 94368
2026/08/18 19:16:19.155, 0, NVIDIA H100, 0, 0, 953, 94368
2026/08/18 19:16:19.206, 0, NVIDIA H100, 0, 0, 953, 94368
2026/08/18 19:16:19.256, 0, NVIDIA H100, 0, 0, 953, 94368
2026/08/18 19:16:19.306, 0, NVIDIA H100, 0, 0, 953, 94368
2026/08/18 19:16:19.356, 0, NVIDIA H100, 0, 0, 953, 94368
2026/08/18 19:16:19.407, 0, NVIDIA H100, 0, 0, 953, 94368
2026/08/18 19:16:19.457, 0, NVIDIA H100, 0, 0, 953, 94368
2026/08/18 19:16:19.507, 0, NVIDIA H100, 0, 0, 953, 94368
2026/08/18 19:16:19.557, 0, NVIDIA H100, 0, 0, 953, 94368
2026/08/18 19:16:19.608, 0, NVIDIA H100, 0, 0, 953, 94368
2026/08/18 19:16:19.658, 0, NVIDIA H100, 0, 0, 953, 94368
2026/08/18 19:16:19.708, 0, NVIDIA H100, 0, 0, 953, 94368
2026/08/18 19:16:19.759, 0, NVIDIA H100, 0, 0, 953, 94368
2026/08/18 19:16:19.809, 0, NVIDIA H100, 0, 0, 953, 94368
2026/08/18 19:16:19.859, 0, NVIDIA H100, 0, 0, 953, 94368
2026/08/18 19:16:19.909, 0, NVIDIA H100, 0, 0, 953, 94368
2026/08/18 19:16:19.960, 0, NVIDIA H100, 0, 0, 953, 94368
2026/08/18 19:16:20.010, 0, NVIDIA H100, 0, 0, 953, 94368
2026/08/18 19:16:20.060, 0, NVIDIA H100, 0, 0, 953, 94368
2026/08/18 19:16:20.111, 0, NVIDIA H100, 0, 0, 953, 94368
2026/08/18 19:16:20.161, 0, NVIDIA H100, 0, 0, 953, 94368
2026/08/18 19:16:20.211, 0, NVIDIA H100, 0, 0, 953, 94368
2026/08/18 19:16:20.261, 0, NVIDIA H100, 0, 0, 953, 94368
2026/08/18 19:16:20.312, 0, NVIDIA H100, 0, 0, 953, 94368
2026/08/18 19:16:20.362, 0, NVIDIA H100, 0, 0, 953, 94368
2026/08/18 19:16:20.412, 0, NVIDIA H100, 0, 0, 953, 94368
2026/08/18 19:16:20.463, 0, NVIDIA H100, 0, 0, 953, 94368
2026/08/18 19:16:20.513, 0, NVIDIA H100, 0, 0, 953, 94368
2026/08/18 19:16:20.563, 0, NVIDIA H100, 0, 0, 953, 94368
2026/08/18 19:16:20.614, 0, NVIDIA H100, 0, 0, 953, 94368
2026/08/18 19:16:20.664, 0, NVIDIA H100, 0, 0, 953, 94368
2026/08/18 19:16:20.714, 0, NVIDIA H100, 0, 0, 953, 94368
2026/08/18 19:16:20.764, 0, NVIDIA H100, 0, 0, 953, 94368
2026/08/18 19:16:20.815, 0, NVIDIA H100, 0, 0, 953, 94368
2026/08/18 19:16:20.865, 0, NVIDIA H100, 0, 0, 953, 94368
2026/08/18 19:16:20.915, 0, NVIDIA H100, 0, 0, 953, 94368
2026/08/18 19:16:20.966, 0, NVIDIA H100, 0, 0, 953, 94368
2026/08/18 19:16:21.016, 0, NVIDIA H100, 0, 0, 953, 94368
2026/08/18 19:16:21.066, 0, NVIDIA H100, 0, 0, 953, 94368
2026/08/18 19:16:21.116, 0, NVIDIA H100, 0, 0, 953, 94368
2026/08/18 19:16:21.167, 0, NVIDIA H100, 0, 0, 953, 94368
2026/08/18 19:16:21.217, 0, NVIDIA H100, 0, 0, 953, 94368
2026/08/18 19:16:21.267, 0, NVIDIA H100, 0, 0, 953, 94368
2026/08/18 19:16:21.318, 0, NVIDIA H100, 0, 0, 953, 94368
2026/08/18 19:16:21.368, 0, NVIDIA H100, 0, 0, 953, 94368
2026/08/18 19:16:21.418, 0, NVIDIA H100, 0, 0, 953, 94368
2026/08/18 19:16:21.468, 0, NVIDIA H100, 0, 0, 953, 94368
2026/08/18 19:16:21.519, 0, NVIDIA H100, 0, 0, 953, 94368
2026/08/18 19:16:21.569, 0, NVIDIA H100, 0, 0, 953, 94368
2026/08/18 19:16:21.619, 0, NVIDIA H100, 0, 0, 953, 94368
2026/08/18 19:16:21.670, 0, NVIDIA H100, 0, 0, 953, 94368
2026/08/18 19:16:21.720, 0, NVIDIA H100, 0, 0, 953, 94368
2026/08/18 19:16:21.770, 0, NVIDIA H100, 0, 0, 953, 94368
2026/08/18 19:16:21.820, 0, NVIDIA H100, 0, 0, 953, 94368
2026/08/18 19:16:21.871, 0, NVIDIA H100, 0, 0, 953, 94368
2026/08/18 19:16:21.921, 0, NVIDIA H100, 0, 0, 953, 94368
2026/08/18 19:16:21.971, 0, NVIDIA H100, 0, 0, 953, 94368
2026/08/18 19:16:22.022, 0, NVIDIA H100, 0, 0, 953, 94368
2026/08/18 19:16:22.072, 0, NVIDIA H100, 0, 0, 953, 94368
2026/08/18 19:16:22.122, 0, NVIDIA H100, 0, 0, 953, 94368
2026/08/18 19:16:22.172, 0, NVIDIA H100, 0, 0, 953, 94368
2026/08/18 19:16:22.223, 0, NVIDIA H100, 0, 0, 953, 94368
2026/08/18 19:16:22.273, 0, NVIDIA H100, 0, 0, 953, 94368
2026/08/18 19:16:22.323, 0, NVIDIA H100, 0, 0, 953, 94368
2026/08/18 19:16:22.374, 0, NVIDIA H100, 0, 0, 953, 94368
2026/08/18 19:16:22.424, 0, NVIDIA H100, 0, 0, 953, 94368
2026/08/18 19:16:22.474, 0, NVIDIA H100, 0, 0, 953, 94368
2026/08/18 19:16:22.524, 0, NVIDIA H100, 0, 0, 953, 94368
2026/08/18 19:16:22.575, 0, NVIDIA H100, 0, 0, 953, 94368
2026/08/18 19:16:22.625, 0, NVIDIA H100, 0, 0, 953, 94368
2026/08/18 19:16:22.675, 0, NVIDIA H100, 0, 0, 953, 94368
2026/08/18 19:16:22.726, 0, NVIDIA H100, 0, 0, 953, 94368
2026/08/18 19:16:22.776, 0, NVIDIA H100, 0, 0, 953, 94368
2026/08/18 19:16:22.826, 0, NVIDIA H100, 0, 0, 953, 94368
2026/08/18 19:16:22.876, 0, NVIDIA H100, 0, 0, 953, 94368
2026/08/18 19:16:22.927, 0, NVIDIA H100, 0, 0, 953, 94368
2026/08/18 19:16:22.977, 0, NVIDIA H100, 0, 0, 953, 94368
2026/08/18 19:16:23.027, 0, NVIDIA H100, 0, 0, 953, 94368
2026/08/18 19:16:23.078, 0, NVIDIA H100, 0, 0, 953, 94368
2026/08/18 19:16:23.128, 0, NVIDIA H100, 0, 0, 953, 94368
2026/08/18 19:16:23.178, 0, NVIDIA H100, 0, 0, 953, 94368
2026/08/18 19:16:23.228, 0, NVIDIA H100, 0, 0, 953, 94368
2026/08/18 19:16:23.279, 0, NVIDIA H100, 0, 0, 953, 94368
2026/08/18 19:16:23.329, 0, NVIDIA H100, 0, 0, 953, 94368
2026/08/18 19:16:23.379, 0, NVIDIA H100, 0, 0, 953, 94368
2026/08/18 19:16:23.430, 0, NVIDIA H100, 0, 0, 953, 94368
2026/08/18 19:16:23.480, 0, NVIDIA H100, 0, 0, 953, 94368
2026/08/18 19:16:23.530, 0, NVIDIA H100, 0, 0, 953, 94368
2026/08/18 19:16:23.580, 0, NVIDIA H100, 0, 0, 953, 94368
2026/08/18 19:16:23.631, 0, NVIDIA H100, 0, 0, 953, 94368
2026/08/18 19:16:23.681, 0, NVIDIA H100, 0, 0, 953, 94368
2026/08/18 19:16:23.731, 0, NVIDIA H100, 0, 0, 953, 94368
2026/08/18 19:16:23.782, 0, NVIDIA H100, 0, 0, 953, 94368
2026/08/18 19:16:23.832, 0, NVIDIA H100, 0, 0, 953, 94368
2026/08/18 19:16:23.882, 0, NVIDIA H100, 0, 0, 953, 94368
2026/08/18 19:16:23.933, 0, NVIDIA H100, 0, 0, 953, 94368
2026/08/18 19:16:23.983, 0, NVIDIA H100, 0, 0, 953, 94368
2026/08/18 19:16:24.033, 0, NVIDIA H100, 0, 0, 953, 94368
2026/08/18 19:16:24.083, 0, NVIDIA H100, 0, 0, 953, 94368
2026/08/18 19:16:24.134, 0, NVIDIA H100, 0, 0, 953, 94368
2026/08/18 19:16:24.184, 0, NVIDIA H100, 0, 0, 953, 94368
2026/08/18 19:16:24.234, 0, NVIDIA H100, 0, 0, 953, 94368
2026/08/18 19:16:24.284, 0, NVIDIA H100, 0, 0, 953, 94368
2026/08/18 19:16:24.335, 0, NVIDIA H100, 0, 0, 953, 94368
2026/08/18 19:16:24.385, 0, NVIDIA H100, 0, 0, 953, 94368
2026/08/18 19:16:24.435, 0, NVIDIA H100, 0, 0, 953, 94368
2026/08/18 19:16:24.486, 0, NVIDIA H100, 0, 0, 953, 94368
2026/08/18 19:16:24.536, 0, NVIDIA H100, 0, 0, 953, 94368
2026/08/18 19:16:24.586, 0, NVIDIA H100, 0, 0, 953, 94368
2026/08/18 19:16:24.637, 0, NVIDIA H100, 0, 0, 953, 94368
2026/08/18 19:16:24.687, 0, NVIDIA H100, 0, 0, 953, 94368
2026/08/18 19:16:24.737, 0, NVIDIA H100, 0, 0, 953, 94368
2026/08/18 19:16:24.787, 0, NVIDIA H100, 0, 0, 953, 94368
2026/08/18 19:16:24.838, 0, NVIDIA H100, 0, 0, 953, 94368
2026/08/18 19:16:24.888, 0, NVIDIA H100, 0, 0, 953, 94368
2026/08/18 19:16:24.938, 0, NVIDIA H100, 0, 0, 953, 94368
2026/08/18 19:16:24.989, 0, NVIDIA H100, 0, 0, 953, 94368
2026/08/18 19:16:25.039, 0, NVIDIA H100, 0, 0, 953, 94368
2026/08/18 19:16:25.089, 0, NVIDIA H100, 0, 0, 953, 94368
2026/08/18 19:16:25.139, 0, NVIDIA H100, 0, 0, 953, 94368
2026/08/18 19:16:25.190, 0, NVIDIA H100, 0, 0, 953, 94368
2026/08/18 19:16:25.240, 0, NVIDIA H100, 0, 0, 953, 94368
2026/08/18 19:16:25.290, 0, NVIDIA H100, 0, 0, 953, 94368
2026/08/18 19:16:25.341, 0, NVIDIA H100, 0, 0, 953, 94368
2026/08/18 19:16:25.391, 0, NVIDIA H100, 0, 0, 953, 94368
2026/08/18 19:16:25.441, 0, NVIDIA H100, 0, 0, 953, 94368
2026/08/18 19:16:25.491, 0, NVIDIA H100, 0, 0, 953, 94368
2026/08/18 19:16:25.542, 0, NVIDIA H100, 0, 0, 953, 94368
2026/08/18 19:16:25.592, 0, NVIDIA H100, 0, 0, 953, 94368
2026/08/18 19:16:25.642, 0, NVIDIA H100, 0, 0, 953, 94368
2026/08/18 19:16:25.693, 0, NVIDIA H100, 0, 0, 953, 94368
2026/08/18 19:16:25.743, 0, NVIDIA H100, 0, 0, 953, 94368
2026/08/18 19:16:25.793, 0, NVIDIA H100, 0, 0, 953, 94368
2026/08/18 19:16:25.843, 0, NVIDIA H100, 0, 0, 953, 94368
2026/08/18 19:16:25.894, 0, NVIDIA H100, 0, 0, 953, 94368
2026/08/18 19:16:25.944, 0, NVIDIA H100, 0, 0, 953, 94368
2026/08/18 19:16:25.994, 0, NVIDIA H100, 0, 0, 953, 94368
2026/08/18 19:16:26.045, 0, NVIDIA H100, 0, 0, 953, 94368
2026/08/18 19:16:26.095, 0, NVIDIA H100, 0, 0, 953, 94368
2026/08/18 19:16:26.145, 0, NVIDIA H100, 0, 0, 953, 94368
2026/08/18 19:16:26.195, 0, NVIDIA H100, 0, 0, 953, 94368
2026/08/18 19:16:26.246, 0, NVIDIA H100, 0, 0, 953, 94368
2026/08/18 19:16:26.296, 0, NVIDIA H100, 0, 0, 953, 94368
2026/08/18 19:16:26.346, 0, NVIDIA H100, 0, 0, 953, 94368
2026/08/18 19:16:26.396, 0, NVIDIA H100, 0, 0, 953, 94368
2026/08/18 19:16:26.447, 0, NVIDIA H100, 0, 0, 953, 94368
2026/08/18 19:16:26.497, 0, NVIDIA H100, 0, 0, 953, 94368
2026/08/18 19:16:26.547, 0, NVIDIA H100, 0, 0, 953, 94368
2026/08/18 19:16:26.598, 0, NVIDIA H100, 0, 0, 953, 94368
2026/08/18 19:16:26.648, 0, NVIDIA H100, 0, 0, 953, 94368
2026/08/18 19:16:26.698, 0, NVIDIA H100, 0, 0, 953, 94368
2026/08/18 19:16:26.748, 0, NVIDIA H100, 0, 0, 953, 94368
2026/08/18 19:16:26.799, 0, NVIDIA H100, 0, 0, 953, 94368
2026/08/18 19:16:26.849, 0, NVIDIA H100, 0, 0, 953, 94368
2026/08/18 19:16:26.899, 0, NVIDIA H100, 0, 0, 953, 94368
2026/08/18 19:16:26.950, 0, NVIDIA H100, 0, 0, 953, 94368
2026/08/18 19:16:27.000, 0, NVIDIA H100, 0, 0, 953, 94368
2026/08/18 19:16:27.050, 0, NVIDIA H100, 0, 0, 953, 94368
2026/08/18 19:16:27.100, 0, NVIDIA H100, 0, 0, 953, 94368
2026/08/18 19:16:27.151, 0, NVIDIA H100, 0, 0, 953, 94368
2026/08/18 19:16:27.201, 0, NVIDIA H100, 0, 0, 953, 94368
2026/08/18 19:16:27.251, 0, NVIDIA H100, 0, 0, 953, 94368
2026/08/18 19:16:27.302, 0, NVIDIA H100, 0, 0, 953, 94368
2026/08/18 19:16:27.352, 0, NVIDIA H100, 0, 0, 953, 94368
2026/08/18 19:16:27.402, 0, NVIDIA H100, 0, 0, 953, 94368
2026/08/18 19:16:27.452, 0, NVIDIA H100, 0, 0, 953, 94368
2026/08/18 19:16:27.503, 0, NVIDIA H100, 0, 0, 953, 94368
2026/08/18 19:16:27.553, 0, NVIDIA H100, 0, 0, 953, 94368
2026/08/18 19:16:27.603, 0, NVIDIA H100, 0, 0, 953, 94368
2026/08/18 19:16:27.654, 0, NVIDIA H100, 0, 0, 953, 94368
2026/08/18 19:16:27.704, 0, NVIDIA H100, 0, 0, 953, 94368
2026/08/18 19:16:27.754, 0, NVIDIA H100, 0, 0, 953, 94368
2026/08/18 19:16:27.804, 0, NVIDIA H100, 0, 0, 953, 94368
2026/08/18 19:16:27.855, 0, NVIDIA H100, 0, 0, 953, 94368
2026/08/18 19:16:27.905, 0, NVIDIA H100, 0, 0, 953, 94368
2026/08/18 19:16:27.955, 0, NVIDIA H100, 0, 0, 953, 94368
2026/08/18 19:16:28.006, 0, NVIDIA H100, 0, 0, 953, 94368
2026/08/18 19:16:28.056, 0, NVIDIA H100, 0, 0, 953, 94368
2026/08/18 19:16:28.106, 0, NVIDIA H100, 0, 0, 953, 94368
2026/08/18 19:16:28.157, 0, NVIDIA H100, 0, 0, 953, 94368
2026/08/18 19:16:28.207, 0, NVIDIA H100, 0, 0, 953, 94368
2026/08/18 19:16:28.257, 0, NVIDIA H100, 0, 0, 953, 94368
2026/08/18 19:16:28.307, 0, NVIDIA H100, 0, 0, 953, 94368
2026/08/18 19:16:28.358, 0, NVIDIA H100, 0, 0, 953, 94368
2026/08/18 19:16:28.408, 0, NVIDIA H100, 0, 0, 953, 94368
2026/08/18 19:16:28.458, 0, NVIDIA H100, 0, 0, 953, 94368
2026/08/18 19:16:28.508, 0, NVIDIA H100, 0, 0, 953, 94368
2026/08/18 19:16:28.559, 0, NVIDIA H100, 0, 0, 953, 94368
2026/08/18 19:16:28.609, 0, NVIDIA H100, 0, 0, 953, 94368
2026/08/18 19:16:28.659, 0, NVIDIA H100, 0, 0, 953, 94368
2026/08/18 19:16:28.710, 0, NVIDIA H100, 0, 0, 953, 94368
2026/08/18 19:16:28.760, 0, NVIDIA H100, 0, 0, 953, 94368
2026/08/18 19:16:28.810, 0, NVIDIA H100, 0, 0, 953, 94368
2026/08/18 19:16:28.861, 0, NVIDIA H100, 0, 0, 953, 94368
2026/08/18 19:16:28.911, 0, NVIDIA H100, 0, 0, 953, 94368
2026/08/18 19:16:28.961, 0, NVIDIA H100, 0, 0, 953, 94368
2026/08/18 19:16:29.011, 0, NVIDIA H100, 0, 0, 953, 94368
2026/08/18 19:16:29.062, 0, NVIDIA H100, 0, 0, 953, 94368
2026/08/18 19:16:29.112, 0, NVIDIA H100, 0, 0, 953, 94368
2026/08/18 19:16:29.162, 0, NVIDIA H100, 0, 0, 953, 94368
2026/08/18 19:16:29.213, 0, NVIDIA H100, 0, 0, 953, 94368
2026/08/18 19:16:29.263, 0, NVIDIA H100, 0, 0, 953, 94368
2026/08/18 19:16:29.313, 0, NVIDIA H100, 0, 0, 953, 94368
2026/08/18 19:16:29.363, 0, NVIDIA H100, 0, 0, 953, 94368
2026/08/18 19:16:29.414, 0, NVIDIA H100, 0, 0, 953, 94368
2026/08/18 19:16:29.464, 0, NVIDIA H100, 0, 0, 953, 94368
2026/08/18 19:16:29.514, 0, NVIDIA H100, 0, 0, 953, 94368
2026/08/18 19:16:29.565, 0, NVIDIA H100, 0, 0, 953, 94368
2026/08/18 19:16:29.615, 0, NVIDIA H100, 0, 0, 953, 94368
2026/08/18 19:16:29.665, 0, NVIDIA H100, 0, 0, 953, 94368
2026/08/18 19:16:29.715, 0, NVIDIA H100, 0, 0, 953, 94368
2026/08/18 19:16:29.766, 0, NVIDIA H100, 0, 0, 953, 94368
2026/08/18 19:16:29.816, 0, NVIDIA H100, 0, 0, 953, 94368
2026/08/18 19:16:29.866, 0, NVIDIA H100, 0, 0, 953, 94368
2026/08/18 19:16:29.917, 0, NVIDIA H100, 0, 0, 953, 94368
2026/08/18 19:16:29.967, 0, NVIDIA H100, 0, 0, 953, 94368
2026/08/18 19:16:30.017, 0, NVIDIA H100, 0, 0, 953, 94368
2026/08/18 19:16:30.067, 0, NVIDIA H100, 0, 0, 953, 94368
2026/08/18 19:16:30.118, 0, NVIDIA H100, 0, 0, 953, 94368
2026/08/18 19:16:30.168, 0, NVIDIA H100, 0, 0, 953, 94368
2026/08/18 19:16:30.218, 0, NVIDIA H100, 0, 0, 953, 94368
2026/08/18 19:16:30.269, 0, NVIDIA H100, 0, 0, 953, 94368
2026/08/18 19:16:30.319, 0, NVIDIA H100, 0, 0, 953, 94368
2026/08/18 19:16:30.369, 0, NVIDIA H100, 0, 0, 953, 94368
2026/08/18 19:16:30.419, 0, NVIDIA H100, 0, 0, 953, 94368
2026/08/18 19:16:30.470, 0, NVIDIA H100, 0, 0, 953, 94368
2026/08/18 19:16:30.520, 0, NVIDIA H100, 0, 0, 953, 94368
2026/08/18 19:16:30.570, 0, NVIDIA H100, 0, 0, 953, 94368
2026/08/18 19:16:30.621, 0, NVIDIA H100, 0, 0, 953, 94368
2026/08/18 19:16:30.671, 0, NVIDIA H100, 0, 0, 953, 94368
2026/08/18 19:16:30.721, 0, NVIDIA H100, 0, 0, 953, 94368
2026/08/18 19:16:30.771, 0, NVIDIA H100, 0, 0, 953, 94368
2026/08/18 19:16:30.822, 0, NVIDIA H100, 0, 0, 953, 94368
2026/08/18 19:16:30.872, 0, NVIDIA H100, 0, 0, 953, 94368
2026/08/18 19:16:30.922, 0, NVIDIA H100, 0, 0, 953, 94368
2026/08/18 19:16:30.973, 0, NVIDIA H100, 0, 0, 953, 94368
2026/08/18 19:16:31.023, 0, NVIDIA H100, 0, 0, 953, 94368
2026/08/18 19:16:31.073, 0, NVIDIA H100, 0, 0, 953, 94368
2026/08/18 19:16:31.124, 0, NVIDIA H100, 0, 0, 953, 94368
2026/08/18 19:16:31.174, 0, NVIDIA H100, 0, 0, 953, 94368
2026/08/18 19:16:31.224, 0, NVIDIA H100, 0, 0, 953, 94368
2026/08/18 19:16:31.275, 0, NVIDIA H100, 0, 0, 953, 94368
2026/08/18 19:16:31.325, 0, NVIDIA H100, 0, 0, 953, 94368
2026/08/18 19:16:31.375, 0, NVIDIA H100, 0, 0, 953, 94368
2026/08/18 19:16:31.425, 0, NVIDIA H100, 0, 0, 953, 94368
2026/08/18 19:16:31.476, 0, NVIDIA H100, 0, 0, 953, 94368
2026/08/18 19:16:31.526, 0, NVIDIA H100, 0, 0, 953, 94368
2026/08/18 19:16:31.576, 0, NVIDIA H100, 0, 0, 953, 94368
2026/08/18 19:16:31.627, 0, NVIDIA H100, 0, 0, 953, 94368
2026/08/18 19:16:31.677, 0, NVIDIA H100, 0, 0, 953, 94368
2026/08/18 19:16:31.727, 0, NVIDIA H100, 0, 0, 953, 94368
2026/08/18 19:16:31.777, 0, NVIDIA H100, 0, 0, 953, 94368
2026/08/18 19:16:31.828, 0, NVIDIA H100, 0, 0, 953, 94368
2026/08/18 19:16:31.878, 0, NVIDIA H100, 0, 0, 953, 94368
2026/08/18 19:16:31.928, 0, NVIDIA H100, 0, 0, 953, 94368
2026/08/18 19:16:31.979, 0, NVIDIA H100, 0, 0, 953, 94368
2026/08/18 19:16:32.029, 0, NVIDIA H100, 0, 0, 953, 94368
2026/08/18 19:16:32.079, 0, NVIDIA H100, 0, 0, 953, 94368
2026/08/18 19:16:32.129, 0, NVIDIA H100, 0, 0, 953, 94368
2026/08/18 19:16:32.180, 0, NVIDIA H100, 0, 0, 953, 94368
2026/08/18 19:16:32.230, 0, NVIDIA H100, 0, 0, 953, 94368
2026/08/18 19:16:32.280, 0, NVIDIA H100, 0, 0, 953, 94368
2026/08/18 19:16:32.331, 0, NVIDIA H100, 0, 0, 953, 94368
2026/08/18 19:16:32.381, 0, NVIDIA H100, 0, 0, 953, 94368
2026/08/18 19:16:32.431, 0, NVIDIA H100, 0, 0, 953, 94368
2026/08/18 19:16:32.481, 0, NVIDIA H100, 0, 0, 953, 94368
2026/08/18 19:16:32.532, 0, NVIDIA H100, 0, 0, 953, 94368
2026/08/18 19:16:32.582, 0, NVIDIA H100, 0, 0, 953, 94368
2026/08/18 19:16:32.632, 0, NVIDIA H100, 0, 0, 953, 94368
2026/08/18 19:16:32.683, 0, NVIDIA H100, 0, 0, 953, 94368
2026/08/18 19:16:32.733, 0, NVIDIA H100, 0, 0, 953, 94368
2026/08/18 19:16:32.783, 0, NVIDIA H100, 0, 0, 953, 94368
2026/08/18 19:16:32.833, 0, NVIDIA H100, 0, 0, 953, 94368
2026/08/18 19:16:32.884, 0, NVIDIA H100, 0, 0, 953, 94368
2026/08/18 19:16:32.934, 0, NVIDIA H100, 0, 0, 953, 94368
2026/08/18 19:16:32.984, 0, NVIDIA H100, 0, 0, 953, 94368
2026/08/18 19:16:33.035, 0, NVIDIA H100, 0, 0, 953, 94368
2026/08/18 19:16:33.085, 0, NVIDIA H100, 0, 0, 953, 94368
2026/08/18 19:16:33.135, 0, NVIDIA H100, 0, 0, 953, 94368
2026/08/18 19:16:33.185, 0, NVIDIA H100, 0, 0, 953, 94368
2026/08/18 19:16:33.236, 0, NVIDIA H100, 0, 0, 953, 94368
2026/08/18 19:16:33.286, 0, NVIDIA H100, 0, 0, 953, 94368
2026/08/18 19:16:33.336, 0, NVIDIA H100, 0, 0, 953, 94368
2026/08/18 19:16:33.387, 0, NVIDIA H100, 0, 0, 953, 94368
2026/08/18 19:16:33.437, 0, NVIDIA H100, 0, 0, 953, 94368
2026/08/18 19:16:33.487, 0, NVIDIA H100, 0, 0, 953, 94368
2026/08/18 19:16:33.537, 0, NVIDIA H100, 0, 0, 953, 94368
2026/08/18 19:16:33.588, 0, NVIDIA H100, 0, 0, 953, 94368
2026/08/18 19:16:33.638, 0, NVIDIA H100, 0, 0, 953, 94368
2026/08/18 19:16:33.688, 0, NVIDIA H100, 0, 0, 953, 94368
2026/08/18 19:16:33.739, 0, NVIDIA H100, 0, 0, 953, 94368
2026/08/18 19:16:33.789, 0, NVIDIA H100, 0, 0, 953, 94368
2026/08/18 19:16:33.839, 0, NVIDIA H100, 0, 0, 953, 94368
2026/08/18 19:16:33.889, 0, NVIDIA H100, 0, 0, 953, 94368
2026/08/18 19:16:33.940, 0, NVIDIA H100, 0, 0, 953, 94368
2026/08/18 19:16:33.990, 0, NVIDIA H100, 0, 0, 953, 94368
2026/08/18 19:16:34.040, 0, NVIDIA H100, 0, 0, 953, 94368
2026/08/18 19:16:34.091, 0, NVIDIA H100, 0, 0, 953, 94368
2026/08/18 19:16:34.141, 0, NVIDIA H100, 0, 0, 953, 94368
2026/08/18 19:16:34.191, 0, NVIDIA H100, 0, 0, 953, 94368
2026/08/18 19:16:34.241, 0, NVIDIA H100, 0, 0, 953, 94368
2026/08/18 19:16:34.292, 0, NVIDIA H100, 0, 0, 953, 94368
2026/08/18 19:16:34.342, 0, NVIDIA H100, 0, 0, 953, 94368
2026/08/18 19:16:34.392, 0, NVIDIA H100, 0, 0, 953, 94368
2026/08/18 19:16:34.443, 0, NVIDIA H100, 0, 0, 953, 94368
2026/08/18 19:16:34.493, 0, NVIDIA H100, 0, 0, 953, 94368
2026/08/18 19:16:34.543, 0, NVIDIA H100, 0, 0, 953, 94368
2026/08/18 19:16:34.593, 0, NVIDIA H100, 0, 0, 953, 94368
2026/08/18 19:16:34.644, 0, NVIDIA H100, 0, 0, 953, 94368
2026/08/18 19:16:34.694, 0, NVIDIA H100, 0, 0, 953, 94368
2026/08/18 19:16:34.744, 0, NVIDIA H100, 0, 0, 953, 94368
2026/08/18 19:16:34.795, 0, NVIDIA H100, 0, 0, 953, 94368
2026/08/18 19:16:34.845, 0, NVIDIA H100, 0, 0, 953, 94368
2026/08/18 19:16:34.895, 0, NVIDIA H100, 0, 0, 953, 94368
2026/08/18 19:16:34.946, 0, NVIDIA H100, 0, 0, 953, 94368
2026/08/18 19:16:34.996, 0, NVIDIA H100, 0, 0, 953, 94368
2026/08/18 19:16:35.046, 0, NVIDIA H100, 0, 0, 953, 94368
2026/08/18 19:16:35.096, 0, NVIDIA H100, 0, 0, 953, 94368
2026/08/18 19:16:35.147, 0, NVIDIA H100, 0, 0, 953, 94368
2026/08/18 19:16:35.197, 0, NVIDIA H100, 0, 0, 953, 94368
2026/08/18 19:16:35.247, 0, NVIDIA H100, 0, 0, 953, 94368
2026/08/18 19:16:35.298, 0, NVIDIA H100, 0, 0, 953, 94368
2026/08/18 19:16:35.348, 0, NVIDIA H100, 0, 0, 953, 94368
2026/08/18 19:16:35.398, 0, NVIDIA H100, 0, 0, 953, 94368
2026/08/18 19:16:35.448, 0, NVIDIA H100, 0, 0, 953, 94368
2026/08/18 19:16:35.499, 0, NVIDIA H100, 0, 0, 953, 94368
2026/08/18 19:16:35.549, 0, NVIDIA H100, 0, 0, 953, 94368
2026/08/18 19:16:35.599, 0, NVIDIA H100, 0, 0, 953, 94368
2026/08/18 19:16:35.650, 0, NVIDIA H100, 0, 0, 953, 94368
2026/08/18 19:16:35.700, 0, NVIDIA H100, 0, 0, 953, 94368
2026/08/18 19:16:35.750, 0, NVIDIA H100, 0, 0, 953, 94368
2026/08/18 19:16:35.800, 0, NVIDIA H100, 0, 0, 953, 94368
2026/08/18 19:16:35.851, 0, NVIDIA H100, 0, 0, 953, 94368
2026/08/18 19:16:35.901, 0, NVIDIA H100, 0, 0, 953, 94368
2026/08/18 19:16:35.951, 0, NVIDIA H100, 0, 0, 953, 94368
2026/08/18 19:16:36.002, 0, NVIDIA H100, 0, 0, 953, 94368
2026/08/18 19:16:36.052, 0, NVIDIA H100, 0, 0, 953, 94368
2026/08/18 19:16:36.102, 0, NVIDIA H100, 0, 0, 953, 94368
2026/08/18 19:16:36.152, 0, NVIDIA H100, 0, 0, 953, 94368
2026/08/18 19:16:36.203, 0, NVIDIA H100, 0, 0, 953, 94368
2026/08/18 19:16:36.253, 0, NVIDIA H100, 0, 0, 953, 94368
2026/08/18 19:16:36.303, 0, NVIDIA H100, 0, 0, 953, 94368
2026/08/18 19:16:36.354, 0, NVIDIA H100, 0, 0, 953, 94368
2026/08/18 19:16:36.404, 0, NVIDIA H100, 0, 0, 953, 94368
2026/08/18 19:16:36.454, 0, NVIDIA H100, 0, 0, 953, 94368
2026/08/18 19:16:36.504, 0, NVIDIA H100, 0, 0, 953, 94368
2026/08/18 19:16:36.555, 0, NVIDIA H100, 0, 0, 953, 94368
2026/08/18 19:16:36.605, 0, NVIDIA H100, 0, 0, 953, 94368
2026/08/18 19:16:36.655, 0, NVIDIA H100, 0, 0, 953, 94368
2026/08/18 19:16:36.706, 0, NVIDIA H100, 0, 0, 953, 94368
2026/08/18 19:16:36.756, 0, NVIDIA H100, 0, 0, 953, 94368
2026/08/18 19:16:36.806, 0, NVIDIA H100, 0, 0, 953, 94368
2026/08/18 19:16:36.856, 0, NVIDIA H100, 0, 0, 953, 94368
2026/08/18 19:16:36.907, 0, NVIDIA H100, 0, 0, 953, 94368
2026/08/18 19:16:36.957, 0, NVIDIA H100, 0, 0, 953, 94368
2026/08/18 19:16:37.007, 0, NVIDIA H100, 0, 0, 953, 94368
2026/08/18 19:16:37.058, 0, NVIDIA H100, 0, 0, 953, 94368
2026/08/18 19:16:37.108, 0, NVIDIA H100, 0, 0, 953, 94368
2026/08/18 19:16:37.158, 0, NVIDIA H100, 0, 0, 953, 94368
2026/08/18 19:16:37.209, 0, NVIDIA H100, 0, 0, 953, 94368
2026/08/18 19:16:37.259, 0, NVIDIA H100, 0, 0, 953, 94368
2026/08/18 19:16:37.309, 0, NVIDIA H100, 0, 0, 953, 94368
2026/08/18 19:16:37.359, 0, NVIDIA H100, 0, 0, 953, 94368
2026/08/18 19:16:37.410, 0, NVIDIA H100, 0, 0, 953, 94368
2026/08/18 19:16:37.460, 0, NVIDIA H100, 0, 0, 953, 94368
2026/08/18 19:16:37.510, 0, NVIDIA H100, 0, 0, 953, 94368
2026/08/18 19:16:37.561, 0, NVIDIA H100, 0, 0, 953, 94368
2026/08/18 19:16:37.611, 0, NVIDIA H100, 0, 0, 953, 94368
2026/08/18 19:16:37.661, 0, NVIDIA H100, 0, 0, 953, 94368
2026/08/18 19:16:37.711, 0, NVIDIA H100, 0, 0, 953, 94368
2026/08/18 19:16:37.762, 0, NVIDIA H100, 0, 0, 953, 94368
2026/08/18 19:16:37.812, 0, NVIDIA H100, 0, 0, 953, 94368
2026/08/18 19:16:37.862, 0, NVIDIA H100, 0, 0, 953, 94368
2026/08/18 19:16:37.912, 0, NVIDIA H100, 0, 0, 953, 94368
2026/08/18 19:16:37.963, 0, NVIDIA H100, 0, 0, 953, 94368
2026/08/18 19:16:38.013, 0, NVIDIA H100, 0, 0, 953, 94368
2026/08/18 19:16:38.063, 0, NVIDIA H100, 0, 0, 953, 94368
2026/08/18 19:16:38.114, 0, NVIDIA H100, 0, 0, 953, 94368
2026/08/18 19:16:38.164, 0, NVIDIA H100, 0, 0, 953, 94368
2026/08/18 19:16:38.214, 0, NVIDIA H100, 0, 0, 953, 94368
2026/08/18 19:16:38.265, 0, NVIDIA H100, 0, 0, 953, 94368
2026/08/18 19:16:38.315, 0, NVIDIA H100, 0, 0, 953, 94368
2026/08/18 19:16:38.365, 0, NVIDIA H100, 0, 0, 953, 94368
2026/08/18 19:16:38.415, 0, NVIDIA H100, 0, 0, 953, 94368
2026/08/18 19:16:38.466, 0, NVIDIA H100, 0, 0, 953, 94368
2026/08/18 19:16:38.516, 0, NVIDIA H100, 0, 0, 953, 94368
2026/08/18 19:16:38.566, 0, NVIDIA H100, 0, 0, 953, 94368
2026/08/18 19:16:38.616, 0, NVIDIA H100, 0, 0, 953, 94368
2026/08/18 19:16:38.667, 0, NVIDIA H100, 0, 0, 953, 94368
2026/08/18 19:16:38.717, 0, NVIDIA H100, 0, 0, 953, 94368
2026/08/18 19:16:38.767, 0, NVIDIA H100, 0, 0, 953, 94368
2026/08/18 19:16:38.818, 0, NVIDIA H100, 0, 0, 953, 94368
2026/08/18 19:16:38.868, 0, NVIDIA H100, 0, 0, 953, 94368
2026/08/18 19:16:38.918, 0, NVIDIA H100, 0, 0, 953, 94368
2026/08/18 19:16:38.969, 0, NVIDIA H100, 0, 0, 953, 94368
2026/08/18 19:16:39.019, 0, NVIDIA H100, 0, 0, 953, 94368
2026/08/18 19:16:39.069, 0, NVIDIA H100, 0, 0, 953, 94368
2026/08/18 19:16:39.119, 0, NVIDIA H100, 0, 0, 953, 94368
2026/08/18 19:16:39.170, 0, NVIDIA H100, 0, 0, 953, 94368
2026/08/18 19:16:39.220, 0, NVIDIA H100, 0, 0, 953, 94368
2026/08/18 19:16:39.270, 0, NVIDIA H100, 0, 0, 953, 94368
2026/08/18 19:16:39.320, 0, NVIDIA H100, 0, 0, 953, 94368
2026/08/18 19:16:39.371, 0, NVIDIA H100, 0, 0, 953, 94368
2026/08/18 19:16:39.421, 0, NVIDIA H100, 0, 0, 953, 94368
2026/08/18 19:16:39.471, 0, NVIDIA H100, 0, 0, 953, 94368
2026/08/18 19:16:39.522, 0, NVIDIA H100, 0, 0, 953, 94368
2026/08/18 19:16:39.572, 0, NVIDIA H100, 0, 0, 953, 94368
2026/08/18 19:16:39.622, 0, NVIDIA H100, 0, 0, 953, 94368
2026/08/18 19:16:39.672, 0, NVIDIA H100, 0, 0, 953, 94368
2026/08/18 19:16:39.723, 0, NVIDIA H100, 0, 0, 953, 94368
2026/08/18 19:16:39.773, 0, NVIDIA H100, 0, 0, 953, 94368
2026/08/18 19:16:39.823, 0, NVIDIA H100, 0, 0, 953, 94368
2026/08/18 19:16:39.874, 0, NVIDIA H100, 0, 0, 953, 94368
2026/08/18 19:16:39.924, 0, NVIDIA H100, 0, 0, 953, 94368
2026/08/18 19:16:39.974, 0, NVIDIA H100, 0, 0, 953, 94368
2026/08/18 19:16:40.024, 0, NVIDIA H100, 0, 0, 953, 94368
2026/08/18 19:16:40.075, 0, NVIDIA H100, 0, 0, 953, 94368
2026/08/18 19:16:40.125, 0, NVIDIA H100, 0, 0, 953, 94368
2026/08/18 19:16:40.175, 0, NVIDIA H100, 0, 0, 953, 94368
2026/08/18 19:16:40.226, 0, NVIDIA H100, 0, 0, 953, 94368
2026/08/18 19:16:40.276, 0, NVIDIA H100, 0, 0, 953, 94368
2026/08/18 19:16:40.326, 0, NVIDIA H100, 0, 0, 953, 94368
2026/08/18 19:16:40.376, 0, NVIDIA H100, 0, 0, 953, 94368
2026/08/18 19:16:40.427, 0, NVIDIA H100, 0, 0, 953, 94368
2026/08/18 19:16:40.477, 0, NVIDIA H100, 0, 0, 953, 94368
2026/08/18 19:16:40.527, 0, NVIDIA H100, 0, 0, 953, 94368
2026/08/18 19:16:40.578, 0, NVIDIA H100, 0, 0, 953, 94368
2026/08/18 19:16:40.628, 0, NVIDIA H100, 0, 0, 953, 94368
2026/08/18 19:16:40.678, 0, NVIDIA H100, 0, 0, 953, 94368
2026/08/18 19:16:40.728, 0, NVIDIA H100, 0, 0, 953, 94368
2026/08/18 19:16:40.779, 0, NVIDIA H100, 0, 0, 953, 94368
2026/08/18 19:16:40.829, 0, NVIDIA H100, 0, 0, 953, 94368
2026/08/18 19:16:40.879, 0, NVIDIA H100, 0, 0, 953, 94368
2026/08/18 19:16:40.930, 0, NVIDIA H100, 0, 0, 953, 94368
2026/08/18 19:16:40.980, 0, NVIDIA H100, 0, 0, 953, 94368
2026/08/18 19:16:41.030, 0, NVIDIA H100, 0, 0, 953, 94368
2026/08/18 19:16:41.080, 0, NVIDIA H100, 0, 0, 953, 94368
2026/08/18 19:16:41.131, 0, NVIDIA H100, 0, 0, 953, 94368
2026/08/18 19:16:41.181, 0, NVIDIA H100, 0, 0, 953, 94368
2026/08/18 19:16:41.231, 0, NVIDIA H100, 0, 0, 953, 94368
2026/08/18 19:16:41.282, 0, NVIDIA H100, 0, 0, 953, 94368
2026/08/18 19:16:41.332, 0, NVIDIA H100, 0, 0, 953, 94368
2026/08/18 19:16:41.382, 0, NVIDIA H100, 0, 0, 953, 94368
2026/08/18 19:16:41.432, 0, NVIDIA H100, 0, 0, 953, 94368
2026/08/18 19:16:41.483, 0, NVIDIA H100, 0, 0, 953, 94368
2026/08/18 19:16:41.533, 0, NVIDIA H100, 0, 0, 953, 94368
2026/08/18 19:16:41.583, 0, NVIDIA H100, 0, 0, 953, 94368
2026/08/18 19:16:41.634, 0, NVIDIA H100, 0, 0, 953, 94368
2026/08/18 19:16:41.684, 0, NVIDIA H100, 0, 0, 953, 94368
2026/08/18 19:16:41.734, 0, NVIDIA H100, 0, 0, 953, 94368
2026/08/18 19:16:41.784, 0, NVIDIA H100, 0, 0, 953, 94368
2026/08/18 19:16:41.835, 0, NVIDIA H100, 0, 0, 953, 94368
2026/08/18 19:16:41.885, 0, NVIDIA H100, 0, 0, 953, 94368
2026/08/18 19:16:41.935, 0, NVIDIA H100, 0, 0, 953, 94368
2026/08/18 19:16:41.986, 0, NVIDIA H100, 0, 0, 953, 94368
2026/08/18 19:16:42.036, 0, NVIDIA H100, 0, 0, 953, 94368
2026/08/18 19:16:42.086, 0, NVIDIA H100, 0, 0, 953, 94368
2026/08/18 19:16:42.136, 0, NVIDIA H100, 0, 0, 953, 94368
2026/08/18 19:16:42.187, 0, NVIDIA H100, 0, 0, 953, 94368
2026/08/18 19:16:42.237, 0, NVIDIA H100, 0, 0, 953, 94368
2026/08/18 19:16:42.287, 0, NVIDIA H100, 0, 0, 953, 94368
2026/08/18 19:16:42.338, 0, NVIDIA H100, 0, 0, 953, 94368
2026/08/18 19:16:42.388, 0, NVIDIA H100, 0, 0, 953, 94368
2026/08/18 19:16:42.438, 0, NVIDIA H100, 0, 0, 953, 94368
2026/08/18 19:16:42.488, 0, NVIDIA H100, 0, 0, 953, 94368
2026/08/18 19:16:42.539, 0, NVIDIA H100, 0, 0, 953, 94368
2026/08/18 19:16:42.589, 0, NVIDIA H100, 0, 0, 953, 94368
2026/08/18 19:16:42.639, 0, NVIDIA H100, 0, 0, 953, 94368
2026/08/18 19:16:42.690, 0, NVIDIA H100, 0, 0, 953, 94368
2026/08/18 19:16:42.740, 0, NVIDIA H100, 0, 0, 953, 94368
2026/08/18 19:16:42.790, 0, NVIDIA H100, 0, 0, 953, 94368
2026/08/18 19:16:42.840, 0, NVIDIA H100, 0, 0, 953, 94368
2026/08/18 19:16:42.891, 0, NVIDIA H100, 0, 0, 953, 94368
2026/08/18 19:16:42.941, 0, NVIDIA H100, 0, 0, 953, 94368
2026/08/18 19:16:42.991, 0, NVIDIA H100, 0, 0, 953, 94368
2026/08/18 19:16:43.042, 0, NVIDIA H100, 0, 0, 953, 94368
2026/08/18 19:16:43.092, 0, NVIDIA H100, 0, 0, 953, 94368
2026/08/18 19:16:43.142, 0, NVIDIA H100, 0, 0, 953, 94368
2026/08/18 19:16:43.193, 0, NVIDIA H100, 0, 0, 953, 94368
2026/08/18 19:16:43.243, 0, NVIDIA H100, 0, 0, 953, 94368
2026/08/18 19:16:43.293, 0, NVIDIA H100, 0, 0, 953, 94368
2026/08/18 19:16:43.343, 0, NVIDIA H100, 0, 0, 953, 94368
2026/08/18 19:16:43.394, 0, NVIDIA H100, 0, 0, 953, 94368
2026/08/18 19:16:43.444, 0, NVIDIA H100, 0, 0, 953, 94368
2026/08/18 19:16:43.494, 0, NVIDIA H100, 0, 0, 953, 94368
2026/08/18 19:16:43.545, 0, NVIDIA H100, 0, 0, 953, 94368
2026/08/18 19:16:43.595, 0, NVIDIA H100, 0, 0, 953, 94368
2026/08/18 19:16:43.645, 0, NVIDIA H100, 0, 0, 953, 94368
2026/08/18 19:16:43.695, 0, NVIDIA H100, 0, 0, 953, 94368
2026/08/18 19:16:43.746, 0, NVIDIA H100, 0, 0, 953, 94368
2026/08/18 19:16:43.796, 0, NVIDIA H100, 0, 0, 953, 94368
2026/08/18 19:16:43.846, 0, NVIDIA H100, 0, 0, 953, 94368
2026/08/18 19:16:43.897, 0, NVIDIA H100, 0, 0, 953, 94368
2026/08/18 19:16:43.947, 0, NVIDIA H100, 0, 0, 953, 94368
2026/08/18 19:16:43.997, 0, NVIDIA H100, 0, 0, 953, 94368
2026/08/18 19:16:44.047, 0, NVIDIA H100, 0, 0, 953, 94368
2026/08/18 19:16:44.098, 0, NVIDIA H100, 0, 0, 953, 94368
2026/08/18 19:16:44.148, 0, NVIDIA H100, 0, 0, 953, 94368
2026/08/18 19:16:44.198, 0, NVIDIA H100, 0, 0, 953, 94368
2026/08/18 19:16:44.248, 0, NVIDIA H100, 0, 0, 953, 94368
2026/08/18 19:16:44.299, 0, NVIDIA H100, 0, 0, 953, 94368
2026/08/18 19:16:44.349, 0, NVIDIA H100, 0, 0, 953, 94368
2026/08/18 19:16:44.399, 0, NVIDIA H100, 0, 0, 953, 94368
2026/08/18 19:16:44.450, 0, NVIDIA H100, 0, 0, 953, 94368
2026/08/18 19:16:44.500, 0, NVIDIA H100, 0, 0, 953, 94368
2026/08/18 19:16:44.550, 0, NVIDIA H100, 0, 0, 953, 94368
2026/08/18 19:16:44.600, 0, NVIDIA H100, 0, 0, 953, 94368
2026/08/18 19:16:44.651, 0, NVIDIA H100, 0, 0, 953, 94368
2026/08/18 19:16:44.701, 0, NVIDIA H100, 0, 0, 953, 94368
2026/08/18 19:16:44.751, 0, NVIDIA H100, 0, 0, 953, 94368
2026/08/18 19:16:44.802, 0, NVIDIA H100, 0, 0, 953, 94368
2026/08/18 19:16:44.852, 0, NVIDIA H100, 0, 0, 953, 94368
2026/08/18 19:16:44.902, 0, NVIDIA H100, 0, 0, 953, 94368
2026/08/18 19:16:44.952, 0, NVIDIA H100, 0, 0, 953, 94368
2026/08/18 19:16:45.003, 0, NVIDIA H100, 0, 0, 953, 94368
2026/08/18 19:16:45.053, 0, NVIDIA H100, 0, 0, 953, 94368
2026/08/18 19:16:45.103, 0, NVIDIA H100, 0, 0, 953, 94368
2026/08/18 19:16:45.154, 0, NVIDIA H100, 0, 0, 953, 94368
2026/08/18 19:16:45.204, 0, NVIDIA H100, 0, 0, 953, 94368
2026/08/18 19:16:45.254, 0, NVIDIA H100, 0, 0, 953, 94368
2026/08/18 19:16:45.304, 0, NVIDIA H100, 0, 0, 953, 94368
2026/08/18 19:16:45.355, 0, NVIDIA H100, 0, 0, 953, 94368
2026/08/18 19:16:45.405, 0, NVIDIA H100, 0, 0, 953, 94368
2026/08/18 19:16:45.455, 0, NVIDIA H100, 0, 0, 953, 94368
2026/08/18 19:16:45.506, 0, NVIDIA H100, 0, 0, 953, 94368
2026/08/18 19:16:45.556, 0, NVIDIA H100, 0, 0, 953, 94368
2026/08/18 19:16:45.606, 0, NVIDIA H100, 0, 0, 953, 94368
2026/08/18 19:16:45.656, 0, NVIDIA H100, 0, 0, 953, 94368
2026/08/18 19:16:45.707, 0, NVIDIA H100, 0, 0, 953, 94368
2026/08/18 19:16:45.757, 0, NVIDIA H100, 0, 0, 953, 94368
2026/08/18 19:16:45.807, 0, NVIDIA H100, 0, 0, 953, 94368
2026/08/18 19:16:45.858, 0, NVIDIA H100, 0, 0, 953, 94368
2026/08/18 19:16:45.908, 0, NVIDIA H100, 0, 0, 953, 94368
2026/08/18 19:16:45.958, 0, NVIDIA H100, 0, 0, 953, 94368
2026/08/18 19:16:46.008, 0, NVIDIA H100, 0, 0, 953, 94368
2026/08/18 19:16:46.059, 0, NVIDIA H100, 0, 0, 953, 94368
2026/08/18 19:16:46.109, 0, NVIDIA H100, 0, 0, 953, 94368
2026/08/18 19:16:46.159, 0, NVIDIA H100, 0, 0, 953, 94368
2026/08/18 19:16:46.210, 0, NVIDIA H100, 0, 0, 953, 94368
2026/08/18 19:16:46.260, 0, NVIDIA H100, 0, 0, 953, 94368
2026/08/18 19:16:46.310, 0, NVIDIA H100, 0, 0, 953, 94368
2026/08/18 19:16:46.361, 0, NVIDIA H100, 0, 0, 953, 94368
2026/08/18 19:16:46.411, 0, NVIDIA H100, 0, 0, 953, 94368
2026/08/18 19:16:46.461, 0, NVIDIA H100, 0, 0, 953, 94368
2026/08/18 19:16:46.511, 0, NVIDIA H100, 0, 0, 953, 94368
2026/08/18 19:16:46.562, 0, NVIDIA H100, 0, 0, 953, 94368
2026/08/18 19:16:46.612, 0, NVIDIA H100, 0, 0, 953, 94368
2026/08/18 19:16:46.662, 0, NVIDIA H100, 0, 0, 953, 94368
2026/08/18 19:16:46.713, 0, NVIDIA H100, 0, 0, 953, 94368
2026/08/18 19:16:46.763, 0, NVIDIA H100, 0, 0, 953, 94368
2026/08/18 19:16:46.813, 0, NVIDIA H100, 0, 0, 953, 94368
2026/08/18 19:16:46.863, 0, NVIDIA H100, 0, 0, 953, 94368
2026/08/18 19:16:46.914, 0, NVIDIA H100, 0, 0, 953, 94368
2026/08/18 19:16:46.964, 0, NVIDIA H100, 0, 0, 953, 94368
2026/08/18 19:16:47.014, 0, NVIDIA H100, 0, 0, 953, 94368
2026/08/18 19:16:47.064, 0, NVIDIA H100, 0, 0, 953, 94368
2026/08/18 19:16:47.115, 0, NVIDIA H100, 0, 0, 953, 94368
2026/08/18 19:16:47.165, 0, NVIDIA H100, 0, 0, 953, 94368
2026/08/18 19:16:47.215, 0, NVIDIA H100, 0, 0, 953, 94368
2026/08/18 19:16:47.266, 0, NVIDIA H100, 0, 0, 953, 94368
2026/08/18 19:16:47.316, 0, NVIDIA H100, 0, 0, 953, 94368
2026/08/18 19:16:47.366, 0, NVIDIA H100, 0, 0, 953, 94368
2026/08/18 19:16:47.416, 0, NVIDIA H100, 0, 0, 953, 94368
2026/08/18 19:16:47.467, 0, NVIDIA H100, 0, 0, 953, 94368
2026/08/18 19:16:47.517, 0, NVIDIA H100, 0, 0, 953, 94368
2026/08/18 19:16:47.567, 0, NVIDIA H100, 0, 0, 953, 94368
2026/08/18 19:16:47.618, 0, NVIDIA H100, 0, 0, 953, 94368
2026/08/18 19:16:47.668, 0, NVIDIA H100, 0, 0, 953, 94368
2026/08/18 19:16:47.718, 0, NVIDIA H100, 0, 0, 953, 94368
2026/08/18 19:16:47.768, 0, NVIDIA H100, 0, 0, 953, 94368
2026/08/18 19:16:47.819, 0, NVIDIA H100, 0, 0, 953, 94368
2026/08/18 19:16:47.869, 0, NVIDIA H100, 0, 0, 953, 94368
2026/08/18 19:16:47.919, 0, NVIDIA H100, 0, 0, 953, 94368
2026/08/18 19:16:47.970, 0, NVIDIA H100, 0, 0, 953, 94368
2026/08/18 19:16:48.020, 0, NVIDIA H100, 0, 0, 953, 94368
2026/08/18 19:16:48.070, 0, NVIDIA H100, 0, 0, 953, 94368
2026/08/18 19:16:48.120, 0, NVIDIA H100, 0, 0, 953, 94368
2026/08/18 19:16:48.171, 0, NVIDIA H100, 0, 0, 953, 94368
2026/08/18 19:16:48.221, 0, NVIDIA H100, 0, 0, 953, 94368
2026/08/18 19:16:48.271, 0, NVIDIA H100, 0, 0, 953, 94368
2026/08/18 19:16:48.322, 0, NVIDIA H100, 0, 0, 953, 94368
2026/08/18 19:16:48.372, 0, NVIDIA H100, 0, 0, 953, 94368
2026/08/18 19:16:48.422, 0, NVIDIA H100, 0, 0, 953, 94368
2026/08/18 19:16:48.472, 0, NVIDIA H100, 0, 0, 953, 94368
2026/08/18 19:16:48.523, 0, NVIDIA H100, 0, 0, 953, 94368
2026/08/18 19:16:48.573, 0, NVIDIA H100, 0, 0, 953, 94368
2026/08/18 19:16:48.623, 0, NVIDIA H100, 0, 0, 953, 94368
2026/08/18 19:16:48.674, 0, NVIDIA H100, 0, 0, 953, 94368
2026/08/18 19:16:48.724, 0, NVIDIA H100, 0, 0, 953, 94368
2026/08/18 19:16:48.774, 0, NVIDIA H100, 0, 0, 953, 94368
2026/08/18 19:16:48.824, 0, NVIDIA H100, 0, 0, 953, 94368
2026/08/18 19:16:48.875, 0, NVIDIA H100, 0, 0, 953, 94368
2026/08/18 19:16:48.925, 0, NVIDIA H100, 0, 0, 953, 94368
2026/08/18 19:16:48.975, 0, NVIDIA H100, 0, 0, 953, 94368
2026/08/18 19:16:49.026, 0, NVIDIA H100, 0, 0, 953, 94368
2026/08/18 19:16:49.076, 0, NVIDIA H100, 0, 0, 953, 94368
2026/08/18 19:16:49.126, 0, NVIDIA H100, 0, 0, 953, 94368
2026/08/18 19:16:49.176, 0, NVIDIA H100, 0, 0, 953, 94368
2026/08/18 19:16:49.227, 0, NVIDIA H100, 0, 0, 953, 94368
2026/08/18 19:16:49.277, 0, NVIDIA H100, 0, 0, 953, 94368
2026/08/18 19:16:49.327, 0, NVIDIA H100, 0, 0, 953, 94368
2026/08/18 19:16:49.378, 0, NVIDIA H100, 0, 0, 953, 94368
2026/08/18 19:16:49.428, 0, NVIDIA H100, 0, 0, 953, 94368
2026/08/18 19:16:49.478, 0, NVIDIA H100, 0, 0, 953, 94368
2026/08/18 19:16:49.528, 0, NVIDIA H100, 0, 0, 953, 94368
2026/08/18 19:16:49.579, 0, NVIDIA H100, 0, 0, 953, 94368
2026/08/18 19:16:49.629, 0, NVIDIA H100, 0, 0, 953, 94368
2026/08/18 19:16:49.679, 0, NVIDIA H100, 0, 0, 953, 94368
2026/08/18 19:16:49.730, 0, NVIDIA H100, 0, 0, 953, 94368
2026/08/18 19:16:49.780, 0, NVIDIA H100, 0, 0, 953, 94368
2026/08/18 19:16:49.830, 0, NVIDIA H100, 0, 0, 953, 94368
2026/08/18 19:16:49.880, 0, NVIDIA H100, 0, 0, 953, 94368
2026/08/18 19:16:49.931, 0, NVIDIA H100, 0, 0, 953, 94368
2026/08/18 19:16:49.981, 0, NVIDIA H100, 0, 0, 953, 94368
2026/08/18 19:16:50.031, 0, NVIDIA H100, 0, 0, 953, 94368
2026/08/18 19:16:50.082, 0, NVIDIA H100, 0, 0, 953, 94368
2026/08/18 19:16:50.132, 0, NVIDIA H100, 0, 0, 953, 94368
2026/08/18 19:16:50.182, 0, NVIDIA H100, 0, 0, 953, 94368
2026/08/18 19:16:50.232, 0, NVIDIA H100, 0, 0, 953, 94368
2026/08/18 19:16:50.283, 0, NVIDIA H100, 0, 0, 953, 94368
2026/08/18 19:16:50.333, 0, NVIDIA H100, 0, 0, 953, 94368
2026/08/18 19:16:50.383, 0, NVIDIA H100, 0, 0, 953, 94368
2026/08/18 19:16:50.434, 0, NVIDIA H100, 0, 0, 953, 94368
2026/08/18 19:16:50.484, 0, NVIDIA H100, 0, 0, 953, 94368
2026/08/18 19:16:50.534, 0, NVIDIA H100, 0, 0, 953, 94368
2026/08/18 19:16:50.584, 0, NVIDIA H100, 0, 0, 953, 94368
2026/08/18 19:16:50.635, 0, NVIDIA H100, 0, 0, 953, 94368
2026/08/18 19:16:50.685, 0, NVIDIA H100, 0, 0, 953, 94368
2026/08/18 19:16:50.735, 0, NVIDIA H100, 0, 0, 953, 94368
2026/08/18 19:16:50.786, 0, NVIDIA H100, 0, 0, 953, 94368
2026/08/18 19:16:50.836, 0, NVIDIA H100, 0, 0, 953, 94368
2026/08/18 19:16:50.886, 0, NVIDIA H100, 0, 0, 953, 94368
2026/08/18 19:16:50.937, 0, NVIDIA H100, 0, 0, 953, 94368
2026/08/18 19:16:50.987, 0, NVIDIA H100, 0, 0, 953, 94368
2026/08/18 19:16:51.037, 0, NVIDIA H100, 0, 0, 953, 94368
2026/08/18 19:16:51.087, 0, NVIDIA H100, 0, 0, 953, 94368
2026/08/18 19:16:51.138, 0, NVIDIA H100, 0, 0, 953, 94368
2026/08/18 19:16:51.188, 0, NVIDIA H100, 0, 0, 953, 94368
2026/08/18 19:16:51.238, 0, NVIDIA H100, 0, 0, 953, 94368
2026/08/18 19:16:51.289, 0, NVIDIA H100, 0, 0, 953, 94368
2026/08/18 19:16:51.339, 0, NVIDIA H100, 0, 0, 953, 94368
2026/08/18 19:16:51.389, 0, NVIDIA H100, 0, 0, 953, 94368
2026/08/18 19:16:51.439, 0, NVIDIA H100, 0, 0, 953, 94368
2026/08/18 19:16:51.490, 0, NVIDIA H100, 0, 0, 953, 94368
2026/08/18 19:16:51.540, 0, NVIDIA H100, 0, 0, 953, 94368
2026/08/18 19:16:51.590, 0, NVIDIA H100, 0, 0, 953, 94368
2026/08/18 19:16:51.641, 0, NVIDIA H100, 0, 0, 953, 94368
2026/08/18 19:16:51.691, 0, NVIDIA H100, 0, 0, 953, 94368
2026/08/18 19:16:51.741, 0, NVIDIA H100, 0, 0, 953, 94368
2026/08/18 19:16:51.791, 0, NVIDIA H100, 0, 0, 953, 94368
2026/08/18 19:16:51.842, 0, NVIDIA H100, 0, 0, 953, 94368
2026/08/18 19:16:51.892, 0, NVIDIA H100, 0, 0, 953, 94368
2026/08/18 19:16:51.942, 0, NVIDIA H100, 0, 0, 953, 94368
2026/08/18 19:16:51.993, 0, NVIDIA H100, 0, 0, 953, 94368
2026/08/18 19:16:52.043, 0, NVIDIA H100, 0, 0, 953, 94368
2026/08/18 19:16:52.093, 0, NVIDIA H100, 0, 0, 953, 94368
2026/08/18 19:16:52.143, 0, NVIDIA H100, 0, 0, 953, 94368
2026/08/18 19:16:52.194, 0, NVIDIA H100, 0, 0, 953, 94368
2026/08/18 19:16:52.244, 0, NVIDIA H100, 0, 0, 953, 94368
2026/08/18 19:16:52.294, 0, NVIDIA H100, 0, 0, 953, 94368
2026/08/18 19:16:52.345, 0, NVIDIA H100, 0, 0, 953, 94368
2026/08/18 19:16:52.395, 0, NVIDIA H100, 0, 0, 953, 94368
2026/08/18 19:16:52.445, 0, NVIDIA H100, 0, 0, 953, 94368
2026/08/18 19:16:52.495, 0, NVIDIA H100, 0, 0, 953, 94368
2026/08/18 19:16:52.546, 0, NVIDIA H100, 0, 0, 953, 94368
2026/08/18 19:16:52.596, 0, NVIDIA H100, 0, 0, 953, 94368
2026/08/18 19:16:52.646, 0, NVIDIA H100, 0, 0, 953, 94368
2026/08/18 19:16:52.697, 0, NVIDIA H100, 0, 0, 953, 94368
2026/08/18 19:16:52.747, 0, NVIDIA H100, 0, 0, 953, 94368
2026/08/18 19:16:52.797, 0, NVIDIA H100, 0, 0, 953, 94368
2026/08/18 19:16:52.847, 0, NVIDIA H100, 0, 0, 953, 94368
2026/08/18 19:16:52.898, 0, NVIDIA H100, 0, 0, 953, 94368
2026/08/18 19:16:52.948, 0, NVIDIA H100, 0, 0, 953, 94368
2026/08/18 19:16:52.998, 0, NVIDIA H100, 0, 0, 953, 94368
2026/08/18 19:16:53.049, 0, NVIDIA H100, 0, 0, 953, 94368
2026/08/18 19:16:53.099, 0, NVIDIA H100, 0, 0, 953, 94368
2026/08/18 19:16:53.149, 0, NVIDIA H100, 0, 0, 953, 94368
2026/08/18 19:16:53.199, 0, NVIDIA H100, 0, 0, 953, 94368
2026/08/18 19:16:53.250, 0, NVIDIA H100, 0, 0, 953, 94368
2026/08/18 19:16:53.300, 0, NVIDIA H100, 0, 0, 953, 94368
2026/08/18 19:16:53.350, 0, NVIDIA H100, 0, 0, 953, 94368
2026/08/18 19:16:53.401, 0, NVIDIA H100, 0, 0, 953, 94368
2026/08/18 19:16:53.451, 0, NVIDIA H100, 0, 0, 953, 94368
2026/08/18 19:16:53.501, 0, NVIDIA H100, 0, 0, 953, 94368
2026/08/18 19:16:53.551, 0, NVIDIA H100, 0, 0, 953, 94368
2026/08/18 19:16:53.602, 0, NVIDIA H100, 0, 0, 953, 94368
2026/08/18 19:16:53.652, 0, NVIDIA H100, 0, 0, 953, 94368
2026/08/18 19:16:53.702, 0, NVIDIA H100, 0, 0, 953, 94368
2026/08/18 19:16:53.753, 0, NVIDIA H100, 0, 0, 953, 94368
2026/08/18 19:16:53.803, 0, NVIDIA H100, 0, 0, 953, 94368
2026/08/18 19:16:53.853, 0, NVIDIA H100, 0, 0, 953, 94368
2026/08/18 19:16:53.903, 0, NVIDIA H100, 0, 0, 953, 94368
2026/08/18 19:16:53.954, 0, NVIDIA H100, 0, 0, 953, 94368
2026/08/18 19:16:54.004, 0, NVIDIA H100, 0, 0, 953, 94368
2026/08/18 19:16:54.054, 0, NVIDIA H100, 0, 0, 953, 94368
2026/08/18 19:16:54.105, 0, NVIDIA H100, 0, 0, 953, 94368
2026/08/18 19:16:54.155, 0, NVIDIA H100, 0, 0, 953, 94368
2026/08/18 19:16:54.205, 0, NVIDIA H100, 0, 0, 953, 94368
2026/08/18 19:16:54.256, 0, NVIDIA H100, 0, 0, 953, 94368
2026/08/18 19:16:54.306, 0, NVIDIA H100, 0, 0, 953, 94368
2026/08/18 19:16:54.356, 0, NVIDIA H100, 0, 0, 953, 94368
2026/08/18 19:16:54.406, 0, NVIDIA H100, 0, 0, 953, 94368
2026/08/18 19:16:54.457, 0, NVIDIA H100, 0, 0, 953, 94368
2026/08/18 19:16:54.507, 0, NVIDIA H100, 0, 0, 953, 94368
2026/08/18 19:16:54.557, 0, NVIDIA H100, 0, 0, 953, 94368
2026/08/18 19:16:54.607, 0, NVIDIA H100, 0, 0, 953, 94368
2026/08/18 19:16:54.658, 0, NVIDIA H100, 0, 0, 953, 94368
2026/08/18 19:16:54.708, 0, NVIDIA H100, 0, 0, 953, 94368
2026/08/18 19:16:54.758, 0, NVIDIA H100, 0, 0, 953, 94368
2026/08/18 19:16:54.809, 0, NVIDIA H100, 0, 0, 953, 94368
2026/08/18 19:16:54.859, 0, NVIDIA H100, 0, 0, 953, 94368
2026/08/18 19:16:54.909, 0, NVIDIA H100, 0, 0, 953, 94368
2026/08/18 19:16:54.959, 0, NVIDIA H100, 0, 0, 953, 94368
2026/08/18 19:16:55.010, 0, NVIDIA H100, 0, 0, 953, 94368
2026/08/18 19:16:55.060, 0, NVIDIA H100, 0, 0, 953, 94368
2026/08/18 19:16:55.110, 0, NVIDIA H100, 0, 0, 953, 94368
2026/08/18 19:16:55.161, 0, NVIDIA H100, 0, 0, 953, 94368
2026/08/18 19:16:55.211, 0, NVIDIA H100, 0, 0, 953, 94368
2026/08/18 19:16:55.261, 0, NVIDIA H100, 0, 0, 953, 94368
2026/08/18 19:16:55.312, 0, NVIDIA H100, 0, 0, 953, 94368
2026/08/18 19:16:55.362, 0, NVIDIA H100, 0, 0, 953, 94368
2026/08/18 19:16:55.412, 0, NVIDIA H100, 0, 0, 953, 94368
2026/08/18 19:16:55.462, 0, NVIDIA H100, 0, 0, 953, 94368
2026/08/18 19:16:55.513, 0, NVIDIA H100, 0, 0, 953, 94368
2026/08/18 19:16:55.563, 0, NVIDIA H100, 0, 0, 953, 94368
2026/08/18 19:16:55.613, 0, NVIDIA H100, 0, 0, 953, 94368
2026/08/18 19:16:55.664, 0, NVIDIA H100, 0, 0, 953, 94368
2026/08/18 19:16:55.714, 0, NVIDIA H100, 0, 0, 953, 94368
2026/08/18 19:16:55.764, 0, NVIDIA H100, 0, 0, 953, 94368
2026/08/18 19:16:55.814, 0, NVIDIA H100, 0, 0, 953, 94368
2026/08/18 19:16:55.865, 0, NVIDIA H100, 0, 0, 953, 94368
2026/08/18 19:16:55.915, 0, NVIDIA H100, 0, 0, 953, 94368
2026/08/18 19:16:55.965, 0, NVIDIA H100, 0, 0, 953, 94368
2026/08/18 19:16:56.016, 0, NVIDIA H100, 0, 0, 953, 94368
2026/08/18 19:16:56.066, 0, NVIDIA H100, 0, 0, 953, 94368
2026/08/18 19:16:56.116, 0, NVIDIA H100, 0, 0, 953, 94368
2026/08/18 19:16:56.166, 0, NVIDIA H100, 0, 0, 953, 94368
2026/08/18 19:16:56.217, 0, NVIDIA H100, 0, 0, 953, 94368
2026/08/18 19:16:56.267, 0, NVIDIA H100, 0, 0, 953, 94368
2026/08/18 19:16:56.317, 0, NVIDIA H100, 0, 0, 953, 94368
2026/08/18 19:16:56.368, 0, NVIDIA H100, 0, 0, 953, 94368
2026/08/18 19:16:56.418, 0, NVIDIA H100, 0, 0, 953, 94368
2026/08/18 19:16:56.468, 0, NVIDIA H100, 0, 0, 953, 94368
2026/08/18 19:16:56.518, 0, NVIDIA H100, 0, 0, 953, 94368
2026/08/18 19:16:56.569, 0, NVIDIA H100, 0, 0, 953, 94368
2026/08/18 19:16:56.619, 0, NVIDIA H100, 0, 0, 953, 94368
2026/08/18 19:16:56.669, 0, NVIDIA H100, 0, 0, 953, 94368
2026/08/18 19:16:56.720, 0, NVIDIA H100, 0, 0, 953, 94368
2026/08/18 19:16:56.770, 0, NVIDIA H100, 0, 0, 953, 94368
2026/08/18 19:16:56.820, 0, NVIDIA H100, 0, 0, 953, 94368
2026/08/18 19:16:56.870, 0, NVIDIA H100, 0, 0, 953, 94368
2026/08/18 19:16:56.921, 0, NVIDIA H100, 0, 0, 953, 94368
2026/08/18 19:16:56.971, 0, NVIDIA H100, 0, 0, 953, 94368
2026/08/18 19:16:57.021, 0, NVIDIA H100, 0, 0, 953, 94368
2026/08/18 19:16:57.072, 0, NVIDIA H100, 0, 0, 953, 94368
2026/08/18 19:16:57.122, 0, NVIDIA H100, 0, 0, 953, 94368
2026/08/18 19:16:57.172, 0, NVIDIA H100, 0, 0, 953, 94368
2026/08/18 19:16:57.222, 0, NVIDIA H100, 0, 0, 953, 94368
2026/08/18 19:16:57.273, 0, NVIDIA H100, 0, 0, 953, 94368
2026/08/18 19:16:57.323, 0, NVIDIA H100, 0, 0, 953, 94368
2026/08/18 19:16:57.373, 0, NVIDIA H100, 0, 0, 953, 94368
2026/08/18 19:16:57.424, 0, NVIDIA H100, 0, 0, 953, 94368
2026/08/18 19:16:57.474, 0, NVIDIA H100, 0, 0, 953, 94368
2026/08/18 19:16:57.524, 0, NVIDIA H100, 0, 0, 953, 94368
2026/08/18 19:16:57.574, 0, NVIDIA H100, 0, 0, 953, 94368
2026/08/18 19:16:57.625, 0, NVIDIA H100, 0, 0, 953, 94368
2026/08/18 19:16:57.675, 0, NVIDIA H100, 0, 0, 953, 94368
2026/08/18 19:16:57.725, 0, NVIDIA H100, 0, 0, 953, 94368
2026/08/18 19:16:57.776, 0, NVIDIA H100, 0, 0, 953, 94368
2026/08/18 19:16:57.826, 0, NVIDIA H100, 0, 0, 953, 94368
2026/08/18 19:16:57.876, 0, NVIDIA H100, 0, 0, 953, 94368
2026/08/18 19:16:57.926, 0, NVIDIA H100, 0, 0, 953, 94368
2026/08/18 19:16:57.977, 0, NVIDIA H100, 0, 0, 953, 94368
2026/08/18 19:16:58.027, 0, NVIDIA H100, 0, 0, 953, 94368
2026/08/18 19:16:58.077, 0, NVIDIA H100, 0, 0, 953, 94368
2026/08/18 19:16:58.128, 0, NVIDIA H100, 0, 0, 953, 94368
2026/08/18 19:16:58.178, 0, NVIDIA H100, 0, 0, 953, 94368
2026/08/18 19:16:58.228, 0, NVIDIA H100, 0, 0, 953, 94368
2026/08/18 19:16:58.279, 0, NVIDIA H100, 0, 0, 953, 94368
2026/08/18 19:16:58.329, 0, NVIDIA H100, 0, 0, 953, 94368
2026/08/18 19:16:58.379, 0, NVIDIA H100, 0, 0, 953, 94368
2026/08/18 19:16:58.429, 0, NVIDIA H100, 0, 0, 953, 94368
2026/08/18 19:16:58.480, 0, NVIDIA H100, 0, 0, 953, 94368
2026/08/18 19:16:58.530, 0, NVIDIA H100, 0, 0, 953, 94368
2026/08/18 19:16:58.580, 0, NVIDIA H100, 0, 0, 953, 94368
2026/08/18 19:16:58.630, 0, NVIDIA H100, 0, 0, 953, 94368
2026/08/18 19:16:58.681, 0, NVIDIA H100, 0, 0, 953, 94368
2026/08/18 19:16:58.731, 0, NVIDIA H100, 0, 0, 953, 94368
2026/08/18 19:16:58.781, 0, NVIDIA H100, 0, 0, 953, 94368
2026/08/18 19:16:58.832, 0, NVIDIA H100, 0, 0, 953, 94368
2026/08/18 19:16:58.882, 0, NVIDIA H100, 0, 0, 953, 94368
2026/08/18 19:16:58.932, 0, NVIDIA H100, 0, 0, 953, 94368
2026/08/18 19:16:58.983, 0, NVIDIA H100, 0, 0, 953, 94368
2026/08/18 19:16:59.033, 0, NVIDIA H100, 0, 0, 953, 94368
2026/08/18 19:16:59.083, 0, NVIDIA H100, 0, 0, 953, 94368
2026/08/18 19:16:59.133, 0, NVIDIA H100, 0, 0, 953, 94368
2026/08/18 19:16:59.184, 0, NVIDIA H100, 0, 0, 953, 94368
2026/08/18 19:16:59.234, 0, NVIDIA H100, 0, 0, 953, 94368
2026/08/18 19:16:59.284, 0, NVIDIA H100, 0, 0, 953, 94368
2026/08/18 19:16:59.335, 0, NVIDIA H100, 0, 0, 953, 94368
2026/08/18 19:16:59.385, 0, NVIDIA H100, 0, 0, 953, 94368
2026/08/18 19:16:59.435, 0, NVIDIA H100, 0, 0, 953, 94368
2026/08/18 19:16:59.485, 0, NVIDIA H100, 0, 0, 953, 94368
2026/08/18 19:16:59.536, 0, NVIDIA H100, 0, 0, 953, 94368
2026/08/18 19:16:59.586, 0, NVIDIA H100, 0, 0, 953, 94368
2026/08/18 19:16:59.636, 0, NVIDIA H100, 0, 0, 953, 94368
2026/08/18 19:16:59.687, 0, NVIDIA H100, 0, 0, 953, 94368
2026/08/18 19:16:59.737, 0, NVIDIA H100, 0, 0, 953, 94368
2026/08/18 19:16:59.787, 0, NVIDIA H100, 0, 0, 953, 94368
2026/08/18 19:16:59.837, 0, NVIDIA H100, 0, 0, 953, 94368
2026/08/18 19:16:59.888, 0, NVIDIA H100, 0, 0, 953, 94368
2026/08/18 19:16:59.938, 0, NVIDIA H100, 0, 0, 953, 94368
2026/08/18 19:16:59.988, 0, NVIDIA H100, 0, 0, 953, 94368
2026/08/18 19:17:00.039, 0, NVIDIA H100, 0, 0, 953, 94368
2026/08/18 19:17:00.089, 0, NVIDIA H100, 0, 0, 953, 94368
2026/08/18 19:17:00.139, 0, NVIDIA H100, 0, 0, 953, 94368
2026/08/18 19:17:00.189, 0, NVIDIA H100, 0, 0, 953, 94368
2026/08/18 19:17:00.240, 0, NVIDIA H100, 0, 0, 953, 94368
2026/08/18 19:17:00.290, 0, NVIDIA H100, 0, 0, 953, 94368
2026/08/18 19:17:00.340, 0, NVIDIA H100, 0, 0, 953, 94368
2026/08/18 19:17:00.391, 0, NVIDIA H100, 0, 0, 953, 94368
2026/08/18 19:17:00.441, 0, NVIDIA H100, 0, 0, 953, 94368
2026/08/18 19:17:00.491, 0, NVIDIA H100, 0, 0, 953, 94368
2026/08/18 19:17:00.541, 0, NVIDIA H100, 0, 0, 953, 94368
2026/08/18 19:17:00.592, 0, NVIDIA H100, 0, 0, 953, 94368
2026/08/18 19:17:00.642, 0, NVIDIA H100, 0, 0, 953, 94368
2026/08/18 19:17:00.692, 0, NVIDIA H100, 0, 0, 953, 94368
2026/08/18 19:17:00.743, 0, NVIDIA H100, 0, 0, 953, 94368
2026/08/18 19:17:00.793, 0, NVIDIA H100, 0, 0, 953, 94368
2026/08/18 19:17:00.843, 0, NVIDIA H100, 0, 0, 953, 94368
2026/08/18 19:17:00.893, 0, NVIDIA H100, 0, 0, 953, 94368
2026/08/18 19:17:00.944, 0, NVIDIA H100, 0, 0, 953, 94368
2026/08/18 19:17:00.994, 0, NVIDIA H100, 0, 0, 953, 94368
2026/08/18 19:17:01.044, 0, NVIDIA H100, 0, 0, 953, 94368
2026/08/18 19:17:01.095, 0, NVIDIA H100, 0, 0, 953, 94368
2026/08/18 19:17:01.145, 0, NVIDIA H100, 0, 0, 953, 94368
2026/08/18 19:17:01.195, 0, NVIDIA H100, 0, 0, 953, 94368
2026/08/18 19:17:01.246, 0, NVIDIA H100, 0, 0, 953, 94368
2026/08/18 19:17:01.296, 0, NVIDIA H100, 0, 0, 953, 94368
2026/08/18 19:17:01.346, 0, NVIDIA H100, 0, 0, 953, 94368
2026/08/18 19:17:01.396, 0, NVIDIA H100, 0, 0, 953, 94368
2026/08/18 19:17:01.447, 0, NVIDIA H100, 0, 0, 953, 94368
2026/08/18 19:17:01.497, 0, NVIDIA H100, 0, 0, 953, 94368
2026/08/18 19:17:01.547, 0, NVIDIA H100, 0, 0, 953, 94368
2026/08/18 19:17:01.598, 0, NVIDIA H100, 0, 0, 953, 94368
2026/08/18 19:17:01.648, 0, NVIDIA H100, 0, 0, 953, 94368
2026/08/18 19:17:01.698, 0, NVIDIA H100, 0, 0, 953, 94368
2026/08/18 19:17:01.748, 0, NVIDIA H100, 0, 0, 953, 94368
2026/08/18 19:17:01.799, 0, NVIDIA H100, 0, 0, 953, 94368
2026/08/18 19:17:01.849, 0, NVIDIA H100, 0, 0, 953, 94368
2026/08/18 19:17:01.899, 0, NVIDIA H100, 0, 0, 953, 94368
2026/08/18 19:17:01.950, 0, NVIDIA H100, 0, 0, 953, 94368
2026/08/18 19:17:02.000, 0, NVIDIA H100, 0, 0, 953, 94368
2026/08/18 19:17:02.050, 0, NVIDIA H100, 0, 0, 953, 94368
2026/08/18 19:17:02.100, 0, NVIDIA H100, 0, 0, 953, 94368
2026/08/18 19:17:02.151, 0, NVIDIA H100, 0, 0, 953, 94368
2026/08/18 19:17:02.201, 0, NVIDIA H100, 0, 0, 953, 94368
2026/08/18 19:17:02.251, 0, NVIDIA H100, 0, 0, 953, 94368
2026/08/18 19:17:02.302, 0, NVIDIA H100, 0, 0, 953, 94368
2026/08/18 19:17:02.352, 0, NVIDIA H100, 0, 0, 953, 94368
2026/08/18 19:17:02.402, 0, NVIDIA H100, 0, 0, 953, 94368
2026/08/18 19:17:02.452, 0, NVIDIA H100, 0, 0, 953, 94368
2026/08/18 19:17:02.503, 0, NVIDIA H100, 0, 0, 953, 94368
2026/08/18 19:17:02.553, 0, NVIDIA H100, 0, 0, 953, 94368
2026/08/18 19:17:02.603, 0, NVIDIA H100, 0, 0, 953, 94368
2026/08/18 19:17:02.654, 0, NVIDIA H100, 0, 0, 953, 94368
2026/08/18 19:17:02.704, 0, NVIDIA H100, 0, 0, 953, 94368
2026/08/18 19:17:02.754, 0, NVIDIA H100, 0, 0, 953, 94368
2026/08/18 19:17:02.804, 0, NVIDIA H100, 0, 0, 953, 94368
2026/08/18 19:17:02.855, 0, NVIDIA H100, 0, 0, 953, 94368
2026/08/18 19:17:02.905, 0, NVIDIA H100, 0, 0, 953, 94368
2026/08/18 19:17:02.955, 0, NVIDIA H100, 0, 0, 953, 94368
2026/08/18 19:17:03.006, 0, NVIDIA H100, 0, 0, 953, 94368
2026/08/18 19:17:03.056, 0, NVIDIA H100, 0, 0, 953, 94368
2026/08/18 19:17:03.106, 0, NVIDIA H100, 0, 0, 953, 94368
2026/08/18 19:17:03.156, 0, NVIDIA H100, 0, 0, 953, 94368
2026/08/18 19:17:03.207, 0, NVIDIA H100, 0, 0, 953, 94368
2026/08/18 19:17:03.257, 0, NVIDIA H100, 0, 0, 953, 94368
2026/08/18 19:17:03.307, 0, NVIDIA H100, 0, 0, 953, 94368
2026/08/18 19:17:03.358, 0, NVIDIA H100, 0, 0, 953, 94368
2026/08/18 19:17:03.408, 0, NVIDIA H100, 0, 0, 953, 94368
2026/08/18 19:17:03.458, 0, NVIDIA H100, 0, 0, 953, 94368
2026/08/18 19:17:03.508, 0, NVIDIA H100, 0, 0, 953, 94368
2026/08/18 19:17:03.559, 0, NVIDIA H100, 0, 0, 953, 94368
2026/08/18 19:17:03.609, 0, NVIDIA H100, 0, 0, 953, 94368
2026/08/18 19:17:03.659, 0, NVIDIA H100, 0, 0, 953, 94368
2026/08/18 19:17:03.710, 0, NVIDIA H100, 0, 0, 953, 94368
2026/08/18 19:17:03.760, 0, NVIDIA H100, 0, 0, 953, 94368
2026/08/18 19:17:03.810, 0, NVIDIA H100, 0, 0, 953, 94368
2026/08/18 19:17:03.860, 0, NVIDIA H100, 0, 0, 953, 94368
2026/08/18 19:17:03.911, 0, NVIDIA H100, 0, 0, 953, 94368
2026/08/18 19:17:03.961, 0, NVIDIA H100, 0, 0, 953, 94368
2026/08/18 19:17:04.011, 0, NVIDIA H100, 0, 0, 953, 94368
2026/08/18 19:17:04.062, 0, NVIDIA H100, 0, 0, 953, 94368
2026/08/18 19:17:04.112, 0, NVIDIA H100, 0, 0, 953, 94368
2026/08/18 19:17:04.162, 0, NVIDIA H100, 0, 0, 953, 94368
2026/08/18 19:17:04.212, 0, NVIDIA H100, 0, 0, 953, 94368
2026/08/18 19:17:04.263, 0, NVIDIA H100, 0, 0, 953, 94368
2026/08/18 19:17:04.313, 0, NVIDIA H100, 0, 0, 953, 94368
2026/08/18 19:17:04.363, 0, NVIDIA H100, 0, 0, 953, 94368
2026/08/18 19:17:04.414, 0, NVIDIA H100, 0, 0, 953, 94368
2026/08/18 19:17:04.464, 0, NVIDIA H100, 0, 0, 953, 94368
2026/08/18 19:17:04.514, 0, NVIDIA H100, 0, 0, 953, 94368
2026/08/18 19:17:04.564, 0, NVIDIA H100, 0, 0, 953, 94368
2026/08/18 19:17:04.615, 0, NVIDIA H100, 0, 0, 953, 94368
2026/08/18 19:17:04.665, 0, NVIDIA H100, 0, 0, 953, 94368
2026/08/18 19:17:04.715, 0, NVIDIA H100, 0, 0, 953, 94368
2026/08/18 19:17:04.766, 0, NVIDIA H100, 0, 0, 953, 94368
2026/08/18 19:17:04.816, 0, NVIDIA H100, 0, 0, 953, 94368
2026/08/18 19:17:04.866, 0, NVIDIA H100, 0, 0, 953, 94368
2026/08/18 19:17:04.916, 0, NVIDIA H100, 0, 0, 953, 94368
2026/08/18 19:17:04.967, 0, NVIDIA H100, 0, 0, 953, 94368
2026/08/18 19:17:05.017, 0, NVIDIA H100, 0, 0, 953, 94368
2026/08/18 19:17:05.067, 0, NVIDIA H100, 0, 0, 953, 94368
2026/08/18 19:17:05.118, 0, NVIDIA H100, 0, 0, 953, 94368
2026/08/18 19:17:05.168, 0, NVIDIA H100, 0, 0, 953, 94368
2026/08/18 19:17:05.218, 0, NVIDIA H100, 0, 0, 953, 94368
2026/08/18 19:17:05.268, 0, NVIDIA H100, 0, 0, 953, 94368
2026/08/18 19:17:05.319, 0, NVIDIA H100, 0, 0, 953, 94368
2026/08/18 19:17:05.369, 0, NVIDIA H100, 0, 0, 953, 94368
2026/08/18 19:17:05.419, 0, NVIDIA H100, 0, 0, 953, 94368
2026/08/18 19:17:05.470, 0, NVIDIA H100, 0, 0, 953, 94368
2026/08/18 19:17:05.520, 0, NVIDIA H100, 0, 0, 953, 94368
2026/08/18 19:17:05.570, 0, NVIDIA H100, 0, 0, 953, 94368
2026/08/18 19:17:05.620, 0, NVIDIA H100, 0, 0, 953, 94368
2026/08/18 19:17:05.671, 0, NVIDIA H100, 0, 0, 953, 94368
2026/08/18 19:17:05.721, 0, NVIDIA H100, 0, 0, 953, 94368
2026/08/18 19:17:05.771, 0, NVIDIA H100, 0, 0, 953, 94368
2026/08/18 19:17:05.822, 0, NVIDIA H100, 0, 0, 953, 94368
2026/08/18 19:17:05.872, 0, NVIDIA H100, 0, 0, 953, 94368
2026/08/18 19:17:05.922, 0, NVIDIA H100, 0, 0, 953, 94368
2026/08/18 19:17:05.972, 0, NVIDIA H100, 0, 0, 953, 94368
2026/08/18 19:17:06.023, 0, NVIDIA H100, 0, 0, 953, 94368
2026/08/18 19:17:06.073, 0, NVIDIA H100, 0, 0, 953, 94368
2026/08/18 19:17:06.123, 0, NVIDIA H100, 0, 0, 953, 94368
2026/08/18 19:17:06.174, 0, NVIDIA H100, 0, 0, 953, 94368
2026/08/18 19:17:06.224, 0, NVIDIA H100, 0, 0, 953, 94368
2026/08/18 19:17:06.274, 0, NVIDIA H100, 0, 0, 953, 94368
2026/08/18 19:17:06.324, 0, NVIDIA H100, 0, 0, 953, 94368
2026/08/18 19:17:06.375, 0, NVIDIA H100, 0, 0, 953, 94368
2026/08/18 19:17:06.425, 0, NVIDIA H100, 0, 0, 953, 94368
2026/08/18 19:17:06.475, 0, NVIDIA H100, 0, 0, 953, 94368
2026/08/18 19:17:06.526, 0, NVIDIA H100, 0, 0, 953, 94368
2026/08/18 19:17:06.576, 0, NVIDIA H100, 0, 0, 953, 94368
2026/08/18 19:17:06.626, 0, NVIDIA H100, 0, 0, 953, 94368
2026/08/18 19:17:06.676, 0, NVIDIA H100, 0, 0, 953, 94368
2026/08/18 19:17:06.727, 0, NVIDIA H100, 0, 0, 953, 94368
2026/08/18 19:17:06.777, 0, NVIDIA H100, 0, 0, 953, 94368
2026/08/18 19:17:06.827, 0, NVIDIA H100, 0, 0, 953, 94368
2026/08/18 19:17:06.878, 0, NVIDIA H100, 0, 0, 953, 94368
2026/08/18 19:17:06.928, 0, NVIDIA H100, 0, 0, 953, 94368
2026/08/18 19:17:06.978, 0, NVIDIA H100, 0, 0, 953, 94368
2026/08/18 19:17:07.029, 0, NVIDIA H100, 0, 0, 953, 94368
2026/08/18 19:17:07.079, 0, NVIDIA H100, 0, 0, 953, 94368
2026/08/18 19:17:07.129, 0, NVIDIA H100, 0, 0, 953, 94368
2026/08/18 19:17:07.179, 0, NVIDIA H100, 0, 0, 953, 94368
2026/08/18 19:17:07.230, 0, NVIDIA H100, 0, 0, 953, 94368
2026/08/18 19:17:07.280, 0, NVIDIA H100, 0, 0, 953, 94368
2026/08/18 19:17:07.330, 0, NVIDIA H100, 0, 0, 953, 94368
2026/08/18 19:17:07.380, 0, NVIDIA H100, 0, 0, 953, 94368
2026/08/18 19:17:07.431, 0, NVIDIA H100, 0, 0, 953, 94368
2026/08/18 19:17:07.481, 0, NVIDIA H100, 0, 0, 953, 94368
2026/08/18 19:17:07.531, 0, NVIDIA H100, 0, 0, 953, 94368
2026/08/18 19:17:07.582, 0, NVIDIA H100, 0, 0, 953, 94368
2026/08/18 19:17:07.632, 0, NVIDIA H100, 0, 0, 953, 94368
2026/08/18 19:17:07.682, 0, NVIDIA H100, 0, 0, 953, 94368
2026/08/18 19:17:07.732, 0, NVIDIA H100, 0, 0, 953, 94368
2026/08/18 19:17:07.783, 0, NVIDIA H100, 0, 0, 953, 94368
2026/08/18 19:17:07.833, 0, NVIDIA H100, 0, 0, 953, 94368
2026/08/18 19:17:07.883, 0, NVIDIA H100, 0, 0, 953, 94368
2026/08/18 19:17:07.934, 0, NVIDIA H100, 0, 0, 953, 94368
2026/08/18 19:17:07.984, 0, NVIDIA H100, 0, 0, 953, 94368
2026/08/18 19:17:08.034, 0, NVIDIA H100, 0, 0, 953, 94368
2026/08/18 19:17:08.084, 0, NVIDIA H100, 0, 0, 953, 94368
2026/08/18 19:17:08.135, 0, NVIDIA H100, 0, 0, 953, 94368
2026/08/18 19:17:08.185, 0, NVIDIA H100, 0, 0, 953, 94368
2026/08/18 19:17:08.235, 0, NVIDIA H100, 0, 0, 953, 94368
2026/08/18 19:17:08.286, 0, NVIDIA H100, 0, 0, 953, 94368
2026/08/18 19:17:08.336, 0, NVIDIA H100, 0, 0, 953, 94368
2026/08/18 19:17:08.386, 0, NVIDIA H100, 0, 0, 953, 94368
2026/08/18 19:17:08.436, 0, NVIDIA H100, 0, 0, 953, 94368
2026/08/18 19:17:08.487, 0, NVIDIA H100, 0, 0, 953, 94368
2026/08/18 19:17:08.537, 0, NVIDIA H100, 0, 0, 953, 94368
2026/08/18 19:17:08.587, 0, NVIDIA H100, 0, 0, 953, 94368
2026/08/18 19:17:08.638, 0, NVIDIA H100, 0, 0, 953, 94368
2026/08/18 19:17:08.688, 0, NVIDIA H100, 0, 0, 953, 94368
2026/08/18 19:17:08.738, 0, NVIDIA H100, 0, 0, 953, 94368
2026/08/18 19:17:08.788, 0, NVIDIA H100, 0, 0, 953, 94368
2026/08/18 19:17:08.839, 0, NVIDIA H100, 0, 0, 953, 94368
2026/08/18 19:17:08.889, 0, NVIDIA H100, 0, 0, 953, 94368
2026/08/18 19:17:08.939, 0, NVIDIA H100, 0, 0, 953, 94368
2026/08/18 19:17:08.990, 0, NVIDIA H100, 0, 0, 953, 94368
2026/08/18 19:17:09.040, 0, NVIDIA H100, 0, 0, 953, 94368
2026/08/18 19:17:09.090, 0, NVIDIA H100, 0, 0, 953, 94368
2026/08/18 19:17:09.140, 0, NVIDIA H100, 0, 0, 953, 94368
2026/08/18 19:17:09.191, 0, NVIDIA H100, 0, 0, 953, 94368
2026/08/18 19:17:09.241, 0, NVIDIA H100, 0, 0, 953, 94368
2026/08/18 19:17:09.291, 0, NVIDIA H100, 0, 0, 953, 94368
2026/08/18 19:17:09.342, 0, NVIDIA H100, 0, 0, 953, 94368
2026/08/18 19:17:09.392, 0, NVIDIA H100, 0, 0, 953, 94368
2026/08/18 19:17:09.442, 0, NVIDIA H100, 0, 0, 953, 94368
2026/08/18 19:17:09.492, 0, NVIDIA H100, 0, 0, 953, 94368
2026/08/18 19:17:09.543, 0, NVIDIA H100, 0, 0, 953, 94368
2026/08/18 19:17:09.593, 0, NVIDIA H100, 0, 0, 953, 94368
